config,period,name,lookback,volume_z,hold,stop_atr,target_r,base_trades,base_avg_bps,base_pf,base_win_rate,base_total_bps,base_symbols,base_breadth,stress_trades,stress_avg_bps,stress_pf,stress_win_rate,stress_total_bps,stress_symbols,stress_breadth
BRK_L16_V0_H4_S1.5_T0,2024,BRK_L16_V0_H4_S1.5_T0,16,0.0,4,1.5,,22286,-15.460770111321338,0.7378048783104161,0.3830207305034551,-344558.7227009073,30,0.0,22286,-23.46077011132134,0.6335500229635446,0.35331598312842144,-522846.7227009074,30,0.0
BRK_L16_V0_H4_S1.5_T0,2025H1,BRK_L16_V0_H4_S1.5_T0,16,0.0,4,1.5,,11474,-15.490382468536604,0.7208570366364738,0.39768171518215095,-177736.648443989,30,0.0,11474,-23.490382468536605,0.6113745775163499,0.36421474638312706,-269528.648443989,30,0.0
BRK_L16_V0_H4_S1.5_T0,2025H2,BRK_L16_V0_H4_S1.5_T0,16,0.0,4,1.5,,11763,-11.038325401433253,0.7701737672670507,0.394117146986313,-129843.82169705935,30,0.03333333333333333,11763,-19.03832540143325,0.6408120669534274,0.3624075490946187,-223947.82169705935,30,0.0
BRK_L16_V0_H4_S1.5_T0,2026H1,BRK_L16_V0_H4_S1.5_T0,16,0.0,4,1.5,,11336,-17.773296198673556,0.6238523394503311,0.36370853916725476,-201478.08570816342,30,0.0,11336,-25.773296198673556,0.5089622814914947,0.32701129146083274,-292166.08570816345,30,0.0
BRK_L16_V0_H4_S1.5_T0,JULY2026,BRK_L16_V0_H4_S1.5_T0,16,0.0,4,1.5,,1373,-21.166887427201093,0.459672956642004,0.3211944646758922,-29062.136437547102,29,0.034482758620689655,1373,-29.166887427201093,0.34944263037881296,0.2658412235979607,-40046.1364375471,29,0.0
BRK_L16_V0_H4_S1.5_T3,2024,BRK_L16_V0_H4_S1.5_T3,16,0.0,4,1.5,3.0,22402,-14.562015068524456,0.7539677652503776,0.3834925453084546,-326218.26156508486,30,0.0,22402,-22.562015068524456,0.6487759694114706,0.353986251227569,-505434.26156508486,30,0.0
BRK_L16_V0_H4_S1.5_T3,2025H1,BRK_L16_V0_H4_S1.5_T3,16,0.0,4,1.5,3.0,11516,-14.664893491237422,0.7354452155825874,0.3987495658214658,-168880.91344509015,30,0.0,11516,-22.664893491237425,0.6246047095308559,0.36523098298020146,-261008.91344509018,30,0.0
BRK_L16_V0_H4_S1.5_T3,2025H2,BRK_L16_V0_H4_S1.5_T3,16,0.0,4,1.5,3.0,11833,-15.627561302819538,0.6931930134211614,0.3935603819825911,-184920.9328962636,30,0.0,11833,-23.627561302819544,0.5774332699576432,0.36212287670075216,-279584.93289626366,30,0.0
BRK_L16_V0_H4_S1.5_T3,2026H1,BRK_L16_V0_H4_S1.5_T3,16,0.0,4,1.5,3.0,11391,-17.50813105090066,0.6302810181339294,0.3637081906768501,-199435.1208008094,30,0.0,11391,-25.508131050900666,0.5149514485670644,0.327539285400755,-290563.12080080947,30,0.0
BRK_L16_V0_H4_S1.5_T3,JULY2026,BRK_L16_V0_H4_S1.5_T3,16,0.0,4,1.5,3.0,1378,-21.151145409867517,0.46182094274005364,0.3200290275761974,-29146.27837479744,29,0.0,1378,-29.151145409867517,0.3517542975265837,0.2648766328011611,-40170.27837479744,29,0.0
BRK_L16_V0_H4_S2_T0,2024,BRK_L16_V0_H4_S2_T0,16,0.0,4,2.0,,22094,-15.400488825039208,0.744013353643451,0.39526568299085724,-340258.4001004163,30,0.0,22094,-23.400488825039208,0.6406772034946209,0.364261790531366,-517010.4001004163,30,0.0
BRK_L16_V0_H4_S2_T0,2025H1,BRK_L16_V0_H4_S2_T0,16,0.0,4,2.0,,11394,-16.757557758945243,0.7065637290759963,0.40802176584167105,-190935.6131054221,30,0.0,11394,-24.757557758945246,0.6005704532744299,0.3732666315604704,-282087.6131054221,30,0.0
BRK_L16_V0_H4_S2_T0,2025H2,BRK_L16_V0_H4_S2_T0,16,0.0,4,2.0,,11664,-10.010138985706709,0.790337516772361,0.406721536351166,-116758.26112928306,30,0.03333333333333333,11664,-18.01013898570671,0.6577516948884118,0.37362825788751713,-210070.26112928306,30,0.0
BRK_L16_V0_H4_S2_T0,2026H1,BRK_L16_V0_H4_S2_T0,16,0.0,4,2.0,,11272,-17.881137554065237,0.6272802823917607,0.37606458481192334,-201556.18250942335,30,0.0,11272,-25.881137554065237,0.5127688231369637,0.3372959545777147,-291732.18250942335,30,0.0
BRK_L16_V0_H4_S2_T0,JULY2026,BRK_L16_V0_H4_S2_T0,16,0.0,4,2.0,,1364,-22.106455853059824,0.4510908661269295,0.3291788856304985,-30153.205783573598,29,0.0,1364,-30.106455853059824,0.34384349346664994,0.27126099706744866,-41065.2057835736,29,0.0
BRK_L16_V0_H4_S2_T3,2024,BRK_L16_V0_H4_S2_T3,16,0.0,4,2.0,3.0,22138,-15.228630603789028,0.7475663678724623,0.3953835034781823,-337131.4243066815,30,0.0,22138,-23.22863060378903,0.6442168605879902,0.36444123227030445,-514235.4243066815,30,0.0
BRK_L16_V0_H4_S2_T3,2025H1,BRK_L16_V0_H4_S2_T3,16,0.0,4,2.0,3.0,11401,-16.304075722468,0.7144882616631832,0.40820980615735464,-185882.76731185766,30,0.0,11401,-24.304075722468,0.6078600376581593,0.3733882992719937,-277090.76731185766,30,0.0
BRK_L16_V0_H4_S2_T3,2025H2,BRK_L16_V0_H4_S2_T3,16,0.0,4,2.0,3.0,11701,-14.796283343729856,0.712134505548611,0.4059482095547389,-173131.31140498305,30,0.0,11701,-22.796283343729858,0.5949826716995902,0.37295957610460645,-266739.31140498305,30,0.0
BRK_L16_V0_H4_S2_T3,2026H1,BRK_L16_V0_H4_S2_T3,16,0.0,4,2.0,3.0,11294,-17.639971594294323,0.6326240734516668,0.3761289180095626,-199225.83918596007,30,0.0,11294,-25.639971594294327,0.5176591200443253,0.33770143438994155,-289577.8391859601,30,0.0
BRK_L16_V0_H4_S2_T3,JULY2026,BRK_L16_V0_H4_S2_T3,16,0.0,4,2.0,3.0,1366,-22.53448462948741,0.44331422893561956,0.328696925329429,-30782.106003879802,29,0.0,1366,-30.53448462948741,0.3375436858202522,0.2708638360175695,-41710.1060038798,29,0.0
BRK_L16_V0_H8_S1.5_T0,2024,BRK_L16_V0_H8_S1.5_T0,16,0.0,8,1.5,,16582,-17.400659200315946,0.7624435645930321,0.3574357737305512,-288537.730859639,30,0.03333333333333333,16582,-25.400659200315946,0.6762974141059801,0.3394041731998553,-421193.730859639,30,0.0
BRK_L16_V0_H8_S1.5_T0,2025H1,BRK_L16_V0_H8_S1.5_T0,16,0.0,8,1.5,,8392,-14.715125190010793,0.7898305236150669,0.3744041944709247,-123489.33059457058,30,0.06666666666666667,8392,-22.715125190010795,0.6975081413944829,0.3547426120114395,-190625.33059457058,30,0.0
BRK_L16_V0_H8_S1.5_T0,2025H2,BRK_L16_V0_H8_S1.5_T0,16,0.0,8,1.5,,8751,-12.951645539040333,0.7848726101689224,0.36464404068106504,-113339.85011214195,30,0.0,8751,-20.951645539040335,0.6795102781864125,0.34110387384298935,-183347.85011214198,30,0.0
BRK_L16_V0_H8_S1.5_T0,2026H1,BRK_L16_V0_H8_S1.5_T0,16,0.0,8,1.5,,8439,-22.159778304687478,0.6274258746339013,0.35430738239127857,-187006.36911325762,30,0.0,8439,-30.159778304687478,0.5341706787584041,0.32989690721649484,-254518.36911325762,30,0.0
BRK_L16_V0_H8_S1.5_T0,JULY2026,BRK_L16_V0_H8_S1.5_T0,16,0.0,8,1.5,,1070,-29.71929236792653,0.4256606612943382,0.2757009345794392,-31799.642833681388,29,0.034482758620689655,1070,-37.719292367926535,0.34583366311119385,0.24299065420560748,-40359.64283368139,29,0.0
BRK_L16_V0_H8_S1.5_T3,2024,BRK_L16_V0_H8_S1.5_T3,16,0.0,8,1.5,3.0,16803,-16.362109027473675,0.7781333094961261,0.35969767303457717,-274932.5179886402,30,0.03333333333333333,16803,-24.362109027473675,0.6914126564706561,0.3421412842944712,-409356.5179886402,30,0.0
BRK_L16_V0_H8_S1.5_T3,2025H1,BRK_L16_V0_H8_S1.5_T3,16,0.0,8,1.5,3.0,8480,-13.59923537215221,0.8058562834762231,0.3765330188679245,-115321.51595585074,30,0.06666666666666667,8480,-21.59923537215221,0.7124216387271266,0.3569575471698113,-183161.51595585074,30,0.03333333333333333
BRK_L16_V0_H8_S1.5_T3,2025H2,BRK_L16_V0_H8_S1.5_T3,16,0.0,8,1.5,3.0,8870,-15.673758311723931,0.7481395912278831,0.36798196166854563,-139026.23622499127,30,0.0,8870,-23.67375831172393,0.6486161284314186,0.3448703494926719,-209986.23622499127,30,0.0
BRK_L16_V0_H8_S1.5_T3,2026H1,BRK_L16_V0_H8_S1.5_T3,16,0.0,8,1.5,3.0,8518,-19.977334168354894,0.6643950533679005,0.35653909368396336,-170166.932446047,30,0.0,8518,-27.977334168354894,0.5680822745435821,0.3322376144634891,-238310.932446047,30,0.0
BRK_L16_V0_H8_S1.5_T3,JULY2026,BRK_L16_V0_H8_S1.5_T3,16,0.0,8,1.5,3.0,1078,-27.928047655708998,0.4584740064625014,0.28014842300556586,-30106.4353728543,29,0.034482758620689655,1078,-35.928047655708994,0.37464932292063763,0.24768089053803338,-38730.4353728543,29,0.034482758620689655
BRK_L16_V0_H8_S2_T0,2024,BRK_L16_V0_H8_S2_T0,16,0.0,8,2.0,,16283,-17.734189666775638,0.7689899166076845,0.3887490020266536,-288765.81034410774,30,0.0,16283,-25.734189666775638,0.6852057032393265,0.367684087698827,-419029.81034410774,30,0.0
BRK_L16_V0_H8_S2_T0,2025H1,BRK_L16_V0_H8_S2_T0,16,0.0,8,2.0,,8268,-16.18834521861057,0.7839344150120442,0.4021528785679729,-133845.23826747222,30,0.06666666666666667,8268,-24.18834521861057,0.6968551079132238,0.3802612481857765,-199989.23826747222,30,0.0
BRK_L16_V0_H8_S2_T0,2025H2,BRK_L16_V0_H8_S2_T0,16,0.0,8,2.0,,8620,-12.86149642348164,0.7953765777114981,0.3945475638051044,-110866.09917041173,30,0.1,8620,-20.86149642348164,0.6923063976706517,0.36751740139211136,-179826.09917041173,30,0.0
BRK_L16_V0_H8_S2_T0,2026H1,BRK_L16_V0_H8_S2_T0,16,0.0,8,2.0,,8322,-23.275910885416838,0.6274542906584257,0.3815188656572939,-193702.13038843893,30,0.0,8322,-31.27591088541684,0.5369272994801135,0.35424176880557556,-260278.13038843896,30,0.0
BRK_L16_V0_H8_S2_T0,JULY2026,BRK_L16_V0_H8_S2_T0,16,0.0,8,2.0,,1058,-30.950964825546794,0.42896976320621955,0.30245746691871456,-32746.12078542851,29,0.034482758620689655,1058,-38.950964825546805,0.34997761319312043,0.2637051039697543,-41210.12078542852,29,0.0
BRK_L16_V0_H8_S2_T3,2024,BRK_L16_V0_H8_S2_T3,16,0.0,8,2.0,3.0,16380,-17.295957933129944,0.7759033966142389,0.389010989010989,-283307.79094466846,30,0.0,16380,-25.29595793312994,0.6921094862191831,0.3680708180708181,-414347.7909446684,30,0.0
BRK_L16_V0_H8_S2_T3,2025H1,BRK_L16_V0_H8_S2_T3,16,0.0,8,2.0,3.0,8298,-14.831792540834535,0.8025089714645461,0.4020245842371656,-123074.21450384497,30,0.03333333333333333,8298,-22.831792540834535,0.7144951235261865,0.3802120993010364,-189458.21450384497,30,0.03333333333333333
BRK_L16_V0_H8_S2_T3,2025H2,BRK_L16_V0_H8_S2_T3,16,0.0,8,2.0,3.0,8675,-15.266181237377744,0.7657170585939661,0.39538904899135446,-132434.12223425193,30,0.03333333333333333,8675,-23.26618123737774,0.6680988609356349,0.36853025936599426,-201834.1222342519,30,0.0
BRK_L16_V0_H8_S2_T3,2026H1,BRK_L16_V0_H8_S2_T3,16,0.0,8,2.0,3.0,8348,-21.77085160820553,0.6514293274122757,0.3817680881648299,-181743.06922529975,30,0.0,8348,-29.770851608205533,0.5590650291090415,0.3544561571633924,-248527.06922529978,30,0.0
BRK_L16_V0_H8_S2_T3,JULY2026,BRK_L16_V0_H8_S2_T3,16,0.0,8,2.0,3.0,1061,-30.803617134306265,0.43446092646754025,0.3016022620169651,-32682.637779498946,29,0.034482758620689655,1061,-38.803617134306265,0.3553646626637608,0.2629594721960415,-41170.637779498946,29,0.0
BRK_L16_V0_H16_S1.5_T0,2024,BRK_L16_V0_H16_S1.5_T0,16,0.0,16,1.5,,8849,-13.334704930743447,0.8371763455859962,0.313255735111312,-117998.80393214876,22,0.18181818181818182,8849,-21.33470493074345,0.7560210614390811,0.30161600180811393,-188790.8039321488,22,0.045454545454545456
BRK_L16_V0_H16_S1.5_T0,2025H1,BRK_L16_V0_H16_S1.5_T0,16,0.0,16,1.5,,4331,-17.546021298244014,0.7786025477344847,0.3311013622719926,-75991.81824269482,22,0.045454545454545456,4331,-25.546021298244018,0.6982448290723591,0.317940429462018,-110639.81824269483,22,0.0
BRK_L16_V0_H16_S1.5_T0,2025H2,BRK_L16_V0_H16_S1.5_T0,16,0.0,16,1.5,,4461,-7.034515628330737,0.8960509472129627,0.33714413808563104,-31380.974217983417,22,0.2727272727272727,4461,-15.034515628330736,0.7941218526930656,0.3236942389598745,-67068.97421798341,22,0.045454545454545456
BRK_L16_V0_H16_S1.5_T0,2026H1,BRK_L16_V0_H16_S1.5_T0,16,0.0,16,1.5,,4233,-19.246530152787916,0.7124987907281183,0.330970942593905,-81470.56213675125,25,0.0,4233,-27.246530152787916,0.6234479375109564,0.3149066855657926,-115334.56213675125,25,0.0
BRK_L16_V0_H16_S1.5_T0,JULY2026,BRK_L16_V0_H16_S1.5_T0,16,0.0,16,1.5,,662,-38.62586568528648,0.38182568504876313,0.23413897280966767,-25570.32308365965,29,0.0,662,-46.62586568528648,0.32114222719775926,0.2175226586102719,-30866.32308365965,29,0.0
BRK_L16_V0_H16_S1.5_T3,2024,BRK_L16_V0_H16_S1.5_T3,16,0.0,16,1.5,3.0,9102,-16.766994403564684,0.7984679200066583,0.3224566029444078,-152613.18306124574,22,0.045454545454545456,9102,-24.766994403564684,0.7206757824926199,0.31168973851900683,-225429.18306124577,22,0.045454545454545456
BRK_L16_V0_H16_S1.5_T3,2025H1,BRK_L16_V0_H16_S1.5_T3,16,0.0,16,1.5,3.0,4411,-13.06166906808319,0.8344261879815819,0.33915211970074816,-57615.02225931495,22,0.13636363636363635,4411,-21.06166906808319,0.7499421772988905,0.32645658580820675,-92903.02225931495,22,0.045454545454545456
BRK_L16_V0_H16_S1.5_T3,2025H2,BRK_L16_V0_H16_S1.5_T3,16,0.0,16,1.5,3.0,4539,-9.32058080528117,0.8610078552015555,0.3465521039876625,-42306.116275171225,22,0.09090909090909091,4539,-17.320580805281168,0.760547440790182,0.33377395902181095,-78618.11627517123,22,0.0
BRK_L16_V0_H16_S1.5_T3,2026H1,BRK_L16_V0_H16_S1.5_T3,16,0.0,16,1.5,3.0,4328,-17.98380769790672,0.7296155255703151,0.3408040665434381,-77833.91971654029,25,0.0,4328,-25.98380769790672,0.6383302954736247,0.32532347504621073,-112457.91971654029,25,0.0
BRK_L16_V0_H16_S1.5_T3,JULY2026,BRK_L16_V0_H16_S1.5_T3,16,0.0,16,1.5,3.0,669,-34.83850597456976,0.4415605623141675,0.23916292974588937,-23306.960496987173,29,0.034482758620689655,669,-42.83850597456976,0.37501782760490415,0.2227204783258595,-28658.960496987173,29,0.0
BRK_L16_V0_H16_S2_T0,2024,BRK_L16_V0_H16_S2_T0,16,0.0,16,2.0,,8591,-14.338271195668394,0.8410756460692796,0.3632871609824235,-123180.08784198717,22,0.13636363636363635,8591,-22.33827119566839,0.765804859123066,0.3480386450937027,-191908.08784198714,22,0.045454545454545456
BRK_L16_V0_H16_S2_T0,2025H1,BRK_L16_V0_H16_S2_T0,16,0.0,16,2.0,,4227,-18.31086366594263,0.7883922373544832,0.37331440738112137,-77400.02071593949,22,0.045454545454545456,4227,-26.31086366594263,0.712815304252402,0.3560444759876981,-111216.02071593949,22,0.0
BRK_L16_V0_H16_S2_T0,2025H2,BRK_L16_V0_H16_S2_T0,16,0.0,16,2.0,,4355,-5.227281659428818,0.9272899030190956,0.3878300803673938,-22764.8116268125,22,0.3181818181818182,4355,-13.227281659428817,0.8279060300596447,0.3701492537313433,-57604.8116268125,22,0.09090909090909091
BRK_L16_V0_H16_S2_T0,2026H1,BRK_L16_V0_H16_S2_T0,16,0.0,16,2.0,,4135,-21.16847518437686,0.7131510254572767,0.37920193470374847,-87531.64488739832,25,0.0,4135,-29.168475184376852,0.6300346414024596,0.35937122128174126,-120611.64488739829,25,0.0
BRK_L16_V0_H16_S2_T0,JULY2026,BRK_L16_V0_H16_S2_T0,16,0.0,16,2.0,,652,-39.41804654748867,0.41609961479546886,0.2929447852760736,-25700.566348962613,29,0.034482758620689655,652,-47.41804654748867,0.35286183144475913,0.2684049079754601,-30916.566348962613,29,0.0
BRK_L16_V0_H16_S2_T3,2024,BRK_L16_V0_H16_S2_T3,16,0.0,16,2.0,3.0,8733,-16.698942501561508,0.8177316207659708,0.36711324859727473,-145831.86486613663,22,0.045454545454545456,8733,-24.698942501561504,0.7447051923835863,0.3523416924310088,-215695.8648661366,22,0.045454545454545456
BRK_L16_V0_H16_S2_T3,2025H1,BRK_L16_V0_H16_S2_T3,16,0.0,16,2.0,3.0,4263,-14.581749348115839,0.832474863103623,0.3739150832746892,-62161.99747101782,22,0.13636363636363635,4263,-22.581749348115835,0.7548648148536407,0.35702556884822895,-96265.9974710178,22,0.045454545454545456
BRK_L16_V0_H16_S2_T3,2025H2,BRK_L16_V0_H16_S2_T3,16,0.0,16,2.0,3.0,4386,-8.0808141677709,0.8872896673898862,0.3903328773369813,-35442.45093984317,22,0.045454545454545456,4386,-16.0808141677709,0.7901830669859781,0.37300501595987234,-70530.45093984317,22,0.045454545454545456
BRK_L16_V0_H16_S2_T3,2026H1,BRK_L16_V0_H16_S2_T3,16,0.0,16,2.0,3.0,4176,-20.904510872698154,0.7173470887560784,0.38050766283524906,-87297.23740438749,25,0.0,4176,-28.904510872698154,0.6340811319736467,0.36087164750957856,-120705.23740438749,25,0.0
BRK_L16_V0_H16_S2_T3,JULY2026,BRK_L16_V0_H16_S2_T3,16,0.0,16,2.0,3.0,654,-39.0831504463326,0.4239344207556101,0.29204892966360857,-25560.380391901523,29,0.034482758620689655,654,-47.0831504463326,0.3604317187566818,0.26758409785932724,-30792.380391901523,29,0.0
BRK_L16_V0.75_H4_S1.5_T0,2024,BRK_L16_V0.75_H4_S1.5_T0,16,0.75,4,1.5,,15582,-16.532890057982208,0.7486700885807873,0.38480297779489153,-257615.49288347876,30,0.0,15582,-24.532890057982208,0.6535082507519695,0.3595815684764472,-382271.49288347876,30,0.0
BRK_L16_V0.75_H4_S1.5_T0,2025H1,BRK_L16_V0.75_H4_S1.5_T0,16,0.75,4,1.5,,7819,-16.934481170213257,0.7247295863103123,0.396342243253613,-132410.70826989744,30,0.0,7819,-24.934481170213257,0.6248446929603092,0.3675661849341348,-194962.70826989744,30,0.0
BRK_L16_V0.75_H4_S1.5_T0,2025H2,BRK_L16_V0.75_H4_S1.5_T0,16,0.75,4,1.5,,8110,-9.541727046300231,0.8181399807230276,0.40160295930949447,-77383.40634549488,30,0.06666666666666667,8110,-17.541727046300227,0.6942243541654473,0.37422934648581996,-142263.40634549485,30,0.0
BRK_L16_V0.75_H4_S1.5_T0,2026H1,BRK_L16_V0.75_H4_S1.5_T0,16,0.75,4,1.5,,8002,-18.229519882347798,0.6489039024261923,0.36690827293176703,-145872.61809854707,30,0.0,8002,-26.2295198823478,0.5407286575406618,0.33629092726818294,-209888.6180985471,30,0.0
BRK_L16_V0.75_H4_S1.5_T0,JULY2026,BRK_L16_V0.75_H4_S1.5_T0,16,0.75,4,1.5,,948,-23.65878372007206,0.436382474932424,0.3037974683544304,-22428.526966628313,29,0.034482758620689655,948,-31.65878372007206,0.33725358202075584,0.2563291139240506,-30012.526966628313,29,0.0
BRK_L16_V0.75_H4_S1.5_T3,2024,BRK_L16_V0.75_H4_S1.5_T3,16,0.75,4,1.5,3.0,15675,-15.370686537570762,0.7672409338406807,0.38564593301435407,-240935.5114764217,30,0.0,15675,-23.370686537570762,0.6710737872692447,0.3607017543859649,-366335.51147642167,30,0.0
BRK_L16_V0.75_H4_S1.5_T3,2025H1,BRK_L16_V0.75_H4_S1.5_T3,16,0.75,4,1.5,3.0,7853,-16.120114381025825,0.7376871230986128,0.39730039475359735,-126591.25823419582,30,0.0,7853,-24.120114381025825,0.6366986567980822,0.36839424423787087,-189415.25823419582,30,0.0
BRK_L16_V0.75_H4_S1.5_T3,2025H2,BRK_L16_V0.75_H4_S1.5_T3,16,0.75,4,1.5,3.0,8168,-16.190770516749502,0.714335661623594,0.4005876591576885,-132246.21358080994,30,0.0,8168,-24.1907705167495,0.607199991357574,0.37340842311459355,-197590.2135808099,30,0.0
BRK_L16_V0.75_H4_S1.5_T3,2026H1,BRK_L16_V0.75_H4_S1.5_T3,16,0.75,4,1.5,3.0,8044,-17.79658661681282,0.6577575124891368,0.3673545499751367,-143155.74274564232,30,0.0,8044,-25.79658661681282,0.5488783375860198,0.33714569865738436,-207507.74274564232,30,0.0
BRK_L16_V0.75_H4_S1.5_T3,JULY2026,BRK_L16_V0.75_H4_S1.5_T3,16,0.75,4,1.5,3.0,952,-23.787186713753712,0.43422525814467916,0.30357142857142855,-22645.401751493533,29,0.034482758620689655,952,-31.787186713753712,0.3355083308264365,0.25630252100840334,-30261.401751493533,29,0.0
BRK_L16_V0.75_H4_S2_T0,2024,BRK_L16_V0.75_H4_S2_T0,16,0.75,4,2.0,,15436,-16.236953964803064,0.7591571587341899,0.3990671158331174,-250633.62140070007,30,0.0,15436,-24.236953964803064,0.6649224623227357,0.3721819124125421,-374121.62140070007,30,0.0
BRK_L16_V0.75_H4_S2_T0,2025H1,BRK_L16_V0.75_H4_S2_T0,16,0.75,4,2.0,,7765,-18.92066967291999,0.703425822577143,0.4086284610431423,-146919.0000102237,30,0.0,7765,-26.92066967291999,0.6078632220098756,0.3781068898905344,-209039.0000102237,30,0.0
BRK_L16_V0.75_H4_S2_T0,2025H2,BRK_L16_V0.75_H4_S2_T0,16,0.75,4,2.0,,8043,-8.323422504044343,0.8406053155038019,0.41713291060549545,-66945.28720002864,30,0.1,8043,-16.32342250404434,0.7136325795303045,0.38803928882257865,-131289.28720002863,30,0.0
BRK_L16_V0.75_H4_S2_T0,2026H1,BRK_L16_V0.75_H4_S2_T0,16,0.75,4,2.0,,7964,-18.573728757580845,0.6494862200949593,0.38096433952787545,-147921.17582537385,30,0.0,7964,-26.573728757580845,0.5424136304229907,0.34856855851330987,-211633.17582537385,30,0.0
BRK_L16_V0.75_H4_S2_T0,JULY2026,BRK_L16_V0.75_H4_S2_T0,16,0.75,4,2.0,,941,-24.25881079403052,0.4352240170717433,0.31562167906482463,-22827.54095718272,29,0.0,941,-32.258810794030516,0.337167639743945,0.26567481402763016,-30355.54095718272,29,0.0
BRK_L16_V0.75_H4_S2_T3,2024,BRK_L16_V0.75_H4_S2_T3,16,0.75,4,2.0,3.0,15471,-16.09977401345288,0.7620555143730595,0.39919850042014093,-249079.60376212953,30,0.0,15471,-24.099774013452883,0.6679369052888039,0.37237411932001807,-372847.60376212955,30,0.0
BRK_L16_V0.75_H4_S2_T3,2025H1,BRK_L16_V0.75_H4_S2_T3,16,0.75,4,2.0,3.0,7775,-18.409700695703695,0.7115284563004943,0.4087459807073955,-143135.42290909623,30,0.0,7775,-26.409700695703695,0.6154207868839497,0.37813504823151123,-205335.42290909623,30,0.0
BRK_L16_V0.75_H4_S2_T3,2025H2,BRK_L16_V0.75_H4_S2_T3,16,0.75,4,2.0,3.0,8077,-15.242088920586506,0.7349250591101195,0.41599603813297015,-123110.3522115772,30,0.0,8077,-23.242088920586507,0.626887092515591,0.38702488547728114,-187726.3522115772,30,0.0
BRK_L16_V0.75_H4_S2_T3,2026H1,BRK_L16_V0.75_H4_S2_T3,16,0.75,4,2.0,3.0,7983,-18.24634715520992,0.6559512916327044,0.3811850181635976,-145660.5893400408,30,0.0,7983,-26.24634715520992,0.5483634061126405,0.34911687335588126,-209524.5893400408,30,0.0
BRK_L16_V0.75_H4_S2_T3,JULY2026,BRK_L16_V0.75_H4_S2_T3,16,0.75,4,2.0,3.0,942,-24.662902913537913,0.42803172366609676,0.31528662420382164,-23232.454544552715,29,0.0,942,-32.66290291353791,0.3311843578946675,0.2653927813163482,-30768.454544552715,29,0.0
BRK_L16_V0.75_H8_S1.5_T0,2024,BRK_L16_V0.75_H8_S1.5_T0,16,0.75,8,1.5,,11738,-18.18819298383,0.7739903936789982,0.355341625489862,-213493.00924419655,30,0.06666666666666667,11738,-26.188192983830003,0.6944271479188114,0.33941046174816836,-307397.0092441966,30,0.0
BRK_L16_V0.75_H8_S1.5_T0,2025H1,BRK_L16_V0.75_H8_S1.5_T0,16,0.75,8,1.5,,5800,-15.698769681728852,0.7951524960587305,0.3706896551724138,-91052.86415402734,30,0.13333333333333333,5800,-23.69876968172885,0.7100498371664979,0.35310344827586204,-137452.86415402734,30,0.03333333333333333
BRK_L16_V0.75_H8_S1.5_T0,2025H2,BRK_L16_V0.75_H8_S1.5_T0,16,0.75,8,1.5,,6063,-9.418482434151004,0.8534953006983519,0.37374237176315356,-57104.25899825754,30,0.16666666666666666,6063,-17.418482434151002,0.7488938313006118,0.3531255154214085,-105608.25899825753,30,0.0
BRK_L16_V0.75_H8_S1.5_T0,2026H1,BRK_L16_V0.75_H8_S1.5_T0,16,0.75,8,1.5,,6012,-23.45267735386519,0.6395945598787602,0.3514637391882901,-140997.49625143752,30,0.0,6012,-31.45267735386519,0.5528941757908633,0.3306719893546241,-189093.49625143752,30,0.0
BRK_L16_V0.75_H8_S1.5_T0,JULY2026,BRK_L16_V0.75_H8_S1.5_T0,16,0.75,8,1.5,,743,-31.31429835470695,0.4181778923139031,0.26244952893674295,-23266.523677547262,29,0.06896551724137931,743,-39.31429835470695,0.34274567317904614,0.23822341857335128,-29210.523677547262,29,0.034482758620689655
BRK_L16_V0.75_H8_S1.5_T3,2024,BRK_L16_V0.75_H8_S1.5_T3,16,0.75,8,1.5,3.0,11903,-16.73361953999279,0.7929387034962901,0.3594051919684113,-199180.27338453417,30,0.03333333333333333,11903,-24.73361953999279,0.7124185635043336,0.3440309165756532,-294404.2733845342,30,0.03333333333333333
BRK_L16_V0.75_H8_S1.5_T3,2025H1,BRK_L16_V0.75_H8_S1.5_T3,16,0.75,8,1.5,3.0,5875,-15.174156531762748,0.8025988190865451,0.3719148936170213,-89148.16962410614,30,0.13333333333333333,5875,-23.174156531762748,0.7172386630763744,0.3545531914893617,-136148.16962410614,30,0.03333333333333333
BRK_L16_V0.75_H8_S1.5_T3,2025H2,BRK_L16_V0.75_H8_S1.5_T3,16,0.75,8,1.5,3.0,6155,-14.551665239378757,0.7857081077420648,0.3751421608448416,-89565.49954837625,30,0.03333333333333333,6155,-22.551665239378757,0.6909592061226217,0.35499593826157594,-138805.49954837625,30,0.0
BRK_L16_V0.75_H8_S1.5_T3,2026H1,BRK_L16_V0.75_H8_S1.5_T3,16,0.75,8,1.5,3.0,6074,-20.895974005732942,0.6786706040743422,0.3542970036219954,-126922.1461108219,30,0.0,6074,-28.895974005732942,0.5888507011434329,0.33355284820546593,-175514.1461108219,30,0.0
BRK_L16_V0.75_H8_S1.5_T3,JULY2026,BRK_L16_V0.75_H8_S1.5_T3,16,0.75,8,1.5,3.0,749,-29.596692582950833,0.4493181071815894,0.2656875834445928,-22167.922744630174,29,0.10344827586206896,749,-37.59669258295083,0.3703846223979767,0.2416555407209613,-28159.922744630174,29,0.034482758620689655
BRK_L16_V0.75_H8_S2_T0,2024,BRK_L16_V0.75_H8_S2_T0,16,0.75,8,2.0,,11523,-18.815518800128896,0.7781899611248932,0.387485897769678,-216811.22313388527,30,0.03333333333333333,11523,-26.81551880012889,0.7014186082789305,0.36830686453180594,-308995.2231338852,30,0.0
BRK_L16_V0.75_H8_S2_T0,2025H1,BRK_L16_V0.75_H8_S2_T0,16,0.75,8,2.0,,5729,-17.341236216021386,0.7894107895152654,0.40094257287484725,-99347.94228158653,30,0.06666666666666667,5729,-25.341236216021386,0.7094307290768085,0.3813929132483854,-145179.94228158653,30,0.0
BRK_L16_V0.75_H8_S2_T0,2025H2,BRK_L16_V0.75_H8_S2_T0,16,0.75,8,2.0,,5983,-8.386487567819271,0.8743090732129887,0.4069864616413171,-50176.355118262705,30,0.16666666666666666,5983,-16.38648756781927,0.770990853645514,0.38241684773524987,-98040.3551182627,30,0.03333333333333333
BRK_L16_V0.75_H8_S2_T0,2026H1,BRK_L16_V0.75_H8_S2_T0,16,0.75,8,2.0,,5941,-24.74850734101784,0.63893962724553,0.38057566066318804,-147030.882112987,30,0.0,5941,-32.74850734101784,0.5550052855696882,0.3578522134320821,-194558.882112987,30,0.0
BRK_L16_V0.75_H8_S2_T0,JULY2026,BRK_L16_V0.75_H8_S2_T0,16,0.75,8,2.0,,734,-32.10350282718497,0.4257888804091,0.29155313351498635,-23563.971075153768,29,0.06896551724137931,734,-40.10350282718497,0.3499813841087076,0.26021798365122617,-29435.971075153768,29,0.034482758620689655
BRK_L16_V0.75_H8_S2_T3,2024,BRK_L16_V0.75_H8_S2_T3,16,0.75,8,2.0,3.0,11595,-17.722877880929374,0.7917980557074374,0.38904700301854245,-205496.7690293761,30,0.06666666666666667,11595,-25.722877880929374,0.7144856134780605,0.36990081931867186,-298256.7690293761,30,0.03333333333333333
BRK_L16_V0.75_H8_S2_T3,2025H1,BRK_L16_V0.75_H8_S2_T3,16,0.75,8,2.0,3.0,5757,-15.916987130210643,0.8076840850515973,0.40038214347750567,-91634.09490862268,30,0.06666666666666667,5757,-23.916987130210643,0.7270841473591864,0.3809275664408546,-137690.09490862268,30,0.03333333333333333
BRK_L16_V0.75_H8_S2_T3,2025H2,BRK_L16_V0.75_H8_S2_T3,16,0.75,8,2.0,3.0,6028,-12.942020165089673,0.8170596589963207,0.4072660915726609,-78014.49755516055,30,0.13333333333333333,6028,-20.942020165089673,0.7228867316396803,0.3830457863304579,-126238.49755516055,30,0.03333333333333333
BRK_L16_V0.75_H8_S2_T3,2026H1,BRK_L16_V0.75_H8_S2_T3,16,0.75,8,2.0,3.0,5960,-22.889324176827994,0.6655584985955765,0.3812080536912752,-136420.37209389484,30,0.0,5960,-30.889324176827994,0.5796500519289672,0.35838926174496644,-184100.37209389484,30,0.0
BRK_L16_V0.75_H8_S2_T3,JULY2026,BRK_L16_V0.75_H8_S2_T3,16,0.75,8,2.0,3.0,736,-31.614511692683777,0.4373463546384027,0.2907608695652174,-23268.28060581526,29,0.06896551724137931,736,-39.614511692683784,0.3608633666780523,0.2595108695652174,-29156.280605815264,29,0.034482758620689655
BRK_L16_V0.75_H16_S1.5_T0,2024,BRK_L16_V0.75_H16_S1.5_T0,16,0.75,16,1.5,,6325,-11.231217869153996,0.8734546860415221,0.3184189723320158,-71037.45302239903,22,0.2727272727272727,6325,-19.231217869153998,0.7959732161722503,0.30719367588932806,-121637.45302239904,22,0.045454545454545456
BRK_L16_V0.75_H16_S1.5_T0,2025H1,BRK_L16_V0.75_H16_S1.5_T0,16,0.75,16,1.5,,2980,-20.273129911047537,0.765160478136952,0.3231543624161074,-60413.927134921665,22,0.13636363636363635,2980,-28.27312991104754,0.6920068152832602,0.31073825503355706,-84253.92713492167,22,0.09090909090909091
BRK_L16_V0.75_H16_S1.5_T0,2025H2,BRK_L16_V0.75_H16_S1.5_T0,16,0.75,16,1.5,,3062,-0.6079737768444581,0.991456369550434,0.35075114304376226,-1861.6157046977305,22,0.5454545454545454,3062,-8.607973776844458,0.8873309645681533,0.3393207054212933,-26357.61570469773,22,0.3181818181818182
BRK_L16_V0.75_H16_S1.5_T0,2026H1,BRK_L16_V0.75_H16_S1.5_T0,16,0.75,16,1.5,,3034,-21.8567386473084,0.7040401856897393,0.32135794330916284,-66313.34505593369,24,0.0,3034,-29.856738647308397,0.6236996560375808,0.3048780487804878,-90585.34505593368,24,0.0
BRK_L16_V0.75_H16_S1.5_T0,JULY2026,BRK_L16_V0.75_H16_S1.5_T0,16,0.75,16,1.5,,466,-43.61098207313664,0.34413556482949365,0.2167381974248927,-20322.717646081674,29,0.034482758620689655,466,-51.61098207313664,0.2916769094499846,0.19098712446351931,-24050.717646081674,29,0.034482758620689655
BRK_L16_V0.75_H16_S1.5_T3,2024,BRK_L16_V0.75_H16_S1.5_T3,16,0.75,16,1.5,3.0,6527,-15.082542920392804,0.8322956704921557,0.32924774015627395,-98443.75764140383,22,0.18181818181818182,6527,-23.082542920392807,0.7579141123323772,0.31913589704305195,-150659.75764140385,22,0.045454545454545456
BRK_L16_V0.75_H16_S1.5_T3,2025H1,BRK_L16_V0.75_H16_S1.5_T3,16,0.75,16,1.5,3.0,3041,-15.81403273159388,0.8168033004358832,0.3301545544228872,-48090.47353677699,22,0.18181818181818182,3041,-23.81403273159388,0.740400246004695,0.3183163433081223,-72418.47353677699,22,0.045454545454545456
BRK_L16_V0.75_H16_S1.5_T3,2025H2,BRK_L16_V0.75_H16_S1.5_T3,16,0.75,16,1.5,3.0,3116,-4.723381647716687,0.9331854896425983,0.3591142490372272,-14718.057214285196,22,0.3181818181818182,3116,-12.723381647716684,0.8322854096814534,0.3485237483953787,-39646.05721428519,22,0.09090909090909091
BRK_L16_V0.75_H16_S1.5_T3,2026H1,BRK_L16_V0.75_H16_S1.5_T3,16,0.75,16,1.5,3.0,3108,-20.753365727733755,0.7172432894026968,0.3301158301158301,-64501.46068179651,24,0.0,3108,-28.753365727733755,0.6351903874660063,0.31402831402831405,-89365.46068179651,24,0.0
BRK_L16_V0.75_H16_S1.5_T3,JULY2026,BRK_L16_V0.75_H16_S1.5_T3,16,0.75,16,1.5,3.0,468,-38.927162885993454,0.4146209626684434,0.22008547008547008,-18217.912230644935,29,0.06896551724137931,468,-46.927162885993454,0.3557639920860915,0.19444444444444445,-21961.912230644935,29,0.034482758620689655
BRK_L16_V0.75_H16_S2_T0,2024,BRK_L16_V0.75_H16_S2_T0,16,0.75,16,2.0,,6157,-12.91188502190377,0.868881176430672,0.36462562936495047,-79498.4760798615,22,0.22727272727272727,6157,-20.911885021903768,0.7981911690084735,0.3506577878837096,-128754.4760798615,22,0.045454545454545456
BRK_L16_V0.75_H16_S2_T0,2025H1,BRK_L16_V0.75_H16_S2_T0,16,0.75,16,2.0,,2920,-20.901062475839957,0.7780048315548639,0.36712328767123287,-61031.10242945267,22,0.09090909090909091,2920,-28.901062475839957,0.708916218286705,0.34965753424657536,-84391.10242945267,22,0.0
BRK_L16_V0.75_H16_S2_T0,2025H2,BRK_L16_V0.75_H16_S2_T0,16,0.75,16,2.0,,2996,2.369560177507982,1.0315291343878223,0.4022029372496662,7099.202291813914,22,0.5909090909090909,2996,-5.6304398224920185,0.9296233358785446,0.38651535380507346,-16868.797708186088,22,0.36363636363636365
BRK_L16_V0.75_H16_S2_T0,2026H1,BRK_L16_V0.75_H16_S2_T0,16,0.75,16,2.0,,2974,-24.834338325829755,0.6967609214036581,0.36785474108944183,-73857.32218101769,24,0.0,2974,-32.834338325829755,0.6227298233196176,0.34835238735709484,-97649.32218101769,24,0.0
BRK_L16_V0.75_H16_S2_T0,JULY2026,BRK_L16_V0.75_H16_S2_T0,16,0.75,16,2.0,,457,-42.3254049065625,0.40100371923016404,0.2844638949671772,-19342.710042299062,29,0.034482758620689655,457,-50.3254049065625,0.34226736126907303,0.25164113785557984,-22998.710042299062,29,0.034482758620689655
BRK_L16_V0.75_H16_S2_T3,2024,BRK_L16_V0.75_H16_S2_T3,16,0.75,16,2.0,3.0,6265,-15.393130734933878,0.8454926725254208,0.3693535514764565,-96437.96405436075,22,0.18181818181818182,6265,-23.39313073493388,0.776644956060249,0.3556264964086193,-146557.96405436075,22,0.09090909090909091
BRK_L16_V0.75_H16_S2_T3,2025H1,BRK_L16_V0.75_H16_S2_T3,16,0.75,16,2.0,3.0,2946,-16.238695426385203,0.8289106921965914,0.36795655125594023,-47839.1967261308,22,0.09090909090909091,2946,-24.238695426385195,0.757711716494588,0.35098438560760353,-71407.19672613079,22,0.09090909090909091
BRK_L16_V0.75_H16_S2_T3,2025H2,BRK_L16_V0.75_H16_S2_T3,16,0.75,16,2.0,3.0,3013,-2.291491171583358,0.9694378801369914,0.40458015267175573,-6904.2628999806575,22,0.4090909090909091,3013,-10.291491171583358,0.8710441826938525,0.3893129770992366,-31008.262899980655,22,0.22727272727272727
BRK_L16_V0.75_H16_S2_T3,2026H1,BRK_L16_V0.75_H16_S2_T3,16,0.75,16,2.0,3.0,3004,-23.86329686510521,0.7092530578004697,0.36884154460719043,-71685.34378277605,24,0.0,3004,-31.863296865105205,0.6346020758378778,0.34953395472703064,-95717.34378277604,24,0.0
BRK_L16_V0.75_H16_S2_T3,JULY2026,BRK_L16_V0.75_H16_S2_T3,16,0.75,16,2.0,3.0,459,-42.2607372970638,0.4060185048369369,0.28322440087145967,-19397.678419352284,29,0.034482758620689655,459,-50.2607372970638,0.34735227466252283,0.25054466230936817,-23069.678419352284,29,0.034482758620689655
BRK_L32_V0_H4_S1.5_T0,2024,BRK_L32_V0_H4_S1.5_T0,32,0.0,4,1.5,,15759,-13.606297264786269,0.7752925177576897,0.3886667935782727,-214421.63859576682,30,0.03333333333333333,15759,-21.60629726478627,0.6704265395712287,0.3604289612285044,-340493.63859576685,30,0.0
BRK_L32_V0_H4_S1.5_T0,2025H1,BRK_L32_V0_H4_S1.5_T0,32,0.0,4,1.5,,8456,-16.01560881303431,0.7223458032705009,0.39841532639545885,-135427.98812301812,30,0.0,8456,-24.015608813034316,0.6164963973285025,0.36577578051087983,-203075.98812301818,30,0.0
BRK_L32_V0_H4_S1.5_T0,2025H2,BRK_L32_V0_H4_S1.5_T0,32,0.0,4,1.5,,8691,-9.005017560777294,0.815854726726219,0.3993786675871591,-78262.60762071545,30,0.03333333333333333,8691,-17.005017560777294,0.6840732838789337,0.36900241629271663,-147790.60762071545,30,0.0
BRK_L32_V0_H4_S1.5_T0,2026H1,BRK_L32_V0_H4_S1.5_T0,32,0.0,4,1.5,,8203,-16.708368507389494,0.6591694073261029,0.3687675240765574,-137058.746866116,30,0.0,8203,-24.708368507389494,0.5441964336157439,0.3332926977934902,-202682.746866116,30,0.0
BRK_L32_V0_H4_S1.5_T0,JULY2026,BRK_L32_V0_H4_S1.5_T0,32,0.0,4,1.5,,943,-23.804515015718806,0.43007238907557116,0.30328738069989397,-22447.657659822835,29,0.10344827586206896,943,-31.804515015718806,0.3313013163013551,0.25026511134676566,-29991.657659822835,29,0.034482758620689655
BRK_L32_V0_H4_S1.5_T3,2024,BRK_L32_V0_H4_S1.5_T3,32,0.0,4,1.5,3.0,15843,-12.179537265159157,0.7993369866895014,0.38963580130025877,-192960.4088919165,30,0.03333333333333333,15843,-20.179537265159155,0.6928325048017375,0.36154768667550335,-319704.4088919165,30,0.0
BRK_L32_V0_H4_S1.5_T3,2025H1,BRK_L32_V0_H4_S1.5_T3,32,0.0,4,1.5,3.0,8488,-15.18936574136345,0.7361787910687152,0.3999764373232799,-128927.33641269295,30,0.0,8488,-23.18936574136345,0.6289824575524463,0.3672243166823751,-196831.33641269297,30,0.0
BRK_L32_V0_H4_S1.5_T3,2025H2,BRK_L32_V0_H4_S1.5_T3,32,0.0,4,1.5,3.0,8753,-15.309948242027396,0.7101576826303362,0.39883468525077115,-134007.9769624658,30,0.0,8753,-23.309948242027396,0.5963594979887482,0.3686735976236719,-204031.9769624658,30,0.0
BRK_L32_V0_H4_S1.5_T3,2026H1,BRK_L32_V0_H4_S1.5_T3,32,0.0,4,1.5,3.0,8245,-16.338809456131514,0.6672423218170019,0.36870830806549426,-134713.48396580433,30,0.03333333333333333,8245,-24.338809456131514,0.5516371365154848,0.3338993329290479,-200673.48396580433,30,0.0
BRK_L32_V0_H4_S1.5_T3,JULY2026,BRK_L32_V0_H4_S1.5_T3,32,0.0,4,1.5,3.0,947,-23.90292947850188,0.4286482040342778,0.30306230200633577,-22636.074216141278,29,0.10344827586206896,947,-31.90292947850188,0.33020390326003474,0.2502639915522703,-30212.074216141278,29,0.034482758620689655
BRK_L32_V0_H4_S2_T0,2024,BRK_L32_V0_H4_S2_T0,32,0.0,4,2.0,,15616,-13.429398953456424,0.7835892295489771,0.4027279713114754,-209713.49405717553,30,0.03333333333333333,15616,-21.429398953456424,0.6799457246621049,0.37307889344262296,-334641.4940571755,30,0.0
BRK_L32_V0_H4_S2_T0,2025H1,BRK_L32_V0_H4_S2_T0,32,0.0,4,2.0,,8393,-17.512317450216184,0.7056243161771919,0.4096270701775289,-146980.88035966444,30,0.0,8393,-25.512317450216184,0.603501541709245,0.37555105445013703,-214124.88035966444,30,0.0
BRK_L32_V0_H4_S2_T0,2025H2,BRK_L32_V0_H4_S2_T0,32,0.0,4,2.0,,8621,-8.591315930282267,0.825288556967589,0.41178517573367357,-74065.73463496342,30,0.03333333333333333,8621,-16.591315930282267,0.6927842395564164,0.379654332444032,-143033.73463496342,30,0.0
BRK_L32_V0_H4_S2_T0,2026H1,BRK_L32_V0_H4_S2_T0,32,0.0,4,2.0,,8158,-16.93674111135091,0.6615158718597641,0.38244667810737926,-138169.93398640072,30,0.0,8158,-24.93674111135091,0.5475913409462131,0.34506006374111303,-203433.93398640072,30,0.0
BRK_L32_V0_H4_S2_T0,JULY2026,BRK_L32_V0_H4_S2_T0,32,0.0,4,2.0,,938,-24.905129058103434,0.42089685997665244,0.3091684434968017,-23361.01105650102,29,0.06896551724137931,938,-32.905129058103434,0.3252248181733829,0.2537313432835821,-30865.01105650102,29,0.034482758620689655
BRK_L32_V0_H4_S2_T3,2024,BRK_L32_V0_H4_S2_T3,32,0.0,4,2.0,3.0,15645,-12.714868864638822,0.7954796298678856,0.4029402364972835,-198924.12338727436,30,0.03333333333333333,15645,-20.71486886463882,0.6911353841805925,0.37334611697027803,-324084.12338727433,30,0.0
BRK_L32_V0_H4_S2_T3,2025H1,BRK_L32_V0_H4_S2_T3,32,0.0,4,2.0,3.0,8401,-17.125971111117025,0.7121358625924348,0.4097131293893584,-143875.28330449414,30,0.0,8401,-25.125971111117025,0.6095276198050047,0.3755505296988454,-211083.28330449414,30,0.0
BRK_L32_V0_H4_S2_T3,2025H2,BRK_L32_V0_H4_S2_T3,32,0.0,4,2.0,3.0,8656,-15.139993987395579,0.7201241311635149,0.4108133086876155,-131051.78795489614,30,0.0,8656,-23.13999398739558,0.6073558783012484,0.37881238447319776,-200299.78795489614,30,0.0
BRK_L32_V0_H4_S2_T3,2026H1,BRK_L32_V0_H4_S2_T3,32,0.0,4,2.0,3.0,8177,-16.647400429415104,0.6676395168661311,0.38241408829644125,-136125.7933113273,30,0.0,8177,-24.647400429415104,0.5532338971736567,0.345481227834169,-201541.7933113273,30,0.0
BRK_L32_V0_H4_S2_T3,JULY2026,BRK_L32_V0_H4_S2_T3,32,0.0,4,2.0,3.0,939,-25.273594615012698,0.4146003214096461,0.308839190628328,-23731.905343496925,29,0.06896551724137931,939,-33.2735946150127,0.3200286572948878,0.2534611288604899,-31243.905343496925,29,0.034482758620689655
BRK_L32_V0_H8_S1.5_T0,2024,BRK_L32_V0_H8_S1.5_T0,32,0.0,8,1.5,,11817,-15.812493931184472,0.7871022453081219,0.3581281205043581,-186856.2407848069,30,0.03333333333333333,11817,-23.81249393118447,0.7004083562165383,0.34052636032834055,-281392.2407848069,30,0.0
BRK_L32_V0_H8_S1.5_T0,2025H1,BRK_L32_V0_H8_S1.5_T0,32,0.0,8,1.5,,6225,-16.959545775786452,0.765234763143957,0.37012048192771085,-105573.17245427067,30,0.06666666666666667,6225,-24.95954577578645,0.6773412784421756,0.35036144578313255,-155373.17245427065,30,0.03333333333333333
BRK_L32_V0_H8_S1.5_T0,2025H2,BRK_L32_V0_H8_S1.5_T0,32,0.0,8,1.5,,6524,-13.30157884205834,0.7855432116365599,0.3641937461679951,-86779.50036558861,30,0.0,6524,-21.301578842058344,0.6829592860677212,0.3425812385039853,-138971.50036558864,30,0.0
BRK_L32_V0_H8_S1.5_T0,2026H1,BRK_L32_V0_H8_S1.5_T0,32,0.0,8,1.5,,6065,-21.23150071266241,0.6508886363947598,0.3589447650453421,-128769.05182229751,30,0.03333333333333333,6065,-29.23150071266241,0.5574072747175224,0.33520197856553996,-177289.0518222975,30,0.03333333333333333
BRK_L32_V0_H8_S1.5_T0,JULY2026,BRK_L32_V0_H8_S1.5_T0,32,0.0,8,1.5,,735,-29.48152202906261,0.4298173561888651,0.2761904761904762,-21668.918691361017,29,0.0,735,-37.48152202906261,0.3492254932509752,0.25170068027210885,-27548.918691361017,29,0.0
BRK_L32_V0_H8_S1.5_T3,2024,BRK_L32_V0_H8_S1.5_T3,32,0.0,8,1.5,3.0,11978,-12.726846485123621,0.829232612095403,0.36149607613958923,-152442.16719881073,30,0.1,11978,-20.72684648512362,0.739963508897693,0.3444648522290867,-248266.1671988107,30,0.0
BRK_L32_V0_H8_S1.5_T3,2025H1,BRK_L32_V0_H8_S1.5_T3,32,0.0,8,1.5,3.0,6301,-15.278900357731109,0.7884415188927525,0.3731153785113474,-96272.35115406371,30,0.1,6301,-23.278900357731107,0.6988936945132742,0.35359466751309315,-146680.3511540637,30,0.0
BRK_L32_V0_H8_S1.5_T3,2025H2,BRK_L32_V0_H8_S1.5_T3,32,0.0,8,1.5,3.0,6612,-17.00933011889401,0.7377911422070675,0.3666061705989111,-112465.69074612719,30,0.0,6612,-25.00933011889401,0.6427830893967663,0.3455837870538415,-165361.6907461272,30,0.0
BRK_L32_V0_H8_S1.5_T3,2026H1,BRK_L32_V0_H8_S1.5_T3,32,0.0,8,1.5,3.0,6131,-18.10608291549778,0.702069968383808,0.36209427499592234,-111008.39435491688,30,0.03333333333333333,6131,-26.106082915497772,0.6043176128943527,0.3384439732506932,-160056.39435491685,30,0.0
BRK_L32_V0_H8_S1.5_T3,JULY2026,BRK_L32_V0_H8_S1.5_T3,32,0.0,8,1.5,3.0,742,-28.14171824001956,0.4585207710711733,0.27897574123989216,-20881.154934094513,29,0.0,742,-36.141718240019564,0.3751088803774285,0.2560646900269542,-26817.154934094517,29,0.0
BRK_L32_V0_H8_S2_T0,2024,BRK_L32_V0_H8_S2_T0,32,0.0,8,2.0,,11595,-16.324321281165346,0.7918535112777574,0.3898231996550237,-189280.5052551122,30,0.03333333333333333,11595,-24.324321281165346,0.7083167273060573,0.36990081931867186,-282040.5052551122,30,0.0
BRK_L32_V0_H8_S2_T0,2025H1,BRK_L32_V0_H8_S2_T0,32,0.0,8,2.0,,6135,-18.042667691476456,0.7659524805945425,0.3986960065199674,-110691.76628720807,30,0.03333333333333333,6135,-26.042667691476456,0.6823653981255879,0.3765281173594132,-159771.76628720807,30,0.03333333333333333
BRK_L32_V0_H8_S2_T0,2025H2,BRK_L32_V0_H8_S2_T0,32,0.0,8,2.0,,6413,-13.524719255810197,0.7926795629625043,0.3949789490098238,-86734.0245875108,30,0.06666666666666667,6413,-21.524719255810197,0.6932471626319268,0.3697177607983783,-138038.0245875108,30,0.0
BRK_L32_V0_H8_S2_T0,2026H1,BRK_L32_V0_H8_S2_T0,32,0.0,8,2.0,,5991,-23.45588184490347,0.6397377188852892,0.385578367551327,-140524.1881328167,30,0.03333333333333333,5991,-31.45588184490347,0.5515010093901996,0.3588716407945251,-188452.1881328167,30,0.03333333333333333
BRK_L32_V0_H8_S2_T0,JULY2026,BRK_L32_V0_H8_S2_T0,32,0.0,8,2.0,,724,-29.35843069697009,0.4475527342814867,0.3011049723756906,-21255.503824606345,29,0.034482758620689655,724,-37.35843069697008,0.3651772521058428,0.27348066298342544,-27047.50382460634,29,0.0
BRK_L32_V0_H8_S2_T3,2024,BRK_L32_V0_H8_S2_T3,32,0.0,8,2.0,3.0,11666,-13.901633771888815,0.8229957113529179,0.39036516372364133,-162176.4595828549,30,0.0,11666,-21.901633771888815,0.7377011948044435,0.3705640322304132,-255504.4595828549,30,0.0
BRK_L32_V0_H8_S2_T3,2025H1,BRK_L32_V0_H8_S2_T3,32,0.0,8,2.0,3.0,6164,-16.04804743880714,0.7923415642083247,0.39828033744321867,-98920.16441280721,30,0.06666666666666667,6164,-24.04804743880714,0.7073859940820186,0.3762167423750811,-148232.1644128072,30,0.03333333333333333
BRK_L32_V0_H8_S2_T3,2025H2,BRK_L32_V0_H8_S2_T3,32,0.0,8,2.0,3.0,6457,-17.010361479688893,0.7515219781758475,0.395694595013164,-109835.90407435119,30,0.0,6457,-25.010361479688893,0.659192578660151,0.3706055443704507,-161491.9040743512,30,0.0
BRK_L32_V0_H8_S2_T3,2026H1,BRK_L32_V0_H8_S2_T3,32,0.0,8,2.0,3.0,6014,-21.534952827101986,0.669039600233052,0.3860991020951114,-129511.20630219135,30,0.03333333333333333,6014,-29.53495282710199,0.5786271354344562,0.3593282341203858,-177623.20630219136,30,0.03333333333333333
BRK_L32_V0_H8_S2_T3,JULY2026,BRK_L32_V0_H8_S2_T3,32,0.0,8,2.0,3.0,726,-28.70891877518964,0.46271501547767274,0.3002754820936639,-20842.67503078768,29,0.034482758620689655,726,-36.70891877518964,0.37934798667579034,0.2727272727272727,-26650.67503078768,29,0.0
BRK_L32_V0_H16_S1.5_T0,2024,BRK_L32_V0_H16_S1.5_T0,32,0.0,16,1.5,,6366,-9.91893264505366,0.8789922901645846,0.3146402764687402,-63143.925218411605,22,0.22727272727272727,6366,-17.918932645053662,0.7952271023077762,0.302387684574301,-114071.9252184116,22,0.18181818181818182
BRK_L32_V0_H16_S1.5_T0,2025H1,BRK_L32_V0_H16_S1.5_T0,32,0.0,16,1.5,,3269,-20.77545417097173,0.7469612698431097,0.31905781584582443,-67914.95968490659,22,0.09090909090909091,3269,-28.77545417097173,0.6715359838789213,0.3065157540532273,-94066.95968490659,22,0.0
BRK_L32_V0_H16_S1.5_T0,2025H2,BRK_L32_V0_H16_S1.5_T0,32,0.0,16,1.5,,3327,-4.251448171459059,0.9370555769687525,0.34265103697024346,-14144.568066444292,22,0.45454545454545453,3327,-12.25144817145906,0.8318343752293742,0.3291253381424707,-40760.56806644429,22,0.18181818181818182
BRK_L32_V0_H16_S1.5_T0,2026H1,BRK_L32_V0_H16_S1.5_T0,32,0.0,16,1.5,,3145,-20.253213233682164,0.7086797630576209,0.3176470588235294,-63696.3556199304,24,0.045454545454545456,3145,-28.253213233682164,0.6234817635026564,0.30111287758346583,-88856.3556199304,24,0.045454545454545456
BRK_L32_V0_H16_S1.5_T0,JULY2026,BRK_L32_V0_H16_S1.5_T0,32,0.0,16,1.5,,466,-41.064954613565824,0.3544103969107105,0.22746781115879827,-19136.268849921675,29,0.0,466,-49.06495461356582,0.2975704497606721,0.21030042918454936,-22864.26884992167,29,0.0
BRK_L32_V0_H16_S1.5_T3,2024,BRK_L32_V0_H16_S1.5_T3,32,0.0,16,1.5,3.0,6551,-12.36509886061643,0.8511139385668639,0.32636238742176765,-81003.76263589822,22,0.13636363636363635,6551,-20.365098860616435,0.7698548731892455,0.3152190505266372,-133411.76263589825,22,0.09090909090909091
BRK_L32_V0_H16_S1.5_T3,2025H1,BRK_L32_V0_H16_S1.5_T3,32,0.0,16,1.5,3.0,3332,-16.215210923763042,0.8020302599381587,0.3283313325330132,-54029.08279797845,22,0.18181818181818182,3332,-24.215210923763042,0.7227239657459912,0.3163265306122449,-80685.08279797845,22,0.0
BRK_L32_V0_H16_S1.5_T3,2025H2,BRK_L32_V0_H16_S1.5_T3,32,0.0,16,1.5,3.0,3386,-8.697404608370704,0.8702698401644192,0.3511518015357354,-29449.412003943202,22,0.045454545454545456,3386,-16.697404608370707,0.7689964398256371,0.3381571175428234,-56537.41200394321,22,0.045454545454545456
BRK_L32_V0_H16_S1.5_T3,2026H1,BRK_L32_V0_H16_S1.5_T3,32,0.0,16,1.5,3.0,3227,-19.91123240047775,0.7115303110752459,0.32785869228385495,-64253.54695634171,24,0.09090909090909091,3227,-27.911232400477754,0.6251349964398407,0.3114347691354199,-90069.54695634171,24,0.0
BRK_L32_V0_H16_S1.5_T3,JULY2026,BRK_L32_V0_H16_S1.5_T3,32,0.0,16,1.5,3.0,471,-37.67968386809948,0.4087158662339601,0.23354564755838642,-17747.131101874857,29,0.06896551724137931,471,-45.67968386809948,0.3466659036820677,0.21656050955414013,-21515.131101874857,29,0.034482758620689655
BRK_L32_V0_H16_S2_T0,2024,BRK_L32_V0_H16_S2_T0,32,0.0,16,2.0,,6176,-9.403711508224537,0.8952942928491654,0.3641515544041451,-58077.322274794744,22,0.3181818181818182,6176,-17.40371150822454,0.8167330252347047,0.3487694300518135,-107485.32227479474,22,0.13636363636363635
BRK_L32_V0_H16_S2_T0,2025H1,BRK_L32_V0_H16_S2_T0,32,0.0,16,2.0,,3188,-22.065123394117524,0.7551099316895802,0.3594730238393977,-70343.61338044667,22,0.045454545454545456,3188,-30.065123394117524,0.6845111398113268,0.3428481806775408,-95847.61338044667,22,0.0
BRK_L32_V0_H16_S2_T0,2025H2,BRK_L32_V0_H16_S2_T0,32,0.0,16,2.0,,3250,-3.130267556264169,0.9567244751279068,0.38984615384615384,-10173.369557858548,22,0.45454545454545453,3250,-11.130267556264169,0.8559881479630413,0.3723076923076923,-36173.36955785855,22,0.18181818181818182
BRK_L32_V0_H16_S2_T0,2026H1,BRK_L32_V0_H16_S2_T0,32,0.0,16,2.0,,3084,-24.472646681949712,0.6855154298566662,0.35830090791180286,-75473.64236713291,24,0.045454545454545456,3084,-32.47264668194971,0.6088594557363115,0.33852140077821014,-100145.64236713291,24,0.045454545454545456
BRK_L32_V0_H16_S2_T0,JULY2026,BRK_L32_V0_H16_S2_T0,32,0.0,16,2.0,,459,-41.75767904139545,0.3898189397854834,0.289760348583878,-19166.77468000051,29,0.10344827586206896,459,-49.75767904139545,0.32953111497487825,0.2636165577342048,-22838.77468000051,29,0.0
BRK_L32_V0_H16_S2_T3,2024,BRK_L32_V0_H16_S2_T3,32,0.0,16,2.0,3.0,6284,-10.468618350810823,0.8850056563153771,0.36950986632718014,-65784.79771649522,22,0.22727272727272727,6284,-18.468618350810825,0.8079048992337594,0.354551241247613,-116056.79771649522,22,0.045454545454545456
BRK_L32_V0_H16_S2_T3,2025H1,BRK_L32_V0_H16_S2_T3,32,0.0,16,2.0,3.0,3220,-17.365702750848865,0.80847147289546,0.36086956521739133,-55917.56285773334,22,0.09090909090909091,3220,-25.365702750848865,0.7353598848865383,0.3447204968944099,-81677.56285773334,22,0.045454545454545456
BRK_L32_V0_H16_S2_T3,2025H2,BRK_L32_V0_H16_S2_T3,32,0.0,16,2.0,3.0,3270,-8.030423964622972,0.8888409187840058,0.39174311926605504,-26259.48636431712,22,0.18181818181818182,3270,-16.030423964622976,0.7922948447725728,0.3746177370030581,-52419.48636431713,22,0.045454545454545456
BRK_L32_V0_H16_S2_T3,2026H1,BRK_L32_V0_H16_S2_T3,32,0.0,16,2.0,3.0,3121,-24.286325863085686,0.6883179071547025,0.3598205703300224,-75797.62301869043,24,0.045454545454545456,3121,-32.28632586308569,0.6115214019900012,0.3399551425825056,-100765.62301869044,24,0.0
BRK_L32_V0_H16_S2_T3,JULY2026,BRK_L32_V0_H16_S2_T3,32,0.0,16,2.0,3.0,461,-41.752623547476134,0.3942761561213133,0.2885032537960954,-19247.9594553865,29,0.10344827586206896,461,-49.75262354747613,0.33412913135992756,0.26247288503253796,-22935.959455386495,29,0.06896551724137931
BRK_L32_V0.75_H4_S1.5_T0,2024,BRK_L32_V0.75_H4_S1.5_T0,32,0.75,4,1.5,,11919,-14.492167732269102,0.7811304103040944,0.3896300025169897,-172732.14720091544,30,0.03333333333333333,11919,-22.49216773226911,0.6840933264813979,0.36513130296165786,-268084.1472009155,30,0.0
BRK_L32_V0.75_H4_S1.5_T0,2025H1,BRK_L32_V0.75_H4_S1.5_T0,32,0.75,4,1.5,,6208,-17.86187904386694,0.7187554888033393,0.39239690721649484,-110886.54510432595,30,0.0,6208,-25.861879043866935,0.6223475588572457,0.3645296391752577,-160550.54510432592,30,0.0
BRK_L32_V0.75_H4_S1.5_T0,2025H2,BRK_L32_V0.75_H4_S1.5_T0,32,0.75,4,1.5,,6492,-7.81250359951973,0.8517566061226554,0.4029574861367837,-50718.77336808209,30,0.13333333333333333,6492,-15.81250359951973,0.725400643739825,0.3766173752310536,-102654.77336808208,30,0.03333333333333333
BRK_L32_V0.75_H4_S1.5_T0,2026H1,BRK_L32_V0.75_H4_S1.5_T0,32,0.75,4,1.5,,6261,-16.28072100021244,0.6910027334339259,0.37533940265133364,-101933.5941823301,30,0.03333333333333333,6261,-24.28072100021244,0.5799568724682236,0.34467337486024596,-152021.5941823301,30,0.0
BRK_L32_V0.75_H4_S1.5_T0,JULY2026,BRK_L32_V0.75_H4_S1.5_T0,32,0.75,4,1.5,,709,-25.698121264829766,0.4149479536255152,0.2947813822284908,-18219.967976764303,29,0.06896551724137931,709,-33.698121264829766,0.3231228194616658,0.24823695345557123,-23891.967976764303,29,0.034482758620689655
BRK_L32_V0.75_H4_S1.5_T3,2024,BRK_L32_V0.75_H4_S1.5_T3,32,0.75,4,1.5,3.0,11982,-12.568710883908892,0.8103890728148567,0.3910866299449174,-150598.29381099634,30,0.13333333333333333,11982,-20.568710883908892,0.7113560187998941,0.3668002003004507,-246454.29381099634,30,0.0
BRK_L32_V0.75_H4_S1.5_T3,2025H1,BRK_L32_V0.75_H4_S1.5_T3,32,0.75,4,1.5,3.0,6238,-17.036432291053927,0.7314741920820154,0.3937159345944213,-106273.2646315944,30,0.0,6238,-25.03643229105393,0.6339961949415441,0.36566207117665916,-156177.26463159441,30,0.0
BRK_L32_V0.75_H4_S1.5_T3,2025H2,BRK_L32_V0.75_H4_S1.5_T3,32,0.75,4,1.5,3.0,6547,-16.01837304428228,0.7236677354827868,0.40186344890789677,-104872.2883209161,30,0.03333333333333333,6547,-24.018373044282285,0.6179010532859127,0.3757446158545899,-157248.28832091612,30,0.0
BRK_L32_V0.75_H4_S1.5_T3,2026H1,BRK_L32_V0.75_H4_S1.5_T3,32,0.75,4,1.5,3.0,6299,-15.929618125475491,0.698212005835097,0.3754564216542308,-100340.66457237012,30,0.03333333333333333,6299,-23.929618125475493,0.5866824470940198,0.3452929036354977,-150732.66457237012,30,0.0
BRK_L32_V0.75_H4_S1.5_T3,JULY2026,BRK_L32_V0.75_H4_S1.5_T3,32,0.75,4,1.5,3.0,713,-25.945576070243742,0.4103667032622631,0.29453015427769985,-18499.19573808379,29,0.06896551724137931,713,-33.945576070243746,0.31923506391195927,0.2482468443197756,-24203.19573808379,29,0.034482758620689655
BRK_L32_V0.75_H4_S2_T0,2024,BRK_L32_V0.75_H4_S2_T0,32,0.75,4,2.0,,11802,-14.164829649600936,0.7921349773899939,0.40527029317064905,-167173.31952459025,30,0.03333333333333333,11802,-22.164829649600936,0.696412838354447,0.3794272157261481,-261589.31952459025,30,0.0
BRK_L32_V0.75_H4_S2_T0,2025H1,BRK_L32_V0.75_H4_S2_T0,32,0.75,4,2.0,,6161,-19.695908896221127,0.6999216176075195,0.4061029053725045,-121346.49470961836,30,0.0,6161,-27.695908896221127,0.6071642715236969,0.3765622463885733,-170634.49470961836,30,0.0
BRK_L32_V0.75_H4_S2_T0,2025H2,BRK_L32_V0.75_H4_S2_T0,32,0.75,4,2.0,,6442,-7.45965464316272,0.8596366966085983,0.4177274138466315,-48055.09521125424,30,0.16666666666666666,6442,-15.459654643162722,0.7330758814526681,0.38932008692952497,-99591.09521125426,30,0.0
BRK_L32_V0.75_H4_S2_T0,2026H1,BRK_L32_V0.75_H4_S2_T0,32,0.75,4,2.0,,6232,-16.687249253579235,0.6904654364255491,0.3900834403080873,-103994.9373483058,30,0.03333333333333333,6232,-24.687249253579235,0.5809826559150196,0.35734916559691915,-153850.9373483058,30,0.0
BRK_L32_V0.75_H4_S2_T0,JULY2026,BRK_L32_V0.75_H4_S2_T0,32,0.75,4,2.0,,704,-26.308364630951726,0.41377737942373893,0.3053977272727273,-18521.088700190016,29,0.034482758620689655,704,-34.30836463095172,0.32283213633932417,0.2571022727272727,-24153.088700190012,29,0.034482758620689655
BRK_L32_V0.75_H4_S2_T3,2024,BRK_L32_V0.75_H4_S2_T3,32,0.75,4,2.0,3.0,11823,-13.209647837452085,0.8064780297038526,0.40565000422904507,-156177.666382196,30,0.06666666666666667,11823,-21.209647837452085,0.7099397227625611,0.3798528292311596,-250761.666382196,30,0.0
BRK_L32_V0.75_H4_S2_T3,2025H1,BRK_L32_V0.75_H4_S2_T3,32,0.75,4,2.0,3.0,6170,-19.237910621954523,0.7070498291859442,0.4061588330632091,-118697.90853745941,30,0.0,6170,-27.23791062195452,0.6138478081622167,0.3764991896272285,-168057.90853745939,30,0.0
BRK_L32_V0.75_H4_S2_T3,2025H2,BRK_L32_V0.75_H4_S2_T3,32,0.75,4,2.0,3.0,6475,-16.159830980928326,0.7293721341364972,0.41637065637065634,-104634.90560151091,30,0.06666666666666667,6475,-24.159830980928323,0.6254004906956249,0.3881081081081081,-156434.9056015109,30,0.0
BRK_L32_V0.75_H4_S2_T3,2026H1,BRK_L32_V0.75_H4_S2_T3,32,0.75,4,2.0,3.0,6250,-16.420757719887426,0.6959875498660654,0.39008,-102629.73574929642,30,0.03333333333333333,6250,-24.42075771988743,0.5862070990644378,0.35776,-152629.73574929644,30,0.0
BRK_L32_V0.75_H4_S2_T3,JULY2026,BRK_L32_V0.75_H4_S2_T3,32,0.75,4,2.0,3.0,705,-26.84539331568796,0.40472345138435945,0.3049645390070922,-18926.00228756001,29,0.034482758620689655,705,-34.84539331568796,0.3152425504246379,0.25673758865248225,-24566.00228756001,29,0.034482758620689655
BRK_L32_V0.75_H8_S1.5_T0,2024,BRK_L32_V0.75_H8_S1.5_T0,32,0.75,8,1.5,,9029,-17.072199800281723,0.7886382219612793,0.3555210986820246,-154144.89199674368,30,0.1,9029,-25.072199800281723,0.7084346436204659,0.340237014065788,-226376.89199674368,30,0.03333333333333333
BRK_L32_V0.75_H8_S1.5_T0,2025H1,BRK_L32_V0.75_H8_S1.5_T0,32,0.75,8,1.5,,4613,-19.43741957105788,0.7547388727060187,0.362237155863863,-89664.81648129,30,0.03333333333333333,4613,-27.437419571057884,0.6749811803849208,0.3451116410145242,-126568.81648129002,30,0.03333333333333333
BRK_L32_V0.75_H8_S1.5_T0,2025H2,BRK_L32_V0.75_H8_S1.5_T0,32,0.75,8,1.5,,4920,-10.047740365465037,0.846883740957383,0.36910569105691055,-49434.882598087985,30,0.16666666666666666,4920,-18.047740365465035,0.7448181221560145,0.3516260162601626,-88794.88259808798,30,0.03333333333333333
BRK_L32_V0.75_H8_S1.5_T0,2026H1,BRK_L32_V0.75_H8_S1.5_T0,32,0.75,8,1.5,,4669,-22.851892891378917,0.6530720928604558,0.3518954808310131,-106695.48790984816,30,0.03333333333333333,4669,-30.851892891378917,0.5663395902001402,0.33112015420860996,-144047.48790984816,30,0.03333333333333333
BRK_L32_V0.75_H8_S1.5_T0,JULY2026,BRK_L32_V0.75_H8_S1.5_T0,32,0.75,8,1.5,,560,-33.580317062571815,0.38334749379125854,0.25357142857142856,-18804.977555040216,29,0.06896551724137931,560,-41.58031706257181,0.31296800239312733,0.23214285714285715,-23284.977555040212,29,0.034482758620689655
BRK_L32_V0.75_H8_S1.5_T3,2024,BRK_L32_V0.75_H8_S1.5_T3,32,0.75,8,1.5,3.0,9155,-13.533976541668247,0.8327245944716553,0.36013107591480065,-123903.5552389728,30,0.16666666666666666,9155,-21.533976541668245,0.7498593889558195,0.34538503549972693,-197143.5552389728,30,0.03333333333333333
BRK_L32_V0.75_H8_S1.5_T3,2025H1,BRK_L32_V0.75_H8_S1.5_T3,32,0.75,8,1.5,3.0,4683,-18.42784182933576,0.7680033636628997,0.3642963912022208,-86297.58328677938,30,0.1,4683,-26.42784182933576,0.6875405861310966,0.3474268631219304,-123761.58328677938,30,0.03333333333333333
BRK_L32_V0.75_H8_S1.5_T3,2025H2,BRK_L32_V0.75_H8_S1.5_T3,32,0.75,8,1.5,3.0,5000,-16.57510306736839,0.7635233124736828,0.37,-82875.51533684194,30,0.03333333333333333,5000,-24.57510306736839,0.6731449510789929,0.353,-122875.51533684194,30,0.0
BRK_L32_V0.75_H8_S1.5_T3,2026H1,BRK_L32_V0.75_H8_S1.5_T3,32,0.75,8,1.5,3.0,4726,-19.085826716816605,0.7096614926703279,0.3559035124841303,-90199.61706367528,30,0.03333333333333333,4726,-27.085826716816605,0.618389568245224,0.3351671603893356,-128007.61706367528,30,0.03333333333333333
BRK_L32_V0.75_H8_S1.5_T3,JULY2026,BRK_L32_V0.75_H8_S1.5_T3,32,0.75,8,1.5,3.0,565,-32.17943645355618,0.4102834553823088,0.25663716814159293,-18181.38159625924,29,0.06896551724137931,565,-40.17943645355618,0.3370617577416875,0.23539823008849559,-22701.38159625924,29,0.034482758620689655
BRK_L32_V0.75_H8_S2_T0,2024,BRK_L32_V0.75_H8_S2_T0,32,0.75,8,2.0,,8860,-17.72998723779072,0.79306406931754,0.3887133182844244,-157087.6869268258,30,0.13333333333333333,8860,-25.72998723779072,0.716140318821604,0.3707674943566591,-227967.6869268258,30,0.0
BRK_L32_V0.75_H8_S2_T0,2025H1,BRK_L32_V0.75_H8_S2_T0,32,0.75,8,2.0,,4553,-20.338202578462507,0.7596630006648667,0.39292773995168023,-92599.83633973979,30,0.03333333333333333,4553,-28.338202578462504,0.6835669716731141,0.37381945969690317,-129023.83633973978,30,0.03333333333333333
BRK_L32_V0.75_H8_S2_T0,2025H2,BRK_L32_V0.75_H8_S2_T0,32,0.75,8,2.0,,4843,-9.561376533177832,0.8609700843829469,0.4030559570514144,-46305.746550180236,30,0.16666666666666666,4843,-17.561376533177828,0.7614742939815922,0.3809622135040264,-85049.74655018022,30,0.1
BRK_L32_V0.75_H8_S2_T0,2026H1,BRK_L32_V0.75_H8_S2_T0,32,0.75,8,2.0,,4619,-25.4025860420526,0.6406042747066216,0.38038536479757523,-117334.54492824097,30,0.03333333333333333,4619,-33.40258604205261,0.5589531170713233,0.3572201775276034,-154286.544928241,30,0.03333333333333333
BRK_L32_V0.75_H8_S2_T0,JULY2026,BRK_L32_V0.75_H8_S2_T0,32,0.75,8,2.0,,551,-32.82012183725307,0.40542576173265527,0.279491833030853,-18083.88713232644,29,0.06896551724137931,551,-40.82012183725307,0.3316706358985788,0.2540834845735027,-22491.88713232644,29,0.06896551724137931
BRK_L32_V0.75_H8_S2_T3,2024,BRK_L32_V0.75_H8_S2_T3,32,0.75,8,2.0,3.0,8915,-14.652763811499911,0.8289772845127609,0.3904655075715087,-130629.3893795217,30,0.06666666666666667,8915,-22.65276381149991,0.7500455521351694,0.3725182277061133,-201949.3893795217,30,0.03333333333333333
BRK_L32_V0.75_H8_S2_T3,2025H1,BRK_L32_V0.75_H8_S2_T3,32,0.75,8,2.0,3.0,4582,-18.404681206349107,0.7837968746364687,0.39218681798341337,-84330.2492874916,30,0.03333333333333333,4582,-26.404681206349107,0.7068221837671113,0.3731994762112615,-120986.2492874916,30,0.03333333333333333
BRK_L32_V0.75_H8_S2_T3,2025H2,BRK_L32_V0.75_H8_S2_T3,32,0.75,8,2.0,3.0,4884,-15.438268936482324,0.7908546116426581,0.40315315315315314,-75400.50548577966,30,0.13333333333333333,4884,-23.438268936482324,0.7020576665465386,0.38124488124488126,-114472.50548577966,30,0.0
BRK_L32_V0.75_H8_S2_T3,2026H1,BRK_L32_V0.75_H8_S2_T3,32,0.75,8,2.0,3.0,4638,-23.062150129003417,0.6733679941935488,0.3811987925830099,-106962.25229831785,30,0.03333333333333333,4638,-31.06215012900341,0.5894139942460257,0.35791289348857264,-144066.25229831782,30,0.03333333333333333
BRK_L32_V0.75_H8_S2_T3,JULY2026,BRK_L32_V0.75_H8_S2_T3,32,0.75,8,2.0,3.0,553,-32.43002825664841,0.41645028507492926,0.27848101265822783,-17933.805625926572,29,0.06896551724137931,553,-40.43002825664841,0.342171992617822,0.25316455696202533,-22357.805625926572,29,0.06896551724137931
BRK_L32_V0.75_H16_S1.5_T0,2024,BRK_L32_V0.75_H16_S1.5_T0,32,0.75,16,1.5,,4896,-8.380114822953663,0.9049425745934662,0.3167892156862745,-41029.04217318114,22,0.36363636363636365,4896,-16.380114822953665,0.8251396599103448,0.3053513071895425,-80197.04217318114,22,0.2727272727272727
BRK_L32_V0.75_H16_S1.5_T0,2025H1,BRK_L32_V0.75_H16_S1.5_T0,32,0.75,16,1.5,,2433,-22.270567811564014,0.750364060369212,0.3094944512946979,-54184.29148553524,22,0.13636363636363635,2433,-30.270567811564014,0.6806368219335813,0.29880805589806825,-73648.29148553524,22,0.09090909090909091
BRK_L32_V0.75_H16_S1.5_T0,2025H2,BRK_L32_V0.75_H16_S1.5_T0,32,0.75,16,1.5,,2496,0.9824638899278929,1.0138249708133544,0.34935897435897434,2452.2298692600207,22,0.5909090909090909,2496,-7.017536110072108,0.9080453397198089,0.33774038461538464,-17515.77013073998,22,0.3181818181818182
BRK_L32_V0.75_H16_S1.5_T0,2026H1,BRK_L32_V0.75_H16_S1.5_T0,32,0.75,16,1.5,,2442,-22.091986311349903,0.7044735126238667,0.31613431613431614,-53948.63057231646,24,0.045454545454545456,2442,-30.091986311349906,0.6251683546748354,0.30057330057330056,-73484.63057231647,24,0.045454545454545456
BRK_L32_V0.75_H16_S1.5_T0,JULY2026,BRK_L32_V0.75_H16_S1.5_T0,32,0.75,16,1.5,,351,-46.20849191597728,0.32032456321853403,0.20797720797720798,-16219.180662508024,29,0.0,351,-54.20849191597728,0.27142975486420656,0.18518518518518517,-19027.180662508024,29,0.0
BRK_L32_V0.75_H16_S1.5_T3,2024,BRK_L32_V0.75_H16_S1.5_T3,32,0.75,16,1.5,3.0,5049,-11.260019571153123,0.8736610639285967,0.3293721529015647,-56851.83881475212,22,0.18181818181818182,5049,-19.260019571153126,0.7962682211299669,0.31907308377896615,-97243.83881475213,22,0.18181818181818182
BRK_L32_V0.75_H16_S1.5_T3,2025H1,BRK_L32_V0.75_H16_S1.5_T3,32,0.75,16,1.5,3.0,2486,-17.968551715188944,0.7986532404702846,0.3173773129525342,-44669.81956395972,22,0.09090909090909091,2486,-25.96855171518894,0.7259167650083156,0.3073209975864843,-64557.81956395971,22,0.09090909090909091
BRK_L32_V0.75_H16_S1.5_T3,2025H2,BRK_L32_V0.75_H16_S1.5_T3,32,0.75,16,1.5,3.0,2543,-5.975561482761813,0.915534129421658,0.35627211954384586,-15195.85285066329,22,0.2727272727272727,2543,-13.975561482761812,0.8159592256568922,0.3452615021627998,-35539.85285066329,22,0.09090909090909091
BRK_L32_V0.75_H16_S1.5_T3,2026H1,BRK_L32_V0.75_H16_S1.5_T3,32,0.75,16,1.5,3.0,2509,-21.252137849676714,0.7132603360696084,0.3268234356317258,-53321.61386483887,24,0.045454545454545456,2509,-29.252137849676714,0.6323082982385526,0.3116779593463531,-73393.61386483887,24,0.0
BRK_L32_V0.75_H16_S1.5_T3,JULY2026,BRK_L32_V0.75_H16_S1.5_T3,32,0.75,16,1.5,3.0,353,-42.95089064793131,0.3682254451914533,0.21246458923512748,-15161.664398719753,29,0.034482758620689655,353,-50.950890647931324,0.31486290439239156,0.18980169971671387,-17985.664398719757,29,0.0
BRK_L32_V0.75_H16_S2_T0,2024,BRK_L32_V0.75_H16_S2_T0,32,0.75,16,2.0,,4765,-8.645752990864436,0.9113044975010018,0.3626442812172088,-41197.01300146904,22,0.4090909090909091,4765,-16.645752990864434,0.8378201651989771,0.3483735571878279,-79317.01300146902,22,0.18181818181818182
BRK_L32_V0.75_H16_S2_T0,2025H1,BRK_L32_V0.75_H16_S2_T0,32,0.75,16,2.0,,2381,-22.627480746515072,0.7687626527037376,0.35279294414111717,-53876.03165745239,22,0.09090909090909091,2381,-30.62748074651507,0.7029244113646216,0.3376732465350693,-72924.03165745237,22,0.09090909090909091
BRK_L32_V0.75_H16_S2_T0,2025H2,BRK_L32_V0.75_H16_S2_T0,32,0.75,16,2.0,,2441,3.2029847451637337,1.0422796333581095,0.397378123719787,7818.485762944674,22,0.6363636363636364,2441,-4.797015254836267,0.9405163216399784,0.3818107333060221,-11709.514237055328,22,0.2727272727272727
BRK_L32_V0.75_H16_S2_T0,2026H1,BRK_L32_V0.75_H16_S2_T0,32,0.75,16,2.0,,2401,-26.49972132167319,0.6833994721027639,0.3581840899625156,-63625.83089333733,24,0.045454545454545456,2401,-34.499721321673185,0.6119606588243172,0.3390254060807997,-82833.83089333732,24,0.045454545454545456
BRK_L32_V0.75_H16_S2_T0,JULY2026,BRK_L32_V0.75_H16_S2_T0,32,0.75,16,2.0,,346,-44.359431692517816,0.38340962777858284,0.2832369942196532,-15348.363365611163,29,0.06896551724137931,346,-52.359431692517816,0.32691626104916277,0.2514450867052023,-18116.363365611163,29,0.034482758620689655
BRK_L32_V0.75_H16_S2_T3,2024,BRK_L32_V0.75_H16_S2_T3,32,0.75,16,2.0,3.0,4849,-9.623023670041734,0.9021622253648531,0.36894204990719737,-46662.04177603237,22,0.3181818181818182,4849,-17.623023670041732,0.8296724493953765,0.35491853990513506,-85454.04177603236,22,0.18181818181818182
BRK_L32_V0.75_H16_S2_T3,2025H1,BRK_L32_V0.75_H16_S2_T3,32,0.75,16,2.0,3.0,2407,-17.15930154761257,0.8262301129422794,0.353967594515995,-41302.43882510346,22,0.13636363636363635,2407,-25.15930154761257,0.7580301296737019,0.33942667220606565,-60558.43882510346,22,0.13636363636363635
BRK_L32_V0.75_H16_S2_T3,2025H2,BRK_L32_V0.75_H16_S2_T3,32,0.75,16,2.0,3.0,2454,-3.484203730871413,0.9539765212160032,0.3993480032599837,-8550.235955558448,22,0.2727272727272727,2454,-11.484203730871414,0.857468760155277,0.3842705786471068,-28182.235955558448,22,0.13636363636363635
BRK_L32_V0.75_H16_S2_T3,2026H1,BRK_L32_V0.75_H16_S2_T3,32,0.75,16,2.0,3.0,2429,-25.59602522870727,0.6944760871615943,0.35981885549608894,-62172.745280529954,24,0.045454545454545456,2429,-33.59602522870727,0.622391632625305,0.34088102099629475,-81604.74528052995,24,0.045454545454545456
BRK_L32_V0.75_H16_S2_T3,JULY2026,BRK_L32_V0.75_H16_S2_T3,32,0.75,16,2.0,3.0,348,-45.169776987213254,0.3776466747562383,0.28160919540229884,-15719.082391550213,29,0.06896551724137931,348,-53.169776987213254,0.3221479593425973,0.25,-18503.08239155021,29,0.034482758620689655
BRK_L64_V0_H4_S1.5_T0,2024,BRK_L64_V0_H4_S1.5_T0,64,0.0,4,1.5,,11056,-16.301329768092785,0.7483890043161461,0.38133140376266283,-180227.50191603383,30,0.06666666666666667,11056,-24.30132976809278,0.6520556711825221,0.3554630969609262,-268675.5019160338,30,0.0
BRK_L64_V0_H4_S1.5_T0,2025H1,BRK_L64_V0_H4_S1.5_T0,64,0.0,4,1.5,,6172,-17.631427448613668,0.7093349736966726,0.39209332469215813,-108821.17021284356,30,0.03333333333333333,6172,-25.63142744861367,0.6095280823655836,0.3614711600777706,-158197.17021284357,30,0.0
BRK_L64_V0_H4_S1.5_T0,2025H2,BRK_L64_V0_H4_S1.5_T0,64,0.0,4,1.5,,6295,-8.58034678126558,0.8332546925221743,0.3984114376489277,-54013.28298806683,30,0.06666666666666667,6295,-16.58034678126558,0.7059409856972946,0.36965845909451944,-104373.28298806683,30,0.03333333333333333
BRK_L64_V0_H4_S1.5_T0,2026H1,BRK_L64_V0_H4_S1.5_T0,64,0.0,4,1.5,,5731,-14.820734810558973,0.7133933108426435,0.38405164892688887,-84937.63119931347,30,0.06666666666666667,5731,-22.820734810558974,0.5980098457803686,0.3496771942069447,-130785.63119931349,30,0.0
BRK_L64_V0_H4_S1.5_T0,JULY2026,BRK_L64_V0_H4_S1.5_T0,64,0.0,4,1.5,,626,-25.13989503851267,0.4243424730584036,0.2987220447284345,-15737.57429410893,29,0.10344827586206896,626,-33.13989503851267,0.3310229989394894,0.24121405750798722,-20745.57429410893,29,0.06896551724137931
BRK_L64_V0_H4_S1.5_T3,2024,BRK_L64_V0_H4_S1.5_T3,64,0.0,4,1.5,3.0,11122,-14.591960366677027,0.7753106219220985,0.38248516453875203,-162291.7831981819,30,0.06666666666666667,11122,-22.591960366677025,0.6772011752633766,0.35677036504225856,-251267.7831981819,30,0.0
BRK_L64_V0_H4_S1.5_T3,2025H1,BRK_L64_V0_H4_S1.5_T3,64,0.0,4,1.5,3.0,6196,-16.791742821300954,0.7223836875626003,0.39428663653970303,-104041.63852078072,30,0.03333333333333333,6196,-24.791742821300954,0.6212214461500832,0.36346029696578436,-153609.63852078072,30,0.0
BRK_L64_V0_H4_S1.5_T3,2025H2,BRK_L64_V0_H4_S1.5_T3,64,0.0,4,1.5,3.0,6348,-17.43126396729223,0.6931767123445012,0.3972904851921865,-110653.6636643711,30,0.06666666666666667,6348,-25.43126396729223,0.5881356474052019,0.3687775677378702,-161437.6636643711,30,0.0
BRK_L64_V0_H4_S1.5_T3,2026H1,BRK_L64_V0_H4_S1.5_T3,64,0.0,4,1.5,3.0,5767,-14.511634396742688,0.7193480354164721,0.38408184498005893,-83688.59556601508,30,0.03333333333333333,5767,-22.51163439674269,0.6033866628992697,0.35061557135425697,-129824.5955660151,30,0.03333333333333333
BRK_L64_V0_H4_S1.5_T3,JULY2026,BRK_L64_V0_H4_S1.5_T3,64,0.0,4,1.5,3.0,630,-25.046546968494635,0.4263025009361464,0.3,-15779.32459015162,29,0.06896551724137931,630,-33.04654696849464,0.332565675844879,0.24285714285714285,-20819.32459015162,29,0.06896551724137931
BRK_L64_V0_H4_S2_T0,2024,BRK_L64_V0_H4_S2_T0,64,0.0,4,2.0,,10956,-16.7971662406744,0.7481372983984351,0.3972252646951442,-184029.75333282872,30,0.03333333333333333,10956,-24.797166240674404,0.6537920513783066,0.3696604600219058,-271677.75333282875,30,0.0
BRK_L64_V0_H4_S2_T0,2025H1,BRK_L64_V0_H4_S2_T0,64,0.0,4,2.0,,6117,-19.185427554370047,0.6922002794324555,0.4042831453326794,-117357.26035008159,30,0.0,6117,-27.18542755437005,0.5955975784267639,0.3719143370933464,-166293.2603500816,30,0.0
BRK_L64_V0_H4_S2_T0,2025H2,BRK_L64_V0_H4_S2_T0,64,0.0,4,2.0,,6236,-7.875087193159727,0.8473893448356706,0.4127645926876203,-49109.04373654406,30,0.06666666666666667,6236,-15.875087193159727,0.7186354521199563,0.381975625400898,-98997.04373654406,30,0.0
BRK_L64_V0_H4_S2_T0,2026H1,BRK_L64_V0_H4_S2_T0,64,0.0,4,2.0,,5701,-15.14295899166612,0.713315504463779,0.3981757586388353,-86330.00921148855,30,0.03333333333333333,5701,-23.142958991666124,0.5994288141848261,0.3613401157691633,-131938.00921148856,30,0.03333333333333333
BRK_L64_V0_H4_S2_T0,JULY2026,BRK_L64_V0_H4_S2_T0,64,0.0,4,2.0,,622,-25.464313421313218,0.42529495572945514,0.3102893890675241,-15838.802948056822,29,0.10344827586206896,622,-33.46431342131322,0.3320370615254042,0.2491961414790997,-20814.802948056822,29,0.06896551724137931
BRK_L64_V0_H4_S2_T3,2024,BRK_L64_V0_H4_S2_T3,64,0.0,4,2.0,3.0,10973,-14.990421665143144,0.7751663040952341,0.39761232115191836,-164489.89693161572,30,0.06666666666666667,10973,-22.990421665143145,0.6789208747392295,0.3700902214526565,-252273.89693161572,30,0.0
BRK_L64_V0_H4_S2_T3,2025H1,BRK_L64_V0_H4_S2_T3,64,0.0,4,2.0,3.0,6123,-18.721563592161043,0.6996640101071265,0.40454025804344274,-114632.13387480206,30,0.0,6123,-26.721563592161047,0.6025184563817665,0.3720398497468561,-163616.1338748021,30,0.0
BRK_L64_V0_H4_S2_T3,2025H2,BRK_L64_V0_H4_S2_T3,64,0.0,4,2.0,3.0,6270,-17.169324199623237,0.7058597022477117,0.41116427432216907,-107651.66273163768,30,0.06666666666666667,6270,-25.169324199623237,0.6017679173413941,0.38054226475279107,-157811.66273163768,30,0.0
BRK_L64_V0_H4_S2_T3,2026H1,BRK_L64_V0_H4_S2_T3,64,0.0,4,2.0,3.0,5719,-14.840411675952108,0.7191809786094087,0.39814652911348136,-84872.31437477011,30,0.06666666666666667,5719,-22.84041167595211,0.6048141755811283,0.3619513901031649,-130624.31437477013,30,0.03333333333333333
BRK_L64_V0_H4_S2_T3,JULY2026,BRK_L64_V0_H4_S2_T3,64,0.0,4,2.0,3.0,623,-26.07324154014974,0.41484558283409795,0.3097913322632424,-16243.629479513289,29,0.10344827586206896,623,-34.07324154014974,0.3232990687192883,0.24879614767255218,-21227.629479513285,29,0.06896551724137931
BRK_L64_V0_H8_S1.5_T0,2024,BRK_L64_V0_H8_S1.5_T0,64,0.0,8,1.5,,8384,-18.565663713758816,0.7632654561232333,0.35281488549618323,-155654.52457615393,30,0.03333333333333333,8384,-26.565663713758816,0.6825120841536075,0.33623568702290074,-222726.52457615393,30,0.03333333333333333
BRK_L64_V0_H8_S1.5_T0,2025H1,BRK_L64_V0_H8_S1.5_T0,64,0.0,8,1.5,,4554,-18.416386899667263,0.7570234851364026,0.3618796662274923,-83868.22594108472,30,0.06666666666666667,4554,-26.416386899667266,0.6738078830778772,0.34189723320158105,-120300.22594108473,30,0.06666666666666667
BRK_L64_V0_H8_S1.5_T0,2025H2,BRK_L64_V0_H8_S1.5_T0,64,0.0,8,1.5,,4814,-14.03138180785282,0.7848006868507226,0.35542168674698793,-67547.07202300348,30,0.06666666666666667,4814,-22.03138180785282,0.6872302713202115,0.3340257582052347,-106059.07202300348,30,0.03333333333333333
BRK_L64_V0_H8_S1.5_T0,2026H1,BRK_L64_V0_H8_S1.5_T0,64,0.0,8,1.5,,4195,-18.962377809660907,0.7037268461579664,0.3709177592371871,-79547.1749115275,30,0.03333333333333333,4195,-26.962377809660907,0.6099572140748794,0.3499404052443385,-113107.1749115275,30,0.03333333333333333
BRK_L64_V0_H8_S1.5_T0,JULY2026,BRK_L64_V0_H8_S1.5_T0,64,0.0,8,1.5,,492,-33.82210071456665,0.3836411153246789,0.2459349593495935,-16640.473551566793,29,0.034482758620689655,492,-41.822100714566645,0.3148168961185639,0.21544715447154472,-20576.47355156679,29,0.0
BRK_L64_V0_H8_S1.5_T3,2024,BRK_L64_V0_H8_S1.5_T3,64,0.0,8,1.5,3.0,8507,-14.495197291456146,0.8156181787384248,0.35652991653932053,-123310.64335841744,30,0.03333333333333333,8507,-22.495197291456147,0.7316648019694028,0.3406606324203597,-191366.64335841744,30,0.03333333333333333
BRK_L64_V0_H8_S1.5_T3,2025H1,BRK_L64_V0_H8_S1.5_T3,64,0.0,8,1.5,3.0,4622,-17.171484233148266,0.7733134516415434,0.3652098658589355,-79366.6001256113,30,0.1,4622,-25.171484233148266,0.6889000060204085,0.34552141929900476,-116342.6001256113,30,0.03333333333333333
BRK_L64_V0_H8_S1.5_T3,2025H2,BRK_L64_V0_H8_S1.5_T3,64,0.0,8,1.5,3.0,4891,-20.108258960166346,0.7096285409514482,0.3557554692291965,-98349.4945741736,30,0.03333333333333333,4891,-28.108258960166342,0.6226186306905314,0.3349008382743815,-137477.4945741736,30,0.03333333333333333
BRK_L64_V0_H8_S1.5_T3,2026H1,BRK_L64_V0_H8_S1.5_T3,64,0.0,8,1.5,3.0,4252,-16.22338573306496,0.7461394755399473,0.37417685794920036,-68981.8361369922,30,0.06666666666666667,4252,-24.22338573306496,0.648955941079829,0.3532455315145814,-102997.8361369922,30,0.03333333333333333
BRK_L64_V0_H8_S1.5_T3,JULY2026,BRK_L64_V0_H8_S1.5_T3,64,0.0,8,1.5,3.0,497,-31.63385037338204,0.4233763740267399,0.2535211267605634,-15722.023635570873,29,0.06896551724137931,497,-39.63385037338204,0.34983514018419776,0.22535211267605634,-19698.023635570873,29,0.0
BRK_L64_V0_H8_S2_T0,2024,BRK_L64_V0_H8_S2_T0,64,0.0,8,2.0,,8225,-18.68680939588889,0.7736606333259008,0.3862613981762918,-153699.00728118612,30,0.06666666666666667,8225,-26.68680939588889,0.6951857062172317,0.3676595744680851,-219499.00728118612,30,0.0
BRK_L64_V0_H8_S2_T0,2025H1,BRK_L64_V0_H8_S2_T0,64,0.0,8,2.0,,4484,-19.69213407626358,0.7574841971190697,0.39250669045495096,-88299.5291979659,30,0.03333333333333333,4484,-27.69213407626358,0.6785915027832938,0.36975914362176626,-124171.5291979659,30,0.03333333333333333
BRK_L64_V0_H8_S2_T0,2025H2,BRK_L64_V0_H8_S2_T0,64,0.0,8,2.0,,4722,-14.071545589994086,0.7947342426744576,0.386277001270648,-66445.83827595208,30,0.1,4722,-22.071545589994088,0.6999534553897405,0.3610758153324862,-104221.83827595209,30,0.0
BRK_L64_V0_H8_S2_T0,2026H1,BRK_L64_V0_H8_S2_T0,64,0.0,8,2.0,,4138,-20.711981794857497,0.6955873454846393,0.39922667955534075,-85706.18066712032,30,0.06666666666666667,4138,-28.711981794857497,0.6063888998055513,0.375302078298695,-118810.18066712032,30,0.03333333333333333
BRK_L64_V0_H8_S2_T0,JULY2026,BRK_L64_V0_H8_S2_T0,64,0.0,8,2.0,,487,-34.68362135334317,0.3933464224301003,0.2731006160164271,-16890.923599078124,29,0.10344827586206896,487,-42.68362135334317,0.3239925861400875,0.23819301848049282,-20786.923599078124,29,0.034482758620689655
BRK_L64_V0_H8_S2_T3,2024,BRK_L64_V0_H8_S2_T3,64,0.0,8,2.0,3.0,8281,-14.825361137358136,0.8202150585855151,0.3875135853157831,-122768.81557846273,30,0.1,8281,-22.825361137358136,0.7389604854086101,0.36903755585074266,-189016.81557846273,30,0.03333333333333333
BRK_L64_V0_H8_S2_T3,2025H1,BRK_L64_V0_H8_S2_T3,64,0.0,8,2.0,3.0,4511,-17.443057796892862,0.7859650291049161,0.3919308357348703,-78685.6337217837,30,0.06666666666666667,4511,-25.443057796892862,0.7057232019371543,0.3693194413655509,-114773.6337217837,30,0.06666666666666667
BRK_L64_V0_H8_S2_T3,2025H2,BRK_L64_V0_H8_S2_T3,64,0.0,8,2.0,3.0,4761,-18.89240436802768,0.7408069922107184,0.38668346985927327,-89946.73719617979,30,0.1,4761,-26.892404368027684,0.6547513825143305,0.3616887208569628,-128034.7371961798,30,0.0
BRK_L64_V0_H8_S2_T3,2026H1,BRK_L64_V0_H8_S2_T3,64,0.0,8,2.0,3.0,4160,-19.034318904671505,0.7198651641644314,0.4,-79182.76664343345,30,0.03333333333333333,4160,-27.034318904671505,0.6288894108198231,0.37596153846153846,-112462.76664343345,30,0.03333333333333333
BRK_L64_V0_H8_S2_T3,JULY2026,BRK_L64_V0_H8_S2_T3,64,0.0,8,2.0,3.0,489,-34.31319864854873,0.4041535452294135,0.2719836400817996,-16779.154139140326,29,0.13793103448275862,489,-42.313198648548735,0.33432496007474943,0.23721881390593047,-20691.15413914033,29,0.034482758620689655
BRK_L64_V0_H16_S1.5_T0,2024,BRK_L64_V0_H16_S1.5_T0,64,0.0,16,1.5,,4527,-11.75172149394675,0.8634136358949931,0.31301082394521756,-53200.04320309694,22,0.22727272727272727,4527,-19.75172149394675,0.7843021836057942,0.30373315661586037,-89416.04320309694,22,0.13636363636363635
BRK_L64_V0_H16_S1.5_T0,2025H1,BRK_L64_V0_H16_S1.5_T0,64,0.0,16,1.5,,2481,-19.907768204895266,0.7683500785589419,0.3135832325675131,-49391.17291634515,22,0.13636363636363635,2481,-27.907768204895266,0.6949598836850994,0.29907295445384924,-69239.17291634515,22,0.09090909090909091
BRK_L64_V0_H16_S1.5_T0,2025H2,BRK_L64_V0_H16_S1.5_T0,64,0.0,16,1.5,,2434,-6.111466737099227,0.9139271252546481,0.3340180772391126,-14875.310038099518,22,0.2727272727272727,2434,-14.11146673709923,0.815257080332699,0.3200493015612161,-34347.310038099524,22,0.18181818181818182
BRK_L64_V0_H16_S1.5_T0,2026H1,BRK_L64_V0_H16_S1.5_T0,64,0.0,16,1.5,,2163,-17.81468839033525,0.7578931092157631,0.3305594082293111,-38533.17098829514,24,0.09090909090909091,2163,-25.814688390335245,0.6731923442584099,0.3153028201571891,-55837.17098829513,24,0.09090909090909091
BRK_L64_V0_H16_S1.5_T0,JULY2026,BRK_L64_V0_H16_S1.5_T0,64,0.0,16,1.5,,292,-44.44033604785965,0.3423570157387181,0.2226027397260274,-12976.578125975018,29,0.0,292,-52.44033604785965,0.29027855588250084,0.1952054794520548,-15312.578125975018,29,0.0
BRK_L64_V0_H16_S1.5_T3,2024,BRK_L64_V0_H16_S1.5_T3,64,0.0,16,1.5,3.0,4669,-13.845382162776716,0.8413416233161536,0.3251231527093596,-64644.08931800449,22,0.22727272727272727,4669,-21.84538216277672,0.7643380409392003,0.3165560077104305,-101996.0893180045,22,0.09090909090909091
BRK_L64_V0_H16_S1.5_T3,2025H1,BRK_L64_V0_H16_S1.5_T3,64,0.0,16,1.5,3.0,2538,-15.901695410503947,0.8142394960202819,0.32387706855791965,-40358.502951859016,22,0.18181818181818182,2538,-23.901695410503947,0.7375363104948403,0.31008668242710796,-60662.502951859016,22,0.13636363636363635
BRK_L64_V0_H16_S1.5_T3,2025H2,BRK_L64_V0_H16_S1.5_T3,64,0.0,16,1.5,3.0,2480,-13.993806563986475,0.8019854895272777,0.33991935483870966,-34704.64027868646,22,0.22727272727272727,2480,-21.993806563986475,0.7106106515938023,0.32661290322580644,-54544.64027868646,22,0.0
BRK_L64_V0_H16_S1.5_T3,2026H1,BRK_L64_V0_H16_S1.5_T3,64,0.0,16,1.5,3.0,2233,-17.865227568096905,0.7549355881738925,0.34214061800268697,-39893.05315956039,24,0.09090909090909091,2233,-25.865227568096905,0.6693052660148122,0.32691446484549935,-57757.05315956039,24,0.0
BRK_L64_V0_H16_S1.5_T3,JULY2026,BRK_L64_V0_H16_S1.5_T3,64,0.0,16,1.5,3.0,296,-40.56720604172088,0.3993556252625077,0.22972972972972974,-12007.89298834938,29,0.034482758620689655,296,-48.56720604172088,0.3418599187655863,0.20270270270270271,-14375.89298834938,29,0.034482758620689655
BRK_L64_V0_H16_S2_T0,2024,BRK_L64_V0_H16_S2_T0,64,0.0,16,2.0,,4388,-11.138817975948331,0.881933588947904,0.3621239744758432,-48877.133278461275,22,0.22727272727272727,4388,-19.138817975948335,0.8076444226640993,0.3493618960802188,-83981.13327846129,22,0.13636363636363635
BRK_L64_V0_H16_S2_T0,2025H1,BRK_L64_V0_H16_S2_T0,64,0.0,16,2.0,,2413,-21.11875675858916,0.7762427522143357,0.3522585992540406,-50959.56005847565,22,0.18181818181818182,2413,-29.11875675858916,0.7077360288917438,0.33443845835060093,-70263.56005847565,22,0.0
BRK_L64_V0_H16_S2_T0,2025H2,BRK_L64_V0_H16_S2_T0,64,0.0,16,2.0,,2372,-2.730842952120298,0.963521380921678,0.38954468802698144,-6477.559482429348,22,0.4090909090909091,2372,-10.730842952120296,0.8655653191150513,0.37099494097807756,-25453.559482429344,22,0.22727272727272727
BRK_L64_V0_H16_S2_T0,2026H1,BRK_L64_V0_H16_S2_T0,64,0.0,16,2.0,,2125,-22.511965816740865,0.7270983950447872,0.3689411764705882,-47837.92736057434,24,0.09090909090909091,2125,-30.51196581674086,0.6517000227161587,0.35011764705882353,-64837.92736057433,24,0.09090909090909091
BRK_L64_V0_H16_S2_T0,JULY2026,BRK_L64_V0_H16_S2_T0,64,0.0,16,2.0,,287,-44.81160907362296,0.37879006801297016,0.2961672473867596,-12860.93180412979,29,0.034482758620689655,287,-52.811609073622954,0.3222010930149168,0.25435540069686413,-15156.931804129788,29,0.034482758620689655
BRK_L64_V0_H16_S2_T3,2024,BRK_L64_V0_H16_S2_T3,64,0.0,16,2.0,3.0,4468,-11.77009740885638,0.8762764232201783,0.3675022381378693,-52588.795222770306,22,0.3181818181818182,4468,-19.77009740885638,0.8027735991459208,0.35519247985675917,-88332.7952227703,22,0.13636363636363635
BRK_L64_V0_H16_S2_T3,2025H1,BRK_L64_V0_H16_S2_T3,64,0.0,16,2.0,3.0,2443,-16.347462336628638,0.8280060085491404,0.35407286123618503,-39936.85048838377,22,0.18181818181818182,2443,-24.347462336628638,0.7571999274330111,0.3368808841588211,-59480.85048838376,22,0.13636363636363635
BRK_L64_V0_H16_S2_T3,2025H2,BRK_L64_V0_H16_S2_T3,64,0.0,16,2.0,3.0,2388,-10.948721590993202,0.8535071756576682,0.39154103852596317,-26145.547159291767,22,0.18181818181818182,2388,-18.9487215909932,0.7621905674279967,0.37353433835845895,-45249.54715929176,22,0.045454545454545456
BRK_L64_V0_H16_S2_T3,2026H1,BRK_L64_V0_H16_S2_T3,64,0.0,16,2.0,3.0,2158,-22.329225156051738,0.7291918561028324,0.3716404077849861,-48186.46788675965,24,0.13636363636363635,2158,-30.32922515605174,0.6535519195970936,0.3526413345690454,-65450.46788675966,24,0.09090909090909091
BRK_L64_V0_H16_S2_T3,JULY2026,BRK_L64_V0_H16_S2_T3,64,0.0,16,2.0,3.0,289,-45.59681527951059,0.3745324881810684,0.29411764705882354,-13177.47961577856,29,0.034482758620689655,289,-53.596815279510594,0.3189390087259563,0.25259515570934254,-15489.479615778562,29,0.034482758620689655
BRK_L64_V0.75_H4_S1.5_T0,2024,BRK_L64_V0.75_H4_S1.5_T0,64,0.75,4,1.5,,8920,-16.72146040177302,0.7595956481655851,0.3844170403587444,-149155.42678381532,30,0.1,8920,-24.72146040177302,0.668506801824941,0.36031390134529145,-220515.42678381532,30,0.0
BRK_L64_V0.75_H4_S1.5_T0,2025H1,BRK_L64_V0.75_H4_S1.5_T0,64,0.75,4,1.5,,4795,-18.551662513997957,0.7177326087072282,0.3908237747653806,-88955.2217546202,30,0.06666666666666667,4795,-26.551662513997957,0.6244784747837326,0.3632950990615224,-127315.2217546202,30,0.0
BRK_L64_V0.75_H4_S1.5_T0,2025H2,BRK_L64_V0.75_H4_S1.5_T0,64,0.75,4,1.5,,4975,-6.592024032830178,0.8788847429172629,0.40261306532663316,-32795.31956333014,30,0.16666666666666666,4975,-14.592024032830178,0.7540167151250844,0.37527638190954776,-72595.31956333014,30,0.1
BRK_L64_V0.75_H4_S1.5_T0,2026H1,BRK_L64_V0.75_H4_S1.5_T0,64,0.75,4,1.5,,4688,-14.785688368773325,0.7312433933710878,0.38545221843003413,-69315.30707280934,30,0.03333333333333333,4688,-22.785688368773325,0.6205090077557606,0.3572952218430034,-106819.30707280934,30,0.0
BRK_L64_V0.75_H4_S1.5_T0,JULY2026,BRK_L64_V0.75_H4_S1.5_T0,64,0.75,4,1.5,,523,-26.890408971565442,0.41110177606822057,0.28489483747609945,-14063.683892128727,29,0.06896551724137931,523,-34.89040897156544,0.324060359235809,0.23709369024856597,-18247.683892128727,29,0.06896551724137931
BRK_L64_V0.75_H4_S1.5_T3,2024,BRK_L64_V0.75_H4_S1.5_T3,64,0.75,4,1.5,3.0,8973,-14.727707909261053,0.788667933431627,0.38582413908391844,-132151.72306979942,30,0.1,8973,-22.72770790926105,0.6957392726593569,0.362086258776329,-203935.7230697994,30,0.03333333333333333
BRK_L64_V0.75_H4_S1.5_T3,2025H1,BRK_L64_V0.75_H4_S1.5_T3,64,0.75,4,1.5,3.0,4816,-17.604806395393364,0.7315473402747733,0.39285714285714285,-84784.74760021444,30,0.06666666666666667,4816,-25.604806395393364,0.6370476204703196,0.3650332225913621,-123312.74760021444,30,0.0
BRK_L64_V0.75_H4_S1.5_T3,2025H2,BRK_L64_V0.75_H4_S1.5_T3,64,0.75,4,1.5,3.0,5024,-17.517677483635747,0.7136613693469274,0.4012738853503185,-88008.811677786,30,0.06666666666666667,5024,-25.517677483635744,0.6138441400685962,0.37420382165605093,-128200.81167778598,30,0.03333333333333333
BRK_L64_V0.75_H4_S1.5_T3,2026H1,BRK_L64_V0.75_H4_S1.5_T3,64,0.75,4,1.5,3.0,4720,-14.583134810154787,0.7349513129701114,0.3855932203389831,-68832.3963039306,30,0.03333333333333333,4720,-22.58313481015479,0.6238841897516431,0.3580508474576271,-106592.3963039306,30,0.0
BRK_L64_V0.75_H4_S1.5_T3,JULY2026,BRK_L64_V0.75_H4_S1.5_T3,64,0.75,4,1.5,3.0,527,-26.923975207529697,0.4099627535704458,0.286527514231499,-14188.93493436815,29,0.06896551724137931,527,-34.92397520752969,0.3228052541450253,0.23908918406072105,-18404.93493436815,29,0.06896551724137931
BRK_L64_V0.75_H4_S2_T0,2024,BRK_L64_V0.75_H4_S2_T0,64,0.75,4,2.0,,8839,-17.36886072787744,0.7582488968025051,0.40128973865821926,-153523.3599737087,30,0.06666666666666667,8839,-25.36886072787744,0.6694088092202043,0.37549496549383415,-224235.3599737087,30,0.0
BRK_L64_V0.75_H4_S2_T0,2025H1,BRK_L64_V0.75_H4_S2_T0,64,0.75,4,2.0,,4752,-20.357662108940147,0.6992447999163255,0.4059343434343434,-96739.61034168358,30,0.06666666666666667,4752,-28.357662108940147,0.6091658106058974,0.3766835016835017,-134755.61034168358,30,0.0
BRK_L64_V0.75_H4_S2_T0,2025H2,BRK_L64_V0.75_H4_S2_T0,64,0.75,4,2.0,,4929,-5.43282610579308,0.8999323583840693,0.41935483870967744,-26778.399875454088,30,0.23333333333333334,4929,-13.432826105793078,0.7725504896363197,0.389937106918239,-66210.39987545408,30,0.03333333333333333
BRK_L64_V0.75_H4_S2_T0,2026H1,BRK_L64_V0.75_H4_S2_T0,64,0.75,4,2.0,,4666,-15.322297951390704,0.7282490400685508,0.4007715387912559,-71493.84224118902,30,0.03333333333333333,4666,-23.3222979513907,0.6195319158050908,0.36990998714102014,-108821.842241189,30,0.0
BRK_L64_V0.75_H4_S2_T0,JULY2026,BRK_L64_V0.75_H4_S2_T0,64,0.75,4,2.0,,519,-27.089823135301234,0.4152008759998678,0.30057803468208094,-14059.618207221341,29,0.06896551724137931,519,-35.089823135301245,0.327375128172255,0.2504816955684008,-18211.618207221345,29,0.06896551724137931
BRK_L64_V0.75_H4_S2_T3,2024,BRK_L64_V0.75_H4_S2_T3,64,0.75,4,2.0,3.0,8852,-15.062091448647497,0.7903453702671132,0.4017171260732038,-133329.63350342764,30,0.1,8852,-23.062091448647497,0.6994418376279276,0.37596023497514686,-204145.63350342764,30,0.03333333333333333
BRK_L64_V0.75_H4_S2_T3,2025H1,BRK_L64_V0.75_H4_S2_T3,64,0.75,4,2.0,3.0,4759,-19.905020013651743,0.7060393884191986,0.40617776843874764,-94727.99024496865,30,0.06666666666666667,4759,-27.90502001365175,0.6155319428249827,0.37675982349233034,-132799.99024496868,30,0.0
BRK_L64_V0.75_H4_S2_T3,2025H2,BRK_L64_V0.75_H4_S2_T3,64,0.75,4,2.0,3.0,4962,-17.0920432166386,0.7279708100188045,0.4173720274083031,-84810.71844096073,30,0.1,4962,-25.092043216638597,0.6288909349871267,0.38814993954050786,-124506.71844096071,30,0.0
BRK_L64_V0.75_H4_S2_T3,2026H1,BRK_L64_V0.75_H4_S2_T3,64,0.75,4,2.0,3.0,4683,-15.084841187581112,0.7328467427352943,0.400811445654495,-70642.31128144235,30,0.1,4683,-23.084841187581112,0.6238809421797493,0.3704890027759983,-108106.31128144235,30,0.03333333333333333
BRK_L64_V0.75_H4_S2_T3,JULY2026,BRK_L64_V0.75_H4_S2_T3,64,0.75,4,2.0,3.0,520,-27.842120955100942,0.4027629923191942,0.3,-14477.90289665249,29,0.06896551724137931,520,-35.842120955100945,0.3168706633145119,0.25,-18637.902896652493,29,0.06896551724137931
BRK_L64_V0.75_H8_S1.5_T0,2024,BRK_L64_V0.75_H8_S1.5_T0,64,0.75,8,1.5,,6837,-20.393432778941346,0.757879606873192,0.34693579055141144,-139429.89990962198,30,0.03333333333333333,6837,-28.393432778941346,0.6828223915900109,0.3317244405440983,-194125.89990962198,30,0.03333333333333333
BRK_L64_V0.75_H8_S1.5_T0,2025H1,BRK_L64_V0.75_H8_S1.5_T0,64,0.75,8,1.5,,3590,-20.36459387708718,0.7526275180153266,0.35459610027855154,-73108.89201874298,30,0.16666666666666666,3590,-28.36459387708718,0.6760248840523698,0.3376044568245125,-101828.89201874298,30,0.03333333333333333
BRK_L64_V0.75_H8_S1.5_T0,2025H2,BRK_L64_V0.75_H8_S1.5_T0,64,0.75,8,1.5,,3831,-9.862089284806332,0.8543393110350261,0.36256851996867656,-37781.66405009306,30,0.16666666666666666,3831,-17.862089284806334,0.7548678783488117,0.3445575567736883,-68429.66405009307,30,0.06666666666666667
BRK_L64_V0.75_H8_S1.5_T0,2026H1,BRK_L64_V0.75_H8_S1.5_T0,64,0.75,8,1.5,,3459,-20.92748298909077,0.6953704362504359,0.3616652211621856,-72388.16365926497,30,0.06666666666666667,3459,-28.927482989090766,0.6084987675382149,0.3434518647007806,-100060.16365926496,30,0.03333333333333333
BRK_L64_V0.75_H8_S1.5_T0,JULY2026,BRK_L64_V0.75_H8_S1.5_T0,64,0.75,8,1.5,,418,-36.984808528618295,0.3533135001389523,0.22966507177033493,-15459.649964962447,29,0.06896551724137931,418,-44.98480852861829,0.29108792187325544,0.20574162679425836,-18803.649964962446,29,0.0
BRK_L64_V0.75_H8_S1.5_T3,2024,BRK_L64_V0.75_H8_S1.5_T3,64,0.75,8,1.5,3.0,6934,-15.623709823533082,0.8144979038011103,0.3520334583213153,-108334.80391637838,30,0.13333333333333333,6934,-23.62370982353308,0.7359624400998412,0.33732333429477934,-163806.80391637838,30,0.03333333333333333
BRK_L64_V0.75_H8_S1.5_T3,2025H1,BRK_L64_V0.75_H8_S1.5_T3,64,0.75,8,1.5,3.0,3651,-19.72968941519726,0.760779705954559,0.3574363188167625,-72033.0960548852,30,0.13333333333333333,3651,-27.729689415197257,0.6837374746626999,0.3407285675157491,-101241.09605488519,30,0.06666666666666667
BRK_L64_V0.75_H8_S1.5_T3,2025H2,BRK_L64_V0.75_H8_S1.5_T3,64,0.75,8,1.5,3.0,3901,-18.829749230279678,0.7437731011196973,0.3622148167136632,-73454.85174732102,30,0.1,3901,-26.829749230279678,0.6588784302728654,0.3445270443476032,-104662.85174732102,30,0.03333333333333333
BRK_L64_V0.75_H8_S1.5_T3,2026H1,BRK_L64_V0.75_H8_S1.5_T3,64,0.75,8,1.5,3.0,3508,-17.33401725656044,0.7469092771563787,0.36573546180159633,-60807.732536014024,30,0.03333333333333333,3508,-25.33401725656044,0.6560074221085801,0.34749144811858607,-88871.73253601402,30,0.03333333333333333
BRK_L64_V0.75_H8_S1.5_T3,JULY2026,BRK_L64_V0.75_H8_S1.5_T3,64,0.75,8,1.5,3.0,422,-35.24201520276866,0.3819555610768263,0.23696682464454977,-14872.130415568376,29,0.06896551724137931,422,-43.24201520276866,0.3160863326570486,0.2132701421800948,-18248.130415568376,29,0.034482758620689655
BRK_L64_V0.75_H8_S2_T0,2024,BRK_L64_V0.75_H8_S2_T0,64,0.75,8,2.0,,6717,-20.675976475629806,0.7674095823686878,0.38171802888194134,-138880.5339868054,30,0.1,6717,-28.675976475629806,0.6946590931243958,0.36415066249813904,-192616.5339868054,30,0.03333333333333333
BRK_L64_V0.75_H8_S2_T0,2025H1,BRK_L64_V0.75_H8_S2_T0,64,0.75,8,2.0,,3541,-21.069365410626364,0.7600758535284917,0.38604913866139506,-74606.62291902796,30,0.1,3541,-29.069365410626364,0.6867709445484811,0.3668455238633154,-102934.62291902796,30,0.03333333333333333
BRK_L64_V0.75_H8_S2_T0,2025H2,BRK_L64_V0.75_H8_S2_T0,64,0.75,8,2.0,,3760,-8.709990131222733,0.8765923961327724,0.3973404255319149,-32749.562893397477,30,0.26666666666666666,3760,-16.70999013122273,0.7786181587498947,0.37553191489361704,-62829.562893397466,30,0.13333333333333333
BRK_L64_V0.75_H8_S2_T0,2026H1,BRK_L64_V0.75_H8_S2_T0,64,0.75,8,2.0,,3416,-23.202971053241512,0.6834573227882215,0.3905152224824356,-79261.349117873,30,0.06666666666666667,3416,-31.202971053241512,0.6013287872825182,0.36973067915690866,-106589.349117873,30,0.03333333333333333
BRK_L64_V0.75_H8_S2_T0,JULY2026,BRK_L64_V0.75_H8_S2_T0,64,0.75,8,2.0,,412,-36.775593101300636,0.37341614578497884,0.2621359223300971,-15151.544357735862,29,0.13793103448275862,412,-44.77559310130063,0.30820188778757857,0.23300970873786409,-18447.54435773586,29,0.034482758620689655
BRK_L64_V0.75_H8_S2_T3,2024,BRK_L64_V0.75_H8_S2_T3,64,0.75,8,2.0,3.0,6762,-15.795390896532888,0.8219067333833933,0.3842058562555457,-106808.43324235539,30,0.13333333333333333,6762,-23.795390896532886,0.7460243174175014,0.3666075125702455,-160904.4332423554,30,0.06666666666666667
BRK_L64_V0.75_H8_S2_T3,2025H1,BRK_L64_V0.75_H8_S2_T3,64,0.75,8,2.0,3.0,3567,-19.153610256935014,0.783519439290027,0.38519764507989906,-68320.9277864872,30,0.06666666666666667,3567,-27.153610256935014,0.7095006972081355,0.3661340061676479,-96856.9277864872,30,0.06666666666666667
BRK_L64_V0.75_H8_S2_T3,2025H2,BRK_L64_V0.75_H8_S2_T3,64,0.75,8,2.0,3.0,3797,-15.971225039687287,0.7924854449368394,0.39741901501185145,-60642.74147569263,30,0.16666666666666666,3797,-23.971225039687287,0.7071834581042867,0.37582301817224123,-91018.74147569263,30,0.06666666666666667
BRK_L64_V0.75_H8_S2_T3,2026H1,BRK_L64_V0.75_H8_S2_T3,64,0.75,8,2.0,3.0,3436,-21.067661474589613,0.7121645948209437,0.3914435389988359,-72388.4848266899,30,0.1,3436,-29.067661474589606,0.6280661100480822,0.37048894062863796,-99876.48482668989,30,0.03333333333333333
BRK_L64_V0.75_H8_S2_T3,JULY2026,BRK_L64_V0.75_H8_S2_T3,64,0.75,8,2.0,3.0,414,-36.704673681796386,0.3797306635174467,0.2608695652173913,-15195.734904263703,29,0.13793103448275862,414,-44.704673681796386,0.3145155491763825,0.2318840579710145,-18507.734904263703,29,0.034482758620689655
BRK_L64_V0.75_H16_S1.5_T0,2024,BRK_L64_V0.75_H16_S1.5_T0,64,0.75,16,1.5,,3742,-11.856129489087946,0.870681663041899,0.3126670229823624,-44365.636548167095,22,0.3181818181818182,3742,-19.856129489087945,0.7957497419340898,0.30384820951362906,-74301.6365481671,22,0.13636363636363635
BRK_L64_V0.75_H16_S1.5_T0,2025H1,BRK_L64_V0.75_H16_S1.5_T0,64,0.75,16,1.5,,1947,-19.72105621179372,0.7857359233662755,0.3091936312275295,-38396.89644436237,22,0.13636363636363635,1947,-27.72105621179372,0.7160284093041803,0.29738058551617874,-53972.89644436237,22,0.13636363636363635
BRK_L64_V0.75_H16_S1.5_T0,2025H2,BRK_L64_V0.75_H16_S1.5_T0,64,0.75,16,1.5,,1936,-1.5991844092071146,0.9784672898685374,0.3434917355371901,-3096.0210162249737,22,0.3181818181818182,1936,-9.599184409207115,0.8793618453223255,0.33109504132231404,-18584.021016224975,22,0.18181818181818182
BRK_L64_V0.75_H16_S1.5_T0,2026H1,BRK_L64_V0.75_H16_S1.5_T0,64,0.75,16,1.5,,1807,-19.410217860236298,0.7520493520429985,0.3281682346430548,-35074.26367344699,24,0.13636363636363635,1807,-27.410217860236298,0.6725425447191109,0.314333148865523,-49530.26367344699,24,0.09090909090909091
BRK_L64_V0.75_H16_S1.5_T0,JULY2026,BRK_L64_V0.75_H16_S1.5_T0,64,0.75,16,1.5,,248,-48.43031409737362,0.321680906014977,0.1935483870967742,-12010.717896148657,29,0.03571428571428571,248,-56.43031409737362,0.27591133886025404,0.1693548387096774,-13994.717896148657,29,0.0
BRK_L64_V0.75_H16_S1.5_T3,2024,BRK_L64_V0.75_H16_S1.5_T3,64,0.75,16,1.5,3.0,3856,-13.93834827286213,0.8494973981968793,0.3254668049792531,-53746.27094015638,22,0.3181818181818182,3856,-21.938348272862132,0.7762261317250261,0.3176867219917012,-84594.27094015638,22,0.13636363636363635
BRK_L64_V0.75_H16_S1.5_T3,2025H1,BRK_L64_V0.75_H16_S1.5_T3,64,0.75,16,1.5,3.0,1996,-16.147919895794754,0.8246091501010402,0.31713426853707416,-32231.24811200633,22,0.13636363636363635,1996,-24.147919895794754,0.7525275340128151,0.3061122244488978,-48199.24811200633,22,0.13636363636363635
BRK_L64_V0.75_H16_S1.5_T3,2025H2,BRK_L64_V0.75_H16_S1.5_T3,64,0.75,16,1.5,3.0,1973,-12.001944141026396,0.8379515917614906,0.3482007095793208,-23679.83579024508,22,0.22727272727272727,1973,-20.001944141026396,0.7478463118238567,0.3365433350228079,-39463.83579024508,22,0.09090909090909091
BRK_L64_V0.75_H16_S1.5_T3,2026H1,BRK_L64_V0.75_H16_S1.5_T3,64,0.75,16,1.5,3.0,1867,-18.669572208032463,0.7589527424419614,0.34065345474022496,-34856.09131239661,24,0.22727272727272727,1867,-26.669572208032463,0.6778028246677986,0.32726298875200854,-49792.09131239661,24,0.0
BRK_L64_V0.75_H16_S1.5_T3,JULY2026,BRK_L64_V0.75_H16_S1.5_T3,64,0.75,16,1.5,3.0,250,-46.15526955805035,0.35327779164880807,0.2,-11538.817389512587,29,0.0,250,-54.15526955805035,0.30437334332101773,0.176,-13538.817389512587,29,0.0
BRK_L64_V0.75_H16_S2_T0,2024,BRK_L64_V0.75_H16_S2_T0,64,0.75,16,2.0,,3640,-11.569821835363724,0.8857581693837239,0.3607142857142857,-42114.15148072396,22,0.2727272727272727,3640,-19.569821835363726,0.8161427073378754,0.3478021978021978,-71234.15148072396,22,0.22727272727272727
BRK_L64_V0.75_H16_S2_T0,2025H1,BRK_L64_V0.75_H16_S2_T0,64,0.75,16,2.0,,1900,-19.203587418028373,0.8092223879644387,0.3526315789473684,-36486.81609425391,22,0.18181818181818182,1900,-27.203587418028366,0.7431199113749359,0.3373684210526316,-51686.816094253896,22,0.09090909090909091
BRK_L64_V0.75_H16_S2_T0,2025H2,BRK_L64_V0.75_H16_S2_T0,64,0.75,16,2.0,,1883,3.6471996534824536,1.04713873681236,0.4009559214020181,6867.67694750746,22,0.5,1883,-4.352800346517546,0.9470682697437879,0.38449283058948486,-8196.32305249254,22,0.3181818181818182
BRK_L64_V0.75_H16_S2_T0,2026H1,BRK_L64_V0.75_H16_S2_T0,64,0.75,16,2.0,,1780,-25.59293631262066,0.7110506317723005,0.3646067415730337,-45555.42663646478,24,0.09090909090909091,1780,-33.59293631262066,0.641571704288464,0.34606741573033706,-59795.42663646478,24,0.09090909090909091
BRK_L64_V0.75_H16_S2_T0,JULY2026,BRK_L64_V0.75_H16_S2_T0,64,0.75,16,2.0,,244,-48.5941241417632,0.3589865745671135,0.27049180327868855,-11856.966290590222,29,0.03571428571428571,244,-56.5941241417632,0.3079033716578207,0.2336065573770492,-13808.966290590222,29,0.03571428571428571
BRK_L64_V0.75_H16_S2_T3,2024,BRK_L64_V0.75_H16_S2_T3,64,0.75,16,2.0,3.0,3701,-11.604611624339345,0.8857506076564078,0.3671980545798433,-42948.66762167992,22,0.3181818181818182,3701,-19.604611624339345,0.8162367612505654,0.3547689813563902,-72556.66762167991,22,0.22727272727272727
BRK_L64_V0.75_H16_S2_T3,2025H1,BRK_L64_V0.75_H16_S2_T3,64,0.75,16,2.0,3.0,1926,-14.01806581023751,0.8622161430877464,0.35358255451713394,-26998.794750517445,22,0.22727272727272727,1926,-22.01806581023751,0.7941620344031489,0.3390446521287643,-42406.794750517445,22,0.18181818181818182
BRK_L64_V0.75_H16_S2_T3,2025H2,BRK_L64_V0.75_H16_S2_T3,64,0.75,16,2.0,3.0,1894,-6.666092997397463,0.9137329246872764,0.4033790918690602,-12625.580137070796,22,0.2727272727272727,1894,-14.666092997397463,0.8213894934540004,0.38753959873284055,-27777.580137070796,22,0.13636363636363635
BRK_L64_V0.75_H16_S2_T3,2026H1,BRK_L64_V0.75_H16_S2_T3,64,0.75,16,2.0,3.0,1808,-24.93565519479725,0.7185590522858017,0.36670353982300885,-45083.664592193425,24,0.18181818181818182,1808,-32.93565519479724,0.6486212715791468,0.34845132743362833,-59547.66459219342,24,0.09090909090909091
BRK_L64_V0.75_H16_S2_T3,JULY2026,BRK_L64_V0.75_H16_S2_T3,64,0.75,16,2.0,3.0,246,-49.629663883564206,0.35273863317257964,0.2682926829268293,-12208.897315356795,29,0.03571428571428571,246,-57.629663883564206,0.3027825988166535,0.23170731707317074,-14176.897315356795,29,0.03571428571428571
BRK_L96_V0_H4_S1.5_T0,2024,BRK_L96_V0_H4_S1.5_T0,96,0.0,4,1.5,,9216,-16.752207079290397,0.7471994757418942,0.3809678819444444,-154388.3404427403,30,0.0,9216,-24.752207079290397,0.6529479634732731,0.3567708333333333,-228116.3404427403,30,0.0
BRK_L96_V0_H4_S1.5_T0,2025H1,BRK_L96_V0_H4_S1.5_T0,96,0.0,4,1.5,,5015,-16.64821354992381,0.7339808820741284,0.39561316051844464,-83490.7909528679,30,0.06666666666666667,5015,-24.64821354992381,0.6349855590455369,0.3672981056829511,-123610.7909528679,30,0.0
BRK_L96_V0_H4_S1.5_T0,2025H2,BRK_L96_V0_H4_S1.5_T0,96,0.0,4,1.5,,5172,-8.426914812278074,0.8397022229481179,0.39791183294663574,-43584.003409102195,30,0.16666666666666666,5172,-16.426914812278074,0.7143757386642764,0.36755607115235883,-84960.0034091022,30,0.03333333333333333
BRK_L96_V0_H4_S1.5_T0,2026H1,BRK_L96_V0_H4_S1.5_T0,96,0.0,4,1.5,,4681,-13.839317181010527,0.740325445223411,0.3875240333262123,-64781.843724310274,30,0.03333333333333333,4681,-21.83931718101053,0.6255859719784124,0.3531296731467635,-102229.84372431028,30,0.03333333333333333
BRK_L96_V0_H4_S1.5_T0,JULY2026,BRK_L96_V0_H4_S1.5_T0,96,0.0,4,1.5,,498,-25.998604864082406,0.4259875277812912,0.3092369477911647,-12947.305222313038,29,0.10344827586206896,498,-33.9986048640824,0.33402639733191064,0.25301204819277107,-16931.305222313036,29,0.06896551724137931
BRK_L96_V0_H4_S1.5_T3,2024,BRK_L96_V0_H4_S1.5_T3,96,0.0,4,1.5,3.0,9264,-14.482497507985492,0.7816604402434361,0.38277202072538863,-134165.8569139776,30,0.06666666666666667,9264,-22.482497507985492,0.68498626576748,0.3588082901554404,-208277.8569139776,30,0.0
BRK_L96_V0_H4_S1.5_T3,2025H1,BRK_L96_V0_H4_S1.5_T3,96,0.0,4,1.5,3.0,5035,-15.496256964767342,0.7515968933513755,0.3980139026812314,-78023.65381760357,30,0.06666666666666667,5035,-23.49625696476734,0.6509204439259371,0.36941410129096325,-118303.65381760357,30,0.03333333333333333
BRK_L96_V0_H4_S1.5_T3,2025H2,BRK_L96_V0_H4_S1.5_T3,96,0.0,4,1.5,3.0,5225,-19.17747256496667,0.6752533068314674,0.39617224880382773,-100202.29415195085,30,0.06666666666666667,5225,-27.17747256496667,0.5754065618009987,0.3661244019138756,-142002.29415195086,30,0.0
BRK_L96_V0_H4_S1.5_T3,2026H1,BRK_L96_V0_H4_S1.5_T3,96,0.0,4,1.5,3.0,4716,-14.26951510341034,0.7323342048549176,0.38719253604749787,-67295.03322768316,30,0.03333333333333333,4716,-22.26951510341034,0.6183018165658055,0.35368956743002544,-105023.03322768316,30,0.03333333333333333
BRK_L96_V0_H4_S1.5_T3,JULY2026,BRK_L96_V0_H4_S1.5_T3,96,0.0,4,1.5,3.0,501,-25.78112089624696,0.4304314265368366,0.31137724550898205,-12916.341569019727,29,0.06896551724137931,501,-33.78112089624696,0.337677176654454,0.2554890219560878,-16924.34156901973,29,0.06896551724137931
BRK_L96_V0_H4_S2_T0,2024,BRK_L96_V0_H4_S2_T0,96,0.0,4,2.0,,9135,-17.37492728819106,0.7458378408790233,0.39627805145046524,-158719.96077762533,30,0.03333333333333333,9135,-25.374927288191056,0.6538139711930036,0.3705528188286809,-231799.9607776253,30,0.0
BRK_L96_V0_H4_S2_T0,2025H1,BRK_L96_V0_H4_S2_T0,96,0.0,4,2.0,,4965,-18.08661837666568,0.7177137366020707,0.40906344410876133,-89800.0602401451,30,0.06666666666666667,4965,-26.08661837666568,0.6214643813217955,0.37885196374622354,-129520.0602401451,30,0.0
BRK_L96_V0_H4_S2_T0,2025H2,BRK_L96_V0_H4_S2_T0,96,0.0,4,2.0,,5123,-7.818101185403381,0.8520570203631804,0.41284403669724773,-40052.13237282152,30,0.13333333333333333,5123,-15.818101185403378,0.7257391910509761,0.3806363458910794,-81036.1323728215,30,0.0
BRK_L96_V0_H4_S2_T0,2026H1,BRK_L96_V0_H4_S2_T0,96,0.0,4,2.0,,4656,-14.894033020628406,0.7291557223432439,0.40012886597938147,-69346.61774404586,30,0.03333333333333333,4656,-22.894033020628406,0.6180236125277523,0.3631872852233677,-106594.61774404586,30,0.03333333333333333
BRK_L96_V0_H4_S2_T0,JULY2026,BRK_L96_V0_H4_S2_T0,96,0.0,4,2.0,,495,-26.3871201487282,0.42752603485420987,0.32525252525252524,-13061.624473620459,29,0.10344827586206896,495,-34.3871201487282,0.3354295018717419,0.26464646464646463,-17021.62447362046,29,0.06896551724137931
BRK_L96_V0_H4_S2_T3,2024,BRK_L96_V0_H4_S2_T3,96,0.0,4,2.0,3.0,9146,-15.318570422369692,0.7756742268622991,0.3968948174065165,-140103.6450829932,30,0.1,9146,-23.318570422369692,0.6815241464209817,0.37120052481959326,-213271.6450829932,30,0.0
BRK_L96_V0_H4_S2_T3,2025H1,BRK_L96_V0_H4_S2_T3,96,0.0,4,2.0,3.0,4970,-17.468553956922122,0.727429736511525,0.40925553319919517,-86818.71316590294,30,0.06666666666666667,4970,-25.468553956922122,0.630519322585593,0.3788732394366197,-126578.71316590295,30,0.0
BRK_L96_V0_H4_S2_T3,2025H2,BRK_L96_V0_H4_S2_T3,96,0.0,4,2.0,3.0,5156,-19.074016313725647,0.6875056571554558,0.41097750193948795,-98345.62811356943,30,0.06666666666666667,5156,-27.074016313725647,0.589053339979767,0.37897595034910786,-139593.62811356943,30,0.0
BRK_L96_V0_H4_S2_T3,2026H1,BRK_L96_V0_H4_S2_T3,96,0.0,4,2.0,3.0,4674,-15.266325975510156,0.7225034038870564,0.40008557980316645,-71354.80760953447,30,0.03333333333333333,4674,-23.266325975510156,0.6119414364251813,0.363714163457424,-108746.80760953447,30,0.03333333333333333
BRK_L96_V0_H4_S2_T3,JULY2026,BRK_L96_V0_H4_S2_T3,96,0.0,4,2.0,3.0,496,-27.218348575651348,0.4134328617639819,0.3245967741935484,-13500.300893523068,29,0.06896551724137931,496,-35.21834857565134,0.3234755391630335,0.26411290322580644,-17468.300893523065,29,0.06896551724137931
BRK_L96_V0_H8_S1.5_T0,2024,BRK_L96_V0_H8_S1.5_T0,96,0.0,8,1.5,,7008,-18.663154437958546,0.7659693069295782,0.3560216894977169,-130791.38630121348,30,0.03333333333333333,7008,-26.663154437958543,0.6862345451463547,0.3383276255707763,-186855.38630121347,30,0.0
BRK_L96_V0_H8_S1.5_T0,2025H1,BRK_L96_V0_H8_S1.5_T0,96,0.0,8,1.5,,3709,-18.388394418447227,0.7657673185749605,0.3631706659476948,-68202.55489802077,30,0.1,3709,-26.38839441844723,0.6846463505212947,0.34294958209760046,-97874.55489802078,30,0.06666666666666667
BRK_L96_V0_H8_S1.5_T0,2025H2,BRK_L96_V0_H8_S1.5_T0,96,0.0,8,1.5,,3945,-13.431354003040497,0.7980973789271819,0.3561470215462611,-52986.69154199476,30,0.13333333333333333,3945,-21.431354003040493,0.7013189226757067,0.33536121673003805,-84546.69154199475,30,0.03333333333333333
BRK_L96_V0_H8_S1.5_T0,2026H1,BRK_L96_V0_H8_S1.5_T0,96,0.0,8,1.5,,3457,-18.688684416545925,0.7175927610562336,0.3751807925947353,-64606.78202799926,30,0.1,3457,-26.688684416545925,0.6255170694091425,0.353485681226497,-92262.78202799926,30,0.03333333333333333
BRK_L96_V0_H8_S1.5_T0,JULY2026,BRK_L96_V0_H8_S1.5_T0,96,0.0,8,1.5,,392,-32.602602663255624,0.41139752686078224,0.2576530612244898,-12780.220243996206,29,0.1724137931034483,392,-40.602602663255624,0.3391177765827517,0.22959183673469388,-15916.220243996206,29,0.0
BRK_L96_V0_H8_S1.5_T3,2024,BRK_L96_V0_H8_S1.5_T3,96,0.0,8,1.5,3.0,7100,-13.677525254341973,0.8287990184632623,0.36028169014084505,-97110.429305828,30,0.16666666666666666,7100,-21.677525254341973,0.7452276361612963,0.3432394366197183,-153910.429305828,30,0.0
BRK_L96_V0_H8_S1.5_T3,2025H1,BRK_L96_V0_H8_S1.5_T3,96,0.0,8,1.5,3.0,3767,-16.27146640180011,0.7920539459071746,0.36766657817892223,-61294.613935581016,30,0.16666666666666666,3767,-24.271466401800108,0.7089236571828903,0.34775683567825855,-91430.613935581,30,0.03333333333333333
BRK_L96_V0_H8_S1.5_T3,2025H2,BRK_L96_V0_H8_S1.5_T3,96,0.0,8,1.5,3.0,4017,-21.189427929245152,0.7035535848305369,0.3559870550161812,-85117.93199177778,30,0.03333333333333333,4017,-29.18942792924515,0.6194604620452812,0.33582275329848144,-117253.93199177776,30,0.03333333333333333
BRK_L96_V0_H8_S1.5_T3,2026H1,BRK_L96_V0_H8_S1.5_T3,96,0.0,8,1.5,3.0,3509,-16.5278774222904,0.7503552552284555,0.3776004559703619,-57996.321874817004,30,0.03333333333333333,3509,-24.527877422290395,0.655881808343873,0.3559418637788544,-86068.32187481699,30,0.03333333333333333
BRK_L96_V0_H8_S1.5_T3,JULY2026,BRK_L96_V0_H8_S1.5_T3,96,0.0,8,1.5,3.0,397,-30.622710577309594,0.44690788174505636,0.26700251889168763,-12157.216099191908,29,0.13793103448275862,397,-38.62271057730959,0.370289832764296,0.24181360201511334,-15333.216099191906,29,0.034482758620689655
BRK_L96_V0_H8_S2_T0,2024,BRK_L96_V0_H8_S2_T0,96,0.0,8,2.0,,6870,-19.11899460583285,0.7731496041150328,0.3893740902474527,-131347.49294207167,30,0.06666666666666667,6870,-27.11899460583285,0.696141584454928,0.3701601164483261,-186307.49294207167,30,0.03333333333333333
BRK_L96_V0_H8_S2_T0,2025H1,BRK_L96_V0_H8_S2_T0,96,0.0,8,2.0,,3646,-19.12274123787452,0.7722563166220484,0.3935820076796489,-69721.5145532905,30,0.1,3646,-27.122741237874518,0.6949465556942467,0.37081733406472844,-98889.51455329049,30,0.03333333333333333
BRK_L96_V0_H8_S2_T0,2025H2,BRK_L96_V0_H8_S2_T0,96,0.0,8,2.0,,3871,-13.384277857913364,0.8091511827037372,0.38672177731852236,-51810.53958798263,30,0.26666666666666666,3871,-21.384277857913364,0.7153711399449053,0.3626969775251873,-82778.53958798264,30,0.03333333333333333
BRK_L96_V0_H8_S2_T0,2026H1,BRK_L96_V0_H8_S2_T0,96,0.0,8,2.0,,3403,-20.330505101034806,0.7107494186474925,0.40376138701146047,-69184.70885882144,30,0.06666666666666667,3403,-28.330505101034806,0.6230626263277634,0.3790772847487511,-96408.70885882144,30,0.06666666666666667
BRK_L96_V0_H8_S2_T0,JULY2026,BRK_L96_V0_H8_S2_T0,96,0.0,8,2.0,,388,-33.630353656518714,0.41686900093969087,0.28865979381443296,-13048.57721872926,29,0.13793103448275862,388,-41.63035365651871,0.3443878230699226,0.2551546391752577,-16152.577218729259,29,0.13793103448275862
BRK_L96_V0_H8_S2_T3,2024,BRK_L96_V0_H8_S2_T3,96,0.0,8,2.0,3.0,6911,-14.834819219642855,0.8238454755689565,0.390681522210968,-102523.43562695177,30,0.13333333333333333,6911,-22.834819219642856,0.7439253467327617,0.3714368398205759,-157811.43562695177,30,0.0
BRK_L96_V0_H8_S2_T3,2025H1,BRK_L96_V0_H8_S2_T3,96,0.0,8,2.0,3.0,3668,-15.9154373590027,0.8109293320073417,0.39340239912758995,-58377.824232821906,30,0.16666666666666666,3668,-23.915437359002702,0.7316593888408015,0.3707742639040349,-87721.8242328219,30,0.06666666666666667
BRK_L96_V0_H8_S2_T3,2025H2,BRK_L96_V0_H8_S2_T3,96,0.0,8,2.0,3.0,3909,-19.25631263154762,0.744613170904813,0.38731133282169355,-75272.92607671964,30,0.1,3909,-27.25631263154762,0.6609703469125443,0.3635200818623689,-106544.92607671964,30,0.0
BRK_L96_V0_H8_S2_T3,2026H1,BRK_L96_V0_H8_S2_T3,96,0.0,8,2.0,3.0,3424,-19.83349734868075,0.7179433117647486,0.4036214953271028,-67909.8949218829,30,0.1,3424,-27.83349734868075,0.6298337827977308,0.3787967289719626,-95301.8949218829,30,0.03333333333333333
BRK_L96_V0_H8_S2_T3,JULY2026,BRK_L96_V0_H8_S2_T3,96,0.0,8,2.0,3.0,390,-33.864946098257285,0.41802978676220987,0.28717948717948716,-13207.328978320342,29,0.13793103448275862,390,-41.86494609825729,0.3461434532787762,0.25384615384615383,-16327.328978320344,29,0.10344827586206896
BRK_L96_V0_H16_S1.5_T0,2024,BRK_L96_V0_H16_S1.5_T0,96,0.0,16,1.5,,3830,-15.195366734463308,0.8262418928354412,0.3109660574412533,-58198.25459299447,22,0.22727272727272727,3830,-23.195366734463306,0.7505865211029987,0.3018276762402089,-88838.25459299446,22,0.13636363636363635
BRK_L96_V0_H16_S1.5_T0,2025H1,BRK_L96_V0_H16_S1.5_T0,96,0.0,16,1.5,,2015,-16.5063947175827,0.8135669517392464,0.3225806451612903,-33260.385355929146,22,0.18181818181818182,2015,-24.5063947175827,0.7393544851183315,0.3066997518610422,-49380.385355929146,22,0.09090909090909091
BRK_L96_V0_H16_S1.5_T0,2025H2,BRK_L96_V0_H16_S1.5_T0,96,0.0,16,1.5,,2016,-7.843755494850785,0.8932570528179862,0.32688492063492064,-15813.011077619183,22,0.22727272727272727,2016,-15.843755494850786,0.7992609394315706,0.31101190476190477,-31941.011077619183,22,0.13636363636363635
BRK_L96_V0_H16_S1.5_T0,2026H1,BRK_L96_V0_H16_S1.5_T0,96,0.0,16,1.5,,1812,-15.167398202854038,0.7954934249865192,0.3394039735099338,-27483.32554357152,23,0.13636363636363635,1812,-23.16739820285404,0.7085935611633245,0.32560706401766004,-41979.325543571525,23,0.09090909090909091
BRK_L96_V0_H16_S1.5_T0,JULY2026,BRK_L96_V0_H16_S1.5_T0,96,0.0,16,1.5,,236,-44.5135193087742,0.35348685677626257,0.21610169491525424,-10505.190556870712,29,0.038461538461538464,236,-52.5135193087742,0.30151643873591366,0.19491525423728814,-12393.190556870712,29,0.038461538461538464
BRK_L96_V0_H16_S1.5_T3,2024,BRK_L96_V0_H16_S1.5_T3,96,0.0,16,1.5,3.0,3950,-14.582645750551453,0.8361146045946684,0.3227848101265823,-57601.45071467824,22,0.22727272727272727,3950,-22.582645750551453,0.7608531310368396,0.31468354430379747,-89201.45071467824,22,0.13636363636363635
BRK_L96_V0_H16_S1.5_T3,2025H1,BRK_L96_V0_H16_S1.5_T3,96,0.0,16,1.5,3.0,2063,-11.799663959325548,0.8662285857232003,0.3330101793504605,-24342.706748088603,22,0.18181818181818182,2063,-19.799663959325546,0.7884728571341798,0.3179835191468735,-40846.7067480886,22,0.13636363636363635
BRK_L96_V0_H16_S1.5_T3,2025H2,BRK_L96_V0_H16_S1.5_T3,96,0.0,16,1.5,3.0,2057,-18.546384220442565,0.7469107477843094,0.332036947010209,-38149.912341450356,22,0.045454545454545456,2057,-26.546384220442565,0.6625985181071768,0.3169664560038892,-54605.912341450356,22,0.0
BRK_L96_V0_H16_S1.5_T3,2026H1,BRK_L96_V0_H16_S1.5_T3,96,0.0,16,1.5,3.0,1874,-16.356293428869744,0.7778875564160772,0.3505869797225187,-30651.693885701898,23,0.18181818181818182,1874,-24.356293428869737,0.6912440337551202,0.33671291355389543,-45643.69388570189,23,0.045454545454545456
BRK_L96_V0_H16_S1.5_T3,JULY2026,BRK_L96_V0_H16_S1.5_T3,96,0.0,16,1.5,3.0,240,-40.52799063705688,0.4108137932994905,0.225,-9726.717752893652,29,0.11538461538461539,240,-48.527990637056874,0.3533456247461642,0.20416666666666666,-11646.71775289365,29,0.07692307692307693
BRK_L96_V0_H16_S2_T0,2024,BRK_L96_V0_H16_S2_T0,96,0.0,16,2.0,,3709,-15.518947261740662,0.8389350685237893,0.3585872202750067,-57559.77539379612,22,0.2727272727272727,3709,-23.518947261740664,0.7683628526834514,0.34591534106228095,-87231.77539379612,22,0.13636363636363635
BRK_L96_V0_H16_S2_T0,2025H1,BRK_L96_V0_H16_S2_T0,96,0.0,16,2.0,,1955,-15.215770224304723,0.8412748563595294,0.3662404092071611,-29746.830788515734,22,0.2727272727272727,1955,-23.215770224304723,0.7701766132260108,0.3452685421994885,-45386.830788515734,22,0.09090909090909091
BRK_L96_V0_H16_S2_T0,2025H2,BRK_L96_V0_H16_S2_T0,96,0.0,16,2.0,,1968,-3.9034630610567493,0.9494343893742533,0.3826219512195122,-7682.015304159682,22,0.4090909090909091,1968,-11.90346306105675,0.855218142825829,0.3628048780487805,-23426.015304159682,22,0.18181818181818182
BRK_L96_V0_H16_S2_T0,2026H1,BRK_L96_V0_H16_S2_T0,96,0.0,16,2.0,,1779,-20.458917725819287,0.7545197216479591,0.37436762225969644,-36396.41463423251,23,0.09090909090909091,1779,-28.458917725819287,0.6781111316577777,0.35694210230466555,-50628.41463423251,23,0.09090909090909091
BRK_L96_V0_H16_S2_T0,JULY2026,BRK_L96_V0_H16_S2_T0,96,0.0,16,2.0,,233,-45.698063974522434,0.38036066236880095,0.2832618025751073,-10647.648906063727,29,0.07692307692307693,233,-53.69806397452244,0.3254829231126766,0.2446351931330472,-12511.648906063729,29,0.07692307692307693
BRK_L96_V0_H16_S2_T3,2024,BRK_L96_V0_H16_S2_T3,96,0.0,16,2.0,3.0,3773,-13.507234603123642,0.8612864530185818,0.3631062814736284,-50962.7961575855,22,0.3181818181818182,3773,-21.507234603123642,0.7902105799418722,0.35091439173071826,-81146.7961575855,22,0.13636363636363635
BRK_L96_V0_H16_S2_T3,2025H1,BRK_L96_V0_H16_S2_T3,96,0.0,16,2.0,3.0,1982,-8.902413742631229,0.9078082236924497,0.36881937436932394,-17644.584037895096,22,0.3181818181818182,1982,-16.902413742631225,0.8337884629641968,0.3486377396569122,-33500.58403789509,22,0.22727272727272727
BRK_L96_V0_H16_S2_T3,2025H2,BRK_L96_V0_H16_S2_T3,96,0.0,16,2.0,3.0,1982,-14.669271745842185,0.8100369018281038,0.3839556004036327,-29074.49660025921,22,0.13636363636363635,1982,-22.669271745842185,0.7243110403918405,0.3647830474268416,-44930.49660025921,22,0.0
BRK_L96_V0_H16_S2_T3,2026H1,BRK_L96_V0_H16_S2_T3,96,0.0,16,2.0,3.0,1809,-20.990597195029554,0.7485003865039742,0.37645107794361526,-37971.99032580847,23,0.18181818181818182,1809,-28.990597195029554,0.6724758995734159,0.3587617468214483,-52443.99032580847,23,0.09090909090909091
BRK_L96_V0_H16_S2_T3,JULY2026,BRK_L96_V0_H16_S2_T3,96,0.0,16,2.0,3.0,235,-46.656156245585095,0.37521654194943466,0.28085106382978725,-10964.196717712497,29,0.038461538461538464,235,-54.656156245585095,0.32149770509934683,0.2425531914893617,-12844.196717712497,29,0.038461538461538464
BRK_L96_V0.75_H4_S1.5_T0,2024,BRK_L96_V0.75_H4_S1.5_T0,96,0.75,4,1.5,,7676,-17.265525325951877,0.7554839577134285,0.38275143303804066,-132530.1724020066,30,0.06666666666666667,7676,-25.265525325951877,0.6660090663527356,0.35878061490359564,-193938.1724020066,30,0.0
BRK_L96_V0.75_H4_S1.5_T0,2025H1,BRK_L96_V0.75_H4_S1.5_T0,96,0.75,4,1.5,,4046,-18.054604307784718,0.7319422478021685,0.3912506178942165,-73048.92902929697,30,0.06666666666666667,4046,-26.054604307784718,0.6397533246470909,0.36628769154720714,-105416.92902929697,30,0.0
BRK_L96_V0.75_H4_S1.5_T0,2025H2,BRK_L96_V0.75_H4_S1.5_T0,96,0.75,4,1.5,,4251,-6.582506182900461,0.8801868141953171,0.4020230533992002,-27982.233783509862,30,0.36666666666666664,4251,-14.582506182900461,0.7563179781400511,0.3733239237826394,-61990.23378350986,30,0.1
BRK_L96_V0.75_H4_S1.5_T0,2026H1,BRK_L96_V0.75_H4_S1.5_T0,96,0.75,4,1.5,,3931,-14.048658340149764,0.751447540265574,0.38667005850928515,-55225.275935128724,30,0.03333333333333333,3931,-22.048658340149764,0.641751699297086,0.35817858051386414,-86673.27593512872,30,0.03333333333333333
BRK_L96_V0.75_H4_S1.5_T0,JULY2026,BRK_L96_V0.75_H4_S1.5_T0,96,0.75,4,1.5,,439,-27.666142412754102,0.41287244551195734,0.2870159453302961,-12145.436519199051,29,0.10344827586206896,439,-35.666142412754105,0.32740086752471736,0.2437357630979499,-15657.436519199051,29,0.034482758620689655
BRK_L96_V0.75_H4_S1.5_T3,2024,BRK_L96_V0.75_H4_S1.5_T3,96,0.75,4,1.5,3.0,7716,-14.677757484100022,0.7922299536066841,0.3849144634525661,-113253.57674731578,30,0.1,7716,-22.67775748410002,0.7002764329466783,0.36132711249351995,-174981.57674731576,30,0.0
BRK_L96_V0.75_H4_S1.5_T3,2025H1,BRK_L96_V0.75_H4_S1.5_T3,96,0.75,4,1.5,3.0,4064,-16.756775561728023,0.750595752470878,0.39345472440944884,-68099.53588286269,30,0.06666666666666667,4064,-24.756775561728023,0.6568317064456302,0.36811023622047245,-100611.53588286269,30,0.03333333333333333
BRK_L96_V0.75_H4_S1.5_T3,2025H2,BRK_L96_V0.75_H4_S1.5_T3,96,0.75,4,1.5,3.0,4300,-19.374201856108055,0.691534053344805,0.4,-83309.06798126464,30,0.06666666666666667,4300,-27.374201856108055,0.5958076145030583,0.3716279069767442,-117709.06798126464,30,0.06666666666666667
BRK_L96_V0.75_H4_S1.5_T3,2026H1,BRK_L96_V0.75_H4_S1.5_T3,96,0.75,4,1.5,3.0,3962,-14.548251860946738,0.7427667271559019,0.3864209994952044,-57640.17387307098,30,0.03333333333333333,3962,-22.54825186094674,0.6338361058004439,0.3584048460373549,-89336.17387307098,30,0.03333333333333333
BRK_L96_V0.75_H4_S1.5_T3,JULY2026,BRK_L96_V0.75_H4_S1.5_T3,96,0.75,4,1.5,3.0,442,-27.734069546009778,0.41087249222129035,0.2895927601809955,-12258.458739336322,29,0.06896551724137931,442,-35.734069546009785,0.32527179489969105,0.24660633484162897,-15794.458739336324,29,0.034482758620689655
BRK_L96_V0.75_H4_S2_T0,2024,BRK_L96_V0.75_H4_S2_T0,96,0.75,4,2.0,,7604,-17.911522714173984,0.7544609364370704,0.39952656496580746,-136199.21871857898,30,0.0,7604,-25.911522714173984,0.6671856729184894,0.3737506575486586,-197031.21871857898,30,0.0
BRK_L96_V0.75_H4_S2_T0,2025H1,BRK_L96_V0.75_H4_S2_T0,96,0.75,4,2.0,,4004,-19.651506124772162,0.7157253063299142,0.4075924075924076,-78684.63052358774,30,0.06666666666666667,4004,-27.65150612477216,0.62619253501741,0.3811188811188811,-110716.63052358772,30,0.0
BRK_L96_V0.75_H4_S2_T0,2025H2,BRK_L96_V0.75_H4_S2_T0,96,0.75,4,2.0,,4210,-5.422716815772329,0.9011229781370955,0.4194774346793349,-22829.637794401504,30,0.3333333333333333,4210,-13.422716815772331,0.7748389851356282,0.3888361045130641,-56509.63779440151,30,0.03333333333333333
BRK_L96_V0.75_H4_S2_T0,2026H1,BRK_L96_V0.75_H4_S2_T0,96,0.75,4,2.0,,3912,-15.449051936705894,0.7364155833269932,0.3997955010224949,-60436.691176393455,30,0.03333333333333333,3912,-23.449051936705892,0.6309640015370916,0.3688650306748466,-91732.69117639345,30,0.03333333333333333
BRK_L96_V0.75_H4_S2_T0,JULY2026,BRK_L96_V0.75_H4_S2_T0,96,0.75,4,2.0,,435,-28.035324462790335,0.4165073800334741,0.3057471264367816,-12195.366141313796,29,0.10344827586206896,435,-36.035324462790335,0.33046784825333275,0.2597701149425287,-15675.366141313796,29,0.034482758620689655
BRK_L96_V0.75_H4_S2_T3,2024,BRK_L96_V0.75_H4_S2_T3,96,0.75,4,2.0,3.0,7613,-15.365579206360234,0.7891576906832614,0.40010508340995665,-116978.15449802046,30,0.13333333333333333,7613,-23.365579206360234,0.6995965925226345,0.37435964797057664,-177882.15449802045,30,0.03333333333333333
BRK_L96_V0.75_H4_S2_T3,2025H1,BRK_L96_V0.75_H4_S2_T3,96,0.75,4,2.0,3.0,4010,-18.991186878733178,0.7254524516476507,0.4077306733167082,-76154.65938372005,30,0.1,4010,-26.991186878733178,0.635338796606466,0.38104738154613466,-108234.65938372005,30,0.03333333333333333
BRK_L96_V0.75_H4_S2_T3,2025H2,BRK_L96_V0.75_H4_S2_T3,96,0.75,4,2.0,3.0,4242,-19.00843562499709,0.7066233576082276,0.41725601131541723,-80633.78392123766,30,0.06666666666666667,4242,-27.00843562499709,0.6118337105506912,0.3868458274398868,-114569.78392123766,30,0.03333333333333333
BRK_L96_V0.75_H4_S2_T3,2026H1,BRK_L96_V0.75_H4_S2_T3,96,0.75,4,2.0,3.0,3929,-15.969432426892613,0.7279433610608472,0.39984728938661235,-62743.90000526108,30,0.06666666666666667,3929,-23.96943242689261,0.6232762122165039,0.3693051667090863,-94175.90000526106,30,0.03333333333333333
BRK_L96_V0.75_H4_S2_T3,JULY2026,BRK_L96_V0.75_H4_S2_T3,96,0.75,4,2.0,3.0,436,-28.9771618376523,0.40123911449136873,0.30504587155963303,-12634.042561216404,29,0.10344827586206896,436,-36.9771618376523,0.31744382649484304,0.2591743119266055,-16122.042561216402,29,0.034482758620689655
BRK_L96_V0.75_H8_S1.5_T0,2024,BRK_L96_V0.75_H8_S1.5_T0,96,0.75,8,1.5,,5872,-20.407966008300722,0.7603123819301627,0.34928474114441416,-119835.57640074183,30,0.1,5872,-28.40796600830072,0.685818925989014,0.33361716621253407,-166811.57640074182,30,0.03333333333333333
BRK_L96_V0.75_H8_S1.5_T0,2025H1,BRK_L96_V0.75_H8_S1.5_T0,96,0.75,8,1.5,,3040,-20.296054000682595,0.7597406435049165,0.3555921052631579,-61700.004162075085,30,0.1,3040,-28.296054000682595,0.6845136500996065,0.3394736842105263,-86020.00416207509,30,0.06666666666666667
BRK_L96_V0.75_H8_S1.5_T0,2025H2,BRK_L96_V0.75_H8_S1.5_T0,96,0.75,8,1.5,,3286,-9.384068057529225,0.8625656693129954,0.36579427875836884,-30836.047637041036,30,0.23333333333333334,3286,-17.384068057529227,0.7632321162176711,0.34631771150334756,-57124.04763704104,30,0.1
BRK_L96_V0.75_H8_S1.5_T0,2026H1,BRK_L96_V0.75_H8_S1.5_T0,96,0.75,8,1.5,,2924,-20.46752017935643,0.7094494431768689,0.36764705882352944,-59847.0290044382,30,0.13333333333333333,2924,-28.46752017935643,0.6233734180895807,0.3488372093023256,-83239.0290044382,30,0.03333333333333333
BRK_L96_V0.75_H8_S1.5_T0,JULY2026,BRK_L96_V0.75_H8_S1.5_T0,96,0.75,8,1.5,,350,-36.031066471562134,0.37077497131888554,0.23714285714285716,-12610.873265046746,29,0.13793103448275862,350,-44.031066471562134,0.30622221140854455,0.21142857142857144,-15410.873265046748,29,0.034482758620689655
BRK_L96_V0.75_H8_S1.5_T3,2024,BRK_L96_V0.75_H8_S1.5_T3,96,0.75,8,1.5,3.0,5947,-14.61979394205221,0.8281782620739601,0.3549688918782579,-86943.91457338449,30,0.23333333333333334,5947,-22.619793942052212,0.7495415583166877,0.3398352110307718,-134519.9145733845,30,0.06666666666666667
BRK_L96_V0.75_H8_S1.5_T3,2025H1,BRK_L96_V0.75_H8_S1.5_T3,96,0.75,8,1.5,3.0,3091,-19.015941322919335,0.7748873895852735,0.3594306049822064,-58778.27462914367,30,0.13333333333333333,3091,-27.01594132291934,0.6986710940156755,0.3435781300549984,-83506.27462914368,30,0.1
BRK_L96_V0.75_H8_S1.5_T3,2025H2,BRK_L96_V0.75_H8_S1.5_T3,96,0.75,8,1.5,3.0,3350,-19.891576939284207,0.7346995301748623,0.36507462686567166,-66636.7827466021,30,0.1,3350,-27.891576939284207,0.6518949450519742,0.3459701492537313,-93436.7827466021,30,0.03333333333333333
BRK_L96_V0.75_H8_S1.5_T3,2026H1,BRK_L96_V0.75_H8_S1.5_T3,96,0.75,8,1.5,3.0,2971,-17.245458734758007,0.7549911414629347,0.3705822955233928,-51236.25790096604,30,0.1,2971,-25.245458734758007,0.6656450500444945,0.3517334230898687,-75004.25790096604,30,0.03333333333333333
BRK_L96_V0.75_H8_S1.5_T3,JULY2026,BRK_L96_V0.75_H8_S1.5_T3,96,0.75,8,1.5,3.0,354,-34.60467386798081,0.39353693452517996,0.2457627118644068,-12250.054549265205,29,0.10344827586206896,354,-42.60467386798081,0.32579842568960005,0.22033898305084745,-15082.054549265205,29,0.0
BRK_L96_V0.75_H8_S2_T0,2024,BRK_L96_V0.75_H8_S2_T0,96,0.75,8,2.0,,5761,-20.492654514628118,0.7718671485620191,0.385349765665683,-118058.1826587726,30,0.13333333333333333,5761,-28.492654514628125,0.6995091675848536,0.3679916681131748,-164146.18265877262,30,0.03333333333333333
BRK_L96_V0.75_H8_S2_T0,2025H1,BRK_L96_V0.75_H8_S2_T0,96,0.75,8,2.0,,2996,-21.00917306760902,0.7675376742049429,0.3855140186915888,-62943.48251055662,30,0.13333333333333333,2996,-29.00917306760902,0.6957986908631026,0.3678237650200267,-86911.48251055663,30,0.03333333333333333
BRK_L96_V0.75_H8_S2_T0,2025H2,BRK_L96_V0.75_H8_S2_T0,96,0.75,8,2.0,,3228,-8.247865177502721,0.8843039506807135,0.3990086741016109,-26624.108792978783,30,0.3,3228,-16.247865177502717,0.786733888550686,0.3754646840148699,-52448.108792978775,30,0.23333333333333334
BRK_L96_V0.75_H8_S2_T0,2026H1,BRK_L96_V0.75_H8_S2_T0,96,0.75,8,2.0,,2882,-22.629917127909636,0.6991027081646166,0.3979875086745316,-65219.42116263557,30,0.06666666666666667,2882,-30.629917127909636,0.6176705759716492,0.37647467036780013,-88275.42116263557,30,0.06666666666666667
BRK_L96_V0.75_H8_S2_T0,JULY2026,BRK_L96_V0.75_H8_S2_T0,96,0.75,8,2.0,,345,-36.28009711720021,0.38472781517520555,0.27246376811594203,-12516.63350543407,29,0.13793103448275862,345,-44.28009711720019,0.31790050319083407,0.24057971014492754,-15276.633505434067,29,0.13793103448275862
BRK_L96_V0.75_H8_S2_T3,2024,BRK_L96_V0.75_H8_S2_T3,96,0.75,8,2.0,3.0,5795,-15.125771629561497,0.8312409723916792,0.38757549611734254,-87653.84659330887,30,0.2,5795,-23.125771629561502,0.7555515752873122,0.3701466781708369,-134013.8465933089,30,0.06666666666666667
BRK_L96_V0.75_H8_S2_T3,2025H1,BRK_L96_V0.75_H8_S2_T3,96,0.75,8,2.0,3.0,3019,-18.333424061796528,0.798459316018272,0.38489566081483934,-55348.60724256372,30,0.13333333333333333,3019,-26.333424061796524,0.7255673498754404,0.36734017886717457,-79500.60724256371,30,0.06666666666666667
BRK_L96_V0.75_H8_S2_T3,2025H2,BRK_L96_V0.75_H8_S2_T3,96,0.75,8,2.0,3.0,3263,-16.655902860411206,0.7881896354277586,0.39932577382776585,-54348.211033521766,30,0.26666666666666666,3263,-24.655902860411203,0.7048230277571467,0.3760343242414956,-80452.21103352176,30,0.06666666666666667
BRK_L96_V0.75_H8_S2_T3,2026H1,BRK_L96_V0.75_H8_S2_T3,96,0.75,8,2.0,3.0,2901,-21.53187854949555,0.7137560018127732,0.3981385729058945,-62463.979672086585,30,0.1,2901,-29.531878549495552,0.631438652304336,0.3764219234746639,-85671.9796720866,30,0.03333333333333333
BRK_L96_V0.75_H8_S2_T3,JULY2026,BRK_L96_V0.75_H8_S2_T3,96,0.75,8,2.0,3.0,347,-36.52848779546154,0.38649664419316704,0.27089337175792505,-12675.385265025154,29,0.13793103448275862,347,-44.52848779546154,0.32021774991388174,0.23919308357348704,-15451.385265025154,29,0.13793103448275862
BRK_L96_V0.75_H16_S1.5_T0,2024,BRK_L96_V0.75_H16_S1.5_T0,96,0.75,16,1.5,,3260,-15.775269002690123,0.8290447028741491,0.3122699386503067,-51427.3769487698,22,0.2727272727272727,3260,-23.775269002690123,0.7569352168401969,0.30368098159509205,-77507.3769487698,22,0.13636363636363635
BRK_L96_V0.75_H16_S1.5_T0,2025H1,BRK_L96_V0.75_H16_S1.5_T0,96,0.75,16,1.5,,1643,-15.805677739145993,0.832189051137364,0.31953743152769326,-25968.728525416867,22,0.18181818181818182,1643,-23.805677739145995,0.7611932564293021,0.30736457699330494,-39112.72852541687,22,0.18181818181818182
BRK_L96_V0.75_H16_S1.5_T0,2025H2,BRK_L96_V0.75_H16_S1.5_T0,96,0.75,16,1.5,,1675,-2.0157855077314197,0.9732974564348197,0.3414925373134328,-3376.440725450128,22,0.3181818181818182,1675,-10.015785507731419,0.8760630596716529,0.3271641791044776,-16776.440725450128,22,0.22727272727272727
BRK_L96_V0.75_H16_S1.5_T0,2026H1,BRK_L96_V0.75_H16_S1.5_T0,96,0.75,16,1.5,,1554,-17.367716542528417,0.7799587722987805,0.3333333333333333,-26989.43150708916,23,0.18181818181818182,1554,-25.367716542528417,0.6991145558559678,0.3204633204633205,-39421.43150708916,23,0.09090909090909091
BRK_L96_V0.75_H16_S1.5_T0,JULY2026,BRK_L96_V0.75_H16_S1.5_T0,96,0.75,16,1.5,,218,-47.59367748229655,0.33287386303081734,0.19724770642201836,-10375.421691140647,29,0.07692307692307693,218,-55.59367748229655,0.2856814902366921,0.1743119266055046,-12119.421691140647,29,0.038461538461538464
BRK_L96_V0.75_H16_S1.5_T3,2024,BRK_L96_V0.75_H16_S1.5_T3,96,0.75,16,1.5,3.0,3359,-14.23487879389243,0.8476293741216059,0.3245013396844299,-47814.95786868467,22,0.36363636363636365,3359,-22.234878793892427,0.7750806835782504,0.31705864840726405,-74686.95786868467,22,0.18181818181818182
BRK_L96_V0.75_H16_S1.5_T3,2025H1,BRK_L96_V0.75_H16_S1.5_T3,96,0.75,16,1.5,3.0,1685,-12.212627620757733,0.8705427422579612,0.32700296735905043,-20578.27754097678,22,0.2727272727272727,1685,-20.212627620757733,0.7974088623695591,0.31572700296735906,-34058.27754097678,22,0.22727272727272727
BRK_L96_V0.75_H16_S1.5_T3,2025H2,BRK_L96_V0.75_H16_S1.5_T3,96,0.75,16,1.5,3.0,1710,-15.2162855547721,0.7981809207815578,0.3456140350877193,-26019.84829866029,22,0.13636363636363635,1710,-23.2162855547721,0.7122457625035791,0.3321637426900585,-39699.84829866029,22,0.09090909090909091
BRK_L96_V0.75_H16_S1.5_T3,2026H1,BRK_L96_V0.75_H16_S1.5_T3,96,0.75,16,1.5,3.0,1608,-18.047430248504035,0.7692892314391059,0.34577114427860695,-29020.26783959449,23,0.22727272727272727,1608,-26.047430248504035,0.688073745211954,0.3333333333333333,-41884.26783959449,23,0.09090909090909091
BRK_L96_V0.75_H16_S1.5_T3,JULY2026,BRK_L96_V0.75_H16_S1.5_T3,96,0.75,16,1.5,3.0,220,-45.54534391500653,0.3612896279007526,0.20454545454545456,-10019.975661301436,29,0.038461538461538464,220,-53.54534391500653,0.31118589789572293,0.18181818181818182,-11779.975661301436,29,0.038461538461538464
BRK_L96_V0.75_H16_S2_T0,2024,BRK_L96_V0.75_H16_S2_T0,96,0.75,16,2.0,,3165,-16.266987696179232,0.8406955388933361,0.3608214849921011,-51485.01605840727,22,0.22727272727272727,3165,-24.26698769617924,0.7737920880327982,0.3481832543443918,-76805.01605840729,22,0.13636363636363635
BRK_L96_V0.75_H16_S2_T0,2025H1,BRK_L96_V0.75_H16_S2_T0,96,0.75,16,2.0,,1601,-12.652820639760293,0.8754131146619217,0.36789506558401,-20257.16584425623,22,0.2727272727272727,1601,-20.652820639760296,0.8064166930359252,0.3504059962523423,-33065.16584425623,22,0.22727272727272727
BRK_L96_V0.75_H16_S2_T0,2025H2,BRK_L96_V0.75_H16_S2_T0,96,0.75,16,2.0,,1635,3.352568099816322,1.0427529284185661,0.3963302752293578,5481.448843199687,22,0.45454545454545453,1635,-4.647431900183678,0.9442221449190393,0.3785932721712538,-7598.551156800313,22,0.2727272727272727
BRK_L96_V0.75_H16_S2_T0,2026H1,BRK_L96_V0.75_H16_S2_T0,96,0.75,16,2.0,,1532,-23.870869029049217,0.7326608173482563,0.36945169712793735,-36570.1713525034,23,0.13636363636363635,1532,-31.870869029049217,0.6623979660438186,0.35117493472584854,-48826.1713525034,23,0.09090909090909091
BRK_L96_V0.75_H16_S2_T0,JULY2026,BRK_L96_V0.75_H16_S2_T0,96,0.75,16,2.0,,215,-47.65606498094381,0.3684717372113851,0.26976744186046514,-10246.05397090292,29,0.07692307692307693,215,-55.65606498094381,0.3164052438855251,0.23255813953488372,-11966.05397090292,29,0.07692307692307693
BRK_L96_V0.75_H16_S2_T3,2024,BRK_L96_V0.75_H16_S2_T3,96,0.75,16,2.0,3.0,3215,-12.64708045901962,0.8766669170981891,0.36640746500777605,-40660.36367574808,22,0.4090909090909091,3215,-20.647080459019623,0.8082229950141906,0.3542768273716952,-66380.36367574809,22,0.18181818181818182
BRK_L96_V0.75_H16_S2_T3,2025H1,BRK_L96_V0.75_H16_S2_T3,96,0.75,16,2.0,3.0,1625,-6.164414450163021,0.9399924402945583,0.36923076923076925,-10017.17348151491,22,0.36363636363636365,1625,-14.164414450163022,0.8686535837071516,0.3526153846153846,-23017.17348151491,22,0.3181818181818182
BRK_L96_V0.75_H16_S2_T3,2025H2,BRK_L96_V0.75_H16_S2_T3,96,0.75,16,2.0,3.0,1645,-9.268547722655978,0.8818897117907218,0.39756838905775077,-15246.761003769083,22,0.2727272727272727,1645,-17.268547722655978,0.7928498748874535,0.38054711246200607,-28406.761003769083,22,0.09090909090909091
BRK_L96_V0.75_H16_S2_T3,2026H1,BRK_L96_V0.75_H16_S2_T3,96,0.75,16,2.0,3.0,1558,-24.195895983154045,0.729569547063815,0.37098844672657255,-37697.205941754,23,0.18181818181818182,1558,-32.195895983154045,0.6595600431227239,0.35301668806161746,-50161.205941754,23,0.09090909090909091
BRK_L96_V0.75_H16_S2_T3,JULY2026,BRK_L96_V0.75_H16_S2_T3,96,0.75,16,2.0,3.0,217,-48.83864053303913,0.36115894202515736,0.2672811059907834,-10597.984995669492,29,0.038461538461538464,217,-56.83864053303913,0.31040247816183736,0.2304147465437788,-12333.984995669492,29,0.038461538461538464
