symbol,period,kind,url,path,status,sha256,bytes
SOLUSDT,2023-11,kline_monthly,https://data.binance.vision/data/futures/um/monthly/klines/SOLUSDT/15m/SOLUSDT-15m-2023-11.zip,.cache/binance-altcoin-trend-round34/kline_monthly/SOLUSDT/SOLUSDT-15m-2023-11.zip,downloaded_verified,35540a230761ad740fdfaca15e691f19c9f256d0c1b207bbe869e3e4add6a8e9,125230.0
SOLUSDT,2023-11,funding_monthly,https://data.binance.vision/data/futures/um/monthly/fundingRate/SOLUSDT/SOLUSDT-fundingRate-2023-11.zip,.cache/binance-altcoin-trend-round34/funding_monthly/SOLUSDT/SOLUSDT-fundingRate-2023-11.zip,downloaded_verified,1cbd9c6b802cdf035ba408c03e82aab678c2a994c2c6860386a4226ba104e252,735.0
SOLUSDT,2023-12,kline_monthly,https://data.binance.vision/data/futures/um/monthly/klines/SOLUSDT/15m/SOLUSDT-15m-2023-12.zip,.cache/binance-altcoin-trend-round34/kline_monthly/SOLUSDT/SOLUSDT-15m-2023-12.zip,downloaded_verified,974345ee6c620457780c7484093c8c6cfbd4719dd4adbd865d8f15e42d075977,130740.0
SOLUSDT,2023-12,funding_monthly,https://data.binance.vision/data/futures/um/monthly/fundingRate/SOLUSDT/SOLUSDT-fundingRate-2023-12.zip,.cache/binance-altcoin-trend-round34/funding_monthly/SOLUSDT/SOLUSDT-fundingRate-2023-12.zip,downloaded_verified,debe51eb20a3b7d6093baec3b609e7a9f746c64635cfa77aa761e88e84454902,841.0
SOLUSDT,2024-01,kline_monthly,https://data.binance.vision/data/futures/um/monthly/klines/SOLUSDT/15m/SOLUSDT-15m-2024-01.zip,.cache/binance-altcoin-trend-round34/kline_monthly/SOLUSDT/SOLUSDT-15m-2024-01.zip,downloaded_verified,93338ae73500eb5296101354a6a306e1c98f3d77535cacf8811a203e410ce967,130489.0
SOLUSDT,2024-01,funding_monthly,https://data.binance.vision/data/futures/um/monthly/fundingRate/SOLUSDT/SOLUSDT-fundingRate-2024-01.zip,.cache/binance-altcoin-trend-round34/funding_monthly/SOLUSDT/SOLUSDT-fundingRate-2024-01.zip,downloaded_verified,6b514b6c2bb67ff04df97d747efb9c6e4bb1bb27e889f1dc51a42ab1419a3d24,697.0
SOLUSDT,2024-02,kline_monthly,https://data.binance.vision/data/futures/um/monthly/klines/SOLUSDT/15m/SOLUSDT-15m-2024-02.zip,.cache/binance-altcoin-trend-round34/kline_monthly/SOLUSDT/SOLUSDT-15m-2024-02.zip,downloaded_verified,3c589dc46ed697d8695d98991c6d7521b67fed58c588057108f17a46e9abc7ef,120793.0
SOLUSDT,2024-02,funding_monthly,https://data.binance.vision/data/futures/um/monthly/fundingRate/SOLUSDT/SOLUSDT-fundingRate-2024-02.zip,.cache/binance-altcoin-trend-round34/funding_monthly/SOLUSDT/SOLUSDT-fundingRate-2024-02.zip,downloaded_verified,7ccaf8d60ddf07e03eba0589ec4f75abfc2a842217722aaefe996ee1bc095706,802.0
SOLUSDT,2024-03,kline_monthly,https://data.binance.vision/data/futures/um/monthly/klines/SOLUSDT/15m/SOLUSDT-15m-2024-03.zip,.cache/binance-altcoin-trend-round34/kline_monthly/SOLUSDT/SOLUSDT-15m-2024-03.zip,downloaded_verified,f7156c0a96d91566705134a2efff6b6bed78c4082a22e95155877e57a598a7b4,132839.0
SOLUSDT,2024-03,funding_monthly,https://data.binance.vision/data/futures/um/monthly/fundingRate/SOLUSDT/SOLUSDT-fundingRate-2024-03.zip,.cache/binance-altcoin-trend-round34/funding_monthly/SOLUSDT/SOLUSDT-fundingRate-2024-03.zip,downloaded_verified,ff3041b6119af926fc55fc722332240037f1aee9b3a2db25f9cb801ba8e2992c,946.0
SOLUSDT,2024-04,kline_monthly,https://data.binance.vision/data/futures/um/monthly/klines/SOLUSDT/15m/SOLUSDT-15m-2024-04.zip,.cache/binance-altcoin-trend-round34/kline_monthly/SOLUSDT/SOLUSDT-15m-2024-04.zip,downloaded_verified,140a36b2000e2c8075899732a913cf278d54dbf7b76f4e718cad8d4ef7b80833,127372.0
SOLUSDT,2024-04,funding_monthly,https://data.binance.vision/data/futures/um/monthly/fundingRate/SOLUSDT/SOLUSDT-fundingRate-2024-04.zip,.cache/binance-altcoin-trend-round34/funding_monthly/SOLUSDT/SOLUSDT-fundingRate-2024-04.zip,downloaded_verified,591e7c4993e59b60966213efd938f48420cd9b63db815240ffc070ec40470e53,869.0
SOLUSDT,2024-05,kline_monthly,https://data.binance.vision/data/futures/um/monthly/klines/SOLUSDT/15m/SOLUSDT-15m-2024-05.zip,.cache/binance-altcoin-trend-round34/kline_monthly/SOLUSDT/SOLUSDT-15m-2024-05.zip,downloaded_verified,50cba4c9efa42c6a7d6433fff16891deb7a9a060619dfea035d684e938196490,129481.0
SOLUSDT,2024-05,funding_monthly,https://data.binance.vision/data/futures/um/monthly/fundingRate/SOLUSDT/SOLUSDT-fundingRate-2024-05.zip,.cache/binance-altcoin-trend-round34/funding_monthly/SOLUSDT/SOLUSDT-fundingRate-2024-05.zip,downloaded_verified,cdd788722e8b85fd6c9d992e7c1c767be87afc91db5b8c07751f898b373cbf29,810.0
SOLUSDT,2024-06,kline_monthly,https://data.binance.vision/data/futures/um/monthly/klines/SOLUSDT/15m/SOLUSDT-15m-2024-06.zip,.cache/binance-altcoin-trend-round34/kline_monthly/SOLUSDT/SOLUSDT-15m-2024-06.zip,downloaded_verified,9d89c9b5fe192581c69d4723cdd2fe261154148baa18aad93377fde9651e40bc,123267.0
SOLUSDT,2024-06,funding_monthly,https://data.binance.vision/data/futures/um/monthly/fundingRate/SOLUSDT/SOLUSDT-fundingRate-2024-06.zip,.cache/binance-altcoin-trend-round34/funding_monthly/SOLUSDT/SOLUSDT-fundingRate-2024-06.zip,downloaded_verified,8da6c97d67718422a5df9a0d50e37849521fb54de87cbb3b3397e441439dfcc9,803.0
SOLUSDT,2024-07,kline_monthly,https://data.binance.vision/data/futures/um/monthly/klines/SOLUSDT/15m/SOLUSDT-15m-2024-07.zip,.cache/binance-altcoin-trend-round34/kline_monthly/SOLUSDT/SOLUSDT-15m-2024-07.zip,downloaded_verified,fe44729bd1084a2b97e24d6701343d661a920bd7432f316cd667ad9c33dc6b7a,129627.0
SOLUSDT,2024-07,funding_monthly,https://data.binance.vision/data/futures/um/monthly/fundingRate/SOLUSDT/SOLUSDT-fundingRate-2024-07.zip,.cache/binance-altcoin-trend-round34/funding_monthly/SOLUSDT/SOLUSDT-fundingRate-2024-07.zip,downloaded_verified,2585a0db933c70b62c87cac509de42ac09b98d370238c0d8c68249a20bd2b9a3,850.0
SOLUSDT,2024-08,kline_monthly,https://data.binance.vision/data/futures/um/monthly/klines/SOLUSDT/15m/SOLUSDT-15m-2024-08.zip,.cache/binance-altcoin-trend-round34/kline_monthly/SOLUSDT/SOLUSDT-15m-2024-08.zip,downloaded_verified,b7286cb0b61a4c47b6e3c4fc45eb45e3e4d58ab11c67d83cbdd32c174d0960cc,130311.0
SOLUSDT,2024-08,funding_monthly,https://data.binance.vision/data/futures/um/monthly/fundingRate/SOLUSDT/SOLUSDT-fundingRate-2024-08.zip,.cache/binance-altcoin-trend-round34/funding_monthly/SOLUSDT/SOLUSDT-fundingRate-2024-08.zip,downloaded_verified,ef076200aab768d33f71449957f6cd9c96c0da696708a5f561b97e7a0995e8d2,940.0
SOLUSDT,2024-09,kline_monthly,https://data.binance.vision/data/futures/um/monthly/klines/SOLUSDT/15m/SOLUSDT-15m-2024-09.zip,.cache/binance-altcoin-trend-round34/kline_monthly/SOLUSDT/SOLUSDT-15m-2024-09.zip,downloaded_verified,94de2dd44cedea23c87604040d44da533f7a91e59c1652ceafdee42858a64c7b,124026.0
SOLUSDT,2024-09,funding_monthly,https://data.binance.vision/data/futures/um/monthly/fundingRate/SOLUSDT/SOLUSDT-fundingRate-2024-09.zip,.cache/binance-altcoin-trend-round34/funding_monthly/SOLUSDT/SOLUSDT-fundingRate-2024-09.zip,downloaded_verified,7666e4d3e6ea6dd28011c508cf01421007521e98e96ea551f809836441b43ca0,880.0
SOLUSDT,2024-10,kline_monthly,https://data.binance.vision/data/futures/um/monthly/klines/SOLUSDT/15m/SOLUSDT-15m-2024-10.zip,.cache/binance-altcoin-trend-round34/kline_monthly/SOLUSDT/SOLUSDT-15m-2024-10.zip,downloaded_verified,5e9102c8cd8a46de8c0d7bf90aceeb408b49409e9223b9d8ff72a192854110c7,125717.0
SOLUSDT,2024-10,funding_monthly,https://data.binance.vision/data/futures/um/monthly/fundingRate/SOLUSDT/SOLUSDT-fundingRate-2024-10.zip,.cache/binance-altcoin-trend-round34/funding_monthly/SOLUSDT/SOLUSDT-fundingRate-2024-10.zip,downloaded_verified,dbece64e8c5bc69c487cc03c00f6a4d4da2cad9152c73860386fcdc7d2ec9d05,839.0
SOLUSDT,2024-11,kline_monthly,https://data.binance.vision/data/futures/um/monthly/klines/SOLUSDT/15m/SOLUSDT-15m-2024-11.zip,.cache/binance-altcoin-trend-round34/kline_monthly/SOLUSDT/SOLUSDT-15m-2024-11.zip,downloaded_verified,123cd9a0f8a256cb6f0f2d3bb3815af32098161650e880093c3b26c714945477,122592.0
SOLUSDT,2024-11,funding_monthly,https://data.binance.vision/data/futures/um/monthly/fundingRate/SOLUSDT/SOLUSDT-fundingRate-2024-11.zip,.cache/binance-altcoin-trend-round34/funding_monthly/SOLUSDT/SOLUSDT-fundingRate-2024-11.zip,downloaded_verified,f53a9b637d695a251200e48929a573b4bf04cc2d99d5a3a09fe7bdca622918aa,790.0
SOLUSDT,2024-12,kline_monthly,https://data.binance.vision/data/futures/um/monthly/klines/SOLUSDT/15m/SOLUSDT-15m-2024-12.zip,.cache/binance-altcoin-trend-round34/kline_monthly/SOLUSDT/SOLUSDT-15m-2024-12.zip,downloaded_verified,6cb51a600d4b1e04eee859e2e51c93d410f3a9947a80b62cc16c4931395e0fbf,125439.0
SOLUSDT,2024-12,funding_monthly,https://data.binance.vision/data/futures/um/monthly/fundingRate/SOLUSDT/SOLUSDT-fundingRate-2024-12.zip,.cache/binance-altcoin-trend-round34/funding_monthly/SOLUSDT/SOLUSDT-fundingRate-2024-12.zip,downloaded_verified,bae83020ac2ccfa6dd8d1362d373a92b4d5a7e396cef52e78dc2e7d81e63f621,893.0
SOLUSDT,2025-01,kline_monthly,https://data.binance.vision/data/futures/um/monthly/klines/SOLUSDT/15m/SOLUSDT-15m-2025-01.zip,.cache/binance-altcoin-trend-round34/kline_monthly/SOLUSDT/SOLUSDT-15m-2025-01.zip,downloaded_verified,6a759ce4216c49dded5107bae6c65293cd7fddb6c18010f7f408d5aed2b98ce3,126541.0
SOLUSDT,2025-01,funding_monthly,https://data.binance.vision/data/futures/um/monthly/fundingRate/SOLUSDT/SOLUSDT-fundingRate-2025-01.zip,.cache/binance-altcoin-trend-round34/funding_monthly/SOLUSDT/SOLUSDT-fundingRate-2025-01.zip,downloaded_verified,314888152c16bc2d846f9aaa9ea3ebeec7c67d235ef2671f1a5e6fe0a8b4dbf2,916.0
SOLUSDT,2025-02,kline_monthly,https://data.binance.vision/data/futures/um/monthly/klines/SOLUSDT/15m/SOLUSDT-15m-2025-02.zip,.cache/binance-altcoin-trend-round34/kline_monthly/SOLUSDT/SOLUSDT-15m-2025-02.zip,downloaded_verified,039762b522b365b8d6a3fcbc24e32978a3e165056cb43930bc19f9c792372588,114339.0
SOLUSDT,2025-02,funding_monthly,https://data.binance.vision/data/futures/um/monthly/fundingRate/SOLUSDT/SOLUSDT-fundingRate-2025-02.zip,.cache/binance-altcoin-trend-round34/funding_monthly/SOLUSDT/SOLUSDT-fundingRate-2025-02.zip,downloaded_verified,eeade74c1ca2a6dc9d78ba0d7a1ff145c323be72cfa2c09fcef9edab88baef9f,872.0
SOLUSDT,2025-03,kline_monthly,https://data.binance.vision/data/futures/um/monthly/klines/SOLUSDT/15m/SOLUSDT-15m-2025-03.zip,.cache/binance-altcoin-trend-round34/kline_monthly/SOLUSDT/SOLUSDT-15m-2025-03.zip,downloaded_verified,64f4d457dcd2976ade3a1c07770bcf5cd85156b47b6e2a776e54e04ddeabf91a,121284.0
SOLUSDT,2025-03,funding_monthly,https://data.binance.vision/data/futures/um/monthly/fundingRate/SOLUSDT/SOLUSDT-fundingRate-2025-03.zip,.cache/binance-altcoin-trend-round34/funding_monthly/SOLUSDT/SOLUSDT-fundingRate-2025-03.zip,downloaded_verified,3f77a33779c946da6f3082d14fb9a5497e7e4a4e3fff4d68967e6ddf96cf99ea,938.0
SOLUSDT,2025-04,kline_monthly,https://data.binance.vision/data/futures/um/monthly/klines/SOLUSDT/15m/SOLUSDT-15m-2025-04.zip,.cache/binance-altcoin-trend-round34/kline_monthly/SOLUSDT/SOLUSDT-15m-2025-04.zip,downloaded_verified,31fcad7d766e2cc96fc751427184e4d9f8f1adff220e3bc4095a64fc38ef5b71,130028.0
SOLUSDT,2025-04,funding_monthly,https://data.binance.vision/data/futures/um/monthly/fundingRate/SOLUSDT/SOLUSDT-fundingRate-2025-04.zip,.cache/binance-altcoin-trend-round34/funding_monthly/SOLUSDT/SOLUSDT-fundingRate-2025-04.zip,downloaded_verified,6cd3fb27bae9313e15734d7214f4a83dc37a7a199cfc12c23f7777a5e27f7fd7,920.0
SOLUSDT,2025-05,kline_monthly,https://data.binance.vision/data/futures/um/monthly/klines/SOLUSDT/15m/SOLUSDT-15m-2025-05.zip,.cache/binance-altcoin-trend-round34/kline_monthly/SOLUSDT/SOLUSDT-15m-2025-05.zip,downloaded_verified,524f840632d2f6b2f5d4907c4dbd79b00a9a92d3499df2543350897e3bbad04e,139354.0
SOLUSDT,2025-05,funding_monthly,https://data.binance.vision/data/futures/um/monthly/fundingRate/SOLUSDT/SOLUSDT-fundingRate-2025-05.zip,.cache/binance-altcoin-trend-round34/funding_monthly/SOLUSDT/SOLUSDT-fundingRate-2025-05.zip,downloaded_verified,eb03fd0d0b31eef9ee05544ea8dcce097a807d3475f67d0a5f0859c487c5f5c3,940.0
SOLUSDT,2025-06,kline_monthly,https://data.binance.vision/data/futures/um/monthly/klines/SOLUSDT/15m/SOLUSDT-15m-2025-06.zip,.cache/binance-altcoin-trend-round34/kline_monthly/SOLUSDT/SOLUSDT-15m-2025-06.zip,downloaded_verified,53ec6585320f925110a83bf1db6bf17797a837679539691c95414bdeae011888,134209.0
SOLUSDT,2025-06,funding_monthly,https://data.binance.vision/data/futures/um/monthly/fundingRate/SOLUSDT/SOLUSDT-fundingRate-2025-06.zip,.cache/binance-altcoin-trend-round34/funding_monthly/SOLUSDT/SOLUSDT-fundingRate-2025-06.zip,downloaded_verified,4ccee0a6fd67cb775be49d124b9eb038f26acd09426fcb9aaf9d3de74cf3a24e,939.0
SOLUSDT,2025-07,kline_monthly,https://data.binance.vision/data/futures/um/monthly/klines/SOLUSDT/15m/SOLUSDT-15m-2025-07.zip,.cache/binance-altcoin-trend-round34/kline_monthly/SOLUSDT/SOLUSDT-15m-2025-07.zip,downloaded_verified,de55e5a6546cfc453ed787e86dc8a5475aa92eff5538853eb2472df64047f548,139605.0
SOLUSDT,2025-07,funding_monthly,https://data.binance.vision/data/futures/um/monthly/fundingRate/SOLUSDT/SOLUSDT-fundingRate-2025-07.zip,.cache/binance-altcoin-trend-round34/funding_monthly/SOLUSDT/SOLUSDT-fundingRate-2025-07.zip,downloaded_verified,66ce38d1a8bc4bdd53af29d8ea5c72493ed48fe9894ee5e9ff4600ccec864c4f,876.0
SOLUSDT,2025-08,kline_monthly,https://data.binance.vision/data/futures/um/monthly/klines/SOLUSDT/15m/SOLUSDT-15m-2025-08.zip,.cache/binance-altcoin-trend-round34/kline_monthly/SOLUSDT/SOLUSDT-15m-2025-08.zip,downloaded_verified,3af93f5bcf67fa6dc6d2644b6fa71227c89a823c34d064aa9388b0f7b80e659c,141260.0
SOLUSDT,2025-08,funding_monthly,https://data.binance.vision/data/futures/um/monthly/fundingRate/SOLUSDT/SOLUSDT-fundingRate-2025-08.zip,.cache/binance-altcoin-trend-round34/funding_monthly/SOLUSDT/SOLUSDT-fundingRate-2025-08.zip,downloaded_verified,fe9efc3abe1e4be2a2fa9a4008e6957856387f6783a06b97cac3ee271746915f,917.0
SOLUSDT,2025-09,kline_monthly,https://data.binance.vision/data/futures/um/monthly/klines/SOLUSDT/15m/SOLUSDT-15m-2025-09.zip,.cache/binance-altcoin-trend-round34/kline_monthly/SOLUSDT/SOLUSDT-15m-2025-09.zip,downloaded_verified,e6707deab30b895d3b4f3961bc97320cdc846cc864fe8390c231f62b17ba2754,136348.0
SOLUSDT,2025-09,funding_monthly,https://data.binance.vision/data/futures/um/monthly/fundingRate/SOLUSDT/SOLUSDT-fundingRate-2025-09.zip,.cache/binance-altcoin-trend-round34/funding_monthly/SOLUSDT/SOLUSDT-fundingRate-2025-09.zip,downloaded_verified,f953315124d20dab98ba710d108103fb4cf054d1535787fd76d35d6b9c18e534,947.0
SOLUSDT,2025-10,kline_monthly,https://data.binance.vision/data/futures/um/monthly/klines/SOLUSDT/15m/SOLUSDT-15m-2025-10.zip,.cache/binance-altcoin-trend-round34/kline_monthly/SOLUSDT/SOLUSDT-15m-2025-10.zip,downloaded_verified,40ee1f37bd08566f21dd2d1e1d4d25f5b44681935c10f3f6f2b2096f6f4ad739,141192.0
SOLUSDT,2025-10,funding_monthly,https://data.binance.vision/data/futures/um/monthly/fundingRate/SOLUSDT/SOLUSDT-fundingRate-2025-10.zip,.cache/binance-altcoin-trend-round34/funding_monthly/SOLUSDT/SOLUSDT-fundingRate-2025-10.zip,downloaded_verified,d80c5be7660a950ad673a0e82488877c6ca0eb81f084d4c844320f892ad2c020,976.0
SOLUSDT,2025-11,kline_monthly,https://data.binance.vision/data/futures/um/monthly/klines/SOLUSDT/15m/SOLUSDT-15m-2025-11.zip,.cache/binance-altcoin-trend-round34/kline_monthly/SOLUSDT/SOLUSDT-15m-2025-11.zip,downloaded_verified,71aa48e6374b4798bedf077a7f238417d89092d092f9469afc78ab327ff09d50,135063.0
SOLUSDT,2025-11,funding_monthly,https://data.binance.vision/data/futures/um/monthly/fundingRate/SOLUSDT/SOLUSDT-fundingRate-2025-11.zip,.cache/binance-altcoin-trend-round34/funding_monthly/SOLUSDT/SOLUSDT-fundingRate-2025-11.zip,downloaded_verified,5134fdf4319d629473f8cff1e66dc74180844ae2846ab41a8128466ab3682c2f,963.0
SOLUSDT,2025-12,kline_monthly,https://data.binance.vision/data/futures/um/monthly/klines/SOLUSDT/15m/SOLUSDT-15m-2025-12.zip,.cache/binance-altcoin-trend-round34/kline_monthly/SOLUSDT/SOLUSDT-15m-2025-12.zip,downloaded_verified,b8e8ab5a4978839027bcc8a869236565cddd0ddf17d3e5ef3c20e0674e28a594,136573.0
SOLUSDT,2025-12,funding_monthly,https://data.binance.vision/data/futures/um/monthly/fundingRate/SOLUSDT/SOLUSDT-fundingRate-2025-12.zip,.cache/binance-altcoin-trend-round34/funding_monthly/SOLUSDT/SOLUSDT-fundingRate-2025-12.zip,downloaded_verified,01db13c460b0190736e1da019c7fcd7ea0abbf3b047e16d3aa8a9e9acec3101f,957.0
SOLUSDT,2026-01,kline_monthly,https://data.binance.vision/data/futures/um/monthly/klines/SOLUSDT/15m/SOLUSDT-15m-2026-01.zip,.cache/binance-altcoin-trend-round34/kline_monthly/SOLUSDT/SOLUSDT-15m-2026-01.zip,downloaded_verified,4b8776dad2aaa78d3b65d9ea2f9633ee684619ae82df4dfaee82d47d97916127,136200.0
SOLUSDT,2026-01,funding_monthly,https://data.binance.vision/data/futures/um/monthly/fundingRate/SOLUSDT/SOLUSDT-fundingRate-2026-01.zip,.cache/binance-altcoin-trend-round34/funding_monthly/SOLUSDT/SOLUSDT-fundingRate-2026-01.zip,downloaded_verified,c53be79aae38a1f35e94880f106df4eceab57bfa74a0b5fc5852fdfabf57ab8e,962.0
SOLUSDT,2026-02,kline_monthly,https://data.binance.vision/data/futures/um/monthly/klines/SOLUSDT/15m/SOLUSDT-15m-2026-02.zip,.cache/binance-altcoin-trend-round34/kline_monthly/SOLUSDT/SOLUSDT-15m-2026-02.zip,downloaded_verified,c722dfb99c8188214ec0e385f727d9d62cedca394ff85b621621fc72fa762c22,123869.0
SOLUSDT,2026-02,funding_monthly,https://data.binance.vision/data/futures/um/monthly/fundingRate/SOLUSDT/SOLUSDT-fundingRate-2026-02.zip,.cache/binance-altcoin-trend-round34/funding_monthly/SOLUSDT/SOLUSDT-fundingRate-2026-02.zip,downloaded_verified,84cb9bcf44ba1364b37db876e7c852aa1b831371556b610e2387115addec9d5f,942.0
SOLUSDT,2026-03,kline_monthly,https://data.binance.vision/data/futures/um/monthly/klines/SOLUSDT/15m/SOLUSDT-15m-2026-03.zip,.cache/binance-altcoin-trend-round34/kline_monthly/SOLUSDT/SOLUSDT-15m-2026-03.zip,downloaded_verified,220843dfa95a260eb7592cc31e55e708f0a597943f70a9f91f48efaba10a2bef,135239.0
SOLUSDT,2026-03,funding_monthly,https://data.binance.vision/data/futures/um/monthly/fundingRate/SOLUSDT/SOLUSDT-fundingRate-2026-03.zip,.cache/binance-altcoin-trend-round34/funding_monthly/SOLUSDT/SOLUSDT-fundingRate-2026-03.zip,downloaded_verified,75cfaea075d97779a577c3744ea63e3d83704f281806fb5f76f2d3e0f089fd2c,1010.0
SOLUSDT,2026-04,kline_monthly,https://data.binance.vision/data/futures/um/monthly/klines/SOLUSDT/15m/SOLUSDT-15m-2026-04.zip,.cache/binance-altcoin-trend-round34/kline_monthly/SOLUSDT/SOLUSDT-15m-2026-04.zip,downloaded_verified,d53aca5418e2bf2b375a66a57607984a3fca1fb190d6c7544645e394cdbd7868,128627.0
SOLUSDT,2026-04,funding_monthly,https://data.binance.vision/data/futures/um/monthly/fundingRate/SOLUSDT/SOLUSDT-fundingRate-2026-04.zip,.cache/binance-altcoin-trend-round34/funding_monthly/SOLUSDT/SOLUSDT-fundingRate-2026-04.zip,downloaded_verified,951a280e98b6d20fe4be25bf2b71f3cda1c07c7583a88cb874151e2b1fe941f1,944.0
SOLUSDT,2026-05,kline_monthly,https://data.binance.vision/data/futures/um/monthly/klines/SOLUSDT/15m/SOLUSDT-15m-2026-05.zip,.cache/binance-altcoin-trend-round34/kline_monthly/SOLUSDT/SOLUSDT-15m-2026-05.zip,downloaded_verified,b047cecfb3b3c2448c252740a91b9135c5e152d911887d29231af8e0d54f8174,132325.0
SOLUSDT,2026-05,funding_monthly,https://data.binance.vision/data/futures/um/monthly/fundingRate/SOLUSDT/SOLUSDT-fundingRate-2026-05.zip,.cache/binance-altcoin-trend-round34/funding_monthly/SOLUSDT/SOLUSDT-fundingRate-2026-05.zip,downloaded_verified,c13066e5f7c5d161dbebd488cbeaab1205688c6dc7f9fafcc8f94296f2c1e47b,979.0
SOLUSDT,2026-06,kline_monthly,https://data.binance.vision/data/futures/um/monthly/klines/SOLUSDT/15m/SOLUSDT-15m-2026-06.zip,.cache/binance-altcoin-trend-round34/kline_monthly/SOLUSDT/SOLUSDT-15m-2026-06.zip,downloaded_verified,141d6d45369c1a423fb844fc9ebc8f1c8753c892b9fa6a2810b1f68440ff8679,130608.0
SOLUSDT,2026-06,funding_monthly,https://data.binance.vision/data/futures/um/monthly/fundingRate/SOLUSDT/SOLUSDT-fundingRate-2026-06.zip,.cache/binance-altcoin-trend-round34/funding_monthly/SOLUSDT/SOLUSDT-fundingRate-2026-06.zip,downloaded_verified,8d32fa3153d54c58667650e8b2c65e489b3a433b775052a93208bf60541a40d3,973.0
SOLUSDT,2026-07-01,kline_daily,https://data.binance.vision/data/futures/um/daily/klines/SOLUSDT/15m/SOLUSDT-15m-2026-07-01.zip,.cache/binance-altcoin-trend-round34/kline_daily/SOLUSDT/SOLUSDT-15m-2026-07-01.zip,downloaded_verified,3c9eabe34bd21d13c6a1d0c5fd1edf0f2080e8326e0c384f4cd8c755e3d1e762,4841.0
SOLUSDT,2026-07-02,kline_daily,https://data.binance.vision/data/futures/um/daily/klines/SOLUSDT/15m/SOLUSDT-15m-2026-07-02.zip,.cache/binance-altcoin-trend-round34/kline_daily/SOLUSDT/SOLUSDT-15m-2026-07-02.zip,downloaded_verified,fda77e7b5c649260c8ac0490684a149480d056c0fb50db5617576992e92e381c,4778.0
SOLUSDT,2026-07-03,kline_daily,https://data.binance.vision/data/futures/um/daily/klines/SOLUSDT/15m/SOLUSDT-15m-2026-07-03.zip,.cache/binance-altcoin-trend-round34/kline_daily/SOLUSDT/SOLUSDT-15m-2026-07-03.zip,downloaded_verified,aea7247ecc9ad43086eb6008f949e9a1caf841f3f6ce64802c97300b17f5fa41,4711.0
SOLUSDT,2026-07-04,kline_daily,https://data.binance.vision/data/futures/um/daily/klines/SOLUSDT/15m/SOLUSDT-15m-2026-07-04.zip,.cache/binance-altcoin-trend-round34/kline_daily/SOLUSDT/SOLUSDT-15m-2026-07-04.zip,downloaded_verified,7feb3975eb5f82ca110c7c9ec53d58267a6dc83251457ddd22f025d97f88ac78,4672.0
SOLUSDT,2026-07-05,kline_daily,https://data.binance.vision/data/futures/um/daily/klines/SOLUSDT/15m/SOLUSDT-15m-2026-07-05.zip,.cache/binance-altcoin-trend-round34/kline_daily/SOLUSDT/SOLUSDT-15m-2026-07-05.zip,downloaded_verified,4687516c02fefdb5353b722088e21d64e84480eea2d497293b2b6a4d64e1d17c,4651.0
SOLUSDT,2026-07-06,kline_daily,https://data.binance.vision/data/futures/um/daily/klines/SOLUSDT/15m/SOLUSDT-15m-2026-07-06.zip,.cache/binance-altcoin-trend-round34/kline_daily/SOLUSDT/SOLUSDT-15m-2026-07-06.zip,downloaded_verified,5d92b049db981f561fdef22540d4b4c2765f6428375d6dda579598107c4264a1,4718.0
SOLUSDT,2026-07-07,kline_daily,https://data.binance.vision/data/futures/um/daily/klines/SOLUSDT/15m/SOLUSDT-15m-2026-07-07.zip,.cache/binance-altcoin-trend-round34/kline_daily/SOLUSDT/SOLUSDT-15m-2026-07-07.zip,downloaded_verified,7db94910a9d3956e72cde0f796ed0374bf77bb0f063af871a9dd380c8610c6b9,4702.0
SOLUSDT,2026-07-08,kline_daily,https://data.binance.vision/data/futures/um/daily/klines/SOLUSDT/15m/SOLUSDT-15m-2026-07-08.zip,.cache/binance-altcoin-trend-round34/kline_daily/SOLUSDT/SOLUSDT-15m-2026-07-08.zip,downloaded_verified,493dac3f22b7b38fb4b9c82c2f6ab89a1479fe853ba0626924d1f660fa8f508c,4700.0
SOLUSDT,2026-07-09,kline_daily,https://data.binance.vision/data/futures/um/daily/klines/SOLUSDT/15m/SOLUSDT-15m-2026-07-09.zip,.cache/binance-altcoin-trend-round34/kline_daily/SOLUSDT/SOLUSDT-15m-2026-07-09.zip,downloaded_verified,f087f96fe5846cb00dcf66d68f9b037c64be01e088a3f579966a4c18c3d71e35,4652.0
SOLUSDT,2026-07-10,kline_daily,https://data.binance.vision/data/futures/um/daily/klines/SOLUSDT/15m/SOLUSDT-15m-2026-07-10.zip,.cache/binance-altcoin-trend-round34/kline_daily/SOLUSDT/SOLUSDT-15m-2026-07-10.zip,downloaded_verified,7f2871bc8e2eb9b2d0b4eb97e112e655052400d1c68c3cc0f4479ad8c28a5bd6,4632.0
SOLUSDT,2026-07-11,kline_daily,https://data.binance.vision/data/futures/um/daily/klines/SOLUSDT/15m/SOLUSDT-15m-2026-07-11.zip,.cache/binance-altcoin-trend-round34/kline_daily/SOLUSDT/SOLUSDT-15m-2026-07-11.zip,downloaded_verified,22dbcb09de71f26112666948d638e84a4f8bd476b9d6d852634ade940cd40dd4,4526.0
SOLUSDT,2026-07-12,kline_daily,https://data.binance.vision/data/futures/um/daily/klines/SOLUSDT/15m/SOLUSDT-15m-2026-07-12.zip,.cache/binance-altcoin-trend-round34/kline_daily/SOLUSDT/SOLUSDT-15m-2026-07-12.zip,downloaded_verified,d132c67e045d5caee45f7cacadc9acbf78063f7e92653e881ffd6fa9a0d14081,4582.0
SOLUSDT,2026-07-13,kline_daily,https://data.binance.vision/data/futures/um/daily/klines/SOLUSDT/15m/SOLUSDT-15m-2026-07-13.zip,.cache/binance-altcoin-trend-round34/kline_daily/SOLUSDT/SOLUSDT-15m-2026-07-13.zip,downloaded_verified,302d93e3e9dd0b045b8f2a5276a53266cc78a2331eacb3bbb4a8bc3c1202106b,4701.0
SOLUSDT,2026-07-14,kline_daily,https://data.binance.vision/data/futures/um/daily/klines/SOLUSDT/15m/SOLUSDT-15m-2026-07-14.zip,.cache/binance-altcoin-trend-round34/kline_daily/SOLUSDT/SOLUSDT-15m-2026-07-14.zip,downloaded_verified,dd281d3fa7d3119830848486706d8a3bcc144c6d865c09afc2255e5b9121b680,4658.0
SOLUSDT,2026-07-15,kline_daily,https://data.binance.vision/data/futures/um/daily/klines/SOLUSDT/15m/SOLUSDT-15m-2026-07-15.zip,.cache/binance-altcoin-trend-round34/kline_daily/SOLUSDT/SOLUSDT-15m-2026-07-15.zip,downloaded_verified,2d02b2eefb9c4e55ffaa55440272326a1e12ab12e2c9c55de26bcb1e444e3da4,4644.0
SOLUSDT,2026-07-16,kline_daily,https://data.binance.vision/data/futures/um/daily/klines/SOLUSDT/15m/SOLUSDT-15m-2026-07-16.zip,.cache/binance-altcoin-trend-round34/kline_daily/SOLUSDT/SOLUSDT-15m-2026-07-16.zip,downloaded_verified,62b35975f081199815868f3e3e5e67c95d6c17ebf97a73001cdd4e0e1f867033,4655.0
SOLUSDT,2026-07-17,kline_daily,https://data.binance.vision/data/futures/um/daily/klines/SOLUSDT/15m/SOLUSDT-15m-2026-07-17.zip,.cache/binance-altcoin-trend-round34/kline_daily/SOLUSDT/SOLUSDT-15m-2026-07-17.zip,downloaded_verified,e684a835a1f334727d0ba10120823d2f3ad06e38e749a0fdb5d9acb8540926e5,4632.0
SOLUSDT,2026-07-18,kline_daily,https://data.binance.vision/data/futures/um/daily/klines/SOLUSDT/15m/SOLUSDT-15m-2026-07-18.zip,.cache/binance-altcoin-trend-round34/kline_daily/SOLUSDT/SOLUSDT-15m-2026-07-18.zip,downloaded_verified,7f57e6e92aca3200c0235f4d3e16d3dde66764285a7586983836110d325807c1,4458.0
SOLUSDT,2026-07-19,kline_daily,https://data.binance.vision/data/futures/um/daily/klines/SOLUSDT/15m/SOLUSDT-15m-2026-07-19.zip,.cache/binance-altcoin-trend-round34/kline_daily/SOLUSDT/SOLUSDT-15m-2026-07-19.zip,downloaded_verified,b13f3436be10b995249b61bd0fa4ab00ae4d65c65f983561a00d61442b815a0c,4513.0
SOLUSDT,2026-07-20,kline_daily,https://data.binance.vision/data/futures/um/daily/klines/SOLUSDT/15m/SOLUSDT-15m-2026-07-20.zip,.cache/binance-altcoin-trend-round34/kline_daily/SOLUSDT/SOLUSDT-15m-2026-07-20.zip,downloaded_verified,ea6d52c2ba30ae52f37975dec3dacd4504d1c110e3176e957d39adf93a6f64bb,4678.0
SOLUSDT,2026-07-21,kline_daily,https://data.binance.vision/data/futures/um/daily/klines/SOLUSDT/15m/SOLUSDT-15m-2026-07-21.zip,.cache/binance-altcoin-trend-round34/kline_daily/SOLUSDT/SOLUSDT-15m-2026-07-21.zip,downloaded_verified,bc9ff781e48e09a46a910a9399379132814efb9874faacacd14b8df762ee8f42,4552.0
SOLUSDT,2026-07-22,kline_daily,https://data.binance.vision/data/futures/um/daily/klines/SOLUSDT/15m/SOLUSDT-15m-2026-07-22.zip,.cache/binance-altcoin-trend-round34/kline_daily/SOLUSDT/SOLUSDT-15m-2026-07-22.zip,downloaded_verified,f1429a86ece0cb276f9e43850b4c736bd80e8f43ff16e3c257e46fbd63ac1f4d,4617.0
SOLUSDT,2026-07-23,kline_daily,https://data.binance.vision/data/futures/um/daily/klines/SOLUSDT/15m/SOLUSDT-15m-2026-07-23.zip,.cache/binance-altcoin-trend-round34/kline_daily/SOLUSDT/SOLUSDT-15m-2026-07-23.zip,downloaded_verified,19beff5350a083917cbd7cef10e45a34d5bdc0aa073ad0daa40a2a675c7da66d,4614.0
SOLUSDT,2026-07-24,kline_daily,https://data.binance.vision/data/futures/um/daily/klines/SOLUSDT/15m/SOLUSDT-15m-2026-07-24.zip,.cache/binance-altcoin-trend-round34/kline_daily/SOLUSDT/SOLUSDT-15m-2026-07-24.zip,downloaded_verified,7d23ab2074a590f3c28e49c1d439e66ee0877d42e99df07aeb6b3437ff40a03e,4608.0
SOLUSDT,2026-07-25,kline_daily,https://data.binance.vision/data/futures/um/daily/klines/SOLUSDT/15m/SOLUSDT-15m-2026-07-25.zip,.cache/binance-altcoin-trend-round34/kline_daily/SOLUSDT/SOLUSDT-15m-2026-07-25.zip,downloaded_verified,781a2d2e4eafd0e397243ab39b86185f1b7f9c3d7cfda7f20ff9d92fa67f9104,4447.0
SOLUSDT,2026-07-26,kline_daily,https://data.binance.vision/data/futures/um/daily/klines/SOLUSDT/15m/SOLUSDT-15m-2026-07-26.zip,.cache/binance-altcoin-trend-round34/kline_daily/SOLUSDT/SOLUSDT-15m-2026-07-26.zip,downloaded_verified,b2b0dd4cb7bad5d0670aa326cbe5304ef49642018f4ad6503d6dc52b706faf8b,4542.0
XRPUSDT,2023-11,kline_monthly,https://data.binance.vision/data/futures/um/monthly/klines/XRPUSDT/15m/XRPUSDT-15m-2023-11.zip,.cache/binance-altcoin-trend-round34/kline_monthly/XRPUSDT/XRPUSDT-15m-2023-11.zip,downloaded_verified,651b17582667c585d5c61112c00c103c5e71198bdcc6fabe21e6c252f2655e97,128086.0
XRPUSDT,2023-11,funding_monthly,https://data.binance.vision/data/futures/um/monthly/fundingRate/XRPUSDT/XRPUSDT-fundingRate-2023-11.zip,.cache/binance-altcoin-trend-round34/funding_monthly/XRPUSDT/XRPUSDT-fundingRate-2023-11.zip,downloaded_verified,17b4f9e2a7800265378e3e293295d58ccc8875e037d4286873250541b0a196b0,735.0
XRPUSDT,2023-12,kline_monthly,https://data.binance.vision/data/futures/um/monthly/klines/XRPUSDT/15m/XRPUSDT-15m-2023-12.zip,.cache/binance-altcoin-trend-round34/kline_monthly/XRPUSDT/XRPUSDT-15m-2023-12.zip,downloaded_verified,bca1e20d525071e35016f900a6d66f58b74a7a5f441c04d0894b300949709096,130816.0
XRPUSDT,2023-12,funding_monthly,https://data.binance.vision/data/futures/um/monthly/fundingRate/XRPUSDT/XRPUSDT-fundingRate-2023-12.zip,.cache/binance-altcoin-trend-round34/funding_monthly/XRPUSDT/XRPUSDT-fundingRate-2023-12.zip,downloaded_verified,49fd3c811e1388693e7dd482972f8b525ba10a90c01d77b04ec9b0631d43feb8,868.0
XRPUSDT,2024-01,kline_monthly,https://data.binance.vision/data/futures/um/monthly/klines/XRPUSDT/15m/XRPUSDT-15m-2024-01.zip,.cache/binance-altcoin-trend-round34/kline_monthly/XRPUSDT/XRPUSDT-15m-2024-01.zip,downloaded_verified,9e5f548d89f7ced6d4d33f0f3fc70887c2016193fd83fb398e55287754fbd211,130176.0
XRPUSDT,2024-01,funding_monthly,https://data.binance.vision/data/futures/um/monthly/fundingRate/XRPUSDT/XRPUSDT-fundingRate-2024-01.zip,.cache/binance-altcoin-trend-round34/funding_monthly/XRPUSDT/XRPUSDT-fundingRate-2024-01.zip,downloaded_verified,fac75e242671739980886a0f39159562dde076d49244e6f2803c407dc0112570,673.0
XRPUSDT,2024-02,kline_monthly,https://data.binance.vision/data/futures/um/monthly/klines/XRPUSDT/15m/XRPUSDT-15m-2024-02.zip,.cache/binance-altcoin-trend-round34/kline_monthly/XRPUSDT/XRPUSDT-15m-2024-02.zip,downloaded_verified,58cf7ff3c14ef8624ca25f970309c1688f6f0b180f3f3d57c6f0cae827ed8cc1,122236.0
XRPUSDT,2024-02,funding_monthly,https://data.binance.vision/data/futures/um/monthly/fundingRate/XRPUSDT/XRPUSDT-fundingRate-2024-02.zip,.cache/binance-altcoin-trend-round34/funding_monthly/XRPUSDT/XRPUSDT-fundingRate-2024-02.zip,downloaded_verified,e38e130c6361e5e9d5c67109f22f72812457f2461332a9304d715215576d2d0e,755.0
XRPUSDT,2024-03,kline_monthly,https://data.binance.vision/data/futures/um/monthly/klines/XRPUSDT/15m/XRPUSDT-15m-2024-03.zip,.cache/binance-altcoin-trend-round34/kline_monthly/XRPUSDT/XRPUSDT-15m-2024-03.zip,downloaded_verified,cec49dda33d41abd26f78aa677af390965546b28c7f190d9756cece235046073,135295.0
XRPUSDT,2024-03,funding_monthly,https://data.binance.vision/data/futures/um/monthly/fundingRate/XRPUSDT/XRPUSDT-fundingRate-2024-03.zip,.cache/binance-altcoin-trend-round34/funding_monthly/XRPUSDT/XRPUSDT-fundingRate-2024-03.zip,downloaded_verified,31a841c4eaebbb192448838f37819fcc6263ac149df469463c11126b70717e59,957.0
XRPUSDT,2024-04,kline_monthly,https://data.binance.vision/data/futures/um/monthly/klines/XRPUSDT/15m/XRPUSDT-15m-2024-04.zip,.cache/binance-altcoin-trend-round34/kline_monthly/XRPUSDT/XRPUSDT-15m-2024-04.zip,downloaded_verified,befade98b771840515afda7deae3a0f12c966c316e87020bdb583798e7eba7c8,128210.0
XRPUSDT,2024-04,funding_monthly,https://data.binance.vision/data/futures/um/monthly/fundingRate/XRPUSDT/XRPUSDT-fundingRate-2024-04.zip,.cache/binance-altcoin-trend-round34/funding_monthly/XRPUSDT/XRPUSDT-fundingRate-2024-04.zip,downloaded_verified,d7586ec30b20ca06772ac7fb52dd027e913ce0a26a93669e3a4276522bff9ab5,881.0
XRPUSDT,2024-05,kline_monthly,https://data.binance.vision/data/futures/um/monthly/klines/XRPUSDT/15m/XRPUSDT-15m-2024-05.zip,.cache/binance-altcoin-trend-round34/kline_monthly/XRPUSDT/XRPUSDT-15m-2024-05.zip,downloaded_verified,1f8b6c4770d7b4d19a23d06da1d116f79d014d3a024f6ca4c2a356bcce75521a,128642.0
XRPUSDT,2024-05,funding_monthly,https://data.binance.vision/data/futures/um/monthly/fundingRate/XRPUSDT/XRPUSDT-fundingRate-2024-05.zip,.cache/binance-altcoin-trend-round34/funding_monthly/XRPUSDT/XRPUSDT-fundingRate-2024-05.zip,downloaded_verified,4ca09712c976062effee663d005c27420089003ed5a1c95d8c2b4937fe05fa01,783.0
XRPUSDT,2024-06,kline_monthly,https://data.binance.vision/data/futures/um/monthly/klines/XRPUSDT/15m/XRPUSDT-15m-2024-06.zip,.cache/binance-altcoin-trend-round34/kline_monthly/XRPUSDT/XRPUSDT-15m-2024-06.zip,downloaded_verified,235f425d25e79db4e2de14ace580af21a63a8495978d2ee5e408667de6a74f30,122853.0
XRPUSDT,2024-06,funding_monthly,https://data.binance.vision/data/futures/um/monthly/fundingRate/XRPUSDT/XRPUSDT-fundingRate-2024-06.zip,.cache/binance-altcoin-trend-round34/funding_monthly/XRPUSDT/XRPUSDT-fundingRate-2024-06.zip,downloaded_verified,fd9055cb8a05ce268c24b91800682091232f0dc285b1240f57e2d66396eb6a5f,753.0
XRPUSDT,2024-07,kline_monthly,https://data.binance.vision/data/futures/um/monthly/klines/XRPUSDT/15m/XRPUSDT-15m-2024-07.zip,.cache/binance-altcoin-trend-round34/kline_monthly/XRPUSDT/XRPUSDT-15m-2024-07.zip,downloaded_verified,d8cf0ed798113ddf650d97c5e8aa7435254958780dea17e29ae7ce0dc8bb7af5,133209.0
XRPUSDT,2024-07,funding_monthly,https://data.binance.vision/data/futures/um/monthly/fundingRate/XRPUSDT/XRPUSDT-fundingRate-2024-07.zip,.cache/binance-altcoin-trend-round34/funding_monthly/XRPUSDT/XRPUSDT-fundingRate-2024-07.zip,downloaded_verified,68c8ac31b16c4b1f81a3b70860175e5163e76652ddea9ef1bb6e6f01a369a33e,786.0
XRPUSDT,2024-08,kline_monthly,https://data.binance.vision/data/futures/um/monthly/klines/XRPUSDT/15m/XRPUSDT-15m-2024-08.zip,.cache/binance-altcoin-trend-round34/kline_monthly/XRPUSDT/XRPUSDT-15m-2024-08.zip,downloaded_verified,94aecd45c904974b4afea396e9583c04424686e62d78f4778b175efcedc0b68c,132444.0
XRPUSDT,2024-08,funding_monthly,https://data.binance.vision/data/futures/um/monthly/fundingRate/XRPUSDT/XRPUSDT-fundingRate-2024-08.zip,.cache/binance-altcoin-trend-round34/funding_monthly/XRPUSDT/XRPUSDT-fundingRate-2024-08.zip,downloaded_verified,fa1318b6213cae7ff5ead4110c4d7c97c3103203b56b2607678e4527dd8ad906,925.0
XRPUSDT,2024-09,kline_monthly,https://data.binance.vision/data/futures/um/monthly/klines/XRPUSDT/15m/XRPUSDT-15m-2024-09.zip,.cache/binance-altcoin-trend-round34/kline_monthly/XRPUSDT/XRPUSDT-15m-2024-09.zip,downloaded_verified,3dbe280f88e42ea35fe2ed3f58ab8f2d2ab072e546cf06722fda2ec4b34b15d6,125567.0
XRPUSDT,2024-09,funding_monthly,https://data.binance.vision/data/futures/um/monthly/fundingRate/XRPUSDT/XRPUSDT-fundingRate-2024-09.zip,.cache/binance-altcoin-trend-round34/funding_monthly/XRPUSDT/XRPUSDT-fundingRate-2024-09.zip,downloaded_verified,69faf312921ce5c88092d8c328b04dc006ea42dabfe68ad5fee542d28c0ae2ca,861.0
XRPUSDT,2024-10,kline_monthly,https://data.binance.vision/data/futures/um/monthly/klines/XRPUSDT/15m/XRPUSDT-15m-2024-10.zip,.cache/binance-altcoin-trend-round34/kline_monthly/XRPUSDT/XRPUSDT-15m-2024-10.zip,downloaded_verified,04228651b5c14e528318528d1d9f47edcaa4e2f042337987d891028e92ea766c,128414.0
XRPUSDT,2024-10,funding_monthly,https://data.binance.vision/data/futures/um/monthly/fundingRate/XRPUSDT/XRPUSDT-fundingRate-2024-10.zip,.cache/binance-altcoin-trend-round34/funding_monthly/XRPUSDT/XRPUSDT-fundingRate-2024-10.zip,downloaded_verified,f9d62565da4bf7d1caddc9cb09b1a73a4a312a7419c5c0439c662fc3f58dd993,740.0
XRPUSDT,2024-11,kline_monthly,https://data.binance.vision/data/futures/um/monthly/klines/XRPUSDT/15m/XRPUSDT-15m-2024-11.zip,.cache/binance-altcoin-trend-round34/kline_monthly/XRPUSDT/XRPUSDT-15m-2024-11.zip,downloaded_verified,fddcfcafc1b7cd5e961e1701de5c257248f1d6fe87bce4b7f3297d1fc65e20d7,135108.0
XRPUSDT,2024-11,funding_monthly,https://data.binance.vision/data/futures/um/monthly/fundingRate/XRPUSDT/XRPUSDT-fundingRate-2024-11.zip,.cache/binance-altcoin-trend-round34/funding_monthly/XRPUSDT/XRPUSDT-fundingRate-2024-11.zip,downloaded_verified,95c733e5ad58f4c26c75b71a2081de8f692a4ce271006b7f5b3c87854a848c70,771.0
XRPUSDT,2024-12,kline_monthly,https://data.binance.vision/data/futures/um/monthly/klines/XRPUSDT/15m/XRPUSDT-15m-2024-12.zip,.cache/binance-altcoin-trend-round34/kline_monthly/XRPUSDT/XRPUSDT-15m-2024-12.zip,downloaded_verified,cbcb0b8c61217592c3a287acc8fbcabfb8aa0be1d6c6aee4cacab3137ba6d6a4,143307.0
XRPUSDT,2024-12,funding_monthly,https://data.binance.vision/data/futures/um/monthly/fundingRate/XRPUSDT/XRPUSDT-fundingRate-2024-12.zip,.cache/binance-altcoin-trend-round34/funding_monthly/XRPUSDT/XRPUSDT-fundingRate-2024-12.zip,downloaded_verified,be526ba15c6c4c3ae8cddda1411a13f665f635be444c992efd2f66e6bbfa37d8,805.0
XRPUSDT,2025-01,kline_monthly,https://data.binance.vision/data/futures/um/monthly/klines/XRPUSDT/15m/XRPUSDT-15m-2025-01.zip,.cache/binance-altcoin-trend-round34/kline_monthly/XRPUSDT/XRPUSDT-15m-2025-01.zip,downloaded_verified,d9fb8b46952fbcb1850cde7573f08724168c9679944e396be18bb037cdb079a6,141421.0
XRPUSDT,2025-01,funding_monthly,https://data.binance.vision/data/futures/um/monthly/fundingRate/XRPUSDT/XRPUSDT-fundingRate-2025-01.zip,.cache/binance-altcoin-trend-round34/funding_monthly/XRPUSDT/XRPUSDT-fundingRate-2025-01.zip,downloaded_verified,b14759b7a99d6111f819790de938b2b0f3eeeaac57402c2e1ef71fd38302d26d,743.0
XRPUSDT,2025-02,kline_monthly,https://data.binance.vision/data/futures/um/monthly/klines/XRPUSDT/15m/XRPUSDT-15m-2025-02.zip,.cache/binance-altcoin-trend-round34/kline_monthly/XRPUSDT/XRPUSDT-15m-2025-02.zip,downloaded_verified,65d73f8603bd37a01becd0f9bcce3a801faee5d5016cf607d1aa32aa5f4db5fe,127605.0
XRPUSDT,2025-02,funding_monthly,https://data.binance.vision/data/futures/um/monthly/fundingRate/XRPUSDT/XRPUSDT-fundingRate-2025-02.zip,.cache/binance-altcoin-trend-round34/funding_monthly/XRPUSDT/XRPUSDT-fundingRate-2025-02.zip,downloaded_verified,927da57e3d0a92fa6e024c00397abac93ab5722ca7a353e92e493cfd28de2f3c,862.0
XRPUSDT,2025-03,kline_monthly,https://data.binance.vision/data/futures/um/monthly/klines/XRPUSDT/15m/XRPUSDT-15m-2025-03.zip,.cache/binance-altcoin-trend-round34/kline_monthly/XRPUSDT/XRPUSDT-15m-2025-03.zip,downloaded_verified,990cbf4c5c458b08562f1be48347936342880ab2391022fd0a27216db046f311,140342.0
XRPUSDT,2025-03,funding_monthly,https://data.binance.vision/data/futures/um/monthly/fundingRate/XRPUSDT/XRPUSDT-fundingRate-2025-03.zip,.cache/binance-altcoin-trend-round34/funding_monthly/XRPUSDT/XRPUSDT-fundingRate-2025-03.zip,downloaded_verified,690fb0f227c2b8b1467428b2e3340ea9928d8ef81ac461bd6f641f100dd21d66,951.0
XRPUSDT,2025-04,kline_monthly,https://data.binance.vision/data/futures/um/monthly/klines/XRPUSDT/15m/XRPUSDT-15m-2025-04.zip,.cache/binance-altcoin-trend-round34/kline_monthly/XRPUSDT/XRPUSDT-15m-2025-04.zip,downloaded_verified,16773b7b3d32e8a1d22688448e0d11c6a384d3dc88cd512a5be7e93bdef11829,134306.0
XRPUSDT,2025-04,funding_monthly,https://data.binance.vision/data/futures/um/monthly/fundingRate/XRPUSDT/XRPUSDT-fundingRate-2025-04.zip,.cache/binance-altcoin-trend-round34/funding_monthly/XRPUSDT/XRPUSDT-fundingRate-2025-04.zip,downloaded_verified,d47ea402f11ad727be1c1b4adfa8483698151509d90e9cb53b84b0a43ca67de8,907.0
XRPUSDT,2025-05,kline_monthly,https://data.binance.vision/data/futures/um/monthly/klines/XRPUSDT/15m/XRPUSDT-15m-2025-05.zip,.cache/binance-altcoin-trend-round34/kline_monthly/XRPUSDT/XRPUSDT-15m-2025-05.zip,downloaded_verified,45193ae7ddb78da9ff8605aec107d006f5c4bc6203f0abaf2e0b53fa47c5b7a5,137991.0
XRPUSDT,2025-05,funding_monthly,https://data.binance.vision/data/futures/um/monthly/fundingRate/XRPUSDT/XRPUSDT-fundingRate-2025-05.zip,.cache/binance-altcoin-trend-round34/funding_monthly/XRPUSDT/XRPUSDT-fundingRate-2025-05.zip,downloaded_verified,7c664b87b0ae630b033f67ab334a46d433374927e74445c56f4b3be7b9b23092,895.0
XRPUSDT,2025-06,kline_monthly,https://data.binance.vision/data/futures/um/monthly/klines/XRPUSDT/15m/XRPUSDT-15m-2025-06.zip,.cache/binance-altcoin-trend-round34/kline_monthly/XRPUSDT/XRPUSDT-15m-2025-06.zip,downloaded_verified,83ac2a4862b1fbdcb1343b866c5784e9c14b1e7a7781a90c2afacaaa8ea90e51,132271.0
XRPUSDT,2025-06,funding_monthly,https://data.binance.vision/data/futures/um/monthly/fundingRate/XRPUSDT/XRPUSDT-fundingRate-2025-06.zip,.cache/binance-altcoin-trend-round34/funding_monthly/XRPUSDT/XRPUSDT-fundingRate-2025-06.zip,downloaded_verified,5bfb1683c2b8c738a0059ee02078706585b62c1e430685af76e3796a0ee58613,907.0
XRPUSDT,2025-07,kline_monthly,https://data.binance.vision/data/futures/um/monthly/klines/XRPUSDT/15m/XRPUSDT-15m-2025-07.zip,.cache/binance-altcoin-trend-round34/kline_monthly/XRPUSDT/XRPUSDT-15m-2025-07.zip,downloaded_verified,8221405ad024c8b7134edd7cf0204a0c281535dd86b1c44a2e91775ccf3a56d8,140742.0
XRPUSDT,2025-07,funding_monthly,https://data.binance.vision/data/futures/um/monthly/fundingRate/XRPUSDT/XRPUSDT-fundingRate-2025-07.zip,.cache/binance-altcoin-trend-round34/funding_monthly/XRPUSDT/XRPUSDT-fundingRate-2025-07.zip,downloaded_verified,039ff5c8dab9d9f2633f1bd4d191e6a727d6d169d897b6cbcd7fc162ff374723,817.0
XRPUSDT,2025-08,kline_monthly,https://data.binance.vision/data/futures/um/monthly/klines/XRPUSDT/15m/XRPUSDT-15m-2025-08.zip,.cache/binance-altcoin-trend-round34/kline_monthly/XRPUSDT/XRPUSDT-15m-2025-08.zip,downloaded_verified,44c130faa26d80f5eaa6d1c5ac1a44f1ba8ce78f360fc56e69d17e56b13e1d8d,139717.0
XRPUSDT,2025-08,funding_monthly,https://data.binance.vision/data/futures/um/monthly/fundingRate/XRPUSDT/XRPUSDT-fundingRate-2025-08.zip,.cache/binance-altcoin-trend-round34/funding_monthly/XRPUSDT/XRPUSDT-fundingRate-2025-08.zip,downloaded_verified,07a8182394836928094bb6b476fef9e8858e234d0ff05ef41114ff25bab923ba,910.0
XRPUSDT,2025-09,kline_monthly,https://data.binance.vision/data/futures/um/monthly/klines/XRPUSDT/15m/XRPUSDT-15m-2025-09.zip,.cache/binance-altcoin-trend-round34/kline_monthly/XRPUSDT/XRPUSDT-15m-2025-09.zip,downloaded_verified,04a8b132dfecc54e10bcab4388659126d54a3e2139ed939f8d438fbed1676d06,132709.0
XRPUSDT,2025-09,funding_monthly,https://data.binance.vision/data/futures/um/monthly/fundingRate/XRPUSDT/XRPUSDT-fundingRate-2025-09.zip,.cache/binance-altcoin-trend-round34/funding_monthly/XRPUSDT/XRPUSDT-fundingRate-2025-09.zip,downloaded_verified,1f09cb45eadb64731acaaae997167c54b76c3a08b367cd5acbd89f8562593ee3,881.0
XRPUSDT,2025-10,kline_monthly,https://data.binance.vision/data/futures/um/monthly/klines/XRPUSDT/15m/XRPUSDT-15m-2025-10.zip,.cache/binance-altcoin-trend-round34/kline_monthly/XRPUSDT/XRPUSDT-15m-2025-10.zip,downloaded_verified,532ad2b83250a3f14e960e92efdda21657c119e72c6c39be266f5149a197c7d6,139258.0
XRPUSDT,2025-10,funding_monthly,https://data.binance.vision/data/futures/um/monthly/fundingRate/XRPUSDT/XRPUSDT-fundingRate-2025-10.zip,.cache/binance-altcoin-trend-round34/funding_monthly/XRPUSDT/XRPUSDT-fundingRate-2025-10.zip,downloaded_verified,3fc5b1bcac5579e6cc49e17457282c6bfb970932d2aefcbc0c896d660b81a939,952.0
XRPUSDT,2025-11,kline_monthly,https://data.binance.vision/data/futures/um/monthly/klines/XRPUSDT/15m/XRPUSDT-15m-2025-11.zip,.cache/binance-altcoin-trend-round34/kline_monthly/XRPUSDT/XRPUSDT-15m-2025-11.zip,downloaded_verified,7ecbcec0c139c1a97a103745dc4de7c03f9318cb96c077c63dc64eec1acfea16,134500.0
XRPUSDT,2025-11,funding_monthly,https://data.binance.vision/data/futures/um/monthly/fundingRate/XRPUSDT/XRPUSDT-fundingRate-2025-11.zip,.cache/binance-altcoin-trend-round34/funding_monthly/XRPUSDT/XRPUSDT-fundingRate-2025-11.zip,downloaded_verified,22040d49b1cdce5337571f5641008a81f1374680226b7c7a5ae63d37dcc449fd,983.0
XRPUSDT,2025-12,kline_monthly,https://data.binance.vision/data/futures/um/monthly/klines/XRPUSDT/15m/XRPUSDT-15m-2025-12.zip,.cache/binance-altcoin-trend-round34/kline_monthly/XRPUSDT/XRPUSDT-15m-2025-12.zip,downloaded_verified,72d7a49a560dd9c103a8c83c0c341d22ef3881b724eb0b69b7c6023fafd9f9c4,134918.0
XRPUSDT,2025-12,funding_monthly,https://data.binance.vision/data/futures/um/monthly/fundingRate/XRPUSDT/XRPUSDT-fundingRate-2025-12.zip,.cache/binance-altcoin-trend-round34/funding_monthly/XRPUSDT/XRPUSDT-fundingRate-2025-12.zip,downloaded_verified,21c4a5933de28ec693fbe3a43d9ae4504b762e70e7cc0e0de4afd46104abe7f0,1007.0
XRPUSDT,2026-01,kline_monthly,https://data.binance.vision/data/futures/um/monthly/klines/XRPUSDT/15m/XRPUSDT-15m-2026-01.zip,.cache/binance-altcoin-trend-round34/kline_monthly/XRPUSDT/XRPUSDT-15m-2026-01.zip,downloaded_verified,f184e24e86e9344ee5846318872712967b43e6847e81b3bebb6576adf232f68c,136306.0
XRPUSDT,2026-01,funding_monthly,https://data.binance.vision/data/futures/um/monthly/fundingRate/XRPUSDT/XRPUSDT-fundingRate-2026-01.zip,.cache/binance-altcoin-trend-round34/funding_monthly/XRPUSDT/XRPUSDT-fundingRate-2026-01.zip,downloaded_verified,618977f8e0c4d048292fae038094ea9624c96debfbb1d2bd6463ffcdce2fcd2a,990.0
XRPUSDT,2026-02,kline_monthly,https://data.binance.vision/data/futures/um/monthly/klines/XRPUSDT/15m/XRPUSDT-15m-2026-02.zip,.cache/binance-altcoin-trend-round34/kline_monthly/XRPUSDT/XRPUSDT-15m-2026-02.zip,downloaded_verified,2e6b234e38ef89a95d1cc655d4374eed7a908a0ff8a2e3ac054365d113ec02eb,124825.0
XRPUSDT,2026-02,funding_monthly,https://data.binance.vision/data/futures/um/monthly/fundingRate/XRPUSDT/XRPUSDT-fundingRate-2026-02.zip,.cache/binance-altcoin-trend-round34/funding_monthly/XRPUSDT/XRPUSDT-fundingRate-2026-02.zip,downloaded_verified,8d8be995b48b2085a8384d9e417bfeef2d213b35478baa88cbe5001d0497535d,939.0
XRPUSDT,2026-03,kline_monthly,https://data.binance.vision/data/futures/um/monthly/klines/XRPUSDT/15m/XRPUSDT-15m-2026-03.zip,.cache/binance-altcoin-trend-round34/kline_monthly/XRPUSDT/XRPUSDT-15m-2026-03.zip,downloaded_verified,0fe006b330f2cd00b45be0303f7c303a6c6fa8c9e2b6d1c1cfb75f34b7af60e5,134358.0
XRPUSDT,2026-03,funding_monthly,https://data.binance.vision/data/futures/um/monthly/fundingRate/XRPUSDT/XRPUSDT-fundingRate-2026-03.zip,.cache/binance-altcoin-trend-round34/funding_monthly/XRPUSDT/XRPUSDT-fundingRate-2026-03.zip,downloaded_verified,e3399c2e5fd5c18a2716b26530bcedc7fb9ce8adb2641c0882c8ba6e0a336567,999.0
XRPUSDT,2026-04,kline_monthly,https://data.binance.vision/data/futures/um/monthly/klines/XRPUSDT/15m/XRPUSDT-15m-2026-04.zip,.cache/binance-altcoin-trend-round34/kline_monthly/XRPUSDT/XRPUSDT-15m-2026-04.zip,downloaded_verified,1106aa92f6191a5ed5fcf710e718f9f58123486440e5aca5405f0a7c42e74e2e,128036.0
XRPUSDT,2026-04,funding_monthly,https://data.binance.vision/data/futures/um/monthly/fundingRate/XRPUSDT/XRPUSDT-fundingRate-2026-04.zip,.cache/binance-altcoin-trend-round34/funding_monthly/XRPUSDT/XRPUSDT-fundingRate-2026-04.zip,downloaded_verified,0e586915d578a977ad69482ddc52c11d9c2c1a767d3865078553b3e91fb7716a,974.0
XRPUSDT,2026-05,kline_monthly,https://data.binance.vision/data/futures/um/monthly/klines/XRPUSDT/15m/XRPUSDT-15m-2026-05.zip,.cache/binance-altcoin-trend-round34/kline_monthly/XRPUSDT/XRPUSDT-15m-2026-05.zip,downloaded_verified,6e8cb695ef9e1c926296c8529f11eb746f295b44213d4f0bea764e72b505fee0,132255.0
XRPUSDT,2026-05,funding_monthly,https://data.binance.vision/data/futures/um/monthly/fundingRate/XRPUSDT/XRPUSDT-fundingRate-2026-05.zip,.cache/binance-altcoin-trend-round34/funding_monthly/XRPUSDT/XRPUSDT-fundingRate-2026-05.zip,downloaded_verified,f8c0c09953b112a7f5ac203a826811ead1ac43db8c075b17b2ca69e837828255,1002.0
XRPUSDT,2026-06,kline_monthly,https://data.binance.vision/data/futures/um/monthly/klines/XRPUSDT/15m/XRPUSDT-15m-2026-06.zip,.cache/binance-altcoin-trend-round34/kline_monthly/XRPUSDT/XRPUSDT-15m-2026-06.zip,downloaded_verified,1c9bceda3e026aa9d9fedc6cc8292ba6c4fe705ced786ef1a8470c9e489b1744,129631.0
XRPUSDT,2026-06,funding_monthly,https://data.binance.vision/data/futures/um/monthly/fundingRate/XRPUSDT/XRPUSDT-fundingRate-2026-06.zip,.cache/binance-altcoin-trend-round34/funding_monthly/XRPUSDT/XRPUSDT-fundingRate-2026-06.zip,downloaded_verified,f5d1b51767ddc812c4608080adf54cfca0db7cba592d3e62d7416cd358a3ebde,962.0
XRPUSDT,2026-07-01,kline_daily,https://data.binance.vision/data/futures/um/daily/klines/XRPUSDT/15m/XRPUSDT-15m-2026-07-01.zip,.cache/binance-altcoin-trend-round34/kline_daily/XRPUSDT/XRPUSDT-15m-2026-07-01.zip,downloaded_verified,eceaa917bdc4068d42f1eec961ca2dff203c00f0f95c60aa0b8b38bd75782ba4,4705.0
XRPUSDT,2026-07-02,kline_daily,https://data.binance.vision/data/futures/um/daily/klines/XRPUSDT/15m/XRPUSDT-15m-2026-07-02.zip,.cache/binance-altcoin-trend-round34/kline_daily/XRPUSDT/XRPUSDT-15m-2026-07-02.zip,downloaded_verified,fe0059226c5a7e0400fe6e563acbfcf1f0cc626c8722450ac40734729002cd17,4727.0
XRPUSDT,2026-07-03,kline_daily,https://data.binance.vision/data/futures/um/daily/klines/XRPUSDT/15m/XRPUSDT-15m-2026-07-03.zip,.cache/binance-altcoin-trend-round34/kline_daily/XRPUSDT/XRPUSDT-15m-2026-07-03.zip,downloaded_verified,cf0a7699618779e2d04bad4c322e945f00cd569b5c9af530f299f260af450a15,4731.0
XRPUSDT,2026-07-04,kline_daily,https://data.binance.vision/data/futures/um/daily/klines/XRPUSDT/15m/XRPUSDT-15m-2026-07-04.zip,.cache/binance-altcoin-trend-round34/kline_daily/XRPUSDT/XRPUSDT-15m-2026-07-04.zip,downloaded_verified,a6641914e95f32d9f4133f33f81cf5b53cd3d3ffd8ab30ffa216ec30acfc0316,4732.0
XRPUSDT,2026-07-05,kline_daily,https://data.binance.vision/data/futures/um/daily/klines/XRPUSDT/15m/XRPUSDT-15m-2026-07-05.zip,.cache/binance-altcoin-trend-round34/kline_daily/XRPUSDT/XRPUSDT-15m-2026-07-05.zip,downloaded_verified,339edadcf5a03a91b4cfd105ca11fcc81e856bcafcb6a984a1d072d899b54a29,4626.0
XRPUSDT,2026-07-06,kline_daily,https://data.binance.vision/data/futures/um/daily/klines/XRPUSDT/15m/XRPUSDT-15m-2026-07-06.zip,.cache/binance-altcoin-trend-round34/kline_daily/XRPUSDT/XRPUSDT-15m-2026-07-06.zip,downloaded_verified,75528d23c23d8f4f82c392355bef5c2c0ebda521be191feb03bd9dc2cc32b115,4743.0
XRPUSDT,2026-07-07,kline_daily,https://data.binance.vision/data/futures/um/daily/klines/XRPUSDT/15m/XRPUSDT-15m-2026-07-07.zip,.cache/binance-altcoin-trend-round34/kline_daily/XRPUSDT/XRPUSDT-15m-2026-07-07.zip,downloaded_verified,c80f7be2c6c3a4110c12fd4df26628e096aa970c9a4ed2d12649bae132431f21,4714.0
XRPUSDT,2026-07-08,kline_daily,https://data.binance.vision/data/futures/um/daily/klines/XRPUSDT/15m/XRPUSDT-15m-2026-07-08.zip,.cache/binance-altcoin-trend-round34/kline_daily/XRPUSDT/XRPUSDT-15m-2026-07-08.zip,downloaded_verified,12e655883aa9499d4d1cc65c47827aa648eb6cca5dc9b6b36c76c2c5e96db531,4699.0
XRPUSDT,2026-07-09,kline_daily,https://data.binance.vision/data/futures/um/daily/klines/XRPUSDT/15m/XRPUSDT-15m-2026-07-09.zip,.cache/binance-altcoin-trend-round34/kline_daily/XRPUSDT/XRPUSDT-15m-2026-07-09.zip,downloaded_verified,a13b3df07a28cf10149765c6273671b106705f1a05ff984a3618f866a5b36962,4582.0
XRPUSDT,2026-07-10,kline_daily,https://data.binance.vision/data/futures/um/daily/klines/XRPUSDT/15m/XRPUSDT-15m-2026-07-10.zip,.cache/binance-altcoin-trend-round34/kline_daily/XRPUSDT/XRPUSDT-15m-2026-07-10.zip,downloaded_verified,50d8f35fddcadbd0b700d1b4e5c0f3d45b53f165d8ed879a5734c46cb949b422,4601.0
XRPUSDT,2026-07-11,kline_daily,https://data.binance.vision/data/futures/um/daily/klines/XRPUSDT/15m/XRPUSDT-15m-2026-07-11.zip,.cache/binance-altcoin-trend-round34/kline_daily/XRPUSDT/XRPUSDT-15m-2026-07-11.zip,downloaded_verified,dfe1f8cc29a9c1ee5c3100a5e0bc63c2c981975bd8fba028b51647c2b5cd5c2f,4482.0
XRPUSDT,2026-07-12,kline_daily,https://data.binance.vision/data/futures/um/daily/klines/XRPUSDT/15m/XRPUSDT-15m-2026-07-12.zip,.cache/binance-altcoin-trend-round34/kline_daily/XRPUSDT/XRPUSDT-15m-2026-07-12.zip,downloaded_verified,460f1e4836ecec0dcbb61b8aa450d25baef0c042f45dc673b84091f252edf287,4558.0
XRPUSDT,2026-07-13,kline_daily,https://data.binance.vision/data/futures/um/daily/klines/XRPUSDT/15m/XRPUSDT-15m-2026-07-13.zip,.cache/binance-altcoin-trend-round34/kline_daily/XRPUSDT/XRPUSDT-15m-2026-07-13.zip,downloaded_verified,0fe77ddc86cb0305bca861052645043e263b2e4c0666a04cd4fbc919c0d8f948,4672.0
XRPUSDT,2026-07-14,kline_daily,https://data.binance.vision/data/futures/um/daily/klines/XRPUSDT/15m/XRPUSDT-15m-2026-07-14.zip,.cache/binance-altcoin-trend-round34/kline_daily/XRPUSDT/XRPUSDT-15m-2026-07-14.zip,downloaded_verified,f3110af0a678c3a2aba3cc2cef54d3be34a74e948273d9bc23d17f5d4da4a8cc,4626.0
XRPUSDT,2026-07-15,kline_daily,https://data.binance.vision/data/futures/um/daily/klines/XRPUSDT/15m/XRPUSDT-15m-2026-07-15.zip,.cache/binance-altcoin-trend-round34/kline_daily/XRPUSDT/XRPUSDT-15m-2026-07-15.zip,downloaded_verified,3b63b39eba327087bcc5f7c9a21964768f0fba497d2917829d72b15f9e274b79,4675.0
XRPUSDT,2026-07-16,kline_daily,https://data.binance.vision/data/futures/um/daily/klines/XRPUSDT/15m/XRPUSDT-15m-2026-07-16.zip,.cache/binance-altcoin-trend-round34/kline_daily/XRPUSDT/XRPUSDT-15m-2026-07-16.zip,downloaded_verified,fb747239a2fae04d96989ba5762a4c802f0559f70aa5cf56b337116fa483736c,4641.0
XRPUSDT,2026-07-17,kline_daily,https://data.binance.vision/data/futures/um/daily/klines/XRPUSDT/15m/XRPUSDT-15m-2026-07-17.zip,.cache/binance-altcoin-trend-round34/kline_daily/XRPUSDT/XRPUSDT-15m-2026-07-17.zip,downloaded_verified,08cbd11bca790c345af3fb1155c33729c1e512f97f2dc2bd43872a9e9bcb1df9,4597.0
XRPUSDT,2026-07-18,kline_daily,https://data.binance.vision/data/futures/um/daily/klines/XRPUSDT/15m/XRPUSDT-15m-2026-07-18.zip,.cache/binance-altcoin-trend-round34/kline_daily/XRPUSDT/XRPUSDT-15m-2026-07-18.zip,downloaded_verified,6ebe4686cdf19b048266ac4743dc9ad2303846cb4e0db7c747448166c18d5b5d,4431.0
XRPUSDT,2026-07-19,kline_daily,https://data.binance.vision/data/futures/um/daily/klines/XRPUSDT/15m/XRPUSDT-15m-2026-07-19.zip,.cache/binance-altcoin-trend-round34/kline_daily/XRPUSDT/XRPUSDT-15m-2026-07-19.zip,downloaded_verified,33883190a50afa46ea927717d8bc257efc0aa5b3724be39b74c2b726768c5c8c,4473.0
XRPUSDT,2026-07-20,kline_daily,https://data.binance.vision/data/futures/um/daily/klines/XRPUSDT/15m/XRPUSDT-15m-2026-07-20.zip,.cache/binance-altcoin-trend-round34/kline_daily/XRPUSDT/XRPUSDT-15m-2026-07-20.zip,downloaded_verified,3c9941693724775e03df01ab30d34eb0a44cb390b886c5cdebd21a3acb0021be,4696.0
XRPUSDT,2026-07-21,kline_daily,https://data.binance.vision/data/futures/um/daily/klines/XRPUSDT/15m/XRPUSDT-15m-2026-07-21.zip,.cache/binance-altcoin-trend-round34/kline_daily/XRPUSDT/XRPUSDT-15m-2026-07-21.zip,downloaded_verified,8be8efeca867bd656bffc0eb0996eb031715cc01d203373056d8b3f3b5319b34,4733.0
XRPUSDT,2026-07-22,kline_daily,https://data.binance.vision/data/futures/um/daily/klines/XRPUSDT/15m/XRPUSDT-15m-2026-07-22.zip,.cache/binance-altcoin-trend-round34/kline_daily/XRPUSDT/XRPUSDT-15m-2026-07-22.zip,downloaded_verified,900c08260002c62876dd963768d1469536cd0ce73d3e8ee995feb25fa00c15b1,4645.0
XRPUSDT,2026-07-23,kline_daily,https://data.binance.vision/data/futures/um/daily/klines/XRPUSDT/15m/XRPUSDT-15m-2026-07-23.zip,.cache/binance-altcoin-trend-round34/kline_daily/XRPUSDT/XRPUSDT-15m-2026-07-23.zip,downloaded_verified,18ab158d189d53864638eef25ca3374fed03bc3e1ec33e29ee56c6c3f5e5eadf,4616.0
XRPUSDT,2026-07-24,kline_daily,https://data.binance.vision/data/futures/um/daily/klines/XRPUSDT/15m/XRPUSDT-15m-2026-07-24.zip,.cache/binance-altcoin-trend-round34/kline_daily/XRPUSDT/XRPUSDT-15m-2026-07-24.zip,downloaded_verified,7a3c80cb1d50a1d1a700a572a949ad1b1caa77fcde54a194bc4decb833850f73,4591.0
XRPUSDT,2026-07-25,kline_daily,https://data.binance.vision/data/futures/um/daily/klines/XRPUSDT/15m/XRPUSDT-15m-2026-07-25.zip,.cache/binance-altcoin-trend-round34/kline_daily/XRPUSDT/XRPUSDT-15m-2026-07-25.zip,downloaded_verified,3c43f733b96f397007233327621811ea9c42970e798c8a09b4070b8a46dd1a10,4496.0
XRPUSDT,2026-07-26,kline_daily,https://data.binance.vision/data/futures/um/daily/klines/XRPUSDT/15m/XRPUSDT-15m-2026-07-26.zip,.cache/binance-altcoin-trend-round34/kline_daily/XRPUSDT/XRPUSDT-15m-2026-07-26.zip,downloaded_verified,e99065113c91f191873469d763f1f218262ceaf510925c7a8ee7afb214d82b9b,4481.0
DOGEUSDT,2023-11,kline_monthly,https://data.binance.vision/data/futures/um/monthly/klines/DOGEUSDT/15m/DOGEUSDT-15m-2023-11.zip,.cache/binance-altcoin-trend-round34/kline_monthly/DOGEUSDT/DOGEUSDT-15m-2023-11.zip,downloaded_verified,b8596ce97ddf10938210473e63f93efc66103fb8385ee86340e7384a725d873b,131393.0
DOGEUSDT,2023-11,funding_monthly,https://data.binance.vision/data/futures/um/monthly/fundingRate/DOGEUSDT/DOGEUSDT-fundingRate-2023-11.zip,.cache/binance-altcoin-trend-round34/funding_monthly/DOGEUSDT/DOGEUSDT-fundingRate-2023-11.zip,downloaded_verified,57d8a846e36374ca253c597256c2a795561df0a316887faf1106465ee7ab09e5,785.0
DOGEUSDT,2023-12,kline_monthly,https://data.binance.vision/data/futures/um/monthly/klines/DOGEUSDT/15m/DOGEUSDT-15m-2023-12.zip,.cache/binance-altcoin-trend-round34/kline_monthly/DOGEUSDT/DOGEUSDT-15m-2023-12.zip,downloaded_verified,7564a9ad3a3cd7392613a3ddffc217b8177f64ebadd4230e50815842da76fd3c,135450.0
DOGEUSDT,2023-12,funding_monthly,https://data.binance.vision/data/futures/um/monthly/fundingRate/DOGEUSDT/DOGEUSDT-fundingRate-2023-12.zip,.cache/binance-altcoin-trend-round34/funding_monthly/DOGEUSDT/DOGEUSDT-fundingRate-2023-12.zip,downloaded_verified,d49fa428e457f93c96f6888b589c01372aa6b331da7578b880d103e64a8e9faf,832.0
DOGEUSDT,2024-01,kline_monthly,https://data.binance.vision/data/futures/um/monthly/klines/DOGEUSDT/15m/DOGEUSDT-15m-2024-01.zip,.cache/binance-altcoin-trend-round34/kline_monthly/DOGEUSDT/DOGEUSDT-15m-2024-01.zip,downloaded_verified,069b5de748e6ccb3ec8ebf08f90ce5faa1dde40b449f811c28c91ae6f059f922,133525.0
DOGEUSDT,2024-01,funding_monthly,https://data.binance.vision/data/futures/um/monthly/fundingRate/DOGEUSDT/DOGEUSDT-fundingRate-2024-01.zip,.cache/binance-altcoin-trend-round34/funding_monthly/DOGEUSDT/DOGEUSDT-fundingRate-2024-01.zip,downloaded_verified,08193c8953cef5f0366877b66391483f4076c5927d433af5fbcbb680b407767c,670.0
DOGEUSDT,2024-02,kline_monthly,https://data.binance.vision/data/futures/um/monthly/klines/DOGEUSDT/15m/DOGEUSDT-15m-2024-02.zip,.cache/binance-altcoin-trend-round34/kline_monthly/DOGEUSDT/DOGEUSDT-15m-2024-02.zip,downloaded_verified,e1fa9532cef55cc95f55c07bf3569cdf5c65f3cf0f48acce895cc50c38ed40c3,123926.0
DOGEUSDT,2024-02,funding_monthly,https://data.binance.vision/data/futures/um/monthly/fundingRate/DOGEUSDT/DOGEUSDT-fundingRate-2024-02.zip,.cache/binance-altcoin-trend-round34/funding_monthly/DOGEUSDT/DOGEUSDT-fundingRate-2024-02.zip,downloaded_verified,769f0fe177bd531b65ab9a0e15d4b3814deb241e27806f8decfd45735456a823,764.0
DOGEUSDT,2024-03,kline_monthly,https://data.binance.vision/data/futures/um/monthly/klines/DOGEUSDT/15m/DOGEUSDT-15m-2024-03.zip,.cache/binance-altcoin-trend-round34/kline_monthly/DOGEUSDT/DOGEUSDT-15m-2024-03.zip,downloaded_verified,771a820d23c55d2dfed326ecf8023a5c3d16a4095ffd7b7df005c5ec5e9c65f7,144043.0
DOGEUSDT,2024-03,funding_monthly,https://data.binance.vision/data/futures/um/monthly/fundingRate/DOGEUSDT/DOGEUSDT-fundingRate-2024-03.zip,.cache/binance-altcoin-trend-round34/funding_monthly/DOGEUSDT/DOGEUSDT-fundingRate-2024-03.zip,downloaded_verified,7c8400239b28b1e96439b229bb483cd7de8637bf58f321547f46ceee160dae61,942.0
DOGEUSDT,2024-04,kline_monthly,https://data.binance.vision/data/futures/um/monthly/klines/DOGEUSDT/15m/DOGEUSDT-15m-2024-04.zip,.cache/binance-altcoin-trend-round34/kline_monthly/DOGEUSDT/DOGEUSDT-15m-2024-04.zip,downloaded_verified,9dae51fe1c9fd6076767bccb3ee955bb64acb8967837bf4c834e5aa839ad4fe7,136417.0
DOGEUSDT,2024-04,funding_monthly,https://data.binance.vision/data/futures/um/monthly/fundingRate/DOGEUSDT/DOGEUSDT-fundingRate-2024-04.zip,.cache/binance-altcoin-trend-round34/funding_monthly/DOGEUSDT/DOGEUSDT-fundingRate-2024-04.zip,downloaded_verified,b09c688e8f524d879b901f1cba4a15836180af254868b22feabb324268b521cf,904.0
DOGEUSDT,2024-05,kline_monthly,https://data.binance.vision/data/futures/um/monthly/klines/DOGEUSDT/15m/DOGEUSDT-15m-2024-05.zip,.cache/binance-altcoin-trend-round34/kline_monthly/DOGEUSDT/DOGEUSDT-15m-2024-05.zip,downloaded_verified,fe8461cf41e6abba56873d928dcfc30c66deea1cbf810603f75c2c7ea4c980d4,138878.0
DOGEUSDT,2024-05,funding_monthly,https://data.binance.vision/data/futures/um/monthly/fundingRate/DOGEUSDT/DOGEUSDT-fundingRate-2024-05.zip,.cache/binance-altcoin-trend-round34/funding_monthly/DOGEUSDT/DOGEUSDT-fundingRate-2024-05.zip,downloaded_verified,5df5a4bb6733899a885591106626242a3aab4b5ada077b62dd44ac27d14a9e7c,786.0
DOGEUSDT,2024-06,kline_monthly,https://data.binance.vision/data/futures/um/monthly/klines/DOGEUSDT/15m/DOGEUSDT-15m-2024-06.zip,.cache/binance-altcoin-trend-round34/kline_monthly/DOGEUSDT/DOGEUSDT-15m-2024-06.zip,downloaded_verified,d5cae9113efb131f293d6daeaa3bccd773a66dd3c14ff7660ca33594df141f1d,130234.0
DOGEUSDT,2024-06,funding_monthly,https://data.binance.vision/data/futures/um/monthly/fundingRate/DOGEUSDT/DOGEUSDT-fundingRate-2024-06.zip,.cache/binance-altcoin-trend-round34/funding_monthly/DOGEUSDT/DOGEUSDT-fundingRate-2024-06.zip,downloaded_verified,c6ba303e7c28db0a2bf2f8121482c7b8813793b860d2ef22ecd08dcd95e8185e,785.0
DOGEUSDT,2024-07,kline_monthly,https://data.binance.vision/data/futures/um/monthly/klines/DOGEUSDT/15m/DOGEUSDT-15m-2024-07.zip,.cache/binance-altcoin-trend-round34/kline_monthly/DOGEUSDT/DOGEUSDT-15m-2024-07.zip,downloaded_verified,528767bd259f4c574c1c3a819247f784f31f4e2e69f6a6a072d6794ecbb5f840,135812.0
DOGEUSDT,2024-07,funding_monthly,https://data.binance.vision/data/futures/um/monthly/fundingRate/DOGEUSDT/DOGEUSDT-fundingRate-2024-07.zip,.cache/binance-altcoin-trend-round34/funding_monthly/DOGEUSDT/DOGEUSDT-fundingRate-2024-07.zip,downloaded_verified,4e9db7b8df1c75627ce56d4010fa84a93fce0162112a93696e98da5138d0f380,816.0
DOGEUSDT,2024-08,kline_monthly,https://data.binance.vision/data/futures/um/monthly/klines/DOGEUSDT/15m/DOGEUSDT-15m-2024-08.zip,.cache/binance-altcoin-trend-round34/kline_monthly/DOGEUSDT/DOGEUSDT-15m-2024-08.zip,downloaded_verified,8e091415f129723939183ab4c6e30b9ed13764a5cabaa9208935df7a6b27be39,134714.0
DOGEUSDT,2024-08,funding_monthly,https://data.binance.vision/data/futures/um/monthly/fundingRate/DOGEUSDT/DOGEUSDT-fundingRate-2024-08.zip,.cache/binance-altcoin-trend-round34/funding_monthly/DOGEUSDT/DOGEUSDT-fundingRate-2024-08.zip,downloaded_verified,7b44b34f863c02066dfbcf3d343e746ea84058a5d76a94d64c256b78358b89ac,935.0
DOGEUSDT,2024-09,kline_monthly,https://data.binance.vision/data/futures/um/monthly/klines/DOGEUSDT/15m/DOGEUSDT-15m-2024-09.zip,.cache/binance-altcoin-trend-round34/kline_monthly/DOGEUSDT/DOGEUSDT-15m-2024-09.zip,downloaded_verified,8326da988d76af3e573afe3a42e3e4279d24ab2d7e4c945d5758c4f29fc17b06,129807.0
DOGEUSDT,2024-09,funding_monthly,https://data.binance.vision/data/futures/um/monthly/fundingRate/DOGEUSDT/DOGEUSDT-fundingRate-2024-09.zip,.cache/binance-altcoin-trend-round34/funding_monthly/DOGEUSDT/DOGEUSDT-fundingRate-2024-09.zip,downloaded_verified,92bc33954530f8d7bcf13a41d736a9480f4082cd1220d976d4a01bdbb52452b4,862.0
DOGEUSDT,2024-10,kline_monthly,https://data.binance.vision/data/futures/um/monthly/klines/DOGEUSDT/15m/DOGEUSDT-15m-2024-10.zip,.cache/binance-altcoin-trend-round34/kline_monthly/DOGEUSDT/DOGEUSDT-15m-2024-10.zip,downloaded_verified,df749094c4978b5d5e0f4557ab6f24da7209e982d916c6bec49ce0157bee7d74,137911.0
DOGEUSDT,2024-10,funding_monthly,https://data.binance.vision/data/futures/um/monthly/fundingRate/DOGEUSDT/DOGEUSDT-fundingRate-2024-10.zip,.cache/binance-altcoin-trend-round34/funding_monthly/DOGEUSDT/DOGEUSDT-fundingRate-2024-10.zip,downloaded_verified,c038f18bf93552ca8432d04482839ab50d5b6e903c1b63083c335d479236ba22,763.0
DOGEUSDT,2024-11,kline_monthly,https://data.binance.vision/data/futures/um/monthly/klines/DOGEUSDT/15m/DOGEUSDT-15m-2024-11.zip,.cache/binance-altcoin-trend-round34/kline_monthly/DOGEUSDT/DOGEUSDT-15m-2024-11.zip,downloaded_verified,0c03ba3e6344098df03dfd590e9faa91d31443070caa8dab6a754fdac6c53626,142346.0
DOGEUSDT,2024-11,funding_monthly,https://data.binance.vision/data/futures/um/monthly/fundingRate/DOGEUSDT/DOGEUSDT-fundingRate-2024-11.zip,.cache/binance-altcoin-trend-round34/funding_monthly/DOGEUSDT/DOGEUSDT-fundingRate-2024-11.zip,downloaded_verified,45d7e6671e7bb1efc2ed557fd7139135468d0bea7dbc7906fe0c8b727c2777a0,798.0
DOGEUSDT,2024-12,kline_monthly,https://data.binance.vision/data/futures/um/monthly/klines/DOGEUSDT/15m/DOGEUSDT-15m-2024-12.zip,.cache/binance-altcoin-trend-round34/kline_monthly/DOGEUSDT/DOGEUSDT-15m-2024-12.zip,downloaded_verified,b79815030dfae4a09712525cf3bbe26c605b5ae2eb45b522de7eceddd1bfe639,144449.0
DOGEUSDT,2024-12,funding_monthly,https://data.binance.vision/data/futures/um/monthly/fundingRate/DOGEUSDT/DOGEUSDT-fundingRate-2024-12.zip,.cache/binance-altcoin-trend-round34/funding_monthly/DOGEUSDT/DOGEUSDT-fundingRate-2024-12.zip,downloaded_verified,5b94b4960510e5e217048ee5268038d60a6dbcf45755063790f9c35602231983,897.0
DOGEUSDT,2025-01,kline_monthly,https://data.binance.vision/data/futures/um/monthly/klines/DOGEUSDT/15m/DOGEUSDT-15m-2025-01.zip,.cache/binance-altcoin-trend-round34/kline_monthly/DOGEUSDT/DOGEUSDT-15m-2025-01.zip,downloaded_verified,0b8a38a87ddaac2ccdc7f6798dcce12b331fa60a3272134eeb859155c959b989,143028.0
DOGEUSDT,2025-01,funding_monthly,https://data.binance.vision/data/futures/um/monthly/fundingRate/DOGEUSDT/DOGEUSDT-fundingRate-2025-01.zip,.cache/binance-altcoin-trend-round34/funding_monthly/DOGEUSDT/DOGEUSDT-fundingRate-2025-01.zip,downloaded_verified,be2ccf953a2fa5e84f49be601917340ba1b220b7ca42566f4066173633c80107,871.0
DOGEUSDT,2025-02,kline_monthly,https://data.binance.vision/data/futures/um/monthly/klines/DOGEUSDT/15m/DOGEUSDT-15m-2025-02.zip,.cache/binance-altcoin-trend-round34/kline_monthly/DOGEUSDT/DOGEUSDT-15m-2025-02.zip,downloaded_verified,273c6cdbfeb7e964faa970144cb7adb288a04473ce912fe3f0408557d83adb65,127760.0
DOGEUSDT,2025-02,funding_monthly,https://data.binance.vision/data/futures/um/monthly/fundingRate/DOGEUSDT/DOGEUSDT-fundingRate-2025-02.zip,.cache/binance-altcoin-trend-round34/funding_monthly/DOGEUSDT/DOGEUSDT-fundingRate-2025-02.zip,downloaded_verified,fa3a34848d0a10af64b9e534bf9209ac317fe0da05378d622dc9d406ca88f69d,872.0
DOGEUSDT,2025-03,kline_monthly,https://data.binance.vision/data/futures/um/monthly/klines/DOGEUSDT/15m/DOGEUSDT-15m-2025-03.zip,.cache/binance-altcoin-trend-round34/kline_monthly/DOGEUSDT/DOGEUSDT-15m-2025-03.zip,downloaded_verified,923a9d2e53787e54b3a00e47e816a4250511c511c7cbd26642920c4d667b4eec,139832.0
DOGEUSDT,2025-03,funding_monthly,https://data.binance.vision/data/futures/um/monthly/fundingRate/DOGEUSDT/DOGEUSDT-fundingRate-2025-03.zip,.cache/binance-altcoin-trend-round34/funding_monthly/DOGEUSDT/DOGEUSDT-fundingRate-2025-03.zip,downloaded_verified,3d9ac62d34961c5bd7b2e2b9f33abef0bcb295fdfae421bd38abab67598b2482,958.0
DOGEUSDT,2025-04,kline_monthly,https://data.binance.vision/data/futures/um/monthly/klines/DOGEUSDT/15m/DOGEUSDT-15m-2025-04.zip,.cache/binance-altcoin-trend-round34/kline_monthly/DOGEUSDT/DOGEUSDT-15m-2025-04.zip,downloaded_verified,c481255662170359b6bca11634029657178ec8ba467dbbc3e735a86bb3508881,134442.0
DOGEUSDT,2025-04,funding_monthly,https://data.binance.vision/data/futures/um/monthly/fundingRate/DOGEUSDT/DOGEUSDT-fundingRate-2025-04.zip,.cache/binance-altcoin-trend-round34/funding_monthly/DOGEUSDT/DOGEUSDT-fundingRate-2025-04.zip,downloaded_verified,ef81cc81573c727ba251f68e73593322ccf16db7055de77856b4dd5cd1e7cfc8,895.0
DOGEUSDT,2025-05,kline_monthly,https://data.binance.vision/data/futures/um/monthly/klines/DOGEUSDT/15m/DOGEUSDT-15m-2025-05.zip,.cache/binance-altcoin-trend-round34/kline_monthly/DOGEUSDT/DOGEUSDT-15m-2025-05.zip,downloaded_verified,eec01cdc85704c61e73e3e8a3c52c133bbc28837c1fd897fbbf8e94daa32638e,140867.0
DOGEUSDT,2025-05,funding_monthly,https://data.binance.vision/data/futures/um/monthly/fundingRate/DOGEUSDT/DOGEUSDT-fundingRate-2025-05.zip,.cache/binance-altcoin-trend-round34/funding_monthly/DOGEUSDT/DOGEUSDT-fundingRate-2025-05.zip,downloaded_verified,408322bd25a392d3fb10b66ebf214e2d7c0426456bfa1d3dab79da804a511188,912.0
DOGEUSDT,2025-06,kline_monthly,https://data.binance.vision/data/futures/um/monthly/klines/DOGEUSDT/15m/DOGEUSDT-15m-2025-06.zip,.cache/binance-altcoin-trend-round34/kline_monthly/DOGEUSDT/DOGEUSDT-15m-2025-06.zip,downloaded_verified,985742b13cb2577608a09a3555d2b4b542ef9a15e9f969addd83d2832601d599,133934.0
DOGEUSDT,2025-06,funding_monthly,https://data.binance.vision/data/futures/um/monthly/fundingRate/DOGEUSDT/DOGEUSDT-fundingRate-2025-06.zip,.cache/binance-altcoin-trend-round34/funding_monthly/DOGEUSDT/DOGEUSDT-fundingRate-2025-06.zip,downloaded_verified,5a18b464cd2d6a6e106c497a5e265327762cff0ee86ebcf8fd20e0150d5a67a5,945.0
DOGEUSDT,2025-07,kline_monthly,https://data.binance.vision/data/futures/um/monthly/klines/DOGEUSDT/15m/DOGEUSDT-15m-2025-07.zip,.cache/binance-altcoin-trend-round34/kline_monthly/DOGEUSDT/DOGEUSDT-15m-2025-07.zip,downloaded_verified,f008f2ea4e0ff691583cc90859107e7227c3c49ec3b38bef5f3a840183b243d7,141721.0
DOGEUSDT,2025-07,funding_monthly,https://data.binance.vision/data/futures/um/monthly/fundingRate/DOGEUSDT/DOGEUSDT-fundingRate-2025-07.zip,.cache/binance-altcoin-trend-round34/funding_monthly/DOGEUSDT/DOGEUSDT-fundingRate-2025-07.zip,downloaded_verified,e56f1173899b2be5b35e14cdd61d6549dfed04bd2eacc1673285fbc067affe11,827.0
DOGEUSDT,2025-08,kline_monthly,https://data.binance.vision/data/futures/um/monthly/klines/DOGEUSDT/15m/DOGEUSDT-15m-2025-08.zip,.cache/binance-altcoin-trend-round34/kline_monthly/DOGEUSDT/DOGEUSDT-15m-2025-08.zip,downloaded_verified,52ed61b3f2f1462ba33bf0620688a29744085abd43fb5ddc92e4f12886d7b722,141313.0
DOGEUSDT,2025-08,funding_monthly,https://data.binance.vision/data/futures/um/monthly/fundingRate/DOGEUSDT/DOGEUSDT-fundingRate-2025-08.zip,.cache/binance-altcoin-trend-round34/funding_monthly/DOGEUSDT/DOGEUSDT-fundingRate-2025-08.zip,downloaded_verified,c73e14c91a6e44f2a7a4795c845f54f0c82fac1529dd0852c66c52175d76ff53,892.0
DOGEUSDT,2025-09,kline_monthly,https://data.binance.vision/data/futures/um/monthly/klines/DOGEUSDT/15m/DOGEUSDT-15m-2025-09.zip,.cache/binance-altcoin-trend-round34/kline_monthly/DOGEUSDT/DOGEUSDT-15m-2025-09.zip,downloaded_verified,e44958306ebabb83f7db3e27f4b9283e339ef09a40be17c22dcc93ce2a145d65,136589.0
DOGEUSDT,2025-09,funding_monthly,https://data.binance.vision/data/futures/um/monthly/fundingRate/DOGEUSDT/DOGEUSDT-fundingRate-2025-09.zip,.cache/binance-altcoin-trend-round34/funding_monthly/DOGEUSDT/DOGEUSDT-fundingRate-2025-09.zip,downloaded_verified,1105b391de748f50048b5590f6a5265fcb2a6354ec8a6ac3ba79b5ca734aa9cc,882.0
DOGEUSDT,2025-10,kline_monthly,https://data.binance.vision/data/futures/um/monthly/klines/DOGEUSDT/15m/DOGEUSDT-15m-2025-10.zip,.cache/binance-altcoin-trend-round34/kline_monthly/DOGEUSDT/DOGEUSDT-15m-2025-10.zip,downloaded_verified,821a6bbc88d964a3c8aa4968d0106ca15436721117313e25500efe2becf00ade,141403.0
DOGEUSDT,2025-10,funding_monthly,https://data.binance.vision/data/futures/um/monthly/fundingRate/DOGEUSDT/DOGEUSDT-fundingRate-2025-10.zip,.cache/binance-altcoin-trend-round34/funding_monthly/DOGEUSDT/DOGEUSDT-fundingRate-2025-10.zip,downloaded_verified,6217d0bc8ab8abe35dd0c56d18cc008e8a8e36adef2be37ed9ccbf3c91c71d0a,944.0
DOGEUSDT,2025-11,kline_monthly,https://data.binance.vision/data/futures/um/monthly/klines/DOGEUSDT/15m/DOGEUSDT-15m-2025-11.zip,.cache/binance-altcoin-trend-round34/kline_monthly/DOGEUSDT/DOGEUSDT-15m-2025-11.zip,downloaded_verified,b5f41c7ffd1bd9f585909deb1e8117ee22634ae45a9feca143a544d3f60d8655,134321.0
DOGEUSDT,2025-11,funding_monthly,https://data.binance.vision/data/futures/um/monthly/fundingRate/DOGEUSDT/DOGEUSDT-fundingRate-2025-11.zip,.cache/binance-altcoin-trend-round34/funding_monthly/DOGEUSDT/DOGEUSDT-fundingRate-2025-11.zip,downloaded_verified,ea4b56653bb13210c5fbdeceb668f632b15a8fe6e7676d1afcbbcb5a019d92f4,967.0
DOGEUSDT,2025-12,kline_monthly,https://data.binance.vision/data/futures/um/monthly/klines/DOGEUSDT/15m/DOGEUSDT-15m-2025-12.zip,.cache/binance-altcoin-trend-round34/kline_monthly/DOGEUSDT/DOGEUSDT-15m-2025-12.zip,downloaded_verified,f609d5c2fda46d9633f0474d872d2f89f15228b4862999bc651282047339b9ae,135360.0
DOGEUSDT,2025-12,funding_monthly,https://data.binance.vision/data/futures/um/monthly/fundingRate/DOGEUSDT/DOGEUSDT-fundingRate-2025-12.zip,.cache/binance-altcoin-trend-round34/funding_monthly/DOGEUSDT/DOGEUSDT-fundingRate-2025-12.zip,downloaded_verified,8e84dea86eb7fe0cb7b2f9278f0df0479b68ae10ac9b6ade872372888769f874,990.0
DOGEUSDT,2026-01,kline_monthly,https://data.binance.vision/data/futures/um/monthly/klines/DOGEUSDT/15m/DOGEUSDT-15m-2026-01.zip,.cache/binance-altcoin-trend-round34/kline_monthly/DOGEUSDT/DOGEUSDT-15m-2026-01.zip,downloaded_verified,6ca5ed8efe52f102f394cd29ea1cf907f92b14f7ce1872a31bc6262db28e59aa,136249.0
DOGEUSDT,2026-01,funding_monthly,https://data.binance.vision/data/futures/um/monthly/fundingRate/DOGEUSDT/DOGEUSDT-fundingRate-2026-01.zip,.cache/binance-altcoin-trend-round34/funding_monthly/DOGEUSDT/DOGEUSDT-fundingRate-2026-01.zip,downloaded_verified,73c2760e0bf4a5dd8af31d1f03ba1e6d213aa1ed42da17a8c537f28c7f033f44,978.0
DOGEUSDT,2026-02,kline_monthly,https://data.binance.vision/data/futures/um/monthly/klines/DOGEUSDT/15m/DOGEUSDT-15m-2026-02.zip,.cache/binance-altcoin-trend-round34/kline_monthly/DOGEUSDT/DOGEUSDT-15m-2026-02.zip,downloaded_verified,7cc244e52003acfe3c413c72c86965974816d878107063a2d693eb60ebc72ac7,123722.0
DOGEUSDT,2026-02,funding_monthly,https://data.binance.vision/data/futures/um/monthly/fundingRate/DOGEUSDT/DOGEUSDT-fundingRate-2026-02.zip,.cache/binance-altcoin-trend-round34/funding_monthly/DOGEUSDT/DOGEUSDT-fundingRate-2026-02.zip,downloaded_verified,5a82031b9e3009265751cf02853ded1e1649bd3c2c3c764d5e50e64edc944a6e,943.0
DOGEUSDT,2026-03,kline_monthly,https://data.binance.vision/data/futures/um/monthly/klines/DOGEUSDT/15m/DOGEUSDT-15m-2026-03.zip,.cache/binance-altcoin-trend-round34/kline_monthly/DOGEUSDT/DOGEUSDT-15m-2026-03.zip,downloaded_verified,f0fafd21bb3235ddf2238ff20013f039108611044c168dc1decb361a27458f1b,135393.0
DOGEUSDT,2026-03,funding_monthly,https://data.binance.vision/data/futures/um/monthly/fundingRate/DOGEUSDT/DOGEUSDT-fundingRate-2026-03.zip,.cache/binance-altcoin-trend-round34/funding_monthly/DOGEUSDT/DOGEUSDT-fundingRate-2026-03.zip,downloaded_verified,f4b2222b88d3cf518939c38a20fdd224629c3844a8d2f710c8c14e4fe9409d85,996.0
DOGEUSDT,2026-04,kline_monthly,https://data.binance.vision/data/futures/um/monthly/klines/DOGEUSDT/15m/DOGEUSDT-15m-2026-04.zip,.cache/binance-altcoin-trend-round34/kline_monthly/DOGEUSDT/DOGEUSDT-15m-2026-04.zip,downloaded_verified,866393c5955d1d1daf9deccfeeae1822a04ba9cfc9b762b43691ee2413263a36,129892.0
DOGEUSDT,2026-04,funding_monthly,https://data.binance.vision/data/futures/um/monthly/fundingRate/DOGEUSDT/DOGEUSDT-fundingRate-2026-04.zip,.cache/binance-altcoin-trend-round34/funding_monthly/DOGEUSDT/DOGEUSDT-fundingRate-2026-04.zip,downloaded_verified,1a041267001c6417220e595f9c723919eec3b2e317012a8cfd22f95ac8105ceb,893.0
DOGEUSDT,2026-05,kline_monthly,https://data.binance.vision/data/futures/um/monthly/klines/DOGEUSDT/15m/DOGEUSDT-15m-2026-05.zip,.cache/binance-altcoin-trend-round34/kline_monthly/DOGEUSDT/DOGEUSDT-15m-2026-05.zip,downloaded_verified,a0772098c4a2457f07af9478412c7623bb4dd510c6bfcb83861520d931514fb9,134671.0
DOGEUSDT,2026-05,funding_monthly,https://data.binance.vision/data/futures/um/monthly/fundingRate/DOGEUSDT/DOGEUSDT-fundingRate-2026-05.zip,.cache/binance-altcoin-trend-round34/funding_monthly/DOGEUSDT/DOGEUSDT-fundingRate-2026-05.zip,downloaded_verified,99411bbfdc7508a498204faf9ce3f02958f484828a5ffd309b6c267b89c89ba6,979.0
DOGEUSDT,2026-06,kline_monthly,https://data.binance.vision/data/futures/um/monthly/klines/DOGEUSDT/15m/DOGEUSDT-15m-2026-06.zip,.cache/binance-altcoin-trend-round34/kline_monthly/DOGEUSDT/DOGEUSDT-15m-2026-06.zip,downloaded_verified,2f1d79de76cd113992abf41261a46b051b655a1437b721dce6f17826a208dc16,129236.0
DOGEUSDT,2026-06,funding_monthly,https://data.binance.vision/data/futures/um/monthly/fundingRate/DOGEUSDT/DOGEUSDT-fundingRate-2026-06.zip,.cache/binance-altcoin-trend-round34/funding_monthly/DOGEUSDT/DOGEUSDT-fundingRate-2026-06.zip,downloaded_verified,b701956a49aa6e9daf692eccbe0c79be94dd3e0dbacde8996852f551a5fbfdba,961.0
DOGEUSDT,2026-07-01,kline_daily,https://data.binance.vision/data/futures/um/daily/klines/DOGEUSDT/15m/DOGEUSDT-15m-2026-07-01.zip,.cache/binance-altcoin-trend-round34/kline_daily/DOGEUSDT/DOGEUSDT-15m-2026-07-01.zip,downloaded_verified,82feda6208face00b2002e8bfd58727f6dc5bd727d40f4ae521a1ac834869c79,4692.0
DOGEUSDT,2026-07-02,kline_daily,https://data.binance.vision/data/futures/um/daily/klines/DOGEUSDT/15m/DOGEUSDT-15m-2026-07-02.zip,.cache/binance-altcoin-trend-round34/kline_daily/DOGEUSDT/DOGEUSDT-15m-2026-07-02.zip,downloaded_verified,183e828e996cbbb131ff7bd7f5a11506d0dee92dc46b1082acce1ed9c0c86490,4657.0
DOGEUSDT,2026-07-03,kline_daily,https://data.binance.vision/data/futures/um/daily/klines/DOGEUSDT/15m/DOGEUSDT-15m-2026-07-03.zip,.cache/binance-altcoin-trend-round34/kline_daily/DOGEUSDT/DOGEUSDT-15m-2026-07-03.zip,downloaded_verified,07efc0fd7bd750dc800557ebbfa03341688b588928da8fec080a721909a5131e,4700.0
DOGEUSDT,2026-07-04,kline_daily,https://data.binance.vision/data/futures/um/daily/klines/DOGEUSDT/15m/DOGEUSDT-15m-2026-07-04.zip,.cache/binance-altcoin-trend-round34/kline_daily/DOGEUSDT/DOGEUSDT-15m-2026-07-04.zip,downloaded_verified,8fb70aba91228e5ef9bef8cca276cca434679b657d4749d02aa8b014b8fe2773,4678.0
DOGEUSDT,2026-07-05,kline_daily,https://data.binance.vision/data/futures/um/daily/klines/DOGEUSDT/15m/DOGEUSDT-15m-2026-07-05.zip,.cache/binance-altcoin-trend-round34/kline_daily/DOGEUSDT/DOGEUSDT-15m-2026-07-05.zip,downloaded_verified,65cfba9a05e0a3c32825fdaf6bd2db09b4fec2c58a1f2c90368cba378b4f70a0,4702.0
DOGEUSDT,2026-07-06,kline_daily,https://data.binance.vision/data/futures/um/daily/klines/DOGEUSDT/15m/DOGEUSDT-15m-2026-07-06.zip,.cache/binance-altcoin-trend-round34/kline_daily/DOGEUSDT/DOGEUSDT-15m-2026-07-06.zip,downloaded_verified,a8bb8ce8de47a01782798c79ae524042725668feaae09f1a49ef5ebba2f9028f,4710.0
DOGEUSDT,2026-07-07,kline_daily,https://data.binance.vision/data/futures/um/daily/klines/DOGEUSDT/15m/DOGEUSDT-15m-2026-07-07.zip,.cache/binance-altcoin-trend-round34/kline_daily/DOGEUSDT/DOGEUSDT-15m-2026-07-07.zip,downloaded_verified,4d806a3bd3f2510b40d1df7e5e59080d936102d151f6f096bde6fe8ee2a49c8f,4672.0
DOGEUSDT,2026-07-08,kline_daily,https://data.binance.vision/data/futures/um/daily/klines/DOGEUSDT/15m/DOGEUSDT-15m-2026-07-08.zip,.cache/binance-altcoin-trend-round34/kline_daily/DOGEUSDT/DOGEUSDT-15m-2026-07-08.zip,downloaded_verified,4990a32398d0be8d05835907fc9d57f36592e1178a916d6699ea001b7be8ef19,4635.0
DOGEUSDT,2026-07-09,kline_daily,https://data.binance.vision/data/futures/um/daily/klines/DOGEUSDT/15m/DOGEUSDT-15m-2026-07-09.zip,.cache/binance-altcoin-trend-round34/kline_daily/DOGEUSDT/DOGEUSDT-15m-2026-07-09.zip,downloaded_verified,a3222db9bfa0224c02a828afe8107c4c2b01c0b11bf4f3e5b316b8f839829380,4592.0
DOGEUSDT,2026-07-10,kline_daily,https://data.binance.vision/data/futures/um/daily/klines/DOGEUSDT/15m/DOGEUSDT-15m-2026-07-10.zip,.cache/binance-altcoin-trend-round34/kline_daily/DOGEUSDT/DOGEUSDT-15m-2026-07-10.zip,downloaded_verified,68e081b4eb847d887d00079931225c7e77f9bc1f71eec80b074899de8018f49d,4539.0
DOGEUSDT,2026-07-11,kline_daily,https://data.binance.vision/data/futures/um/daily/klines/DOGEUSDT/15m/DOGEUSDT-15m-2026-07-11.zip,.cache/binance-altcoin-trend-round34/kline_daily/DOGEUSDT/DOGEUSDT-15m-2026-07-11.zip,downloaded_verified,c4147b3aeb5a348391220570a2d88c5a831f22d7aa46785c8b2542e212d17738,4535.0
DOGEUSDT,2026-07-12,kline_daily,https://data.binance.vision/data/futures/um/daily/klines/DOGEUSDT/15m/DOGEUSDT-15m-2026-07-12.zip,.cache/binance-altcoin-trend-round34/kline_daily/DOGEUSDT/DOGEUSDT-15m-2026-07-12.zip,downloaded_verified,5400d58e9cd4ae9a1980d905c822c68e31ffe62b592329c07f6ee9fe09e8ed62,4578.0
DOGEUSDT,2026-07-13,kline_daily,https://data.binance.vision/data/futures/um/daily/klines/DOGEUSDT/15m/DOGEUSDT-15m-2026-07-13.zip,.cache/binance-altcoin-trend-round34/kline_daily/DOGEUSDT/DOGEUSDT-15m-2026-07-13.zip,downloaded_verified,aa00178ec140981a97335578c173eb9e6b25b12a510bce7bdf5a1bb0867ad1ba,4627.0
DOGEUSDT,2026-07-14,kline_daily,https://data.binance.vision/data/futures/um/daily/klines/DOGEUSDT/15m/DOGEUSDT-15m-2026-07-14.zip,.cache/binance-altcoin-trend-round34/kline_daily/DOGEUSDT/DOGEUSDT-15m-2026-07-14.zip,downloaded_verified,05ba943c99931afe7410e3efae3e5de7762f4732a408e973c6b7d3ac3739e99d,4621.0
DOGEUSDT,2026-07-15,kline_daily,https://data.binance.vision/data/futures/um/daily/klines/DOGEUSDT/15m/DOGEUSDT-15m-2026-07-15.zip,.cache/binance-altcoin-trend-round34/kline_daily/DOGEUSDT/DOGEUSDT-15m-2026-07-15.zip,downloaded_verified,ad1ae158df7f64e648293fd56cf3a9734e8e56548d042b033cee3aa8348f30df,4614.0
DOGEUSDT,2026-07-16,kline_daily,https://data.binance.vision/data/futures/um/daily/klines/DOGEUSDT/15m/DOGEUSDT-15m-2026-07-16.zip,.cache/binance-altcoin-trend-round34/kline_daily/DOGEUSDT/DOGEUSDT-15m-2026-07-16.zip,downloaded_verified,404b672813e0a2f513fac429ecc49d23d95ea33fd5d109da9e8e6a72cc67e830,4594.0
DOGEUSDT,2026-07-17,kline_daily,https://data.binance.vision/data/futures/um/daily/klines/DOGEUSDT/15m/DOGEUSDT-15m-2026-07-17.zip,.cache/binance-altcoin-trend-round34/kline_daily/DOGEUSDT/DOGEUSDT-15m-2026-07-17.zip,downloaded_verified,da67bd5524659eaf9dd8a5649b70a608833c71c9455361c849392bf771c911de,4576.0
DOGEUSDT,2026-07-18,kline_daily,https://data.binance.vision/data/futures/um/daily/klines/DOGEUSDT/15m/DOGEUSDT-15m-2026-07-18.zip,.cache/binance-altcoin-trend-round34/kline_daily/DOGEUSDT/DOGEUSDT-15m-2026-07-18.zip,downloaded_verified,6ad8d5c2762ceee3e4d5eb561cd7be3fd354dceef80f3db3e6bf95a630a4336a,4416.0
DOGEUSDT,2026-07-19,kline_daily,https://data.binance.vision/data/futures/um/daily/klines/DOGEUSDT/15m/DOGEUSDT-15m-2026-07-19.zip,.cache/binance-altcoin-trend-round34/kline_daily/DOGEUSDT/DOGEUSDT-15m-2026-07-19.zip,downloaded_verified,bb089ad78f24bd3245339e5cf644a85d37856dc28f0af1e2a3fa0cf4f630654c,4429.0
DOGEUSDT,2026-07-20,kline_daily,https://data.binance.vision/data/futures/um/daily/klines/DOGEUSDT/15m/DOGEUSDT-15m-2026-07-20.zip,.cache/binance-altcoin-trend-round34/kline_daily/DOGEUSDT/DOGEUSDT-15m-2026-07-20.zip,downloaded_verified,3fab9923137a4e3e526353a8eabdb0170e3c36b00e488d653d57e0a94e8a398d,4677.0
DOGEUSDT,2026-07-21,kline_daily,https://data.binance.vision/data/futures/um/daily/klines/DOGEUSDT/15m/DOGEUSDT-15m-2026-07-21.zip,.cache/binance-altcoin-trend-round34/kline_daily/DOGEUSDT/DOGEUSDT-15m-2026-07-21.zip,downloaded_verified,f7aa57e56f9917c72e8b8796aeded893aa3faa04b5f81ec07617f2de10a334d1,4552.0
DOGEUSDT,2026-07-22,kline_daily,https://data.binance.vision/data/futures/um/daily/klines/DOGEUSDT/15m/DOGEUSDT-15m-2026-07-22.zip,.cache/binance-altcoin-trend-round34/kline_daily/DOGEUSDT/DOGEUSDT-15m-2026-07-22.zip,downloaded_verified,705e89c35bd7a3d5c47122adf9c2e260562f5a508f1a1aab41851dd041f514d0,4603.0
DOGEUSDT,2026-07-23,kline_daily,https://data.binance.vision/data/futures/um/daily/klines/DOGEUSDT/15m/DOGEUSDT-15m-2026-07-23.zip,.cache/binance-altcoin-trend-round34/kline_daily/DOGEUSDT/DOGEUSDT-15m-2026-07-23.zip,downloaded_verified,5f1a39422c29c59a0c6b5eafb470cee155aa889577c2e706e4804c702f113604,4624.0
DOGEUSDT,2026-07-24,kline_daily,https://data.binance.vision/data/futures/um/daily/klines/DOGEUSDT/15m/DOGEUSDT-15m-2026-07-24.zip,.cache/binance-altcoin-trend-round34/kline_daily/DOGEUSDT/DOGEUSDT-15m-2026-07-24.zip,downloaded_verified,da40577d0f8d6d199f4680e3c9b4391b951dc212cc12baa85143191da6c042e5,4623.0
DOGEUSDT,2026-07-25,kline_daily,https://data.binance.vision/data/futures/um/daily/klines/DOGEUSDT/15m/DOGEUSDT-15m-2026-07-25.zip,.cache/binance-altcoin-trend-round34/kline_daily/DOGEUSDT/DOGEUSDT-15m-2026-07-25.zip,downloaded_verified,21cdc4edfde73b8777b6357d87448a6af8d1f679573aa1d3b368391ab20a621d,4625.0
DOGEUSDT,2026-07-26,kline_daily,https://data.binance.vision/data/futures/um/daily/klines/DOGEUSDT/15m/DOGEUSDT-15m-2026-07-26.zip,.cache/binance-altcoin-trend-round34/kline_daily/DOGEUSDT/DOGEUSDT-15m-2026-07-26.zip,downloaded_verified,872c985454d676e58da7a3906cbfecb8ead21354eb116e55c1bb3f6aa5893793,4668.0
BNBUSDT,2023-11,kline_monthly,https://data.binance.vision/data/futures/um/monthly/klines/BNBUSDT/15m/BNBUSDT-15m-2023-11.zip,.cache/binance-altcoin-trend-round34/kline_monthly/BNBUSDT/BNBUSDT-15m-2023-11.zip,downloaded_verified,66da32ca43283b7ec4e2dc6517709f306c6bc458f67f8104efbeb60e98a81cff,123776.0
BNBUSDT,2023-11,funding_monthly,https://data.binance.vision/data/futures/um/monthly/fundingRate/BNBUSDT/BNBUSDT-fundingRate-2023-11.zip,.cache/binance-altcoin-trend-round34/funding_monthly/BNBUSDT/BNBUSDT-fundingRate-2023-11.zip,downloaded_verified,65c9092766c696eddb155142379b696b78b6c48490d984b02976412380dc6df6,899.0
BNBUSDT,2023-12,kline_monthly,https://data.binance.vision/data/futures/um/monthly/klines/BNBUSDT/15m/BNBUSDT-15m-2023-12.zip,.cache/binance-altcoin-trend-round34/kline_monthly/BNBUSDT/BNBUSDT-15m-2023-12.zip,downloaded_verified,331ed66ccd0d4d74f0fb7bf085b7ae88fa6314d6d3a1d6b30447b3a8cae74687,129464.0
BNBUSDT,2023-12,funding_monthly,https://data.binance.vision/data/futures/um/monthly/fundingRate/BNBUSDT/BNBUSDT-fundingRate-2023-12.zip,.cache/binance-altcoin-trend-round34/funding_monthly/BNBUSDT/BNBUSDT-fundingRate-2023-12.zip,downloaded_verified,3292f306a22f3190315e71780b68b88a3ac5c8dda5a05e6f3d768ac21b3d6cf5,950.0
BNBUSDT,2024-01,kline_monthly,https://data.binance.vision/data/futures/um/monthly/klines/BNBUSDT/15m/BNBUSDT-15m-2024-01.zip,.cache/binance-altcoin-trend-round34/kline_monthly/BNBUSDT/BNBUSDT-15m-2024-01.zip,downloaded_verified,018e87a399f71f195fbdeaaa7e9551af955bc7da77944c05c11bad112c936e80,128858.0
BNBUSDT,2024-01,funding_monthly,https://data.binance.vision/data/futures/um/monthly/fundingRate/BNBUSDT/BNBUSDT-fundingRate-2024-01.zip,.cache/binance-altcoin-trend-round34/funding_monthly/BNBUSDT/BNBUSDT-fundingRate-2024-01.zip,downloaded_verified,6ce71612fdc2c2d227b1431ea6c9aec07d6a46ebd7d7650aee5da1a09cd19f90,870.0
BNBUSDT,2024-02,kline_monthly,https://data.binance.vision/data/futures/um/monthly/klines/BNBUSDT/15m/BNBUSDT-15m-2024-02.zip,.cache/binance-altcoin-trend-round34/kline_monthly/BNBUSDT/BNBUSDT-15m-2024-02.zip,downloaded_verified,d39c69f70422beb57d8c6bfe5b96318678a623cb36e7ae4ac4bde405a0a3f11d,120113.0
BNBUSDT,2024-02,funding_monthly,https://data.binance.vision/data/futures/um/monthly/fundingRate/BNBUSDT/BNBUSDT-fundingRate-2024-02.zip,.cache/binance-altcoin-trend-round34/funding_monthly/BNBUSDT/BNBUSDT-fundingRate-2024-02.zip,downloaded_verified,1d99928f6340abc95946545f51fadb59f2183f984b8117d5ce39456d26884250,844.0
BNBUSDT,2024-03,kline_monthly,https://data.binance.vision/data/futures/um/monthly/klines/BNBUSDT/15m/BNBUSDT-15m-2024-03.zip,.cache/binance-altcoin-trend-round34/kline_monthly/BNBUSDT/BNBUSDT-15m-2024-03.zip,downloaded_verified,c2ff38a4883825c4a462d6d6cb0ba74104b231087bbddd05807a5797e1f53ba6,134639.0
BNBUSDT,2024-03,funding_monthly,https://data.binance.vision/data/futures/um/monthly/fundingRate/BNBUSDT/BNBUSDT-fundingRate-2024-03.zip,.cache/binance-altcoin-trend-round34/funding_monthly/BNBUSDT/BNBUSDT-fundingRate-2024-03.zip,downloaded_verified,ae596433406d0e00bf66f4430c7f51f8d03b4d2a395949ce29d8765554ad7195,931.0
BNBUSDT,2024-04,kline_monthly,https://data.binance.vision/data/futures/um/monthly/klines/BNBUSDT/15m/BNBUSDT-15m-2024-04.zip,.cache/binance-altcoin-trend-round34/kline_monthly/BNBUSDT/BNBUSDT-15m-2024-04.zip,downloaded_verified,ac937e96af8ae2a04b994cb9b02f5f9e06d0c61204e3e6c2d4921e4775f130a4,128576.0
BNBUSDT,2024-04,funding_monthly,https://data.binance.vision/data/futures/um/monthly/fundingRate/BNBUSDT/BNBUSDT-fundingRate-2024-04.zip,.cache/binance-altcoin-trend-round34/funding_monthly/BNBUSDT/BNBUSDT-fundingRate-2024-04.zip,downloaded_verified,97e66b580deae706cbf1b56b21a71668d5587a7db68bf69d01ef1db5045125bd,905.0
BNBUSDT,2024-05,kline_monthly,https://data.binance.vision/data/futures/um/monthly/klines/BNBUSDT/15m/BNBUSDT-15m-2024-05.zip,.cache/binance-altcoin-trend-round34/kline_monthly/BNBUSDT/BNBUSDT-15m-2024-05.zip,downloaded_verified,eb71d26a926ed5b5cc63dfc1c79a275d34b0752a6de598a967c941cffa48d617,128795.0
BNBUSDT,2024-05,funding_monthly,https://data.binance.vision/data/futures/um/monthly/fundingRate/BNBUSDT/BNBUSDT-fundingRate-2024-05.zip,.cache/binance-altcoin-trend-round34/funding_monthly/BNBUSDT/BNBUSDT-fundingRate-2024-05.zip,downloaded_verified,4ebe1a295be42c705739ff3717b113661513eee0560a17936697568cd2c06ae0,867.0
BNBUSDT,2024-06,kline_monthly,https://data.binance.vision/data/futures/um/monthly/klines/BNBUSDT/15m/BNBUSDT-15m-2024-06.zip,.cache/binance-altcoin-trend-round34/kline_monthly/BNBUSDT/BNBUSDT-15m-2024-06.zip,downloaded_verified,3e34be60345cd5960bcae7cec4af5ec9d6d5a357d5d2f1f672887bf815f2eb72,125801.0
BNBUSDT,2024-06,funding_monthly,https://data.binance.vision/data/futures/um/monthly/fundingRate/BNBUSDT/BNBUSDT-fundingRate-2024-06.zip,.cache/binance-altcoin-trend-round34/funding_monthly/BNBUSDT/BNBUSDT-fundingRate-2024-06.zip,downloaded_verified,bc5d4b47ffa9c6e6b30147dbb3c93f63a27b071428445ed6e57339a86745a9e0,702.0
BNBUSDT,2024-07,kline_monthly,https://data.binance.vision/data/futures/um/monthly/klines/BNBUSDT/15m/BNBUSDT-15m-2024-07.zip,.cache/binance-altcoin-trend-round34/kline_monthly/BNBUSDT/BNBUSDT-15m-2024-07.zip,downloaded_verified,a863d843080c567cb863553b197c667069c59f0c2705e14e575f7554e91450bf,129221.0
BNBUSDT,2024-07,funding_monthly,https://data.binance.vision/data/futures/um/monthly/fundingRate/BNBUSDT/BNBUSDT-fundingRate-2024-07.zip,.cache/binance-altcoin-trend-round34/funding_monthly/BNBUSDT/BNBUSDT-fundingRate-2024-07.zip,downloaded_verified,ba2e909430ca421202cc86b658d242bdcb03cf15f729fd5bdaf6b11bc7117243,667.0
BNBUSDT,2024-08,kline_monthly,https://data.binance.vision/data/futures/um/monthly/klines/BNBUSDT/15m/BNBUSDT-15m-2024-08.zip,.cache/binance-altcoin-trend-round34/kline_monthly/BNBUSDT/BNBUSDT-15m-2024-08.zip,downloaded_verified,820ca6f2863af91ba0a2ac26bd05a39aabf04bc242952a4dc0f75653a5493ab1,130485.0
BNBUSDT,2024-08,funding_monthly,https://data.binance.vision/data/futures/um/monthly/fundingRate/BNBUSDT/BNBUSDT-fundingRate-2024-08.zip,.cache/binance-altcoin-trend-round34/funding_monthly/BNBUSDT/BNBUSDT-fundingRate-2024-08.zip,downloaded_verified,5b1c28afa6becb9c4303fb2438c39461b199a48a0992bccb5e1e4be344b7a931,706.0
BNBUSDT,2024-09,kline_monthly,https://data.binance.vision/data/futures/um/monthly/klines/BNBUSDT/15m/BNBUSDT-15m-2024-09.zip,.cache/binance-altcoin-trend-round34/kline_monthly/BNBUSDT/BNBUSDT-15m-2024-09.zip,downloaded_verified,8d11ab86463922f5414ad5528d230994bfd40af75b6d4de26829c77847102961,125310.0
BNBUSDT,2024-09,funding_monthly,https://data.binance.vision/data/futures/um/monthly/fundingRate/BNBUSDT/BNBUSDT-fundingRate-2024-09.zip,.cache/binance-altcoin-trend-round34/funding_monthly/BNBUSDT/BNBUSDT-fundingRate-2024-09.zip,downloaded_verified,2c9e13fa39b3956ea76d29074e26e0ccc6abbd3e235d752aa63b383de29a4d80,704.0
BNBUSDT,2024-10,kline_monthly,https://data.binance.vision/data/futures/um/monthly/klines/BNBUSDT/15m/BNBUSDT-15m-2024-10.zip,.cache/binance-altcoin-trend-round34/kline_monthly/BNBUSDT/BNBUSDT-15m-2024-10.zip,downloaded_verified,6159f32bfb79de1515ce401620e73de403dcb30b1163871416f5fab0e3e496cc,127916.0
BNBUSDT,2024-10,funding_monthly,https://data.binance.vision/data/futures/um/monthly/fundingRate/BNBUSDT/BNBUSDT-fundingRate-2024-10.zip,.cache/binance-altcoin-trend-round34/funding_monthly/BNBUSDT/BNBUSDT-fundingRate-2024-10.zip,downloaded_verified,ac53012800835002672b559455766f73eb30cce3b4b75a30e8d834f03cc3ba1c,727.0
BNBUSDT,2024-11,kline_monthly,https://data.binance.vision/data/futures/um/monthly/klines/BNBUSDT/15m/BNBUSDT-15m-2024-11.zip,.cache/binance-altcoin-trend-round34/kline_monthly/BNBUSDT/BNBUSDT-15m-2024-11.zip,downloaded_verified,4c16d6fccf339fb8bb547abf78575b099e4c2e1cdf77e1741dc60c1eefe35331,128890.0
BNBUSDT,2024-11,funding_monthly,https://data.binance.vision/data/futures/um/monthly/fundingRate/BNBUSDT/BNBUSDT-fundingRate-2024-11.zip,.cache/binance-altcoin-trend-round34/funding_monthly/BNBUSDT/BNBUSDT-fundingRate-2024-11.zip,downloaded_verified,ca02937135f8d51991e96290cd527ba8cfba3e6ca6bdf08247c88bdc88fdfc09,863.0
BNBUSDT,2024-12,kline_monthly,https://data.binance.vision/data/futures/um/monthly/klines/BNBUSDT/15m/BNBUSDT-15m-2024-12.zip,.cache/binance-altcoin-trend-round34/kline_monthly/BNBUSDT/BNBUSDT-15m-2024-12.zip,downloaded_verified,be34a9c799d46f8f7e9b3a5d499c947ad01d7aa504e82041181743aa25e01e51,134015.0
BNBUSDT,2024-12,funding_monthly,https://data.binance.vision/data/futures/um/monthly/fundingRate/BNBUSDT/BNBUSDT-fundingRate-2024-12.zip,.cache/binance-altcoin-trend-round34/funding_monthly/BNBUSDT/BNBUSDT-fundingRate-2024-12.zip,downloaded_verified,9bad523573121ac9a255adac4574e4ea8545ab77807d6ccd8ac132771b6f0c7b,873.0
BNBUSDT,2025-01,kline_monthly,https://data.binance.vision/data/futures/um/monthly/klines/BNBUSDT/15m/BNBUSDT-15m-2025-01.zip,.cache/binance-altcoin-trend-round34/kline_monthly/BNBUSDT/BNBUSDT-15m-2025-01.zip,downloaded_verified,7a9c38e1f06ef095d03e010d64aaa96e0dad8a796c5110c5454962f6a2a7ad46,129932.0
BNBUSDT,2025-01,funding_monthly,https://data.binance.vision/data/futures/um/monthly/fundingRate/BNBUSDT/BNBUSDT-fundingRate-2025-01.zip,.cache/binance-altcoin-trend-round34/funding_monthly/BNBUSDT/BNBUSDT-fundingRate-2025-01.zip,downloaded_verified,74544eee335ba817f34c28bad187eabc9c19b730a84e875eb636499944198479,776.0
BNBUSDT,2025-02,kline_monthly,https://data.binance.vision/data/futures/um/monthly/klines/BNBUSDT/15m/BNBUSDT-15m-2025-02.zip,.cache/binance-altcoin-trend-round34/kline_monthly/BNBUSDT/BNBUSDT-15m-2025-02.zip,downloaded_verified,7cfd5e89d91ae26524ea303a98be84f20f3007038e751cd165a68acb1df0f917,120510.0
BNBUSDT,2025-02,funding_monthly,https://data.binance.vision/data/futures/um/monthly/fundingRate/BNBUSDT/BNBUSDT-fundingRate-2025-02.zip,.cache/binance-altcoin-trend-round34/funding_monthly/BNBUSDT/BNBUSDT-fundingRate-2025-02.zip,downloaded_verified,b5094d4dfe17e0b07b4a4cfeca6baef32a96711b824ea45e1c9bcf80db0d2b06,750.0
BNBUSDT,2025-03,kline_monthly,https://data.binance.vision/data/futures/um/monthly/klines/BNBUSDT/15m/BNBUSDT-15m-2025-03.zip,.cache/binance-altcoin-trend-round34/kline_monthly/BNBUSDT/BNBUSDT-15m-2025-03.zip,downloaded_verified,fba01faac3d0bf1af389c8faa1e510753c237b18085280558a13b13986f64402,131396.0
BNBUSDT,2025-03,funding_monthly,https://data.binance.vision/data/futures/um/monthly/fundingRate/BNBUSDT/BNBUSDT-fundingRate-2025-03.zip,.cache/binance-altcoin-trend-round34/funding_monthly/BNBUSDT/BNBUSDT-fundingRate-2025-03.zip,downloaded_verified,8bd05f64e15a3f1731d75ad21dea232b6ae9e93cff351a0699a4c1ab0dc0d2ea,843.0
BNBUSDT,2025-04,kline_monthly,https://data.binance.vision/data/futures/um/monthly/klines/BNBUSDT/15m/BNBUSDT-15m-2025-04.zip,.cache/binance-altcoin-trend-round34/kline_monthly/BNBUSDT/BNBUSDT-15m-2025-04.zip,downloaded_verified,1027448261aacfb1652b55a8212e0b8700b511d33b44e2a45be4de1f347d89d5,124536.0
BNBUSDT,2025-04,funding_monthly,https://data.binance.vision/data/futures/um/monthly/fundingRate/BNBUSDT/BNBUSDT-fundingRate-2025-04.zip,.cache/binance-altcoin-trend-round34/funding_monthly/BNBUSDT/BNBUSDT-fundingRate-2025-04.zip,downloaded_verified,d5b35805679bb3a410fce7ddb370ce4b6f69bc37233e4ffde4eec40f524e3ff2,751.0
BNBUSDT,2025-05,kline_monthly,https://data.binance.vision/data/futures/um/monthly/klines/BNBUSDT/15m/BNBUSDT-15m-2025-05.zip,.cache/binance-altcoin-trend-round34/kline_monthly/BNBUSDT/BNBUSDT-15m-2025-05.zip,downloaded_verified,bb9d2ba29025c52ff66945b182f2273488b548868fbc2ed2df90e344fdfad6a8,129270.0
BNBUSDT,2025-05,funding_monthly,https://data.binance.vision/data/futures/um/monthly/fundingRate/BNBUSDT/BNBUSDT-fundingRate-2025-05.zip,.cache/binance-altcoin-trend-round34/funding_monthly/BNBUSDT/BNBUSDT-fundingRate-2025-05.zip,downloaded_verified,fc9a418d195865c4a61e0c858c56dfa62dab80c4d5f0df37cd71aed1173fd37b,745.0
BNBUSDT,2025-06,kline_monthly,https://data.binance.vision/data/futures/um/monthly/klines/BNBUSDT/15m/BNBUSDT-15m-2025-06.zip,.cache/binance-altcoin-trend-round34/kline_monthly/BNBUSDT/BNBUSDT-15m-2025-06.zip,downloaded_verified,74f16bf50fdfb93311481df70aa4ec93f5c1d7f8512118b70d6d8c40edc64350,122766.0
BNBUSDT,2025-06,funding_monthly,https://data.binance.vision/data/futures/um/monthly/fundingRate/BNBUSDT/BNBUSDT-fundingRate-2025-06.zip,.cache/binance-altcoin-trend-round34/funding_monthly/BNBUSDT/BNBUSDT-fundingRate-2025-06.zip,downloaded_verified,2ea8b6a079ab89270eeeecee1bd47128cbf585ada1bc65a1b657b76061e12c04,762.0
BNBUSDT,2025-07,kline_monthly,https://data.binance.vision/data/futures/um/monthly/klines/BNBUSDT/15m/BNBUSDT-15m-2025-07.zip,.cache/binance-altcoin-trend-round34/kline_monthly/BNBUSDT/BNBUSDT-15m-2025-07.zip,downloaded_verified,5eb3c42c521d5ce8c7bf54c7a023db7080be348c92dca072174b9ded7e84dfcb,129975.0
BNBUSDT,2025-07,funding_monthly,https://data.binance.vision/data/futures/um/monthly/fundingRate/BNBUSDT/BNBUSDT-fundingRate-2025-07.zip,.cache/binance-altcoin-trend-round34/funding_monthly/BNBUSDT/BNBUSDT-fundingRate-2025-07.zip,downloaded_verified,014c717df6ca0fbc5c8850a22741cf07b425af5aeec07de42265f7a70aa9fd39,808.0
BNBUSDT,2025-08,kline_monthly,https://data.binance.vision/data/futures/um/monthly/klines/BNBUSDT/15m/BNBUSDT-15m-2025-08.zip,.cache/binance-altcoin-trend-round34/kline_monthly/BNBUSDT/BNBUSDT-15m-2025-08.zip,downloaded_verified,c0e024090b7eaa5d3634fcbf1c4cde94c1772dee51ce4fd9d36a718aa2a08747,131504.0
BNBUSDT,2025-08,funding_monthly,https://data.binance.vision/data/futures/um/monthly/fundingRate/BNBUSDT/BNBUSDT-fundingRate-2025-08.zip,.cache/binance-altcoin-trend-round34/funding_monthly/BNBUSDT/BNBUSDT-fundingRate-2025-08.zip,downloaded_verified,1ca07a28c070cd092a04c4e002f5d7ae123c45a149f385c3b316ba1b9cd0a7b6,836.0
BNBUSDT,2025-09,kline_monthly,https://data.binance.vision/data/futures/um/monthly/klines/BNBUSDT/15m/BNBUSDT-15m-2025-09.zip,.cache/binance-altcoin-trend-round34/kline_monthly/BNBUSDT/BNBUSDT-15m-2025-09.zip,downloaded_verified,f2216f0bc3591bc86871f03933bd894c567e72bb971ce3cae591c69e1d6de2ad,128001.0
BNBUSDT,2025-09,funding_monthly,https://data.binance.vision/data/futures/um/monthly/fundingRate/BNBUSDT/BNBUSDT-fundingRate-2025-09.zip,.cache/binance-altcoin-trend-round34/funding_monthly/BNBUSDT/BNBUSDT-fundingRate-2025-09.zip,downloaded_verified,e87adf5d21d31f7c49739eb0cffb7347284bdb2d981d4ab8d2cde6cdfe94d4af,809.0
BNBUSDT,2025-10,kline_monthly,https://data.binance.vision/data/futures/um/monthly/klines/BNBUSDT/15m/BNBUSDT-15m-2025-10.zip,.cache/binance-altcoin-trend-round34/kline_monthly/BNBUSDT/BNBUSDT-15m-2025-10.zip,downloaded_verified,ca505d622072cb52fe0b912d9de4ca80cd766c488d68a73749a469c7fb455b71,138730.0
BNBUSDT,2025-10,funding_monthly,https://data.binance.vision/data/futures/um/monthly/fundingRate/BNBUSDT/BNBUSDT-fundingRate-2025-10.zip,.cache/binance-altcoin-trend-round34/funding_monthly/BNBUSDT/BNBUSDT-fundingRate-2025-10.zip,downloaded_verified,6c45db6d53c47e1413c842bffba176aa58d8fe5bef0b1326ce5a4acb5b9abaef,836.0
BNBUSDT,2025-11,kline_monthly,https://data.binance.vision/data/futures/um/monthly/klines/BNBUSDT/15m/BNBUSDT-15m-2025-11.zip,.cache/binance-altcoin-trend-round34/kline_monthly/BNBUSDT/BNBUSDT-15m-2025-11.zip,downloaded_verified,12f950e770934ba30bf043638e735d7acb42dedf38a0678cdf4df753dac4c6e3,129514.0
BNBUSDT,2025-11,funding_monthly,https://data.binance.vision/data/futures/um/monthly/fundingRate/BNBUSDT/BNBUSDT-fundingRate-2025-11.zip,.cache/binance-altcoin-trend-round34/funding_monthly/BNBUSDT/BNBUSDT-fundingRate-2025-11.zip,downloaded_verified,e1bb556f0d0b00f4615c41048dc71377b91ea43351100c90a3750efd519d7682,787.0
BNBUSDT,2025-12,kline_monthly,https://data.binance.vision/data/futures/um/monthly/klines/BNBUSDT/15m/BNBUSDT-15m-2025-12.zip,.cache/binance-altcoin-trend-round34/kline_monthly/BNBUSDT/BNBUSDT-15m-2025-12.zip,downloaded_verified,5c6d80d9215832797752f5a647dee0407cac991b28dc3c1c31eb7db7bfdc1777,130180.0
BNBUSDT,2025-12,funding_monthly,https://data.binance.vision/data/futures/um/monthly/fundingRate/BNBUSDT/BNBUSDT-fundingRate-2025-12.zip,.cache/binance-altcoin-trend-round34/funding_monthly/BNBUSDT/BNBUSDT-fundingRate-2025-12.zip,downloaded_verified,18000c78612678f3daf1b493828f2c61f0e680f2a23f6bde34a4624504f228e5,791.0
BNBUSDT,2026-01,kline_monthly,https://data.binance.vision/data/futures/um/monthly/klines/BNBUSDT/15m/BNBUSDT-15m-2026-01.zip,.cache/binance-altcoin-trend-round34/kline_monthly/BNBUSDT/BNBUSDT-15m-2026-01.zip,downloaded_verified,3302a77b3af0391f4f88c45a686f531de7a1e208e04e83ccda771a20d72f7616,129936.0
BNBUSDT,2026-01,funding_monthly,https://data.binance.vision/data/futures/um/monthly/fundingRate/BNBUSDT/BNBUSDT-fundingRate-2026-01.zip,.cache/binance-altcoin-trend-round34/funding_monthly/BNBUSDT/BNBUSDT-fundingRate-2026-01.zip,downloaded_verified,b7fc86f2e15ed637796db819d03ec7fba66f2651ad1077cb143e2cd4bafc7e1d,856.0
BNBUSDT,2026-02,kline_monthly,https://data.binance.vision/data/futures/um/monthly/klines/BNBUSDT/15m/BNBUSDT-15m-2026-02.zip,.cache/binance-altcoin-trend-round34/kline_monthly/BNBUSDT/BNBUSDT-15m-2026-02.zip,downloaded_verified,4be571a245dbcb73be9c671056b3a501490dcbb0f88e63f36a94e205c15e0ece,119745.0
BNBUSDT,2026-02,funding_monthly,https://data.binance.vision/data/futures/um/monthly/fundingRate/BNBUSDT/BNBUSDT-fundingRate-2026-02.zip,.cache/binance-altcoin-trend-round34/funding_monthly/BNBUSDT/BNBUSDT-fundingRate-2026-02.zip,downloaded_verified,1b474640f9646c08f2dac80db4b4716303972dbf35613f5c7da948e2f858b646,663.0
BNBUSDT,2026-03,kline_monthly,https://data.binance.vision/data/futures/um/monthly/klines/BNBUSDT/15m/BNBUSDT-15m-2026-03.zip,.cache/binance-altcoin-trend-round34/kline_monthly/BNBUSDT/BNBUSDT-15m-2026-03.zip,downloaded_verified,ecf8c70031ba5d36cd70a93e1023eaea15cf8fbae42403e861edd617dc026a35,129299.0
BNBUSDT,2026-03,funding_monthly,https://data.binance.vision/data/futures/um/monthly/fundingRate/BNBUSDT/BNBUSDT-fundingRate-2026-03.zip,.cache/binance-altcoin-trend-round34/funding_monthly/BNBUSDT/BNBUSDT-fundingRate-2026-03.zip,downloaded_verified,19e6e88c1a0c318fee6b8c570ed39fbfd4e3dcbcd917e0738347c3b03fad52c3,708.0
BNBUSDT,2026-04,kline_monthly,https://data.binance.vision/data/futures/um/monthly/klines/BNBUSDT/15m/BNBUSDT-15m-2026-04.zip,.cache/binance-altcoin-trend-round34/kline_monthly/BNBUSDT/BNBUSDT-15m-2026-04.zip,downloaded_verified,ab293f08ba196b29d4d164189c07360ad443e840c58cca4db26f2761ae4e17a3,123370.0
BNBUSDT,2026-04,funding_monthly,https://data.binance.vision/data/futures/um/monthly/fundingRate/BNBUSDT/BNBUSDT-fundingRate-2026-04.zip,.cache/binance-altcoin-trend-round34/funding_monthly/BNBUSDT/BNBUSDT-fundingRate-2026-04.zip,downloaded_verified,64ad28743203161c89a5c64582ed14a599a5d47addcffc3f7e2f07063ef9bb2b,818.0
BNBUSDT,2026-05,kline_monthly,https://data.binance.vision/data/futures/um/monthly/klines/BNBUSDT/15m/BNBUSDT-15m-2026-05.zip,.cache/binance-altcoin-trend-round34/kline_monthly/BNBUSDT/BNBUSDT-15m-2026-05.zip,downloaded_verified,af87367b3470893af159d7352003ba351bf1c147d9d1cbedd76d0c88a8834efd,128535.0
BNBUSDT,2026-05,funding_monthly,https://data.binance.vision/data/futures/um/monthly/fundingRate/BNBUSDT/BNBUSDT-fundingRate-2026-05.zip,.cache/binance-altcoin-trend-round34/funding_monthly/BNBUSDT/BNBUSDT-fundingRate-2026-05.zip,downloaded_verified,b62dd555a8c1ecc25644f529e4cd351a835aeabaa70258909d9f1c328f427cd8,908.0
BNBUSDT,2026-06,kline_monthly,https://data.binance.vision/data/futures/um/monthly/klines/BNBUSDT/15m/BNBUSDT-15m-2026-06.zip,.cache/binance-altcoin-trend-round34/kline_monthly/BNBUSDT/BNBUSDT-15m-2026-06.zip,downloaded_verified,70281dcb771df1d572ddf9fe3a5fa1442a60162917c5954335edd433638f27cc,126062.0
BNBUSDT,2026-06,funding_monthly,https://data.binance.vision/data/futures/um/monthly/fundingRate/BNBUSDT/BNBUSDT-fundingRate-2026-06.zip,.cache/binance-altcoin-trend-round34/funding_monthly/BNBUSDT/BNBUSDT-fundingRate-2026-06.zip,downloaded_verified,fffa72378e35dd0fc6faf22e8e7b5b22794201124e4727da92d6cb2b591459be,777.0
BNBUSDT,2026-07-01,kline_daily,https://data.binance.vision/data/futures/um/daily/klines/BNBUSDT/15m/BNBUSDT-15m-2026-07-01.zip,.cache/binance-altcoin-trend-round34/kline_daily/BNBUSDT/BNBUSDT-15m-2026-07-01.zip,downloaded_verified,cbb25afbfb07ff1e1eaa10fa4094e657488436a6a0920b5690635f6935aa141f,4624.0
BNBUSDT,2026-07-02,kline_daily,https://data.binance.vision/data/futures/um/daily/klines/BNBUSDT/15m/BNBUSDT-15m-2026-07-02.zip,.cache/binance-altcoin-trend-round34/kline_daily/BNBUSDT/BNBUSDT-15m-2026-07-02.zip,downloaded_verified,897a636488b756858fbd338dc825f70b45783b69758cd617a89691139b2132fd,4598.0
BNBUSDT,2026-07-03,kline_daily,https://data.binance.vision/data/futures/um/daily/klines/BNBUSDT/15m/BNBUSDT-15m-2026-07-03.zip,.cache/binance-altcoin-trend-round34/kline_daily/BNBUSDT/BNBUSDT-15m-2026-07-03.zip,downloaded_verified,05a7ac962c793f710217e3eea60d83918b65f8ffaf8e49ad9dfec83ed3add938,4508.0
BNBUSDT,2026-07-04,kline_daily,https://data.binance.vision/data/futures/um/daily/klines/BNBUSDT/15m/BNBUSDT-15m-2026-07-04.zip,.cache/binance-altcoin-trend-round34/kline_daily/BNBUSDT/BNBUSDT-15m-2026-07-04.zip,downloaded_verified,010a3fae5441495c685b320830d6e7f434842b368a58436f83806a1b3322d28b,4473.0
BNBUSDT,2026-07-05,kline_daily,https://data.binance.vision/data/futures/um/daily/klines/BNBUSDT/15m/BNBUSDT-15m-2026-07-05.zip,.cache/binance-altcoin-trend-round34/kline_daily/BNBUSDT/BNBUSDT-15m-2026-07-05.zip,downloaded_verified,36b86fe95b383e6317f31bb9f0a9f9ad6d2ecd1e7a9dfe1e24b7cec73791e8aa,4627.0
BNBUSDT,2026-07-06,kline_daily,https://data.binance.vision/data/futures/um/daily/klines/BNBUSDT/15m/BNBUSDT-15m-2026-07-06.zip,.cache/binance-altcoin-trend-round34/kline_daily/BNBUSDT/BNBUSDT-15m-2026-07-06.zip,downloaded_verified,e05eb060ccc519bfffbeecb16d08563d7b9f8e8f1bf9a442fc49105b9e8edaa6,4619.0
BNBUSDT,2026-07-07,kline_daily,https://data.binance.vision/data/futures/um/daily/klines/BNBUSDT/15m/BNBUSDT-15m-2026-07-07.zip,.cache/binance-altcoin-trend-round34/kline_daily/BNBUSDT/BNBUSDT-15m-2026-07-07.zip,downloaded_verified,b95fac6514a4e591caf48bc958e98f943c9fae1dc093a27cf6689e4005cf665c,4555.0
BNBUSDT,2026-07-08,kline_daily,https://data.binance.vision/data/futures/um/daily/klines/BNBUSDT/15m/BNBUSDT-15m-2026-07-08.zip,.cache/binance-altcoin-trend-round34/kline_daily/BNBUSDT/BNBUSDT-15m-2026-07-08.zip,downloaded_verified,52235a52f821b6303f3a1e8fae57ff494803d682231ebd467ca594c7225d9d84,4532.0
BNBUSDT,2026-07-09,kline_daily,https://data.binance.vision/data/futures/um/daily/klines/BNBUSDT/15m/BNBUSDT-15m-2026-07-09.zip,.cache/binance-altcoin-trend-round34/kline_daily/BNBUSDT/BNBUSDT-15m-2026-07-09.zip,downloaded_verified,f2d97fb55722e4473f4bf5c1d15cf23243bbfaf62a927fbeac86bfad85a2c525,4467.0
BNBUSDT,2026-07-10,kline_daily,https://data.binance.vision/data/futures/um/daily/klines/BNBUSDT/15m/BNBUSDT-15m-2026-07-10.zip,.cache/binance-altcoin-trend-round34/kline_daily/BNBUSDT/BNBUSDT-15m-2026-07-10.zip,downloaded_verified,6175d12ed4b9a084767945207c6ea50726e0f92ab769b601ade13af98770f3ec,4398.0
BNBUSDT,2026-07-11,kline_daily,https://data.binance.vision/data/futures/um/daily/klines/BNBUSDT/15m/BNBUSDT-15m-2026-07-11.zip,.cache/binance-altcoin-trend-round34/kline_daily/BNBUSDT/BNBUSDT-15m-2026-07-11.zip,downloaded_verified,67c9963e253f35a8f684fc0ba04d6624924a7120072433bc5c7c7c402cbad4d3,4402.0
BNBUSDT,2026-07-12,kline_daily,https://data.binance.vision/data/futures/um/daily/klines/BNBUSDT/15m/BNBUSDT-15m-2026-07-12.zip,.cache/binance-altcoin-trend-round34/kline_daily/BNBUSDT/BNBUSDT-15m-2026-07-12.zip,downloaded_verified,5aca53724113fc373a596df0332bb1d5266ee5bcc7a72375af5522197431d26e,4492.0
BNBUSDT,2026-07-13,kline_daily,https://data.binance.vision/data/futures/um/daily/klines/BNBUSDT/15m/BNBUSDT-15m-2026-07-13.zip,.cache/binance-altcoin-trend-round34/kline_daily/BNBUSDT/BNBUSDT-15m-2026-07-13.zip,downloaded_verified,2499ba6138ee43ab06c0aea35f78abafc5e40614a4b1ab28f735001086ccfa22,4504.0
BNBUSDT,2026-07-14,kline_daily,https://data.binance.vision/data/futures/um/daily/klines/BNBUSDT/15m/BNBUSDT-15m-2026-07-14.zip,.cache/binance-altcoin-trend-round34/kline_daily/BNBUSDT/BNBUSDT-15m-2026-07-14.zip,downloaded_verified,495d6777c88728feefb841ef7cb23a7b3b031d394433123f79546fb21b458115,4459.0
BNBUSDT,2026-07-15,kline_daily,https://data.binance.vision/data/futures/um/daily/klines/BNBUSDT/15m/BNBUSDT-15m-2026-07-15.zip,.cache/binance-altcoin-trend-round34/kline_daily/BNBUSDT/BNBUSDT-15m-2026-07-15.zip,downloaded_verified,6a2b3436a6796a372ebb34d615485f0265ad4b84dc022920858d2d3297619cc7,4470.0
BNBUSDT,2026-07-16,kline_daily,https://data.binance.vision/data/futures/um/daily/klines/BNBUSDT/15m/BNBUSDT-15m-2026-07-16.zip,.cache/binance-altcoin-trend-round34/kline_daily/BNBUSDT/BNBUSDT-15m-2026-07-16.zip,downloaded_verified,877e856df59fb9fb0aeb877675f239a29e9dc493ad9cb87885ecdd49eeca68d6,4482.0
BNBUSDT,2026-07-17,kline_daily,https://data.binance.vision/data/futures/um/daily/klines/BNBUSDT/15m/BNBUSDT-15m-2026-07-17.zip,.cache/binance-altcoin-trend-round34/kline_daily/BNBUSDT/BNBUSDT-15m-2026-07-17.zip,downloaded_verified,e5a7ce952688989b4f9ec0d60709a9d07fe9af8afbad6e06e29144ba0a80773c,4527.0
BNBUSDT,2026-07-18,kline_daily,https://data.binance.vision/data/futures/um/daily/klines/BNBUSDT/15m/BNBUSDT-15m-2026-07-18.zip,.cache/binance-altcoin-trend-round34/kline_daily/BNBUSDT/BNBUSDT-15m-2026-07-18.zip,downloaded_verified,64ab1442910a6e236cc52aa1d69ad4b4b6b31a7dfeae8f98185ae64cf0305689,4365.0
BNBUSDT,2026-07-19,kline_daily,https://data.binance.vision/data/futures/um/daily/klines/BNBUSDT/15m/BNBUSDT-15m-2026-07-19.zip,.cache/binance-altcoin-trend-round34/kline_daily/BNBUSDT/BNBUSDT-15m-2026-07-19.zip,downloaded_verified,a4991669318cced9ef633fafa6fa0850bb13395271abf7bf69631c4ef2b738dd,4338.0
BNBUSDT,2026-07-20,kline_daily,https://data.binance.vision/data/futures/um/daily/klines/BNBUSDT/15m/BNBUSDT-15m-2026-07-20.zip,.cache/binance-altcoin-trend-round34/kline_daily/BNBUSDT/BNBUSDT-15m-2026-07-20.zip,downloaded_verified,0042d886d36c32db128218f29cd2a4d17ee8959ed38933d6cb58395d03c22e86,4515.0
BNBUSDT,2026-07-21,kline_daily,https://data.binance.vision/data/futures/um/daily/klines/BNBUSDT/15m/BNBUSDT-15m-2026-07-21.zip,.cache/binance-altcoin-trend-round34/kline_daily/BNBUSDT/BNBUSDT-15m-2026-07-21.zip,downloaded_verified,94363309b5eb57e5efe155d539b9e3f08a125a9aa25daf2333bb82bbc5aa18f5,4440.0
BNBUSDT,2026-07-22,kline_daily,https://data.binance.vision/data/futures/um/daily/klines/BNBUSDT/15m/BNBUSDT-15m-2026-07-22.zip,.cache/binance-altcoin-trend-round34/kline_daily/BNBUSDT/BNBUSDT-15m-2026-07-22.zip,downloaded_verified,7fe0ed0c90980e281472c158e342d6e7ca109073160501b6404d454a0abd2d55,4465.0
BNBUSDT,2026-07-23,kline_daily,https://data.binance.vision/data/futures/um/daily/klines/BNBUSDT/15m/BNBUSDT-15m-2026-07-23.zip,.cache/binance-altcoin-trend-round34/kline_daily/BNBUSDT/BNBUSDT-15m-2026-07-23.zip,downloaded_verified,324032849dfe0555465f93926da13bd704d9b3dc012c52a669c935a040a207d9,4368.0
BNBUSDT,2026-07-24,kline_daily,https://data.binance.vision/data/futures/um/daily/klines/BNBUSDT/15m/BNBUSDT-15m-2026-07-24.zip,.cache/binance-altcoin-trend-round34/kline_daily/BNBUSDT/BNBUSDT-15m-2026-07-24.zip,downloaded_verified,c3cb3389713228c1503cf346383a99b783b0ee3721644c6f6cbd249cfab15e52,4466.0
BNBUSDT,2026-07-25,kline_daily,https://data.binance.vision/data/futures/um/daily/klines/BNBUSDT/15m/BNBUSDT-15m-2026-07-25.zip,.cache/binance-altcoin-trend-round34/kline_daily/BNBUSDT/BNBUSDT-15m-2026-07-25.zip,downloaded_verified,c715bc1bdf1068d7298cfe78698ea5cbe135d11e88d967d410905b3a55554d9c,4295.0
BNBUSDT,2026-07-26,kline_daily,https://data.binance.vision/data/futures/um/daily/klines/BNBUSDT/15m/BNBUSDT-15m-2026-07-26.zip,.cache/binance-altcoin-trend-round34/kline_daily/BNBUSDT/BNBUSDT-15m-2026-07-26.zip,downloaded_verified,e00e3daa156f777d991418e4fe83124db09e3a65eb984ddd68b59396eae3c70f,4355.0
SUIUSDT,2023-11,kline_monthly,https://data.binance.vision/data/futures/um/monthly/klines/SUIUSDT/15m/SUIUSDT-15m-2023-11.zip,.cache/binance-altcoin-trend-round34/kline_monthly/SUIUSDT/SUIUSDT-15m-2023-11.zip,downloaded_verified,dec46cdb0760bf03cdaf42dcc0c25ff42445e705c9d8abd9d9fa4a45c925e19a,130714.0
SUIUSDT,2023-11,funding_monthly,https://data.binance.vision/data/futures/um/monthly/fundingRate/SUIUSDT/SUIUSDT-fundingRate-2023-11.zip,.cache/binance-altcoin-trend-round34/funding_monthly/SUIUSDT/SUIUSDT-fundingRate-2023-11.zip,downloaded_verified,aa94a03d0110c6651b4363aa8f3b7737325f875c307785c4cd7ff70fb943e966,771.0
SUIUSDT,2023-12,kline_monthly,https://data.binance.vision/data/futures/um/monthly/klines/SUIUSDT/15m/SUIUSDT-15m-2023-12.zip,.cache/binance-altcoin-trend-round34/kline_monthly/SUIUSDT/SUIUSDT-15m-2023-12.zip,downloaded_verified,570e32732ebde0c34436901eb3ad4fab61f1f96e7ea133491042880b306e627e,135392.0
SUIUSDT,2023-12,funding_monthly,https://data.binance.vision/data/futures/um/monthly/fundingRate/SUIUSDT/SUIUSDT-fundingRate-2023-12.zip,.cache/binance-altcoin-trend-round34/funding_monthly/SUIUSDT/SUIUSDT-fundingRate-2023-12.zip,downloaded_verified,c9baf4ed65ea1fa20e84b7c1d7fa2c6245ba342f8c439d253881f1f85e4f7624,915.0
SUIUSDT,2024-01,kline_monthly,https://data.binance.vision/data/futures/um/monthly/klines/SUIUSDT/15m/SUIUSDT-15m-2024-01.zip,.cache/binance-altcoin-trend-round34/kline_monthly/SUIUSDT/SUIUSDT-15m-2024-01.zip,downloaded_verified,caf5ff58e29c5c2dcf8803e44da22b3a7998c7b54264c677e0229b22e7ef9acb,141280.0
SUIUSDT,2024-01,funding_monthly,https://data.binance.vision/data/futures/um/monthly/fundingRate/SUIUSDT/SUIUSDT-fundingRate-2024-01.zip,.cache/binance-altcoin-trend-round34/funding_monthly/SUIUSDT/SUIUSDT-fundingRate-2024-01.zip,downloaded_verified,6c03488203d9483a417514f49ca5a1dfe91120706f8173afe9cd7a0af01cc3db,668.0
SUIUSDT,2024-02,kline_monthly,https://data.binance.vision/data/futures/um/monthly/klines/SUIUSDT/15m/SUIUSDT-15m-2024-02.zip,.cache/binance-altcoin-trend-round34/kline_monthly/SUIUSDT/SUIUSDT-15m-2024-02.zip,downloaded_verified,ce641c9973a661c2d76ac5acef073d3452c65000fbc161fe7c9fefefc5ea788a,129841.0
SUIUSDT,2024-02,funding_monthly,https://data.binance.vision/data/futures/um/monthly/fundingRate/SUIUSDT/SUIUSDT-fundingRate-2024-02.zip,.cache/binance-altcoin-trend-round34/funding_monthly/SUIUSDT/SUIUSDT-fundingRate-2024-02.zip,downloaded_verified,73e886a5b0a6950b58a85164db50ba82c2b7afa168ccf7d59983c0478eb44f3e,801.0
SUIUSDT,2024-03,kline_monthly,https://data.binance.vision/data/futures/um/monthly/klines/SUIUSDT/15m/SUIUSDT-15m-2024-03.zip,.cache/binance-altcoin-trend-round34/kline_monthly/SUIUSDT/SUIUSDT-15m-2024-03.zip,downloaded_verified,295b7fe2275e4b61731a42b734dc71102f3a43b5d77828106348ab3840e1bdd2,139639.0
SUIUSDT,2024-03,funding_monthly,https://data.binance.vision/data/futures/um/monthly/fundingRate/SUIUSDT/SUIUSDT-fundingRate-2024-03.zip,.cache/binance-altcoin-trend-round34/funding_monthly/SUIUSDT/SUIUSDT-fundingRate-2024-03.zip,downloaded_verified,8862b31827364a99ff08277df5b89893ad0350dca72bb1b39ef2bbf9d2b45aaf,953.0
SUIUSDT,2024-04,kline_monthly,https://data.binance.vision/data/futures/um/monthly/klines/SUIUSDT/15m/SUIUSDT-15m-2024-04.zip,.cache/binance-altcoin-trend-round34/kline_monthly/SUIUSDT/SUIUSDT-15m-2024-04.zip,downloaded_verified,2caf495b8fa1cd0bfd3dfd3fe5ea7b23d6003f735b6f1ac1647329800bf7cf79,132536.0
SUIUSDT,2024-04,funding_monthly,https://data.binance.vision/data/futures/um/monthly/fundingRate/SUIUSDT/SUIUSDT-fundingRate-2024-04.zip,.cache/binance-altcoin-trend-round34/funding_monthly/SUIUSDT/SUIUSDT-fundingRate-2024-04.zip,downloaded_verified,8d3e5dd5a5bb7141c1ddb185d97459c0995640a3bf4d3eb549cdbea2f71f1da8,922.0
SUIUSDT,2024-05,kline_monthly,https://data.binance.vision/data/futures/um/monthly/klines/SUIUSDT/15m/SUIUSDT-15m-2024-05.zip,.cache/binance-altcoin-trend-round34/kline_monthly/SUIUSDT/SUIUSDT-15m-2024-05.zip,downloaded_verified,01ef06a80bc18a494c730a0f680f1d1bf01ceb33ee47293a628f32206f347bcc,134627.0
SUIUSDT,2024-05,funding_monthly,https://data.binance.vision/data/futures/um/monthly/fundingRate/SUIUSDT/SUIUSDT-fundingRate-2024-05.zip,.cache/binance-altcoin-trend-round34/funding_monthly/SUIUSDT/SUIUSDT-fundingRate-2024-05.zip,downloaded_verified,398eeb0e4b77ba13d535ed3b4ef9b418caa647c939bc80f916d534cfe883d1fa,851.0
SUIUSDT,2024-06,kline_monthly,https://data.binance.vision/data/futures/um/monthly/klines/SUIUSDT/15m/SUIUSDT-15m-2024-06.zip,.cache/binance-altcoin-trend-round34/kline_monthly/SUIUSDT/SUIUSDT-15m-2024-06.zip,downloaded_verified,dea11a90357f16b83db2ca59a3e28f717c25994d03eed03525045c8f0b24a083,128617.0
SUIUSDT,2024-06,funding_monthly,https://data.binance.vision/data/futures/um/monthly/fundingRate/SUIUSDT/SUIUSDT-fundingRate-2024-06.zip,.cache/binance-altcoin-trend-round34/funding_monthly/SUIUSDT/SUIUSDT-fundingRate-2024-06.zip,downloaded_verified,0acc81a72984b01ffb5143a58298ce2c2fe9a537b65b10483fa0f0d579473976,786.0
SUIUSDT,2024-07,kline_monthly,https://data.binance.vision/data/futures/um/monthly/klines/SUIUSDT/15m/SUIUSDT-15m-2024-07.zip,.cache/binance-altcoin-trend-round34/kline_monthly/SUIUSDT/SUIUSDT-15m-2024-07.zip,downloaded_verified,22fdcbcf7301e0ed9ce2172f4cf5ddc3ef531addc4fee009510853ef7189b2f0,132179.0
SUIUSDT,2024-07,funding_monthly,https://data.binance.vision/data/futures/um/monthly/fundingRate/SUIUSDT/SUIUSDT-fundingRate-2024-07.zip,.cache/binance-altcoin-trend-round34/funding_monthly/SUIUSDT/SUIUSDT-fundingRate-2024-07.zip,downloaded_verified,80237ebe1812fa4a3f3b537cff068fec9898d6dc2e610b38bad2c34b3a7c24c3,871.0
SUIUSDT,2024-08,kline_monthly,https://data.binance.vision/data/futures/um/monthly/klines/SUIUSDT/15m/SUIUSDT-15m-2024-08.zip,.cache/binance-altcoin-trend-round34/kline_monthly/SUIUSDT/SUIUSDT-15m-2024-08.zip,downloaded_verified,b91de1cc4adb8549b3866d8340ffb4850f9f97cf56bfa2808b21effaa8b24d33,137752.0
SUIUSDT,2024-08,funding_monthly,https://data.binance.vision/data/futures/um/monthly/fundingRate/SUIUSDT/SUIUSDT-fundingRate-2024-08.zip,.cache/binance-altcoin-trend-round34/funding_monthly/SUIUSDT/SUIUSDT-fundingRate-2024-08.zip,downloaded_verified,636808071ca6d77605cd3a9b06e2b448ad69eec98ad4066a35eb87513d1ffcf8,921.0
SUIUSDT,2024-09,kline_monthly,https://data.binance.vision/data/futures/um/monthly/klines/SUIUSDT/15m/SUIUSDT-15m-2024-09.zip,.cache/binance-altcoin-trend-round34/kline_monthly/SUIUSDT/SUIUSDT-15m-2024-09.zip,downloaded_verified,10008895b3b135198ea121ced3e9f2285e431109ebe254090516d99ef7aaf4a3,136290.0
SUIUSDT,2024-09,funding_monthly,https://data.binance.vision/data/futures/um/monthly/fundingRate/SUIUSDT/SUIUSDT-fundingRate-2024-09.zip,.cache/binance-altcoin-trend-round34/funding_monthly/SUIUSDT/SUIUSDT-fundingRate-2024-09.zip,downloaded_verified,2af6884eeae08afdcc3867d32f26c948b1f20769fd8462dea3d3ad1b38880da0,886.0
SUIUSDT,2024-10,kline_monthly,https://data.binance.vision/data/futures/um/monthly/klines/SUIUSDT/15m/SUIUSDT-15m-2024-10.zip,.cache/binance-altcoin-trend-round34/kline_monthly/SUIUSDT/SUIUSDT-15m-2024-10.zip,downloaded_verified,314bb7e026e449dc0b213017e72b3a43fc4976808db70f507eaa0974b1729943,142536.0
SUIUSDT,2024-10,funding_monthly,https://data.binance.vision/data/futures/um/monthly/fundingRate/SUIUSDT/SUIUSDT-fundingRate-2024-10.zip,.cache/binance-altcoin-trend-round34/funding_monthly/SUIUSDT/SUIUSDT-fundingRate-2024-10.zip,downloaded_verified,eb42c4d31d65954d75d76b5941f81f7045d4d88c4b298679710c4ee85bc568b6,858.0
SUIUSDT,2024-11,kline_monthly,https://data.binance.vision/data/futures/um/monthly/klines/SUIUSDT/15m/SUIUSDT-15m-2024-11.zip,.cache/binance-altcoin-trend-round34/kline_monthly/SUIUSDT/SUIUSDT-15m-2024-11.zip,downloaded_verified,0d6aff6446d7972f923dbd304545d18ed1357b19585713ac36ac16246ed6f0b4,139149.0
SUIUSDT,2024-11,funding_monthly,https://data.binance.vision/data/futures/um/monthly/fundingRate/SUIUSDT/SUIUSDT-fundingRate-2024-11.zip,.cache/binance-altcoin-trend-round34/funding_monthly/SUIUSDT/SUIUSDT-fundingRate-2024-11.zip,downloaded_verified,2af9df5408cbd6497cf149d1224d0f496bf25e2e556c0a103b639e34bb9db19c,818.0
SUIUSDT,2024-12,kline_monthly,https://data.binance.vision/data/futures/um/monthly/klines/SUIUSDT/15m/SUIUSDT-15m-2024-12.zip,.cache/binance-altcoin-trend-round34/kline_monthly/SUIUSDT/SUIUSDT-15m-2024-12.zip,downloaded_verified,9f57832d77a2f589863f830bf198336faf0e4e7eb76764f817a97cb179a93029,144305.0
SUIUSDT,2024-12,funding_monthly,https://data.binance.vision/data/futures/um/monthly/fundingRate/SUIUSDT/SUIUSDT-fundingRate-2024-12.zip,.cache/binance-altcoin-trend-round34/funding_monthly/SUIUSDT/SUIUSDT-fundingRate-2024-12.zip,downloaded_verified,c4844273e030d35683a60fd7a62db5e05866ce25b8d795ccd368ac31e85b2e72,926.0
SUIUSDT,2025-01,kline_monthly,https://data.binance.vision/data/futures/um/monthly/klines/SUIUSDT/15m/SUIUSDT-15m-2025-01.zip,.cache/binance-altcoin-trend-round34/kline_monthly/SUIUSDT/SUIUSDT-15m-2025-01.zip,downloaded_verified,f1b645551f4a16905ddf8ed0974d92d88ecde74f602a94ac5ffd78a2b6fddda7,143734.0
SUIUSDT,2025-01,funding_monthly,https://data.binance.vision/data/futures/um/monthly/fundingRate/SUIUSDT/SUIUSDT-fundingRate-2025-01.zip,.cache/binance-altcoin-trend-round34/funding_monthly/SUIUSDT/SUIUSDT-fundingRate-2025-01.zip,downloaded_verified,15b84a34e6ab4353ac2481d4e87363fc4e03afbd5e144fcad374f1749a524f77,791.0
SUIUSDT,2025-02,kline_monthly,https://data.binance.vision/data/futures/um/monthly/klines/SUIUSDT/15m/SUIUSDT-15m-2025-02.zip,.cache/binance-altcoin-trend-round34/kline_monthly/SUIUSDT/SUIUSDT-15m-2025-02.zip,downloaded_verified,736053056043bf09c385d6ef25c64bc6c444f85d7b1c8232b73db47b88bbeea2,129868.0
SUIUSDT,2025-02,funding_monthly,https://data.binance.vision/data/futures/um/monthly/fundingRate/SUIUSDT/SUIUSDT-fundingRate-2025-02.zip,.cache/binance-altcoin-trend-round34/funding_monthly/SUIUSDT/SUIUSDT-fundingRate-2025-02.zip,downloaded_verified,cc0fa8163a829c320ef623ba4b24f339652f46c4a7a7347b4b5b98e28418a0af,874.0
SUIUSDT,2025-03,kline_monthly,https://data.binance.vision/data/futures/um/monthly/klines/SUIUSDT/15m/SUIUSDT-15m-2025-03.zip,.cache/binance-altcoin-trend-round34/kline_monthly/SUIUSDT/SUIUSDT-15m-2025-03.zip,downloaded_verified,a87f21f46c385af4688b6e7b298eeb7e12a3cf6070c4ccf3504e7ffd7906cf69,141358.0
SUIUSDT,2025-03,funding_monthly,https://data.binance.vision/data/futures/um/monthly/fundingRate/SUIUSDT/SUIUSDT-fundingRate-2025-03.zip,.cache/binance-altcoin-trend-round34/funding_monthly/SUIUSDT/SUIUSDT-fundingRate-2025-03.zip,downloaded_verified,d8452a53fac06840c31ff2873d422d4848d9c1347d2a714b06736968adee7522,937.0
SUIUSDT,2025-04,kline_monthly,https://data.binance.vision/data/futures/um/monthly/klines/SUIUSDT/15m/SUIUSDT-15m-2025-04.zip,.cache/binance-altcoin-trend-round34/kline_monthly/SUIUSDT/SUIUSDT-15m-2025-04.zip,downloaded_verified,37a12c19737ba80b3f475c34796e996cb0098a424343dc487a02c3cefff924ac,138151.0
SUIUSDT,2025-04,funding_monthly,https://data.binance.vision/data/futures/um/monthly/fundingRate/SUIUSDT/SUIUSDT-fundingRate-2025-04.zip,.cache/binance-altcoin-trend-round34/funding_monthly/SUIUSDT/SUIUSDT-fundingRate-2025-04.zip,downloaded_verified,bb525417685e466772d56437db3af6087a59be06ea4c16ad39c4f3a356df2771,917.0
SUIUSDT,2025-05,kline_monthly,https://data.binance.vision/data/futures/um/monthly/klines/SUIUSDT/15m/SUIUSDT-15m-2025-05.zip,.cache/binance-altcoin-trend-round34/kline_monthly/SUIUSDT/SUIUSDT-15m-2025-05.zip,downloaded_verified,ac3ae5dcb7baacfc787e827295e258fed8a71e047b3e86d1e70c827def366d16,143250.0
SUIUSDT,2025-05,funding_monthly,https://data.binance.vision/data/futures/um/monthly/fundingRate/SUIUSDT/SUIUSDT-fundingRate-2025-05.zip,.cache/binance-altcoin-trend-round34/funding_monthly/SUIUSDT/SUIUSDT-fundingRate-2025-05.zip,downloaded_verified,0b9396f82aae9dec46903885d02a874cf18f629bdabdc86337ca38fb01ee85c8,878.0
SUIUSDT,2025-06,kline_monthly,https://data.binance.vision/data/futures/um/monthly/klines/SUIUSDT/15m/SUIUSDT-15m-2025-06.zip,.cache/binance-altcoin-trend-round34/kline_monthly/SUIUSDT/SUIUSDT-15m-2025-06.zip,downloaded_verified,6fa42738ca1b0e3771b4ab6b41494037b93de5b5ad9cc282cec9ab2ef2448a9c,136532.0
SUIUSDT,2025-06,funding_monthly,https://data.binance.vision/data/futures/um/monthly/fundingRate/SUIUSDT/SUIUSDT-fundingRate-2025-06.zip,.cache/binance-altcoin-trend-round34/funding_monthly/SUIUSDT/SUIUSDT-fundingRate-2025-06.zip,downloaded_verified,a3eba8d68f2b12047f5f720520260d7b4912dc6557f0de29ec8b23f1fbd24c44,923.0
SUIUSDT,2025-07,kline_monthly,https://data.binance.vision/data/futures/um/monthly/klines/SUIUSDT/15m/SUIUSDT-15m-2025-07.zip,.cache/binance-altcoin-trend-round34/kline_monthly/SUIUSDT/SUIUSDT-15m-2025-07.zip,downloaded_verified,0cb087b8c4dbf8128c3d1f6c05e9b1642aa9032ebe6cb9ec935a4779d9fb67b4,142209.0
SUIUSDT,2025-07,funding_monthly,https://data.binance.vision/data/futures/um/monthly/fundingRate/SUIUSDT/SUIUSDT-fundingRate-2025-07.zip,.cache/binance-altcoin-trend-round34/funding_monthly/SUIUSDT/SUIUSDT-fundingRate-2025-07.zip,downloaded_verified,d220f6f84cefd597808344e9524f90e082f534e2ccd63b90a4a70c8fcbe13e2d,846.0
SUIUSDT,2025-08,kline_monthly,https://data.binance.vision/data/futures/um/monthly/klines/SUIUSDT/15m/SUIUSDT-15m-2025-08.zip,.cache/binance-altcoin-trend-round34/kline_monthly/SUIUSDT/SUIUSDT-15m-2025-08.zip,downloaded_verified,ad8216e652d17aa1cc2931ad56c4f2158ad68b0527cb9efd349b441145f48d9d,141681.0
SUIUSDT,2025-08,funding_monthly,https://data.binance.vision/data/futures/um/monthly/fundingRate/SUIUSDT/SUIUSDT-fundingRate-2025-08.zip,.cache/binance-altcoin-trend-round34/funding_monthly/SUIUSDT/SUIUSDT-fundingRate-2025-08.zip,downloaded_verified,30cbdfa829555d8bde4e978a9f8f7062cc049a798444c4e3e1d7ae50e3744333,896.0
SUIUSDT,2025-09,kline_monthly,https://data.binance.vision/data/futures/um/monthly/klines/SUIUSDT/15m/SUIUSDT-15m-2025-09.zip,.cache/binance-altcoin-trend-round34/kline_monthly/SUIUSDT/SUIUSDT-15m-2025-09.zip,downloaded_verified,95201ebd0c67c493399f866247aa91c1944adcee8d54d43305bec98d4b266997,135309.0
SUIUSDT,2025-09,funding_monthly,https://data.binance.vision/data/futures/um/monthly/fundingRate/SUIUSDT/SUIUSDT-fundingRate-2025-09.zip,.cache/binance-altcoin-trend-round34/funding_monthly/SUIUSDT/SUIUSDT-fundingRate-2025-09.zip,downloaded_verified,541b7a507c7832ee689e36e6a9d6669ad2b97eb070c625ce07284ec5d03cea91,874.0
SUIUSDT,2025-10,kline_monthly,https://data.binance.vision/data/futures/um/monthly/klines/SUIUSDT/15m/SUIUSDT-15m-2025-10.zip,.cache/binance-altcoin-trend-round34/kline_monthly/SUIUSDT/SUIUSDT-15m-2025-10.zip,downloaded_verified,732b066ba251fe30b2c436fcbbc1d6268a31690ec60c1077cb36d235a5976faf,140819.0
SUIUSDT,2025-10,funding_monthly,https://data.binance.vision/data/futures/um/monthly/fundingRate/SUIUSDT/SUIUSDT-fundingRate-2025-10.zip,.cache/binance-altcoin-trend-round34/funding_monthly/SUIUSDT/SUIUSDT-fundingRate-2025-10.zip,downloaded_verified,3d17720bd7d4a847a2c67817b237ad0ecf454e4a3a4418b63b430d67479e3bb4,929.0
SUIUSDT,2025-11,kline_monthly,https://data.binance.vision/data/futures/um/monthly/klines/SUIUSDT/15m/SUIUSDT-15m-2025-11.zip,.cache/binance-altcoin-trend-round34/kline_monthly/SUIUSDT/SUIUSDT-15m-2025-11.zip,downloaded_verified,c09c16bdfc1bb003129d41a1821333feaaf8e07e28cd98124c41aa07bc9f8b4c,134995.0
SUIUSDT,2025-11,funding_monthly,https://data.binance.vision/data/futures/um/monthly/fundingRate/SUIUSDT/SUIUSDT-fundingRate-2025-11.zip,.cache/binance-altcoin-trend-round34/funding_monthly/SUIUSDT/SUIUSDT-fundingRate-2025-11.zip,downloaded_verified,3523d96d167962967c4e0d43945f1ab7c631e9a15f8e00b2a3f04c8e1a8d062d,944.0
SUIUSDT,2025-12,kline_monthly,https://data.binance.vision/data/futures/um/monthly/klines/SUIUSDT/15m/SUIUSDT-15m-2025-12.zip,.cache/binance-altcoin-trend-round34/kline_monthly/SUIUSDT/SUIUSDT-15m-2025-12.zip,downloaded_verified,cb53d226a388699d110fc4bd0301b6afd6fd5b806e32bb8c063c742bec6d2d4c,137070.0
SUIUSDT,2025-12,funding_monthly,https://data.binance.vision/data/futures/um/monthly/fundingRate/SUIUSDT/SUIUSDT-fundingRate-2025-12.zip,.cache/binance-altcoin-trend-round34/funding_monthly/SUIUSDT/SUIUSDT-fundingRate-2025-12.zip,downloaded_verified,e73cd2ad4b512364bf688deb13967b997961840e21b6c050f82c3ed7f8946b2a,950.0
SUIUSDT,2026-01,kline_monthly,https://data.binance.vision/data/futures/um/monthly/klines/SUIUSDT/15m/SUIUSDT-15m-2026-01.zip,.cache/binance-altcoin-trend-round34/kline_monthly/SUIUSDT/SUIUSDT-15m-2026-01.zip,downloaded_verified,eea3f5519c2abcc10514332d74102c8edb91a53e8df39298a7404dc546ef3d42,137026.0
SUIUSDT,2026-01,funding_monthly,https://data.binance.vision/data/futures/um/monthly/fundingRate/SUIUSDT/SUIUSDT-fundingRate-2026-01.zip,.cache/binance-altcoin-trend-round34/funding_monthly/SUIUSDT/SUIUSDT-fundingRate-2026-01.zip,downloaded_verified,336a32e7e004dc4109ab2b40993cea65b870e2282178fd9c1bef9faa8fe3a52c,976.0
SUIUSDT,2026-02,kline_monthly,https://data.binance.vision/data/futures/um/monthly/klines/SUIUSDT/15m/SUIUSDT-15m-2026-02.zip,.cache/binance-altcoin-trend-round34/kline_monthly/SUIUSDT/SUIUSDT-15m-2026-02.zip,downloaded_verified,8b9379ed9444bac594648bae839d14fb1699f61bd8d4bf70880a15e58f54fdb7,123395.0
SUIUSDT,2026-02,funding_monthly,https://data.binance.vision/data/futures/um/monthly/fundingRate/SUIUSDT/SUIUSDT-fundingRate-2026-02.zip,.cache/binance-altcoin-trend-round34/funding_monthly/SUIUSDT/SUIUSDT-fundingRate-2026-02.zip,downloaded_verified,d429b541e5da2a148bc481858d295d3147a80ceb9d7fd05d3843bd91a8599ba3,924.0
SUIUSDT,2026-03,kline_monthly,https://data.binance.vision/data/futures/um/monthly/klines/SUIUSDT/15m/SUIUSDT-15m-2026-03.zip,.cache/binance-altcoin-trend-round34/kline_monthly/SUIUSDT/SUIUSDT-15m-2026-03.zip,downloaded_verified,163be142029cea1f3d35f1b568687c6b818f90b80287efc8ede7e5a9a0ff919a,134864.0
SUIUSDT,2026-03,funding_monthly,https://data.binance.vision/data/futures/um/monthly/fundingRate/SUIUSDT/SUIUSDT-fundingRate-2026-03.zip,.cache/binance-altcoin-trend-round34/funding_monthly/SUIUSDT/SUIUSDT-fundingRate-2026-03.zip,downloaded_verified,39bca5156c67baca72c4c86330cf897cfce99568c04aea7667edff07745aba25,991.0
SUIUSDT,2026-04,kline_monthly,https://data.binance.vision/data/futures/um/monthly/klines/SUIUSDT/15m/SUIUSDT-15m-2026-04.zip,.cache/binance-altcoin-trend-round34/kline_monthly/SUIUSDT/SUIUSDT-15m-2026-04.zip,downloaded_verified,8b9cfb6e063b7191b268703638538665477c983bac3c484f38886bf993a1ea08,128427.0
SUIUSDT,2026-04,funding_monthly,https://data.binance.vision/data/futures/um/monthly/fundingRate/SUIUSDT/SUIUSDT-fundingRate-2026-04.zip,.cache/binance-altcoin-trend-round34/funding_monthly/SUIUSDT/SUIUSDT-fundingRate-2026-04.zip,downloaded_verified,0b024451ffbe39c3479147a8824244a2e51a965cf2596c277806ea56083c3fc4,964.0
SUIUSDT,2026-05,kline_monthly,https://data.binance.vision/data/futures/um/monthly/klines/SUIUSDT/15m/SUIUSDT-15m-2026-05.zip,.cache/binance-altcoin-trend-round34/kline_monthly/SUIUSDT/SUIUSDT-15m-2026-05.zip,downloaded_verified,ad64b725fce01f397114034e1ca245d3741196d6e7adf31d389f79be1075cc61,136194.0
SUIUSDT,2026-05,funding_monthly,https://data.binance.vision/data/futures/um/monthly/fundingRate/SUIUSDT/SUIUSDT-fundingRate-2026-05.zip,.cache/binance-altcoin-trend-round34/funding_monthly/SUIUSDT/SUIUSDT-fundingRate-2026-05.zip,downloaded_verified,f4588310a7697c1cb02293437f72621b17bb8e3818bea295db4d6683872e2b36,985.0
SUIUSDT,2026-06,kline_monthly,https://data.binance.vision/data/futures/um/monthly/klines/SUIUSDT/15m/SUIUSDT-15m-2026-06.zip,.cache/binance-altcoin-trend-round34/kline_monthly/SUIUSDT/SUIUSDT-15m-2026-06.zip,downloaded_verified,e3b6a32d10f427afedc4894f0c8a036f594c130ae5700ca56e3968288a929fc4,130202.0
SUIUSDT,2026-06,funding_monthly,https://data.binance.vision/data/futures/um/monthly/fundingRate/SUIUSDT/SUIUSDT-fundingRate-2026-06.zip,.cache/binance-altcoin-trend-round34/funding_monthly/SUIUSDT/SUIUSDT-fundingRate-2026-06.zip,downloaded_verified,0da7a8c039ce005ea6c47ebaf850891911dd457831e5fb61f0c64c28394aadb1,948.0
SUIUSDT,2026-07-01,kline_daily,https://data.binance.vision/data/futures/um/daily/klines/SUIUSDT/15m/SUIUSDT-15m-2026-07-01.zip,.cache/binance-altcoin-trend-round34/kline_daily/SUIUSDT/SUIUSDT-15m-2026-07-01.zip,downloaded_verified,3e81a63d6ca1b56e832843587144ec9978f28681d348ebe6cd099f6eca700151,4743.0
SUIUSDT,2026-07-02,kline_daily,https://data.binance.vision/data/futures/um/daily/klines/SUIUSDT/15m/SUIUSDT-15m-2026-07-02.zip,.cache/binance-altcoin-trend-round34/kline_daily/SUIUSDT/SUIUSDT-15m-2026-07-02.zip,downloaded_verified,ae0fae4578dd0f9dcf35bcd4c8308a901ed3b3807dd90d300d337ddd433cc990,4695.0
SUIUSDT,2026-07-03,kline_daily,https://data.binance.vision/data/futures/um/daily/klines/SUIUSDT/15m/SUIUSDT-15m-2026-07-03.zip,.cache/binance-altcoin-trend-round34/kline_daily/SUIUSDT/SUIUSDT-15m-2026-07-03.zip,downloaded_verified,ea38c188ba8e2951ee60afdc4c9c5a8f3dc5b65c005690ad0ee0b109459c0578,4698.0
SUIUSDT,2026-07-04,kline_daily,https://data.binance.vision/data/futures/um/daily/klines/SUIUSDT/15m/SUIUSDT-15m-2026-07-04.zip,.cache/binance-altcoin-trend-round34/kline_daily/SUIUSDT/SUIUSDT-15m-2026-07-04.zip,downloaded_verified,c1db884196eac4fd6714204b53012c136f4827cfab5b96c3620002cfa183c833,4644.0
SUIUSDT,2026-07-05,kline_daily,https://data.binance.vision/data/futures/um/daily/klines/SUIUSDT/15m/SUIUSDT-15m-2026-07-05.zip,.cache/binance-altcoin-trend-round34/kline_daily/SUIUSDT/SUIUSDT-15m-2026-07-05.zip,downloaded_verified,6f2de50260a856ddad509ff1dd49f5c5c3640f7a0463a5f35b7dde7ae0f4439e,4624.0
SUIUSDT,2026-07-06,kline_daily,https://data.binance.vision/data/futures/um/daily/klines/SUIUSDT/15m/SUIUSDT-15m-2026-07-06.zip,.cache/binance-altcoin-trend-round34/kline_daily/SUIUSDT/SUIUSDT-15m-2026-07-06.zip,downloaded_verified,83f579729944891d1b5a2de9249f9209f1c8abb8d9312e9b968db42002aa7e74,4696.0
SUIUSDT,2026-07-07,kline_daily,https://data.binance.vision/data/futures/um/daily/klines/SUIUSDT/15m/SUIUSDT-15m-2026-07-07.zip,.cache/binance-altcoin-trend-round34/kline_daily/SUIUSDT/SUIUSDT-15m-2026-07-07.zip,downloaded_verified,dfe7a38fa27b89592ac455d0b697dfd3e5eecbf6d6ca76f7d15e835cd96fada6,4671.0
SUIUSDT,2026-07-08,kline_daily,https://data.binance.vision/data/futures/um/daily/klines/SUIUSDT/15m/SUIUSDT-15m-2026-07-08.zip,.cache/binance-altcoin-trend-round34/kline_daily/SUIUSDT/SUIUSDT-15m-2026-07-08.zip,downloaded_verified,b16f71adf0bf5ea1f203c02aabe8a243845a4a5fa2450570bc7722206ac56cc4,4680.0
SUIUSDT,2026-07-09,kline_daily,https://data.binance.vision/data/futures/um/daily/klines/SUIUSDT/15m/SUIUSDT-15m-2026-07-09.zip,.cache/binance-altcoin-trend-round34/kline_daily/SUIUSDT/SUIUSDT-15m-2026-07-09.zip,downloaded_verified,93c8602f3391e8c4d716caf457faf801851543d7b48a88e2261638796fab6988,4635.0
SUIUSDT,2026-07-10,kline_daily,https://data.binance.vision/data/futures/um/daily/klines/SUIUSDT/15m/SUIUSDT-15m-2026-07-10.zip,.cache/binance-altcoin-trend-round34/kline_daily/SUIUSDT/SUIUSDT-15m-2026-07-10.zip,downloaded_verified,0e4b1308791a651b452fe9832f52f3c63cfe220419e454299bf7d1db617640e4,4621.0
SUIUSDT,2026-07-11,kline_daily,https://data.binance.vision/data/futures/um/daily/klines/SUIUSDT/15m/SUIUSDT-15m-2026-07-11.zip,.cache/binance-altcoin-trend-round34/kline_daily/SUIUSDT/SUIUSDT-15m-2026-07-11.zip,downloaded_verified,9388062676eb7f5d64855bd30ff37edc39f8a1db1ba1c951560f6dd5521764b5,4619.0
SUIUSDT,2026-07-12,kline_daily,https://data.binance.vision/data/futures/um/daily/klines/SUIUSDT/15m/SUIUSDT-15m-2026-07-12.zip,.cache/binance-altcoin-trend-round34/kline_daily/SUIUSDT/SUIUSDT-15m-2026-07-12.zip,downloaded_verified,da21803aa0de1836f5fc38356204f727a8a226a16a61e16b00292ce5d7d282c9,4605.0
SUIUSDT,2026-07-13,kline_daily,https://data.binance.vision/data/futures/um/daily/klines/SUIUSDT/15m/SUIUSDT-15m-2026-07-13.zip,.cache/binance-altcoin-trend-round34/kline_daily/SUIUSDT/SUIUSDT-15m-2026-07-13.zip,downloaded_verified,7c4d15574db9c671ef5e6ab86d9b952bbb7bd6e237db220f1bd71362f1f4d8c4,4671.0
SUIUSDT,2026-07-14,kline_daily,https://data.binance.vision/data/futures/um/daily/klines/SUIUSDT/15m/SUIUSDT-15m-2026-07-14.zip,.cache/binance-altcoin-trend-round34/kline_daily/SUIUSDT/SUIUSDT-15m-2026-07-14.zip,downloaded_verified,0de00d470d0e2b10fd122813ae8b35d702f6d4a86f74683af329461889124885,4663.0
SUIUSDT,2026-07-15,kline_daily,https://data.binance.vision/data/futures/um/daily/klines/SUIUSDT/15m/SUIUSDT-15m-2026-07-15.zip,.cache/binance-altcoin-trend-round34/kline_daily/SUIUSDT/SUIUSDT-15m-2026-07-15.zip,downloaded_verified,d5b206b9ce321d6cf73a80bfe7046b06598216fec581f1004cff628949af675a,4659.0
SUIUSDT,2026-07-16,kline_daily,https://data.binance.vision/data/futures/um/daily/klines/SUIUSDT/15m/SUIUSDT-15m-2026-07-16.zip,.cache/binance-altcoin-trend-round34/kline_daily/SUIUSDT/SUIUSDT-15m-2026-07-16.zip,downloaded_verified,398a6049fee1ed7549b82d52c76feb5c0858df4c2c003aebbbd59e3f37d0a0d0,4688.0
SUIUSDT,2026-07-17,kline_daily,https://data.binance.vision/data/futures/um/daily/klines/SUIUSDT/15m/SUIUSDT-15m-2026-07-17.zip,.cache/binance-altcoin-trend-round34/kline_daily/SUIUSDT/SUIUSDT-15m-2026-07-17.zip,downloaded_verified,17699b341d3043287f68699313f7cc077b05462ee95b5509abffd98043255a14,4644.0
SUIUSDT,2026-07-18,kline_daily,https://data.binance.vision/data/futures/um/daily/klines/SUIUSDT/15m/SUIUSDT-15m-2026-07-18.zip,.cache/binance-altcoin-trend-round34/kline_daily/SUIUSDT/SUIUSDT-15m-2026-07-18.zip,downloaded_verified,995b523e437a41861327a79a2967379adb496399126f33b13cc042b5b5905163,4491.0
SUIUSDT,2026-07-19,kline_daily,https://data.binance.vision/data/futures/um/daily/klines/SUIUSDT/15m/SUIUSDT-15m-2026-07-19.zip,.cache/binance-altcoin-trend-round34/kline_daily/SUIUSDT/SUIUSDT-15m-2026-07-19.zip,downloaded_verified,c8a13a62f4d2b92c2793690e03ef5c0577319aea96d3b8023c9b5700ad21372e,4552.0
SUIUSDT,2026-07-20,kline_daily,https://data.binance.vision/data/futures/um/daily/klines/SUIUSDT/15m/SUIUSDT-15m-2026-07-20.zip,.cache/binance-altcoin-trend-round34/kline_daily/SUIUSDT/SUIUSDT-15m-2026-07-20.zip,downloaded_verified,80ef13fbdbc755b2ba0b8842f9eb62b7ca0598a1fc458eb7ac24ef265d7cd3c3,4690.0
SUIUSDT,2026-07-21,kline_daily,https://data.binance.vision/data/futures/um/daily/klines/SUIUSDT/15m/SUIUSDT-15m-2026-07-21.zip,.cache/binance-altcoin-trend-round34/kline_daily/SUIUSDT/SUIUSDT-15m-2026-07-21.zip,downloaded_verified,435af0302d722926e4f2f9ab097f008ce2ad4d1468e10040224622370f47e0c0,4601.0
SUIUSDT,2026-07-22,kline_daily,https://data.binance.vision/data/futures/um/daily/klines/SUIUSDT/15m/SUIUSDT-15m-2026-07-22.zip,.cache/binance-altcoin-trend-round34/kline_daily/SUIUSDT/SUIUSDT-15m-2026-07-22.zip,downloaded_verified,c911e2d306420b96e9125fc99653e746961c09f30c0b8c8392544f0443fea2fd,4669.0
SUIUSDT,2026-07-23,kline_daily,https://data.binance.vision/data/futures/um/daily/klines/SUIUSDT/15m/SUIUSDT-15m-2026-07-23.zip,.cache/binance-altcoin-trend-round34/kline_daily/SUIUSDT/SUIUSDT-15m-2026-07-23.zip,downloaded_verified,3e90f0a0e363738c9e73e5019fd14f3ae97de9757e3699a7d83958d800a1e6ec,4654.0
SUIUSDT,2026-07-24,kline_daily,https://data.binance.vision/data/futures/um/daily/klines/SUIUSDT/15m/SUIUSDT-15m-2026-07-24.zip,.cache/binance-altcoin-trend-round34/kline_daily/SUIUSDT/SUIUSDT-15m-2026-07-24.zip,downloaded_verified,0d5fb4b8432f51fc33a5daa8b72fc4b4f11530ae7e3ce1dd9389732551d5afbf,4650.0
SUIUSDT,2026-07-25,kline_daily,https://data.binance.vision/data/futures/um/daily/klines/SUIUSDT/15m/SUIUSDT-15m-2026-07-25.zip,.cache/binance-altcoin-trend-round34/kline_daily/SUIUSDT/SUIUSDT-15m-2026-07-25.zip,downloaded_verified,06f145b411a3f2647bbb0222548007b60a2ae1c8237c7fdbfe8954b25cf80dd0,4529.0
SUIUSDT,2026-07-26,kline_daily,https://data.binance.vision/data/futures/um/daily/klines/SUIUSDT/15m/SUIUSDT-15m-2026-07-26.zip,.cache/binance-altcoin-trend-round34/kline_daily/SUIUSDT/SUIUSDT-15m-2026-07-26.zip,downloaded_verified,2c766df1599ae84e56a584dd6619f34543c0977b3873ec4bcf4242dac6614328,4577.0
ADAUSDT,2023-11,kline_monthly,https://data.binance.vision/data/futures/um/monthly/klines/ADAUSDT/15m/ADAUSDT-15m-2023-11.zip,.cache/binance-altcoin-trend-round34/kline_monthly/ADAUSDT/ADAUSDT-15m-2023-11.zip,downloaded_verified,40963511264cca16a6ece6b8fd72f20dafaad3d432edc9e1ce9f2a72996f9675,119781.0
ADAUSDT,2023-11,funding_monthly,https://data.binance.vision/data/futures/um/monthly/fundingRate/ADAUSDT/ADAUSDT-fundingRate-2023-11.zip,.cache/binance-altcoin-trend-round34/funding_monthly/ADAUSDT/ADAUSDT-fundingRate-2023-11.zip,downloaded_verified,83adbacfbee09c65314458b81579ebcaf4fbc30340ef8ede8da028a4ab2f3408,678.0
ADAUSDT,2023-12,kline_monthly,https://data.binance.vision/data/futures/um/monthly/klines/ADAUSDT/15m/ADAUSDT-15m-2023-12.zip,.cache/binance-altcoin-trend-round34/kline_monthly/ADAUSDT/ADAUSDT-15m-2023-12.zip,downloaded_verified,8ca01958dbd4a29a6a8f0e40885ade31eb112d4ef3a3a8a5cbae1e945fb51110,127841.0
ADAUSDT,2023-12,funding_monthly,https://data.binance.vision/data/futures/um/monthly/fundingRate/ADAUSDT/ADAUSDT-fundingRate-2023-12.zip,.cache/binance-altcoin-trend-round34/funding_monthly/ADAUSDT/ADAUSDT-fundingRate-2023-12.zip,downloaded_verified,a9685314dafa5ece6b7b6bab64366e46ccd80c4a794c3c26aa141b10289a6fc8,829.0
ADAUSDT,2024-01,kline_monthly,https://data.binance.vision/data/futures/um/monthly/klines/ADAUSDT/15m/ADAUSDT-15m-2024-01.zip,.cache/binance-altcoin-trend-round34/kline_monthly/ADAUSDT/ADAUSDT-15m-2024-01.zip,downloaded_verified,445e7943c0a671a7535daefa9bcc0b2bb82d382549372405fb9b3aa439a50536,124987.0
ADAUSDT,2024-01,funding_monthly,https://data.binance.vision/data/futures/um/monthly/fundingRate/ADAUSDT/ADAUSDT-fundingRate-2024-01.zip,.cache/binance-altcoin-trend-round34/funding_monthly/ADAUSDT/ADAUSDT-fundingRate-2024-01.zip,downloaded_verified,556bdb1b34faf97f266989be2a545d49cba0a7862091fa4c9600fd47f10c23c7,670.0
ADAUSDT,2024-02,kline_monthly,https://data.binance.vision/data/futures/um/monthly/klines/ADAUSDT/15m/ADAUSDT-15m-2024-02.zip,.cache/binance-altcoin-trend-round34/kline_monthly/ADAUSDT/ADAUSDT-15m-2024-02.zip,downloaded_verified,2c0fc0d9e855742ab7cc26d17517a171fce07c27a3cc5021e905201de1ea15de,117452.0
ADAUSDT,2024-02,funding_monthly,https://data.binance.vision/data/futures/um/monthly/fundingRate/ADAUSDT/ADAUSDT-fundingRate-2024-02.zip,.cache/binance-altcoin-trend-round34/funding_monthly/ADAUSDT/ADAUSDT-fundingRate-2024-02.zip,downloaded_verified,14ad791ae90a85faa463de8a3732e8298eb6bfbdaf989046d92ab079ff945ac3,773.0
ADAUSDT,2024-03,kline_monthly,https://data.binance.vision/data/futures/um/monthly/klines/ADAUSDT/15m/ADAUSDT-15m-2024-03.zip,.cache/binance-altcoin-trend-round34/kline_monthly/ADAUSDT/ADAUSDT-15m-2024-03.zip,downloaded_verified,16d0217a92b4c4714f9586b0c3f9e37b5c284a1c5dadfc05811ead358c777f71,127620.0
ADAUSDT,2024-03,funding_monthly,https://data.binance.vision/data/futures/um/monthly/fundingRate/ADAUSDT/ADAUSDT-fundingRate-2024-03.zip,.cache/binance-altcoin-trend-round34/funding_monthly/ADAUSDT/ADAUSDT-fundingRate-2024-03.zip,downloaded_verified,e6fabaeb3abddaef662819b0bab3e1c9256c8acefcfebb60b99dee2ed79a6318,943.0
ADAUSDT,2024-04,kline_monthly,https://data.binance.vision/data/futures/um/monthly/klines/ADAUSDT/15m/ADAUSDT-15m-2024-04.zip,.cache/binance-altcoin-trend-round34/kline_monthly/ADAUSDT/ADAUSDT-15m-2024-04.zip,downloaded_verified,b57b27a2dc7847dc5da738acca23d486e2828c442df53ad8bf6cdd91fe51f73a,121127.0
ADAUSDT,2024-04,funding_monthly,https://data.binance.vision/data/futures/um/monthly/fundingRate/ADAUSDT/ADAUSDT-fundingRate-2024-04.zip,.cache/binance-altcoin-trend-round34/funding_monthly/ADAUSDT/ADAUSDT-fundingRate-2024-04.zip,downloaded_verified,c878ea5f06295a32afce857a7179d59ac1437bb4e56d92bb508f47f6334c8fc0,844.0
ADAUSDT,2024-05,kline_monthly,https://data.binance.vision/data/futures/um/monthly/klines/ADAUSDT/15m/ADAUSDT-15m-2024-05.zip,.cache/binance-altcoin-trend-round34/kline_monthly/ADAUSDT/ADAUSDT-15m-2024-05.zip,downloaded_verified,fc70d9702ce54d71dd27a753912212a7e9b3d41060c79b7d752a3ca2a158d358,121876.0
ADAUSDT,2024-05,funding_monthly,https://data.binance.vision/data/futures/um/monthly/fundingRate/ADAUSDT/ADAUSDT-fundingRate-2024-05.zip,.cache/binance-altcoin-trend-round34/funding_monthly/ADAUSDT/ADAUSDT-fundingRate-2024-05.zip,downloaded_verified,a79c3bd86f11b6866802910152c18aa847a3f646547772a5115f965c8669f5e7,778.0
ADAUSDT,2024-06,kline_monthly,https://data.binance.vision/data/futures/um/monthly/klines/ADAUSDT/15m/ADAUSDT-15m-2024-06.zip,.cache/binance-altcoin-trend-round34/kline_monthly/ADAUSDT/ADAUSDT-15m-2024-06.zip,downloaded_verified,8cb73ab36b1583b692296c87aef098a581941fa7ec2d8372edd18f9dc3716dbd,116944.0
ADAUSDT,2024-06,funding_monthly,https://data.binance.vision/data/futures/um/monthly/fundingRate/ADAUSDT/ADAUSDT-fundingRate-2024-06.zip,.cache/binance-altcoin-trend-round34/funding_monthly/ADAUSDT/ADAUSDT-fundingRate-2024-06.zip,downloaded_verified,01a5eecac131548ffaaff8ef1122c9a4828243a0979d91df40f319368b1177b3,745.0
ADAUSDT,2024-07,kline_monthly,https://data.binance.vision/data/futures/um/monthly/klines/ADAUSDT/15m/ADAUSDT-15m-2024-07.zip,.cache/binance-altcoin-trend-round34/kline_monthly/ADAUSDT/ADAUSDT-15m-2024-07.zip,downloaded_verified,bbcfc6b453e920a108765fb75afe7eb4daf9662e68736242939c7ff595aa8497,122688.0
ADAUSDT,2024-07,funding_monthly,https://data.binance.vision/data/futures/um/monthly/fundingRate/ADAUSDT/ADAUSDT-fundingRate-2024-07.zip,.cache/binance-altcoin-trend-round34/funding_monthly/ADAUSDT/ADAUSDT-fundingRate-2024-07.zip,downloaded_verified,3e2cbc523d8fa9ccef3cd49b65ddbd08bc066dd2693139219b91b953fdc6ce85,792.0
ADAUSDT,2024-08,kline_monthly,https://data.binance.vision/data/futures/um/monthly/klines/ADAUSDT/15m/ADAUSDT-15m-2024-08.zip,.cache/binance-altcoin-trend-round34/kline_monthly/ADAUSDT/ADAUSDT-15m-2024-08.zip,downloaded_verified,b669d2e13dd341ec0bdd8f029e9770f8e0cee87852d3122bced0c0161f443797,121656.0
ADAUSDT,2024-08,funding_monthly,https://data.binance.vision/data/futures/um/monthly/fundingRate/ADAUSDT/ADAUSDT-fundingRate-2024-08.zip,.cache/binance-altcoin-trend-round34/funding_monthly/ADAUSDT/ADAUSDT-fundingRate-2024-08.zip,downloaded_verified,0e3e1bb39d7f78a63f1182f89d451a68777f2b57e7ca985448d8c8b12b8a6997,923.0
ADAUSDT,2024-09,kline_monthly,https://data.binance.vision/data/futures/um/monthly/klines/ADAUSDT/15m/ADAUSDT-15m-2024-09.zip,.cache/binance-altcoin-trend-round34/kline_monthly/ADAUSDT/ADAUSDT-15m-2024-09.zip,downloaded_verified,442733faf7ee5ee134b70c4bee2001b494ed25fc7fa58d92ecf2d8c9c551067d,116792.0
ADAUSDT,2024-09,funding_monthly,https://data.binance.vision/data/futures/um/monthly/fundingRate/ADAUSDT/ADAUSDT-fundingRate-2024-09.zip,.cache/binance-altcoin-trend-round34/funding_monthly/ADAUSDT/ADAUSDT-fundingRate-2024-09.zip,downloaded_verified,387bb17d1ea7995270ce2769ec2c888bc8fa3d2110d5843888807254c40381d4,840.0
ADAUSDT,2024-10,kline_monthly,https://data.binance.vision/data/futures/um/monthly/klines/ADAUSDT/15m/ADAUSDT-15m-2024-10.zip,.cache/binance-altcoin-trend-round34/kline_monthly/ADAUSDT/ADAUSDT-15m-2024-10.zip,downloaded_verified,f152c066c34937c8f2007ed511dfb87ba067ef4564d99e822d48ac12997f861e,120470.0
ADAUSDT,2024-10,funding_monthly,https://data.binance.vision/data/futures/um/monthly/fundingRate/ADAUSDT/ADAUSDT-fundingRate-2024-10.zip,.cache/binance-altcoin-trend-round34/funding_monthly/ADAUSDT/ADAUSDT-fundingRate-2024-10.zip,downloaded_verified,a95896349b3447f08bb67b3167223cae41abcfebd1b106826bb89989c1dd2e18,802.0
ADAUSDT,2024-11,kline_monthly,https://data.binance.vision/data/futures/um/monthly/klines/ADAUSDT/15m/ADAUSDT-15m-2024-11.zip,.cache/binance-altcoin-trend-round34/kline_monthly/ADAUSDT/ADAUSDT-15m-2024-11.zip,downloaded_verified,cdde5d4d654032bef2a12b18a4d186b9ce28ef79e8618949c0fc12cc471d99bd,126997.0
ADAUSDT,2024-11,funding_monthly,https://data.binance.vision/data/futures/um/monthly/fundingRate/ADAUSDT/ADAUSDT-fundingRate-2024-11.zip,.cache/binance-altcoin-trend-round34/funding_monthly/ADAUSDT/ADAUSDT-fundingRate-2024-11.zip,downloaded_verified,8ac7afd8541ae2fac72093d8b3713acb64f64bf0d859bf72be4c3a6f83a09dd2,787.0
ADAUSDT,2024-12,kline_monthly,https://data.binance.vision/data/futures/um/monthly/klines/ADAUSDT/15m/ADAUSDT-15m-2024-12.zip,.cache/binance-altcoin-trend-round34/kline_monthly/ADAUSDT/ADAUSDT-15m-2024-12.zip,downloaded_verified,91ee010b7fe4f156174c6cd6e3912c2d0774da09256a1cc2033d7beab939f007,131096.0
ADAUSDT,2024-12,funding_monthly,https://data.binance.vision/data/futures/um/monthly/fundingRate/ADAUSDT/ADAUSDT-fundingRate-2024-12.zip,.cache/binance-altcoin-trend-round34/funding_monthly/ADAUSDT/ADAUSDT-fundingRate-2024-12.zip,downloaded_verified,b15893bcb18cc762d191f337c0a44e7ea4acd1730067cdec9788ad9fbfc4b262,829.0
ADAUSDT,2025-01,kline_monthly,https://data.binance.vision/data/futures/um/monthly/klines/ADAUSDT/15m/ADAUSDT-15m-2025-01.zip,.cache/binance-altcoin-trend-round34/kline_monthly/ADAUSDT/ADAUSDT-15m-2025-01.zip,downloaded_verified,3820d0d1872a48ff9a636287592e4539366caae6788262340e56846ec67c454b,130434.0
ADAUSDT,2025-01,funding_monthly,https://data.binance.vision/data/futures/um/monthly/fundingRate/ADAUSDT/ADAUSDT-fundingRate-2025-01.zip,.cache/binance-altcoin-trend-round34/funding_monthly/ADAUSDT/ADAUSDT-fundingRate-2025-01.zip,downloaded_verified,ef6a5a286fc3d91fcdb479226500693ce9bc16ee39399ef09076a40349d2e399,697.0
ADAUSDT,2025-02,kline_monthly,https://data.binance.vision/data/futures/um/monthly/klines/ADAUSDT/15m/ADAUSDT-15m-2025-02.zip,.cache/binance-altcoin-trend-round34/kline_monthly/ADAUSDT/ADAUSDT-15m-2025-02.zip,downloaded_verified,6e637fb816d3fadd3823f50025f52c4717e56bc9fa13f70c6b8b8707ec3014f6,117114.0
ADAUSDT,2025-02,funding_monthly,https://data.binance.vision/data/futures/um/monthly/fundingRate/ADAUSDT/ADAUSDT-fundingRate-2025-02.zip,.cache/binance-altcoin-trend-round34/funding_monthly/ADAUSDT/ADAUSDT-fundingRate-2025-02.zip,downloaded_verified,4bc50dceb5108bef8e51c417b13108595c64460d738080a619b60ce341718ed0,871.0
ADAUSDT,2025-03,kline_monthly,https://data.binance.vision/data/futures/um/monthly/klines/ADAUSDT/15m/ADAUSDT-15m-2025-03.zip,.cache/binance-altcoin-trend-round34/kline_monthly/ADAUSDT/ADAUSDT-15m-2025-03.zip,downloaded_verified,915e7e1c9d812826e33781a5390fc3efc46e9c026ecb93942514f731d7672736,130207.0
ADAUSDT,2025-03,funding_monthly,https://data.binance.vision/data/futures/um/monthly/fundingRate/ADAUSDT/ADAUSDT-fundingRate-2025-03.zip,.cache/binance-altcoin-trend-round34/funding_monthly/ADAUSDT/ADAUSDT-fundingRate-2025-03.zip,downloaded_verified,3d0e98df673dad946ea8a6318d7b3f7189323127362f3aa80734a78d42aa5594,924.0
ADAUSDT,2025-04,kline_monthly,https://data.binance.vision/data/futures/um/monthly/klines/ADAUSDT/15m/ADAUSDT-15m-2025-04.zip,.cache/binance-altcoin-trend-round34/kline_monthly/ADAUSDT/ADAUSDT-15m-2025-04.zip,downloaded_verified,ae07ccbc9ed03b0744dcc6afc52c49e1736e823276ab15cc929b6df90af6a025,123302.0
ADAUSDT,2025-04,funding_monthly,https://data.binance.vision/data/futures/um/monthly/fundingRate/ADAUSDT/ADAUSDT-fundingRate-2025-04.zip,.cache/binance-altcoin-trend-round34/funding_monthly/ADAUSDT/ADAUSDT-fundingRate-2025-04.zip,downloaded_verified,0db8f973876decb78f7ef39c4114216c769c92e10ed5bbdae1ca148178b2104d,896.0
ADAUSDT,2025-05,kline_monthly,https://data.binance.vision/data/futures/um/monthly/klines/ADAUSDT/15m/ADAUSDT-15m-2025-05.zip,.cache/binance-altcoin-trend-round34/kline_monthly/ADAUSDT/ADAUSDT-15m-2025-05.zip,downloaded_verified,75258c8a1553db3b73b71b281670d8515d6dac30a689091cb34be8e20d509729,128193.0
ADAUSDT,2025-05,funding_monthly,https://data.binance.vision/data/futures/um/monthly/fundingRate/ADAUSDT/ADAUSDT-fundingRate-2025-05.zip,.cache/binance-altcoin-trend-round34/funding_monthly/ADAUSDT/ADAUSDT-fundingRate-2025-05.zip,downloaded_verified,2c2596eb60963e0970ccd887e4e7da52d6eed2ea2c33523407803fb7a28ff951,905.0
ADAUSDT,2025-06,kline_monthly,https://data.binance.vision/data/futures/um/monthly/klines/ADAUSDT/15m/ADAUSDT-15m-2025-06.zip,.cache/binance-altcoin-trend-round34/kline_monthly/ADAUSDT/ADAUSDT-15m-2025-06.zip,downloaded_verified,7a60a95a56f29b22ae951b05ac18def52ee57dea5202c19f9b50e78331bd6c35,121731.0
ADAUSDT,2025-06,funding_monthly,https://data.binance.vision/data/futures/um/monthly/fundingRate/ADAUSDT/ADAUSDT-fundingRate-2025-06.zip,.cache/binance-altcoin-trend-round34/funding_monthly/ADAUSDT/ADAUSDT-fundingRate-2025-06.zip,downloaded_verified,c5cc8021595af02e572658ebbc6ee76210d0226e0d474bb354106b55b12edea9,906.0
ADAUSDT,2025-07,kline_monthly,https://data.binance.vision/data/futures/um/monthly/klines/ADAUSDT/15m/ADAUSDT-15m-2025-07.zip,.cache/binance-altcoin-trend-round34/kline_monthly/ADAUSDT/ADAUSDT-15m-2025-07.zip,downloaded_verified,c03affa2042c8afa25ceb4f9c3954513a8c7cd2a5dbbf9f2203e3c5ff4111286,128990.0
ADAUSDT,2025-07,funding_monthly,https://data.binance.vision/data/futures/um/monthly/fundingRate/ADAUSDT/ADAUSDT-fundingRate-2025-07.zip,.cache/binance-altcoin-trend-round34/funding_monthly/ADAUSDT/ADAUSDT-fundingRate-2025-07.zip,downloaded_verified,17222cc957c27ecb23eb4ab528fe954bf8da05256a38ffc9b04d06ffe1f26811,784.0
ADAUSDT,2025-08,kline_monthly,https://data.binance.vision/data/futures/um/monthly/klines/ADAUSDT/15m/ADAUSDT-15m-2025-08.zip,.cache/binance-altcoin-trend-round34/kline_monthly/ADAUSDT/ADAUSDT-15m-2025-08.zip,downloaded_verified,e53d6c6bc0fef94c25912242db3b59423489dfdafcaeb48622ba10a1b41b1bc5,129662.0
ADAUSDT,2025-08,funding_monthly,https://data.binance.vision/data/futures/um/monthly/fundingRate/ADAUSDT/ADAUSDT-fundingRate-2025-08.zip,.cache/binance-altcoin-trend-round34/funding_monthly/ADAUSDT/ADAUSDT-fundingRate-2025-08.zip,downloaded_verified,f89ac9f7c6feb4a4ce110a7c40571cb1bdf0ac9ff273ee708216a2eb94ce5355,858.0
ADAUSDT,2025-09,kline_monthly,https://data.binance.vision/data/futures/um/monthly/klines/ADAUSDT/15m/ADAUSDT-15m-2025-09.zip,.cache/binance-altcoin-trend-round34/kline_monthly/ADAUSDT/ADAUSDT-15m-2025-09.zip,downloaded_verified,c745d52029897e08a9e2aee1c5b7ef5e1f477675e5720b5ea79ae977ed5ee754,122635.0
ADAUSDT,2025-09,funding_monthly,https://data.binance.vision/data/futures/um/monthly/fundingRate/ADAUSDT/ADAUSDT-fundingRate-2025-09.zip,.cache/binance-altcoin-trend-round34/funding_monthly/ADAUSDT/ADAUSDT-fundingRate-2025-09.zip,downloaded_verified,2ea59a1d407e7c2888128227a070f68d4bd9bf25dc89066b92a217b7fe2eab45,808.0
ADAUSDT,2025-10,kline_monthly,https://data.binance.vision/data/futures/um/monthly/klines/ADAUSDT/15m/ADAUSDT-15m-2025-10.zip,.cache/binance-altcoin-trend-round34/kline_monthly/ADAUSDT/ADAUSDT-15m-2025-10.zip,downloaded_verified,75c2a99ad6cb8d86a235a09a9dd2f26a5c5aadbe3313ac0148efde672b5a2424,127028.0
ADAUSDT,2025-10,funding_monthly,https://data.binance.vision/data/futures/um/monthly/fundingRate/ADAUSDT/ADAUSDT-fundingRate-2025-10.zip,.cache/binance-altcoin-trend-round34/funding_monthly/ADAUSDT/ADAUSDT-fundingRate-2025-10.zip,downloaded_verified,5b127fad9e89c53cece939b1ebafa4921f20ba47f10a7069e5eeb19ab2de63fb,913.0
ADAUSDT,2025-11,kline_monthly,https://data.binance.vision/data/futures/um/monthly/klines/ADAUSDT/15m/ADAUSDT-15m-2025-11.zip,.cache/binance-altcoin-trend-round34/kline_monthly/ADAUSDT/ADAUSDT-15m-2025-11.zip,downloaded_verified,78615ad07d5954e0347397ef38299da18362e5a0fa3268cdf4d3de2cff95acbd,121500.0
ADAUSDT,2025-11,funding_monthly,https://data.binance.vision/data/futures/um/monthly/fundingRate/ADAUSDT/ADAUSDT-fundingRate-2025-11.zip,.cache/binance-altcoin-trend-round34/funding_monthly/ADAUSDT/ADAUSDT-fundingRate-2025-11.zip,downloaded_verified,a70b35260554e81dc79aa1ed0448e2cafddbf1952bbac0120251184c09b548fa,932.0
ADAUSDT,2025-12,kline_monthly,https://data.binance.vision/data/futures/um/monthly/klines/ADAUSDT/15m/ADAUSDT-15m-2025-12.zip,.cache/binance-altcoin-trend-round34/kline_monthly/ADAUSDT/ADAUSDT-15m-2025-12.zip,downloaded_verified,1f2b887ce7514f824d2c1e2dd592de977dab7b563e7b07b68333458ee923aa13,123511.0
ADAUSDT,2025-12,funding_monthly,https://data.binance.vision/data/futures/um/monthly/fundingRate/ADAUSDT/ADAUSDT-fundingRate-2025-12.zip,.cache/binance-altcoin-trend-round34/funding_monthly/ADAUSDT/ADAUSDT-fundingRate-2025-12.zip,downloaded_verified,14d01f1b4dba807e178f3e21154c2b70e0d6a7921322dd082da59d7356e63879,954.0
ADAUSDT,2026-01,kline_monthly,https://data.binance.vision/data/futures/um/monthly/klines/ADAUSDT/15m/ADAUSDT-15m-2026-01.zip,.cache/binance-altcoin-trend-round34/kline_monthly/ADAUSDT/ADAUSDT-15m-2026-01.zip,downloaded_verified,c315263cf14bb07a03769e43ca884d4a885f8575b7b16a0e399328de89a7dbd5,123394.0
ADAUSDT,2026-01,funding_monthly,https://data.binance.vision/data/futures/um/monthly/fundingRate/ADAUSDT/ADAUSDT-fundingRate-2026-01.zip,.cache/binance-altcoin-trend-round34/funding_monthly/ADAUSDT/ADAUSDT-fundingRate-2026-01.zip,downloaded_verified,261376bf6f7d275b4dce115e8d2802e4a18a05504b8fb6717db4d3834aad7d3e,930.0
ADAUSDT,2026-02,kline_monthly,https://data.binance.vision/data/futures/um/monthly/klines/ADAUSDT/15m/ADAUSDT-15m-2026-02.zip,.cache/binance-altcoin-trend-round34/kline_monthly/ADAUSDT/ADAUSDT-15m-2026-02.zip,downloaded_verified,26ffc0cd6a9a09c21766bdb4fd64975fe5d9c67d38ddc960922b372048f84f49,111286.0
ADAUSDT,2026-02,funding_monthly,https://data.binance.vision/data/futures/um/monthly/fundingRate/ADAUSDT/ADAUSDT-fundingRate-2026-02.zip,.cache/binance-altcoin-trend-round34/funding_monthly/ADAUSDT/ADAUSDT-fundingRate-2026-02.zip,downloaded_verified,b9934577dcac9d5a9d3a63a66261738d7f9c128bd986b4fd90393e15c131e182,946.0
ADAUSDT,2026-03,kline_monthly,https://data.binance.vision/data/futures/um/monthly/klines/ADAUSDT/15m/ADAUSDT-15m-2026-03.zip,.cache/binance-altcoin-trend-round34/kline_monthly/ADAUSDT/ADAUSDT-15m-2026-03.zip,downloaded_verified,34dc5af87cca15d264edaf4353f4bbc80f6124f41a9cf4c0aecc6b0f144b31a3,121479.0
ADAUSDT,2026-03,funding_monthly,https://data.binance.vision/data/futures/um/monthly/fundingRate/ADAUSDT/ADAUSDT-fundingRate-2026-03.zip,.cache/binance-altcoin-trend-round34/funding_monthly/ADAUSDT/ADAUSDT-fundingRate-2026-03.zip,downloaded_verified,5a9a9b2e3b41521ab2cc28ece3ece06d8611f0f033cabaa1ac1f7e678ce23c0e,974.0
ADAUSDT,2026-04,kline_monthly,https://data.binance.vision/data/futures/um/monthly/klines/ADAUSDT/15m/ADAUSDT-15m-2026-04.zip,.cache/binance-altcoin-trend-round34/kline_monthly/ADAUSDT/ADAUSDT-15m-2026-04.zip,downloaded_verified,d74a17eab0978ba38ec58b9e93e4d65e84a278846d03eecf5aab5d6d61567662,116085.0
ADAUSDT,2026-04,funding_monthly,https://data.binance.vision/data/futures/um/monthly/fundingRate/ADAUSDT/ADAUSDT-fundingRate-2026-04.zip,.cache/binance-altcoin-trend-round34/funding_monthly/ADAUSDT/ADAUSDT-fundingRate-2026-04.zip,downloaded_verified,b2769eeed3ad6e22d871c995632110cc568c6a40d1d61be7158cad1fc4d60cf8,896.0
ADAUSDT,2026-05,kline_monthly,https://data.binance.vision/data/futures/um/monthly/klines/ADAUSDT/15m/ADAUSDT-15m-2026-05.zip,.cache/binance-altcoin-trend-round34/kline_monthly/ADAUSDT/ADAUSDT-15m-2026-05.zip,downloaded_verified,0dfeae1c6724e4e47be6e416c8cde62b540a04ffc1d714e63db985ba74286b45,119028.0
ADAUSDT,2026-05,funding_monthly,https://data.binance.vision/data/futures/um/monthly/fundingRate/ADAUSDT/ADAUSDT-fundingRate-2026-05.zip,.cache/binance-altcoin-trend-round34/funding_monthly/ADAUSDT/ADAUSDT-fundingRate-2026-05.zip,downloaded_verified,6e32d7bbdfaa3a2542fe39f918c1b79fccb01be6ee725775095a93c253778862,941.0
ADAUSDT,2026-06,kline_monthly,https://data.binance.vision/data/futures/um/monthly/klines/ADAUSDT/15m/ADAUSDT-15m-2026-06.zip,.cache/binance-altcoin-trend-round34/kline_monthly/ADAUSDT/ADAUSDT-15m-2026-06.zip,downloaded_verified,0db0352f1a944b0fbad75681da47a1ca90a4ac425867a6aaf99e84a80e1a353f,117144.0
ADAUSDT,2026-06,funding_monthly,https://data.binance.vision/data/futures/um/monthly/fundingRate/ADAUSDT/ADAUSDT-fundingRate-2026-06.zip,.cache/binance-altcoin-trend-round34/funding_monthly/ADAUSDT/ADAUSDT-fundingRate-2026-06.zip,downloaded_verified,e41b9ac1f3d6651ff94562de9b3a0297016c6dc2d2def42f6561d963cfdb0fc1,987.0
ADAUSDT,2026-07-01,kline_daily,https://data.binance.vision/data/futures/um/daily/klines/ADAUSDT/15m/ADAUSDT-15m-2026-07-01.zip,.cache/binance-altcoin-trend-round34/kline_daily/ADAUSDT/ADAUSDT-15m-2026-07-01.zip,downloaded_verified,f028fb2826605f7cc2be6e9502fc0728ca286f0d0e6afff69dea889f0fab4883,4361.0
ADAUSDT,2026-07-02,kline_daily,https://data.binance.vision/data/futures/um/daily/klines/ADAUSDT/15m/ADAUSDT-15m-2026-07-02.zip,.cache/binance-altcoin-trend-round34/kline_daily/ADAUSDT/ADAUSDT-15m-2026-07-02.zip,downloaded_verified,b2f6537ca4db47f7675ad1d48db27c84178155d663aade716596c11b97950001,4266.0
ADAUSDT,2026-07-03,kline_daily,https://data.binance.vision/data/futures/um/daily/klines/ADAUSDT/15m/ADAUSDT-15m-2026-07-03.zip,.cache/binance-altcoin-trend-round34/kline_daily/ADAUSDT/ADAUSDT-15m-2026-07-03.zip,downloaded_verified,a5f700f328bc76b3df8b7e7858b316c13d77e294afbe85ab746a0c477044b375,4400.0
ADAUSDT,2026-07-04,kline_daily,https://data.binance.vision/data/futures/um/daily/klines/ADAUSDT/15m/ADAUSDT-15m-2026-07-04.zip,.cache/binance-altcoin-trend-round34/kline_daily/ADAUSDT/ADAUSDT-15m-2026-07-04.zip,downloaded_verified,c39dbf9e5e49c5987eecc7b2f047743b47fe17aa6750d891b8ef0f1cd06289b6,4397.0
ADAUSDT,2026-07-05,kline_daily,https://data.binance.vision/data/futures/um/daily/klines/ADAUSDT/15m/ADAUSDT-15m-2026-07-05.zip,.cache/binance-altcoin-trend-round34/kline_daily/ADAUSDT/ADAUSDT-15m-2026-07-05.zip,downloaded_verified,c1c57fc30375fbc5cbc1b3eaccc27a97fb709dfa9bc374d20524c8d606f49cc0,4341.0
ADAUSDT,2026-07-06,kline_daily,https://data.binance.vision/data/futures/um/daily/klines/ADAUSDT/15m/ADAUSDT-15m-2026-07-06.zip,.cache/binance-altcoin-trend-round34/kline_daily/ADAUSDT/ADAUSDT-15m-2026-07-06.zip,downloaded_verified,d0d8be6977fb9660c1eaf5f93fdb4856a6e0f47ddd59c7361bf0f78724921073,4339.0
ADAUSDT,2026-07-07,kline_daily,https://data.binance.vision/data/futures/um/daily/klines/ADAUSDT/15m/ADAUSDT-15m-2026-07-07.zip,.cache/binance-altcoin-trend-round34/kline_daily/ADAUSDT/ADAUSDT-15m-2026-07-07.zip,downloaded_verified,82e1b44708df2d7edf0f2826a516ed414fc847f58da190f8bf7f93d8e623a14f,4284.0
ADAUSDT,2026-07-08,kline_daily,https://data.binance.vision/data/futures/um/daily/klines/ADAUSDT/15m/ADAUSDT-15m-2026-07-08.zip,.cache/binance-altcoin-trend-round34/kline_daily/ADAUSDT/ADAUSDT-15m-2026-07-08.zip,downloaded_verified,05c538fe7a88e128ed014990454c74c1d976a429b9d9f40a4d58748257ee3d24,4260.0
ADAUSDT,2026-07-09,kline_daily,https://data.binance.vision/data/futures/um/daily/klines/ADAUSDT/15m/ADAUSDT-15m-2026-07-09.zip,.cache/binance-altcoin-trend-round34/kline_daily/ADAUSDT/ADAUSDT-15m-2026-07-09.zip,downloaded_verified,8ab1bf9153733c8887980ed0733e1d11d4bd9e201e9657b713d60b0e91bc2078,4188.0
ADAUSDT,2026-07-10,kline_daily,https://data.binance.vision/data/futures/um/daily/klines/ADAUSDT/15m/ADAUSDT-15m-2026-07-10.zip,.cache/binance-altcoin-trend-round34/kline_daily/ADAUSDT/ADAUSDT-15m-2026-07-10.zip,downloaded_verified,3e05424a63fe0230185564fe59ab3959426319e1143bf375fc396ba4f90a52fc,4180.0
ADAUSDT,2026-07-11,kline_daily,https://data.binance.vision/data/futures/um/daily/klines/ADAUSDT/15m/ADAUSDT-15m-2026-07-11.zip,.cache/binance-altcoin-trend-round34/kline_daily/ADAUSDT/ADAUSDT-15m-2026-07-11.zip,downloaded_verified,32e3a8067ddecaadda97755e29bc2c8cc380c68b75534ffa374f6142f86ce2a7,4158.0
ADAUSDT,2026-07-12,kline_daily,https://data.binance.vision/data/futures/um/daily/klines/ADAUSDT/15m/ADAUSDT-15m-2026-07-12.zip,.cache/binance-altcoin-trend-round34/kline_daily/ADAUSDT/ADAUSDT-15m-2026-07-12.zip,downloaded_verified,2e3f72ac83fd5df842b4410927869006c1cc146d55aeb7494ce556b7d2862704,4158.0
ADAUSDT,2026-07-13,kline_daily,https://data.binance.vision/data/futures/um/daily/klines/ADAUSDT/15m/ADAUSDT-15m-2026-07-13.zip,.cache/binance-altcoin-trend-round34/kline_daily/ADAUSDT/ADAUSDT-15m-2026-07-13.zip,downloaded_verified,eab22453511d66cd8f399063226a627200dbecf721ff25fcf3a2ff359ada6d33,4203.0
ADAUSDT,2026-07-14,kline_daily,https://data.binance.vision/data/futures/um/daily/klines/ADAUSDT/15m/ADAUSDT-15m-2026-07-14.zip,.cache/binance-altcoin-trend-round34/kline_daily/ADAUSDT/ADAUSDT-15m-2026-07-14.zip,downloaded_verified,ead8d73dc18833ec5da0f0835c6bb768c818cb936b9f0c9ca6d483d6e7e91fe9,4186.0
ADAUSDT,2026-07-15,kline_daily,https://data.binance.vision/data/futures/um/daily/klines/ADAUSDT/15m/ADAUSDT-15m-2026-07-15.zip,.cache/binance-altcoin-trend-round34/kline_daily/ADAUSDT/ADAUSDT-15m-2026-07-15.zip,downloaded_verified,b760ac8084c3af1e8f34a658817610ec4fcecd3b5b68502805c4f723799bbc3d,4218.0
ADAUSDT,2026-07-16,kline_daily,https://data.binance.vision/data/futures/um/daily/klines/ADAUSDT/15m/ADAUSDT-15m-2026-07-16.zip,.cache/binance-altcoin-trend-round34/kline_daily/ADAUSDT/ADAUSDT-15m-2026-07-16.zip,downloaded_verified,e43f15420370004b7ef4989493e6fbeb009a0d70e20e408480bedd8f725da8ac,4175.0
ADAUSDT,2026-07-17,kline_daily,https://data.binance.vision/data/futures/um/daily/klines/ADAUSDT/15m/ADAUSDT-15m-2026-07-17.zip,.cache/binance-altcoin-trend-round34/kline_daily/ADAUSDT/ADAUSDT-15m-2026-07-17.zip,downloaded_verified,72c8359c46d3368ef489e647d327eb4ac3167fecc85c64f39a5caad007a466c9,4240.0
ADAUSDT,2026-07-18,kline_daily,https://data.binance.vision/data/futures/um/daily/klines/ADAUSDT/15m/ADAUSDT-15m-2026-07-18.zip,.cache/binance-altcoin-trend-round34/kline_daily/ADAUSDT/ADAUSDT-15m-2026-07-18.zip,downloaded_verified,f25fa0bdc218c29987b20cf45a93c578af64f2fc7fccbd05acd7280a35c7c72c,4113.0
ADAUSDT,2026-07-19,kline_daily,https://data.binance.vision/data/futures/um/daily/klines/ADAUSDT/15m/ADAUSDT-15m-2026-07-19.zip,.cache/binance-altcoin-trend-round34/kline_daily/ADAUSDT/ADAUSDT-15m-2026-07-19.zip,downloaded_verified,7a738159e3f2e1d147ee411f04031ab940eafd0b2a430fdda6c2f44a3dff4581,4090.0
ADAUSDT,2026-07-20,kline_daily,https://data.binance.vision/data/futures/um/daily/klines/ADAUSDT/15m/ADAUSDT-15m-2026-07-20.zip,.cache/binance-altcoin-trend-round34/kline_daily/ADAUSDT/ADAUSDT-15m-2026-07-20.zip,downloaded_verified,3fff1a10bad4f694d40cc1ec09a7fd53ab39732583223777e16af4bf7dbd7d0d,4276.0
ADAUSDT,2026-07-21,kline_daily,https://data.binance.vision/data/futures/um/daily/klines/ADAUSDT/15m/ADAUSDT-15m-2026-07-21.zip,.cache/binance-altcoin-trend-round34/kline_daily/ADAUSDT/ADAUSDT-15m-2026-07-21.zip,downloaded_verified,36a825a6b039f2f25ca99c3e734473c0ad1ba26194e9dd19026eb78d30612a5d,4212.0
ADAUSDT,2026-07-22,kline_daily,https://data.binance.vision/data/futures/um/daily/klines/ADAUSDT/15m/ADAUSDT-15m-2026-07-22.zip,.cache/binance-altcoin-trend-round34/kline_daily/ADAUSDT/ADAUSDT-15m-2026-07-22.zip,downloaded_verified,3cb64f05efef59a46a42bcc69c16f237be1319039511c3e994ebe4ffc53c87c9,4223.0
ADAUSDT,2026-07-23,kline_daily,https://data.binance.vision/data/futures/um/daily/klines/ADAUSDT/15m/ADAUSDT-15m-2026-07-23.zip,.cache/binance-altcoin-trend-round34/kline_daily/ADAUSDT/ADAUSDT-15m-2026-07-23.zip,downloaded_verified,1b4fc66918d0c68a29dc1ec33bb75679e83e9c7d7b2374fc2594a8d090600d19,4206.0
ADAUSDT,2026-07-24,kline_daily,https://data.binance.vision/data/futures/um/daily/klines/ADAUSDT/15m/ADAUSDT-15m-2026-07-24.zip,.cache/binance-altcoin-trend-round34/kline_daily/ADAUSDT/ADAUSDT-15m-2026-07-24.zip,downloaded_verified,f217eb99b739c18cd325cb0250ae298fca2e0a9a02e055c15416aec04589c56f,4103.0
ADAUSDT,2026-07-25,kline_daily,https://data.binance.vision/data/futures/um/daily/klines/ADAUSDT/15m/ADAUSDT-15m-2026-07-25.zip,.cache/binance-altcoin-trend-round34/kline_daily/ADAUSDT/ADAUSDT-15m-2026-07-25.zip,downloaded_verified,da7d07677afc66871490e96cfac61ddc8dd80f50f89ccf75030033d9bc408309,4080.0
ADAUSDT,2026-07-26,kline_daily,https://data.binance.vision/data/futures/um/daily/klines/ADAUSDT/15m/ADAUSDT-15m-2026-07-26.zip,.cache/binance-altcoin-trend-round34/kline_daily/ADAUSDT/ADAUSDT-15m-2026-07-26.zip,downloaded_verified,be633189a969d600ec0ac0bf1a63d2358c92092e51d162726cd4414f9220e355,3978.0
LINKUSDT,2023-11,kline_monthly,https://data.binance.vision/data/futures/um/monthly/klines/LINKUSDT/15m/LINKUSDT-15m-2023-11.zip,.cache/binance-altcoin-trend-round34/kline_monthly/LINKUSDT/LINKUSDT-15m-2023-11.zip,downloaded_verified,b60f3bc3751468723c35e09ced218f0d99902087b0ec40a11d633351111b278f,132114.0
LINKUSDT,2023-11,funding_monthly,https://data.binance.vision/data/futures/um/monthly/fundingRate/LINKUSDT/LINKUSDT-fundingRate-2023-11.zip,.cache/binance-altcoin-trend-round34/funding_monthly/LINKUSDT/LINKUSDT-fundingRate-2023-11.zip,downloaded_verified,0387ba64231377e679af3450ca3404e0a8e78ae57aaeb32a763870c99d9a9e84,723.0
LINKUSDT,2023-12,kline_monthly,https://data.binance.vision/data/futures/um/monthly/klines/LINKUSDT/15m/LINKUSDT-15m-2023-12.zip,.cache/binance-altcoin-trend-round34/kline_monthly/LINKUSDT/LINKUSDT-15m-2023-12.zip,downloaded_verified,1fc43d9b4f6245386619ef1cfff6740403387854ef4157a7e23fa63d4989d13f,134770.0
LINKUSDT,2023-12,funding_monthly,https://data.binance.vision/data/futures/um/monthly/fundingRate/LINKUSDT/LINKUSDT-fundingRate-2023-12.zip,.cache/binance-altcoin-trend-round34/funding_monthly/LINKUSDT/LINKUSDT-fundingRate-2023-12.zip,downloaded_verified,4fb2aab7d59f168c3bf8d62e5ebb3f518966ad84c35e9b603def870e099b491e,821.0
LINKUSDT,2024-01,kline_monthly,https://data.binance.vision/data/futures/um/monthly/klines/LINKUSDT/15m/LINKUSDT-15m-2024-01.zip,.cache/binance-altcoin-trend-round34/kline_monthly/LINKUSDT/LINKUSDT-15m-2024-01.zip,downloaded_verified,311ce5009ea0106410ea3b300451ce0138cca94203a5fc6ec5ad4e285af4284d,133889.0
LINKUSDT,2024-01,funding_monthly,https://data.binance.vision/data/futures/um/monthly/fundingRate/LINKUSDT/LINKUSDT-fundingRate-2024-01.zip,.cache/binance-altcoin-trend-round34/funding_monthly/LINKUSDT/LINKUSDT-fundingRate-2024-01.zip,downloaded_verified,ee7c31e4df28573cfa78bac09e112191f2ed4ca2ed6a3f2aec9d43bcb0ab34b8,677.0
LINKUSDT,2024-02,kline_monthly,https://data.binance.vision/data/futures/um/monthly/klines/LINKUSDT/15m/LINKUSDT-15m-2024-02.zip,.cache/binance-altcoin-trend-round34/kline_monthly/LINKUSDT/LINKUSDT-15m-2024-02.zip,downloaded_verified,2b71ad7503a55e9189a2ac0a908b91c9c670230fe6b062decc83bb811cb8873e,126134.0
LINKUSDT,2024-02,funding_monthly,https://data.binance.vision/data/futures/um/monthly/fundingRate/LINKUSDT/LINKUSDT-fundingRate-2024-02.zip,.cache/binance-altcoin-trend-round34/funding_monthly/LINKUSDT/LINKUSDT-fundingRate-2024-02.zip,downloaded_verified,cb3d81d514e464571e2b1d0d1b52965dae2f9be7361eb17e579b624aa69d1028,754.0
LINKUSDT,2024-03,kline_monthly,https://data.binance.vision/data/futures/um/monthly/klines/LINKUSDT/15m/LINKUSDT-15m-2024-03.zip,.cache/binance-altcoin-trend-round34/kline_monthly/LINKUSDT/LINKUSDT-15m-2024-03.zip,downloaded_verified,506682319dabc477731ca06a1e2b1d53f6b4a178e3ad6c8066c8c7d0cfc166bb,134376.0
LINKUSDT,2024-03,funding_monthly,https://data.binance.vision/data/futures/um/monthly/fundingRate/LINKUSDT/LINKUSDT-fundingRate-2024-03.zip,.cache/binance-altcoin-trend-round34/funding_monthly/LINKUSDT/LINKUSDT-fundingRate-2024-03.zip,downloaded_verified,997ee3e66fb8778e7eed6b2f587c80d112b8a5d110f7ec59c622ee66704f4f99,934.0
LINKUSDT,2024-04,kline_monthly,https://data.binance.vision/data/futures/um/monthly/klines/LINKUSDT/15m/LINKUSDT-15m-2024-04.zip,.cache/binance-altcoin-trend-round34/kline_monthly/LINKUSDT/LINKUSDT-15m-2024-04.zip,downloaded_verified,e277ab02d4dea4b3077d31b60450a6d612aad104006ef7250f037fb6f774178d,128002.0
LINKUSDT,2024-04,funding_monthly,https://data.binance.vision/data/futures/um/monthly/fundingRate/LINKUSDT/LINKUSDT-fundingRate-2024-04.zip,.cache/binance-altcoin-trend-round34/funding_monthly/LINKUSDT/LINKUSDT-fundingRate-2024-04.zip,downloaded_verified,fd263095594d9092e8d562762242b3d73453cd53fd967a0458c4d7d1b756ca3a,836.0
LINKUSDT,2024-05,kline_monthly,https://data.binance.vision/data/futures/um/monthly/klines/LINKUSDT/15m/LINKUSDT-15m-2024-05.zip,.cache/binance-altcoin-trend-round34/kline_monthly/LINKUSDT/LINKUSDT-15m-2024-05.zip,downloaded_verified,adcce2f3d79e33067ee2f237f10b48b72eca5e955dda09c43ed3640cc2824dbc,132081.0
LINKUSDT,2024-05,funding_monthly,https://data.binance.vision/data/futures/um/monthly/fundingRate/LINKUSDT/LINKUSDT-fundingRate-2024-05.zip,.cache/binance-altcoin-trend-round34/funding_monthly/LINKUSDT/LINKUSDT-fundingRate-2024-05.zip,downloaded_verified,57e4ff08bdd4a70e775f722f0ef8a104e937e719f6cfdd6557c9628e2ef50895,760.0
LINKUSDT,2024-06,kline_monthly,https://data.binance.vision/data/futures/um/monthly/klines/LINKUSDT/15m/LINKUSDT-15m-2024-06.zip,.cache/binance-altcoin-trend-round34/kline_monthly/LINKUSDT/LINKUSDT-15m-2024-06.zip,downloaded_verified,4576acc12d7d29d2cf42aedf4630ee0ee306c37c26dc5d7b4b2e146091a0b853,125838.0
LINKUSDT,2024-06,funding_monthly,https://data.binance.vision/data/futures/um/monthly/fundingRate/LINKUSDT/LINKUSDT-fundingRate-2024-06.zip,.cache/binance-altcoin-trend-round34/funding_monthly/LINKUSDT/LINKUSDT-fundingRate-2024-06.zip,downloaded_verified,ed259e3baf5dd43e03751fdfc78b35e5978c7c7dd01a61b0dbe29d0d09b2de83,757.0
LINKUSDT,2024-07,kline_monthly,https://data.binance.vision/data/futures/um/monthly/klines/LINKUSDT/15m/LINKUSDT-15m-2024-07.zip,.cache/binance-altcoin-trend-round34/kline_monthly/LINKUSDT/LINKUSDT-15m-2024-07.zip,downloaded_verified,4cb44b66fb466904ac6d815936c6bb631d37c2f3a5089906c77aed8a5bbcd753,130600.0
LINKUSDT,2024-07,funding_monthly,https://data.binance.vision/data/futures/um/monthly/fundingRate/LINKUSDT/LINKUSDT-fundingRate-2024-07.zip,.cache/binance-altcoin-trend-round34/funding_monthly/LINKUSDT/LINKUSDT-fundingRate-2024-07.zip,downloaded_verified,84fda29e97f5e126ab3d301d83aadd58a271b9cb7e128eae315629a43fec8040,867.0
LINKUSDT,2024-08,kline_monthly,https://data.binance.vision/data/futures/um/monthly/klines/LINKUSDT/15m/LINKUSDT-15m-2024-08.zip,.cache/binance-altcoin-trend-round34/kline_monthly/LINKUSDT/LINKUSDT-15m-2024-08.zip,downloaded_verified,ea8c2737931c1dd6cea0ea674dc26973270c03fd78e027578513207aaa3a5c69,130095.0
LINKUSDT,2024-08,funding_monthly,https://data.binance.vision/data/futures/um/monthly/fundingRate/LINKUSDT/LINKUSDT-fundingRate-2024-08.zip,.cache/binance-altcoin-trend-round34/funding_monthly/LINKUSDT/LINKUSDT-fundingRate-2024-08.zip,downloaded_verified,9cb25c7b945c3e0df7f40833e46c893ab10c9e4eff1fcbbd17967fe04571332d,927.0
LINKUSDT,2024-09,kline_monthly,https://data.binance.vision/data/futures/um/monthly/klines/LINKUSDT/15m/LINKUSDT-15m-2024-09.zip,.cache/binance-altcoin-trend-round34/kline_monthly/LINKUSDT/LINKUSDT-15m-2024-09.zip,downloaded_verified,a918e95db3b219ff47e4a932968d6317b660013c55940656e0222b0b7f4f2d36,124633.0
LINKUSDT,2024-09,funding_monthly,https://data.binance.vision/data/futures/um/monthly/fundingRate/LINKUSDT/LINKUSDT-fundingRate-2024-09.zip,.cache/binance-altcoin-trend-round34/funding_monthly/LINKUSDT/LINKUSDT-fundingRate-2024-09.zip,downloaded_verified,82f0d865cf2d02ab345c4254fe59ffeb3e5b6bae39bcb1a0d06dc67ff55a718a,833.0
LINKUSDT,2024-10,kline_monthly,https://data.binance.vision/data/futures/um/monthly/klines/LINKUSDT/15m/LINKUSDT-15m-2024-10.zip,.cache/binance-altcoin-trend-round34/kline_monthly/LINKUSDT/LINKUSDT-15m-2024-10.zip,downloaded_verified,945d84f699f71083541390615026dc4618641e39965badda479e74b3f50c5608,129297.0
LINKUSDT,2024-10,funding_monthly,https://data.binance.vision/data/futures/um/monthly/fundingRate/LINKUSDT/LINKUSDT-fundingRate-2024-10.zip,.cache/binance-altcoin-trend-round34/funding_monthly/LINKUSDT/LINKUSDT-fundingRate-2024-10.zip,downloaded_verified,a79184eb05334084cc4a294881ee74f03556ee1a48115443bd29d77d97a598c1,734.0
LINKUSDT,2024-11,kline_monthly,https://data.binance.vision/data/futures/um/monthly/klines/LINKUSDT/15m/LINKUSDT-15m-2024-11.zip,.cache/binance-altcoin-trend-round34/kline_monthly/LINKUSDT/LINKUSDT-15m-2024-11.zip,downloaded_verified,6fdb0806ced3a6b1fcbc448b8a76f5a631b9bcee20db2620c95f223d2912db1e,130101.0
LINKUSDT,2024-11,funding_monthly,https://data.binance.vision/data/futures/um/monthly/fundingRate/LINKUSDT/LINKUSDT-fundingRate-2024-11.zip,.cache/binance-altcoin-trend-round34/funding_monthly/LINKUSDT/LINKUSDT-fundingRate-2024-11.zip,downloaded_verified,2d9fc1ace268513a0330a170216be245b9fbcc37ec405ba57cc11841bb8c438f,803.0
LINKUSDT,2024-12,kline_monthly,https://data.binance.vision/data/futures/um/monthly/klines/LINKUSDT/15m/LINKUSDT-15m-2024-12.zip,.cache/binance-altcoin-trend-round34/kline_monthly/LINKUSDT/LINKUSDT-15m-2024-12.zip,downloaded_verified,6fcaceb2e28f53186d45365be7d92b196ecbdcaaf61092d390bbac5d913dc7cd,138947.0
LINKUSDT,2024-12,funding_monthly,https://data.binance.vision/data/futures/um/monthly/fundingRate/LINKUSDT/LINKUSDT-fundingRate-2024-12.zip,.cache/binance-altcoin-trend-round34/funding_monthly/LINKUSDT/LINKUSDT-fundingRate-2024-12.zip,downloaded_verified,db162585658485f1107d4d135a8a37714b7e8b33ce99f251ab537fa7c6cf0c61,815.0
LINKUSDT,2025-01,kline_monthly,https://data.binance.vision/data/futures/um/monthly/klines/LINKUSDT/15m/LINKUSDT-15m-2025-01.zip,.cache/binance-altcoin-trend-round34/kline_monthly/LINKUSDT/LINKUSDT-15m-2025-01.zip,downloaded_verified,2e49b0123b5cde15591edeea6f6221e0fac4e9fdf22a7eaf60ca12ed8202593b,136451.0
LINKUSDT,2025-01,funding_monthly,https://data.binance.vision/data/futures/um/monthly/fundingRate/LINKUSDT/LINKUSDT-fundingRate-2025-01.zip,.cache/binance-altcoin-trend-round34/funding_monthly/LINKUSDT/LINKUSDT-fundingRate-2025-01.zip,downloaded_verified,13713b66ca784964b080a68c8a944d758202e8ab454fba9bd8b42fc1c8fdb804,765.0
LINKUSDT,2025-02,kline_monthly,https://data.binance.vision/data/futures/um/monthly/klines/LINKUSDT/15m/LINKUSDT-15m-2025-02.zip,.cache/binance-altcoin-trend-round34/kline_monthly/LINKUSDT/LINKUSDT-15m-2025-02.zip,downloaded_verified,0cff3224eb7b99f45bc5dca3b39db6533004934120382b275bf1582ea399f3f0,122291.0
LINKUSDT,2025-02,funding_monthly,https://data.binance.vision/data/futures/um/monthly/fundingRate/LINKUSDT/LINKUSDT-fundingRate-2025-02.zip,.cache/binance-altcoin-trend-round34/funding_monthly/LINKUSDT/LINKUSDT-fundingRate-2025-02.zip,downloaded_verified,92d748c5583035811fa307d7f0f039d2fdcaabf59c78095ba61f24426328e77c,852.0
LINKUSDT,2025-03,kline_monthly,https://data.binance.vision/data/futures/um/monthly/klines/LINKUSDT/15m/LINKUSDT-15m-2025-03.zip,.cache/binance-altcoin-trend-round34/kline_monthly/LINKUSDT/LINKUSDT-15m-2025-03.zip,downloaded_verified,8c2a39518f0515f810b79412a9a5d71c8760b6fcf8efd85a685622a39ba49854,134260.0
LINKUSDT,2025-03,funding_monthly,https://data.binance.vision/data/futures/um/monthly/fundingRate/LINKUSDT/LINKUSDT-fundingRate-2025-03.zip,.cache/binance-altcoin-trend-round34/funding_monthly/LINKUSDT/LINKUSDT-fundingRate-2025-03.zip,downloaded_verified,bb73dc71a95ee0127f66248f1912b605f8bccaaa52b318be42397b4263c42be7,896.0
LINKUSDT,2025-04,kline_monthly,https://data.binance.vision/data/futures/um/monthly/klines/LINKUSDT/15m/LINKUSDT-15m-2025-04.zip,.cache/binance-altcoin-trend-round34/kline_monthly/LINKUSDT/LINKUSDT-15m-2025-04.zip,downloaded_verified,394b43270beebcc25df08ca8b0550bfe3e5d97770e8a1044779c1ba290aa0579,128460.0
LINKUSDT,2025-04,funding_monthly,https://data.binance.vision/data/futures/um/monthly/fundingRate/LINKUSDT/LINKUSDT-fundingRate-2025-04.zip,.cache/binance-altcoin-trend-round34/funding_monthly/LINKUSDT/LINKUSDT-fundingRate-2025-04.zip,downloaded_verified,17f6f5f71e62fb2478167db581286c36f298d266b5b73a18d954bfca1a61c874,832.0
LINKUSDT,2025-05,kline_monthly,https://data.binance.vision/data/futures/um/monthly/klines/LINKUSDT/15m/LINKUSDT-15m-2025-05.zip,.cache/binance-altcoin-trend-round34/kline_monthly/LINKUSDT/LINKUSDT-15m-2025-05.zip,downloaded_verified,fe100f3ba25f3a48821cdd941bf07d7791bcfe7c57a1c4c23e7a7f993d2d9aba,133502.0
LINKUSDT,2025-05,funding_monthly,https://data.binance.vision/data/futures/um/monthly/fundingRate/LINKUSDT/LINKUSDT-fundingRate-2025-05.zip,.cache/binance-altcoin-trend-round34/funding_monthly/LINKUSDT/LINKUSDT-fundingRate-2025-05.zip,downloaded_verified,7d3b60afb85860117409e2137884e2a01e45a22eb2e4d1353514244f83796002,891.0
LINKUSDT,2025-06,kline_monthly,https://data.binance.vision/data/futures/um/monthly/klines/LINKUSDT/15m/LINKUSDT-15m-2025-06.zip,.cache/binance-altcoin-trend-round34/kline_monthly/LINKUSDT/LINKUSDT-15m-2025-06.zip,downloaded_verified,e5ba7dab466ef0b940efc2059f1e8502ef2627e67b2b5e8000080cc5d4ffa01e,127488.0
LINKUSDT,2025-06,funding_monthly,https://data.binance.vision/data/futures/um/monthly/fundingRate/LINKUSDT/LINKUSDT-fundingRate-2025-06.zip,.cache/binance-altcoin-trend-round34/funding_monthly/LINKUSDT/LINKUSDT-fundingRate-2025-06.zip,downloaded_verified,cbdf6273e84d457b4915139e41a278629cbdfc02855e290b6d9ff34218eb36a5,953.0
LINKUSDT,2025-07,kline_monthly,https://data.binance.vision/data/futures/um/monthly/klines/LINKUSDT/15m/LINKUSDT-15m-2025-07.zip,.cache/binance-altcoin-trend-round34/kline_monthly/LINKUSDT/LINKUSDT-15m-2025-07.zip,downloaded_verified,f63df92f77ff6cd17091c57d6e6ad091e1bd83f0e2aa8231217724cadabb15ba,134073.0
LINKUSDT,2025-07,funding_monthly,https://data.binance.vision/data/futures/um/monthly/fundingRate/LINKUSDT/LINKUSDT-fundingRate-2025-07.zip,.cache/binance-altcoin-trend-round34/funding_monthly/LINKUSDT/LINKUSDT-fundingRate-2025-07.zip,downloaded_verified,56651da01247f19d5e63e6c40f8835934735e60915587068e325f2859101b7e4,791.0
LINKUSDT,2025-08,kline_monthly,https://data.binance.vision/data/futures/um/monthly/klines/LINKUSDT/15m/LINKUSDT-15m-2025-08.zip,.cache/binance-altcoin-trend-round34/kline_monthly/LINKUSDT/LINKUSDT-15m-2025-08.zip,downloaded_verified,db47df9f2fba22a91b50dbc2b93ae96204d4ab7f0181529293b6dfbf6b3be199,137597.0
LINKUSDT,2025-08,funding_monthly,https://data.binance.vision/data/futures/um/monthly/fundingRate/LINKUSDT/LINKUSDT-fundingRate-2025-08.zip,.cache/binance-altcoin-trend-round34/funding_monthly/LINKUSDT/LINKUSDT-fundingRate-2025-08.zip,downloaded_verified,3fd351cfdd3aa11d1e280740f56a0a244112862fb3a583d7600d658339060f53,865.0
LINKUSDT,2025-09,kline_monthly,https://data.binance.vision/data/futures/um/monthly/klines/LINKUSDT/15m/LINKUSDT-15m-2025-09.zip,.cache/binance-altcoin-trend-round34/kline_monthly/LINKUSDT/LINKUSDT-15m-2025-09.zip,downloaded_verified,751424cb432864b82892905b75c2605b38bdda25568385f8a619297f35ca1a17,130317.0
LINKUSDT,2025-09,funding_monthly,https://data.binance.vision/data/futures/um/monthly/fundingRate/LINKUSDT/LINKUSDT-fundingRate-2025-09.zip,.cache/binance-altcoin-trend-round34/funding_monthly/LINKUSDT/LINKUSDT-fundingRate-2025-09.zip,downloaded_verified,5b90724992ead316299b755ec6ff59e70adb6a61dbfa93b58942470a7cf091df,819.0
LINKUSDT,2025-10,kline_monthly,https://data.binance.vision/data/futures/um/monthly/klines/LINKUSDT/15m/LINKUSDT-15m-2025-10.zip,.cache/binance-altcoin-trend-round34/kline_monthly/LINKUSDT/LINKUSDT-15m-2025-10.zip,downloaded_verified,d354c8d24407efd5aec126eecdfa49112a78bcd992dc36d6d5c6be7c024dcbb0,135236.0
LINKUSDT,2025-10,funding_monthly,https://data.binance.vision/data/futures/um/monthly/fundingRate/LINKUSDT/LINKUSDT-fundingRate-2025-10.zip,.cache/binance-altcoin-trend-round34/funding_monthly/LINKUSDT/LINKUSDT-fundingRate-2025-10.zip,downloaded_verified,b13c0df55c83c64e2a8416bd059140f2fbbea0b3b73da9461abbded358c81160,905.0
LINKUSDT,2025-11,kline_monthly,https://data.binance.vision/data/futures/um/monthly/klines/LINKUSDT/15m/LINKUSDT-15m-2025-11.zip,.cache/binance-altcoin-trend-round34/kline_monthly/LINKUSDT/LINKUSDT-15m-2025-11.zip,downloaded_verified,1a83719a0723eab26b8ff05db296e521d9aa029a4d9f6a7bc7526c193541c860,129233.0
LINKUSDT,2025-11,funding_monthly,https://data.binance.vision/data/futures/um/monthly/fundingRate/LINKUSDT/LINKUSDT-fundingRate-2025-11.zip,.cache/binance-altcoin-trend-round34/funding_monthly/LINKUSDT/LINKUSDT-fundingRate-2025-11.zip,downloaded_verified,a964d712cdfecb1efeadaab133468d8658be24c420f3b91b91a51d183281fb19,896.0
LINKUSDT,2025-12,kline_monthly,https://data.binance.vision/data/futures/um/monthly/klines/LINKUSDT/15m/LINKUSDT-15m-2025-12.zip,.cache/binance-altcoin-trend-round34/kline_monthly/LINKUSDT/LINKUSDT-15m-2025-12.zip,downloaded_verified,f498e2522d6501e2147837b65654d8a92b6a01ce8ff8f0c0820a9b99c695ecd8,130320.0
LINKUSDT,2025-12,funding_monthly,https://data.binance.vision/data/futures/um/monthly/fundingRate/LINKUSDT/LINKUSDT-fundingRate-2025-12.zip,.cache/binance-altcoin-trend-round34/funding_monthly/LINKUSDT/LINKUSDT-fundingRate-2025-12.zip,downloaded_verified,728b6a16940b6189bb1aa97f636160e9b66b4289a8cc1296cefc802e0d0ed098,942.0
LINKUSDT,2026-01,kline_monthly,https://data.binance.vision/data/futures/um/monthly/klines/LINKUSDT/15m/LINKUSDT-15m-2026-01.zip,.cache/binance-altcoin-trend-round34/kline_monthly/LINKUSDT/LINKUSDT-15m-2026-01.zip,downloaded_verified,18cfc4c960d08a697d403b96384fd7987412fdf15c6bec97899d9f3c320865e1,129456.0
LINKUSDT,2026-01,funding_monthly,https://data.binance.vision/data/futures/um/monthly/fundingRate/LINKUSDT/LINKUSDT-fundingRate-2026-01.zip,.cache/binance-altcoin-trend-round34/funding_monthly/LINKUSDT/LINKUSDT-fundingRate-2026-01.zip,downloaded_verified,01e4199765b3954d6a110f498ba4dfc015b0e7f92e4b6985cbec9a56b752d66e,922.0
LINKUSDT,2026-02,kline_monthly,https://data.binance.vision/data/futures/um/monthly/klines/LINKUSDT/15m/LINKUSDT-15m-2026-02.zip,.cache/binance-altcoin-trend-round34/kline_monthly/LINKUSDT/LINKUSDT-15m-2026-02.zip,downloaded_verified,6947b6e9429e4f3e45262c7f02e00448a2930d15509adbd6abe7c2a6042bd8fa,116778.0
LINKUSDT,2026-02,funding_monthly,https://data.binance.vision/data/futures/um/monthly/fundingRate/LINKUSDT/LINKUSDT-fundingRate-2026-02.zip,.cache/binance-altcoin-trend-round34/funding_monthly/LINKUSDT/LINKUSDT-fundingRate-2026-02.zip,downloaded_verified,1db75bdf9189111e79c0c4e9df854bb716c14c9609462c054c8046d1e03542f0,914.0
LINKUSDT,2026-03,kline_monthly,https://data.binance.vision/data/futures/um/monthly/klines/LINKUSDT/15m/LINKUSDT-15m-2026-03.zip,.cache/binance-altcoin-trend-round34/kline_monthly/LINKUSDT/LINKUSDT-15m-2026-03.zip,downloaded_verified,aa1e4335daa11037ad916ad94cba2bb98995275e610ea92095770c4390dc70ff,127348.0
LINKUSDT,2026-03,funding_monthly,https://data.binance.vision/data/futures/um/monthly/fundingRate/LINKUSDT/LINKUSDT-fundingRate-2026-03.zip,.cache/binance-altcoin-trend-round34/funding_monthly/LINKUSDT/LINKUSDT-fundingRate-2026-03.zip,downloaded_verified,f9f7bf447ea91651ae9a5f28feb1275c97445d912a958cb8f999847996411262,961.0
LINKUSDT,2026-04,kline_monthly,https://data.binance.vision/data/futures/um/monthly/klines/LINKUSDT/15m/LINKUSDT-15m-2026-04.zip,.cache/binance-altcoin-trend-round34/kline_monthly/LINKUSDT/LINKUSDT-15m-2026-04.zip,downloaded_verified,44b8b12daded7f5043d1e80b231cb72a9ba8aa70bba31868431bd185bb96e548,121678.0
LINKUSDT,2026-04,funding_monthly,https://data.binance.vision/data/futures/um/monthly/fundingRate/LINKUSDT/LINKUSDT-fundingRate-2026-04.zip,.cache/binance-altcoin-trend-round34/funding_monthly/LINKUSDT/LINKUSDT-fundingRate-2026-04.zip,downloaded_verified,ff4c11fa47f8a0268f4194e51712a3bc4bb5672d3b1f54860e5d929114a4bf20,928.0
LINKUSDT,2026-05,kline_monthly,https://data.binance.vision/data/futures/um/monthly/klines/LINKUSDT/15m/LINKUSDT-15m-2026-05.zip,.cache/binance-altcoin-trend-round34/kline_monthly/LINKUSDT/LINKUSDT-15m-2026-05.zip,downloaded_verified,df7a61d8f9da81f1199b137abe1ac2cf7c4e0da9efdcf6de5aaaeeeb681f1292,126947.0
LINKUSDT,2026-05,funding_monthly,https://data.binance.vision/data/futures/um/monthly/fundingRate/LINKUSDT/LINKUSDT-fundingRate-2026-05.zip,.cache/binance-altcoin-trend-round34/funding_monthly/LINKUSDT/LINKUSDT-fundingRate-2026-05.zip,downloaded_verified,06536cdd66211e1a25629a54d489493aaab6b3613b9d2207a65af44a3826da1b,933.0
LINKUSDT,2026-06,kline_monthly,https://data.binance.vision/data/futures/um/monthly/klines/LINKUSDT/15m/LINKUSDT-15m-2026-06.zip,.cache/binance-altcoin-trend-round34/kline_monthly/LINKUSDT/LINKUSDT-15m-2026-06.zip,downloaded_verified,1a94d8937b50ee99c4e3470e4f0cc05fa72c4a749ac7329e67436b5e6215b416,122328.0
LINKUSDT,2026-06,funding_monthly,https://data.binance.vision/data/futures/um/monthly/fundingRate/LINKUSDT/LINKUSDT-fundingRate-2026-06.zip,.cache/binance-altcoin-trend-round34/funding_monthly/LINKUSDT/LINKUSDT-fundingRate-2026-06.zip,downloaded_verified,33654b89221e8e9c544632cdee76e38c3eedf40aa2c1536ead56e849781e8d07,964.0
LINKUSDT,2026-07-01,kline_daily,https://data.binance.vision/data/futures/um/daily/klines/LINKUSDT/15m/LINKUSDT-15m-2026-07-01.zip,.cache/binance-altcoin-trend-round34/kline_daily/LINKUSDT/LINKUSDT-15m-2026-07-01.zip,downloaded_verified,12304d9f3c9de7b0c1f25f758e464f3cb0b848b31d6380e5825b6acafd826690,4519.0
LINKUSDT,2026-07-02,kline_daily,https://data.binance.vision/data/futures/um/daily/klines/LINKUSDT/15m/LINKUSDT-15m-2026-07-02.zip,.cache/binance-altcoin-trend-round34/kline_daily/LINKUSDT/LINKUSDT-15m-2026-07-02.zip,downloaded_verified,9e98568fd00e605d6086f37af22bdaa6787e29a4c859c555ba95513ce12f3626,4522.0
LINKUSDT,2026-07-03,kline_daily,https://data.binance.vision/data/futures/um/daily/klines/LINKUSDT/15m/LINKUSDT-15m-2026-07-03.zip,.cache/binance-altcoin-trend-round34/kline_daily/LINKUSDT/LINKUSDT-15m-2026-07-03.zip,downloaded_verified,71b9d18b976153d1f9feba2889109adff19e3e284d524631e891535fd6efc02b,4441.0
LINKUSDT,2026-07-04,kline_daily,https://data.binance.vision/data/futures/um/daily/klines/LINKUSDT/15m/LINKUSDT-15m-2026-07-04.zip,.cache/binance-altcoin-trend-round34/kline_daily/LINKUSDT/LINKUSDT-15m-2026-07-04.zip,downloaded_verified,e853cf885e77ffb79f74a976490f707dfea6763fdb72e3f016d25dc5749cf776,4399.0
LINKUSDT,2026-07-05,kline_daily,https://data.binance.vision/data/futures/um/daily/klines/LINKUSDT/15m/LINKUSDT-15m-2026-07-05.zip,.cache/binance-altcoin-trend-round34/kline_daily/LINKUSDT/LINKUSDT-15m-2026-07-05.zip,downloaded_verified,59147752a28d28363e23e514995a9a003449a3b77815ec29c097449273344db7,4402.0
LINKUSDT,2026-07-06,kline_daily,https://data.binance.vision/data/futures/um/daily/klines/LINKUSDT/15m/LINKUSDT-15m-2026-07-06.zip,.cache/binance-altcoin-trend-round34/kline_daily/LINKUSDT/LINKUSDT-15m-2026-07-06.zip,downloaded_verified,b3967f58c7d67b7fa59c6b1d3a264fedfee4a379238f5a326d39700be898517e,4517.0
LINKUSDT,2026-07-07,kline_daily,https://data.binance.vision/data/futures/um/daily/klines/LINKUSDT/15m/LINKUSDT-15m-2026-07-07.zip,.cache/binance-altcoin-trend-round34/kline_daily/LINKUSDT/LINKUSDT-15m-2026-07-07.zip,downloaded_verified,da0dc4675a2557ec82a9dada1187c5bf78fd5cf39cc0ba464fc4785caac1c7ef,4450.0
LINKUSDT,2026-07-08,kline_daily,https://data.binance.vision/data/futures/um/daily/klines/LINKUSDT/15m/LINKUSDT-15m-2026-07-08.zip,.cache/binance-altcoin-trend-round34/kline_daily/LINKUSDT/LINKUSDT-15m-2026-07-08.zip,downloaded_verified,fd96b8eee3a52e567b913f18b58eea7375ab021cf00d00b3d5344a3e7c56fef4,4443.0
LINKUSDT,2026-07-09,kline_daily,https://data.binance.vision/data/futures/um/daily/klines/LINKUSDT/15m/LINKUSDT-15m-2026-07-09.zip,.cache/binance-altcoin-trend-round34/kline_daily/LINKUSDT/LINKUSDT-15m-2026-07-09.zip,downloaded_verified,fdb7aaae28b14939eb025e6cfb10809d52f08a81d7debf3fd188842c79cc7a95,4392.0
LINKUSDT,2026-07-10,kline_daily,https://data.binance.vision/data/futures/um/daily/klines/LINKUSDT/15m/LINKUSDT-15m-2026-07-10.zip,.cache/binance-altcoin-trend-round34/kline_daily/LINKUSDT/LINKUSDT-15m-2026-07-10.zip,downloaded_verified,553c6c808b6ed406616a0b6174c57f588d4217285c021fe6519de32969f795af,4397.0
LINKUSDT,2026-07-11,kline_daily,https://data.binance.vision/data/futures/um/daily/klines/LINKUSDT/15m/LINKUSDT-15m-2026-07-11.zip,.cache/binance-altcoin-trend-round34/kline_daily/LINKUSDT/LINKUSDT-15m-2026-07-11.zip,downloaded_verified,10e16a35c2fcd494f5495817074de788db2859ee69019329c2dff8f30e0bbc58,4337.0
LINKUSDT,2026-07-12,kline_daily,https://data.binance.vision/data/futures/um/daily/klines/LINKUSDT/15m/LINKUSDT-15m-2026-07-12.zip,.cache/binance-altcoin-trend-round34/kline_daily/LINKUSDT/LINKUSDT-15m-2026-07-12.zip,downloaded_verified,b10a2458a0714adedb3dec1c570fd897767454b464065b8e8e40a81a58c19c58,4389.0
LINKUSDT,2026-07-13,kline_daily,https://data.binance.vision/data/futures/um/daily/klines/LINKUSDT/15m/LINKUSDT-15m-2026-07-13.zip,.cache/binance-altcoin-trend-round34/kline_daily/LINKUSDT/LINKUSDT-15m-2026-07-13.zip,downloaded_verified,bd4b35427f01dff564b8c5b0b4586c0602f189d0b5f4a7f62e929c4c2b4ada5d,4450.0
LINKUSDT,2026-07-14,kline_daily,https://data.binance.vision/data/futures/um/daily/klines/LINKUSDT/15m/LINKUSDT-15m-2026-07-14.zip,.cache/binance-altcoin-trend-round34/kline_daily/LINKUSDT/LINKUSDT-15m-2026-07-14.zip,downloaded_verified,085ff16d3b3bdec82f0fc03042399cee68a896406cfd421348f818650e8f220a,4404.0
LINKUSDT,2026-07-15,kline_daily,https://data.binance.vision/data/futures/um/daily/klines/LINKUSDT/15m/LINKUSDT-15m-2026-07-15.zip,.cache/binance-altcoin-trend-round34/kline_daily/LINKUSDT/LINKUSDT-15m-2026-07-15.zip,downloaded_verified,362d15b4de61aa2235d5c5dfac53dbe50988b7f6e145a07e73a9f1f1adb44afb,4484.0
LINKUSDT,2026-07-16,kline_daily,https://data.binance.vision/data/futures/um/daily/klines/LINKUSDT/15m/LINKUSDT-15m-2026-07-16.zip,.cache/binance-altcoin-trend-round34/kline_daily/LINKUSDT/LINKUSDT-15m-2026-07-16.zip,downloaded_verified,1fbe9c0851f9e69994376ab854202619b67320c776f54daf536b17e4f0b95d0a,4449.0
LINKUSDT,2026-07-17,kline_daily,https://data.binance.vision/data/futures/um/daily/klines/LINKUSDT/15m/LINKUSDT-15m-2026-07-17.zip,.cache/binance-altcoin-trend-round34/kline_daily/LINKUSDT/LINKUSDT-15m-2026-07-17.zip,downloaded_verified,acbeadb6cd04dd3958a84c2b1ae23d99aab8880b538abdabe0d307bf140b576f,4437.0
LINKUSDT,2026-07-18,kline_daily,https://data.binance.vision/data/futures/um/daily/klines/LINKUSDT/15m/LINKUSDT-15m-2026-07-18.zip,.cache/binance-altcoin-trend-round34/kline_daily/LINKUSDT/LINKUSDT-15m-2026-07-18.zip,downloaded_verified,d75f0e6f4775b992cee231ee571a2a0704b560098d3178c1ef7f85a46b4936f5,4302.0
LINKUSDT,2026-07-19,kline_daily,https://data.binance.vision/data/futures/um/daily/klines/LINKUSDT/15m/LINKUSDT-15m-2026-07-19.zip,.cache/binance-altcoin-trend-round34/kline_daily/LINKUSDT/LINKUSDT-15m-2026-07-19.zip,downloaded_verified,42ac7595738be38ee2dd613bdbe0b90518790ce9e27b357b4d2ba41a5c1e573d,4249.0
LINKUSDT,2026-07-20,kline_daily,https://data.binance.vision/data/futures/um/daily/klines/LINKUSDT/15m/LINKUSDT-15m-2026-07-20.zip,.cache/binance-altcoin-trend-round34/kline_daily/LINKUSDT/LINKUSDT-15m-2026-07-20.zip,downloaded_verified,a7ef5f5ba37b261e5ab773865cc2f591fc56a9f774cb7136a7ead7d3fda6f60b,4467.0
LINKUSDT,2026-07-21,kline_daily,https://data.binance.vision/data/futures/um/daily/klines/LINKUSDT/15m/LINKUSDT-15m-2026-07-21.zip,.cache/binance-altcoin-trend-round34/kline_daily/LINKUSDT/LINKUSDT-15m-2026-07-21.zip,downloaded_verified,26f7beb2cad8cf089f254ebba670262e5dc895448d7fd1ac9dede5e5d04c81ff,4401.0
LINKUSDT,2026-07-22,kline_daily,https://data.binance.vision/data/futures/um/daily/klines/LINKUSDT/15m/LINKUSDT-15m-2026-07-22.zip,.cache/binance-altcoin-trend-round34/kline_daily/LINKUSDT/LINKUSDT-15m-2026-07-22.zip,downloaded_verified,b7a1ee833789ce5f6c4d92d84e53c6d307e863fca59b97280c4de9bc04d82efa,4407.0
LINKUSDT,2026-07-23,kline_daily,https://data.binance.vision/data/futures/um/daily/klines/LINKUSDT/15m/LINKUSDT-15m-2026-07-23.zip,.cache/binance-altcoin-trend-round34/kline_daily/LINKUSDT/LINKUSDT-15m-2026-07-23.zip,downloaded_verified,cfdbdaf688fcaa5173bb2cf517490079c4b13524f77ac5b3f4a1a327ae7bafcc,4429.0
LINKUSDT,2026-07-24,kline_daily,https://data.binance.vision/data/futures/um/daily/klines/LINKUSDT/15m/LINKUSDT-15m-2026-07-24.zip,.cache/binance-altcoin-trend-round34/kline_daily/LINKUSDT/LINKUSDT-15m-2026-07-24.zip,downloaded_verified,91cd7c06c85d12c8c916b5e1786904e1e1f4e06c95f40522106b839f56a37b31,4375.0
LINKUSDT,2026-07-25,kline_daily,https://data.binance.vision/data/futures/um/daily/klines/LINKUSDT/15m/LINKUSDT-15m-2026-07-25.zip,.cache/binance-altcoin-trend-round34/kline_daily/LINKUSDT/LINKUSDT-15m-2026-07-25.zip,downloaded_verified,8a1a1f4804a4780da7deb2b505f63f3c53a5da7040ee07bf0da80962d2e9e12c,4320.0
LINKUSDT,2026-07-26,kline_daily,https://data.binance.vision/data/futures/um/daily/klines/LINKUSDT/15m/LINKUSDT-15m-2026-07-26.zip,.cache/binance-altcoin-trend-round34/kline_daily/LINKUSDT/LINKUSDT-15m-2026-07-26.zip,downloaded_verified,7fb0631a684f137d9a38e9165ccf335907ddc63684d7998314632c52d065e558,4397.0
AVAXUSDT,2023-11,kline_monthly,https://data.binance.vision/data/futures/um/monthly/klines/AVAXUSDT/15m/AVAXUSDT-15m-2023-11.zip,.cache/binance-altcoin-trend-round34/kline_monthly/AVAXUSDT/AVAXUSDT-15m-2023-11.zip,downloaded_verified,ad920bcfda96e94e7055b34ab58fa37f9407615687b49efd7a3b9a8a4bccc804,118395.0
AVAXUSDT,2023-11,funding_monthly,https://data.binance.vision/data/futures/um/monthly/fundingRate/AVAXUSDT/AVAXUSDT-fundingRate-2023-11.zip,.cache/binance-altcoin-trend-round34/funding_monthly/AVAXUSDT/AVAXUSDT-fundingRate-2023-11.zip,downloaded_verified,8294f3106c4ef0ef64a4f6172f65acc4d10808a791c2a91e41e63346c0c7915b,747.0
AVAXUSDT,2023-12,kline_monthly,https://data.binance.vision/data/futures/um/monthly/klines/AVAXUSDT/15m/AVAXUSDT-15m-2023-12.zip,.cache/binance-altcoin-trend-round34/kline_monthly/AVAXUSDT/AVAXUSDT-15m-2023-12.zip,downloaded_verified,4a795b07eb81775ea65748bdd2cc0ea0fe62ac18f15cade7afdebfb904991fdf,125974.0
AVAXUSDT,2023-12,funding_monthly,https://data.binance.vision/data/futures/um/monthly/fundingRate/AVAXUSDT/AVAXUSDT-fundingRate-2023-12.zip,.cache/binance-altcoin-trend-round34/funding_monthly/AVAXUSDT/AVAXUSDT-fundingRate-2023-12.zip,downloaded_verified,cf9549d0530b0be57e28b2ffc538c937dfe443f79791ec20460e06579f590fbc,828.0
AVAXUSDT,2024-01,kline_monthly,https://data.binance.vision/data/futures/um/monthly/klines/AVAXUSDT/15m/AVAXUSDT-15m-2024-01.zip,.cache/binance-altcoin-trend-round34/kline_monthly/AVAXUSDT/AVAXUSDT-15m-2024-01.zip,downloaded_verified,6c8ac5a75457ab47dccb92d1b16064c587d085a3554942bd48ce0c51972d0223,122847.0
AVAXUSDT,2024-01,funding_monthly,https://data.binance.vision/data/futures/um/monthly/fundingRate/AVAXUSDT/AVAXUSDT-fundingRate-2024-01.zip,.cache/binance-altcoin-trend-round34/funding_monthly/AVAXUSDT/AVAXUSDT-fundingRate-2024-01.zip,downloaded_verified,9a9c5d6c643d591204c1b37597afca3e7b1a6fd5c70f8d831bec3ea3ea14b0f2,697.0
AVAXUSDT,2024-02,kline_monthly,https://data.binance.vision/data/futures/um/monthly/klines/AVAXUSDT/15m/AVAXUSDT-15m-2024-02.zip,.cache/binance-altcoin-trend-round34/kline_monthly/AVAXUSDT/AVAXUSDT-15m-2024-02.zip,downloaded_verified,bfb3b3848444169d1c6f439214483441e5b9bd36a142bb55451f123f565c03e1,113518.0
AVAXUSDT,2024-02,funding_monthly,https://data.binance.vision/data/futures/um/monthly/fundingRate/AVAXUSDT/AVAXUSDT-fundingRate-2024-02.zip,.cache/binance-altcoin-trend-round34/funding_monthly/AVAXUSDT/AVAXUSDT-fundingRate-2024-02.zip,downloaded_verified,4395c18fb722657ec4e8ea1cb83f7f786ce5e71ae455bc5cde9c06534a43d302,772.0
AVAXUSDT,2024-03,kline_monthly,https://data.binance.vision/data/futures/um/monthly/klines/AVAXUSDT/15m/AVAXUSDT-15m-2024-03.zip,.cache/binance-altcoin-trend-round34/kline_monthly/AVAXUSDT/AVAXUSDT-15m-2024-03.zip,downloaded_verified,fe9b22b4587ef536f6e3ca1e1f10103c1db1970b714c9afb43131736a6067101,124787.0
AVAXUSDT,2024-03,funding_monthly,https://data.binance.vision/data/futures/um/monthly/fundingRate/AVAXUSDT/AVAXUSDT-fundingRate-2024-03.zip,.cache/binance-altcoin-trend-round34/funding_monthly/AVAXUSDT/AVAXUSDT-fundingRate-2024-03.zip,downloaded_verified,87b586d989e3eda60955d088b110ae83cb6a01b6639c81219e21da05f5624ae0,934.0
AVAXUSDT,2024-04,kline_monthly,https://data.binance.vision/data/futures/um/monthly/klines/AVAXUSDT/15m/AVAXUSDT-15m-2024-04.zip,.cache/binance-altcoin-trend-round34/kline_monthly/AVAXUSDT/AVAXUSDT-15m-2024-04.zip,downloaded_verified,94dfd036373c64ce4363db5421884da78f3234bff5fc15e93e70d1dd94ab4dc8,117957.0
AVAXUSDT,2024-04,funding_monthly,https://data.binance.vision/data/futures/um/monthly/fundingRate/AVAXUSDT/AVAXUSDT-fundingRate-2024-04.zip,.cache/binance-altcoin-trend-round34/funding_monthly/AVAXUSDT/AVAXUSDT-fundingRate-2024-04.zip,downloaded_verified,e0f5b786406efe3fd4b28f00d446facf672af97bf6787dd9606e6bdedcd25239,887.0
AVAXUSDT,2024-05,kline_monthly,https://data.binance.vision/data/futures/um/monthly/klines/AVAXUSDT/15m/AVAXUSDT-15m-2024-05.zip,.cache/binance-altcoin-trend-round34/kline_monthly/AVAXUSDT/AVAXUSDT-15m-2024-05.zip,downloaded_verified,78d2e843622b74fdfc0d8f978b4aad0bc9efbb37506178fd36fafce1bee13ec7,119243.0
AVAXUSDT,2024-05,funding_monthly,https://data.binance.vision/data/futures/um/monthly/fundingRate/AVAXUSDT/AVAXUSDT-fundingRate-2024-05.zip,.cache/binance-altcoin-trend-round34/funding_monthly/AVAXUSDT/AVAXUSDT-fundingRate-2024-05.zip,downloaded_verified,c070f7da85f78c24e3fb544507ee0064ed53e266401d04c4334c32e59c9be5af,786.0
AVAXUSDT,2024-06,kline_monthly,https://data.binance.vision/data/futures/um/monthly/klines/AVAXUSDT/15m/AVAXUSDT-15m-2024-06.zip,.cache/binance-altcoin-trend-round34/kline_monthly/AVAXUSDT/AVAXUSDT-15m-2024-06.zip,downloaded_verified,a75dfd78a232db5e561a1b1f268326a56ca0f83454c344f4fe09958c73e66ff1,114803.0
AVAXUSDT,2024-06,funding_monthly,https://data.binance.vision/data/futures/um/monthly/fundingRate/AVAXUSDT/AVAXUSDT-fundingRate-2024-06.zip,.cache/binance-altcoin-trend-round34/funding_monthly/AVAXUSDT/AVAXUSDT-fundingRate-2024-06.zip,downloaded_verified,4feaa04c2c4cb1e7f77625314b5a262553aae5574fe93d939ad05b48fd9cbe55,804.0
AVAXUSDT,2024-07,kline_monthly,https://data.binance.vision/data/futures/um/monthly/klines/AVAXUSDT/15m/AVAXUSDT-15m-2024-07.zip,.cache/binance-altcoin-trend-round34/kline_monthly/AVAXUSDT/AVAXUSDT-15m-2024-07.zip,downloaded_verified,c90f815f33e13d4c79420004df9266ba6bdfa12ca639c5f1e5aeb86cf54f5532,119965.0
AVAXUSDT,2024-07,funding_monthly,https://data.binance.vision/data/futures/um/monthly/fundingRate/AVAXUSDT/AVAXUSDT-fundingRate-2024-07.zip,.cache/binance-altcoin-trend-round34/funding_monthly/AVAXUSDT/AVAXUSDT-fundingRate-2024-07.zip,downloaded_verified,bd1f1ca09e79480a742aed2853bef9b7975a59623fe3b73ab32dd98c18b31b27,890.0
AVAXUSDT,2024-08,kline_monthly,https://data.binance.vision/data/futures/um/monthly/klines/AVAXUSDT/15m/AVAXUSDT-15m-2024-08.zip,.cache/binance-altcoin-trend-round34/kline_monthly/AVAXUSDT/AVAXUSDT-15m-2024-08.zip,downloaded_verified,568958e6504efd5c47b0a539a1b6594812df881a7a6ca89b262941181fd71fb4,118931.0
AVAXUSDT,2024-08,funding_monthly,https://data.binance.vision/data/futures/um/monthly/fundingRate/AVAXUSDT/AVAXUSDT-fundingRate-2024-08.zip,.cache/binance-altcoin-trend-round34/funding_monthly/AVAXUSDT/AVAXUSDT-fundingRate-2024-08.zip,downloaded_verified,c54b41381b4b87a8e773df0315ab89ca7a2428044604021d5b08ad4bcafa1eb2,960.0
AVAXUSDT,2024-09,kline_monthly,https://data.binance.vision/data/futures/um/monthly/klines/AVAXUSDT/15m/AVAXUSDT-15m-2024-09.zip,.cache/binance-altcoin-trend-round34/kline_monthly/AVAXUSDT/AVAXUSDT-15m-2024-09.zip,downloaded_verified,3ed7cb2b3eeaa654679738cb433e05ec693cb6c602cba80ae66ccab13b4bbe35,114223.0
AVAXUSDT,2024-09,funding_monthly,https://data.binance.vision/data/futures/um/monthly/fundingRate/AVAXUSDT/AVAXUSDT-fundingRate-2024-09.zip,.cache/binance-altcoin-trend-round34/funding_monthly/AVAXUSDT/AVAXUSDT-fundingRate-2024-09.zip,downloaded_verified,728d3a29cddc13ecbd903ebcc592aaee0bb932629a9caeb4e87f630ae3cdae52,902.0
AVAXUSDT,2024-10,kline_monthly,https://data.binance.vision/data/futures/um/monthly/klines/AVAXUSDT/15m/AVAXUSDT-15m-2024-10.zip,.cache/binance-altcoin-trend-round34/kline_monthly/AVAXUSDT/AVAXUSDT-15m-2024-10.zip,downloaded_verified,b314998cdd8b4546a7987ae6438bef7389a63cf38ddbf2ab199eacbdcf470834,117616.0
AVAXUSDT,2024-10,funding_monthly,https://data.binance.vision/data/futures/um/monthly/fundingRate/AVAXUSDT/AVAXUSDT-fundingRate-2024-10.zip,.cache/binance-altcoin-trend-round34/funding_monthly/AVAXUSDT/AVAXUSDT-fundingRate-2024-10.zip,downloaded_verified,e000acd59ff7e1d89349e760ba9f3dd0051593d5671f038a5f14db69371566e0,910.0
AVAXUSDT,2024-11,kline_monthly,https://data.binance.vision/data/futures/um/monthly/klines/AVAXUSDT/15m/AVAXUSDT-15m-2024-11.zip,.cache/binance-altcoin-trend-round34/kline_monthly/AVAXUSDT/AVAXUSDT-15m-2024-11.zip,downloaded_verified,1db1f53d3887c5bac69143d1ad92a2833aba830a7558ca55653a03a4c78eab43,118961.0
AVAXUSDT,2024-11,funding_monthly,https://data.binance.vision/data/futures/um/monthly/fundingRate/AVAXUSDT/AVAXUSDT-fundingRate-2024-11.zip,.cache/binance-altcoin-trend-round34/funding_monthly/AVAXUSDT/AVAXUSDT-fundingRate-2024-11.zip,downloaded_verified,13428ba99baf9f615cbe2a56b0902e0db329652a42ab192c6814d2339126a102,793.0
AVAXUSDT,2024-12,kline_monthly,https://data.binance.vision/data/futures/um/monthly/klines/AVAXUSDT/15m/AVAXUSDT-15m-2024-12.zip,.cache/binance-altcoin-trend-round34/kline_monthly/AVAXUSDT/AVAXUSDT-15m-2024-12.zip,downloaded_verified,2e225dd7a5e50b6e0c20565b0891a6c45f9f8464b3ea9a8d32c3cae193bcd424,124211.0
AVAXUSDT,2024-12,funding_monthly,https://data.binance.vision/data/futures/um/monthly/fundingRate/AVAXUSDT/AVAXUSDT-fundingRate-2024-12.zip,.cache/binance-altcoin-trend-round34/funding_monthly/AVAXUSDT/AVAXUSDT-fundingRate-2024-12.zip,downloaded_verified,1cf56f943081eb35215b0334f280b81e58f551a37346ea0563e7fc4afbca2db2,849.0
AVAXUSDT,2025-01,kline_monthly,https://data.binance.vision/data/futures/um/monthly/klines/AVAXUSDT/15m/AVAXUSDT-15m-2025-01.zip,.cache/binance-altcoin-trend-round34/kline_monthly/AVAXUSDT/AVAXUSDT-15m-2025-01.zip,downloaded_verified,543a97035ec537bcee86c89b18c0688288c7de395f0eaed25cf914bfb28a5424,121192.0
AVAXUSDT,2025-01,funding_monthly,https://data.binance.vision/data/futures/um/monthly/fundingRate/AVAXUSDT/AVAXUSDT-fundingRate-2025-01.zip,.cache/binance-altcoin-trend-round34/funding_monthly/AVAXUSDT/AVAXUSDT-fundingRate-2025-01.zip,downloaded_verified,141b34b255a63e4a8c398df4d5a020e7a27b6ba1eba49b54c783cae27e308b8c,765.0
AVAXUSDT,2025-02,kline_monthly,https://data.binance.vision/data/futures/um/monthly/klines/AVAXUSDT/15m/AVAXUSDT-15m-2025-02.zip,.cache/binance-altcoin-trend-round34/kline_monthly/AVAXUSDT/AVAXUSDT-15m-2025-02.zip,downloaded_verified,916fb7f5a333f6a32f102bbf3eb0f602582d6cc34372721064c2826dda48eeb7,108993.0
AVAXUSDT,2025-02,funding_monthly,https://data.binance.vision/data/futures/um/monthly/fundingRate/AVAXUSDT/AVAXUSDT-fundingRate-2025-02.zip,.cache/binance-altcoin-trend-round34/funding_monthly/AVAXUSDT/AVAXUSDT-fundingRate-2025-02.zip,downloaded_verified,86f4c9d7d39f199e55718ac2bbb388401851c989e8dc000450e6586dd245a3f8,867.0
AVAXUSDT,2025-03,kline_monthly,https://data.binance.vision/data/futures/um/monthly/klines/AVAXUSDT/15m/AVAXUSDT-15m-2025-03.zip,.cache/binance-altcoin-trend-round34/kline_monthly/AVAXUSDT/AVAXUSDT-15m-2025-03.zip,downloaded_verified,0f6225ec62a2f49ec71e882ac07610f1e6266df6526b5ab991ced733c12cbb51,120317.0
AVAXUSDT,2025-03,funding_monthly,https://data.binance.vision/data/futures/um/monthly/fundingRate/AVAXUSDT/AVAXUSDT-fundingRate-2025-03.zip,.cache/binance-altcoin-trend-round34/funding_monthly/AVAXUSDT/AVAXUSDT-fundingRate-2025-03.zip,downloaded_verified,cb0107d6ec4a78fbf5e70501a3089ecfe2fea1eb8284fed7d32d3b4ef8e6a719,955.0
AVAXUSDT,2025-04,kline_monthly,https://data.binance.vision/data/futures/um/monthly/klines/AVAXUSDT/15m/AVAXUSDT-15m-2025-04.zip,.cache/binance-altcoin-trend-round34/kline_monthly/AVAXUSDT/AVAXUSDT-15m-2025-04.zip,downloaded_verified,9d6a6cca71407dee5eb6e3c8a5b0c7686c1f3128229b094a490999076b488c98,115420.0
AVAXUSDT,2025-04,funding_monthly,https://data.binance.vision/data/futures/um/monthly/fundingRate/AVAXUSDT/AVAXUSDT-fundingRate-2025-04.zip,.cache/binance-altcoin-trend-round34/funding_monthly/AVAXUSDT/AVAXUSDT-fundingRate-2025-04.zip,downloaded_verified,116af3098e0221ae14893cf2ab26a7845aa8e4ceb5e4ba390d169b5e75907928,917.0
AVAXUSDT,2025-05,kline_monthly,https://data.binance.vision/data/futures/um/monthly/klines/AVAXUSDT/15m/AVAXUSDT-15m-2025-05.zip,.cache/binance-altcoin-trend-round34/kline_monthly/AVAXUSDT/AVAXUSDT-15m-2025-05.zip,downloaded_verified,9bfd90edc4c7b65efa24b70c80a361505113b7d0634339a105432f40939726a8,120309.0
AVAXUSDT,2025-05,funding_monthly,https://data.binance.vision/data/futures/um/monthly/fundingRate/AVAXUSDT/AVAXUSDT-fundingRate-2025-05.zip,.cache/binance-altcoin-trend-round34/funding_monthly/AVAXUSDT/AVAXUSDT-fundingRate-2025-05.zip,downloaded_verified,ca460af4a1a1fb71ccb2a0236f2221be914294f9940113434bdbf3967cf0a454,929.0
AVAXUSDT,2025-06,kline_monthly,https://data.binance.vision/data/futures/um/monthly/klines/AVAXUSDT/15m/AVAXUSDT-15m-2025-06.zip,.cache/binance-altcoin-trend-round34/kline_monthly/AVAXUSDT/AVAXUSDT-15m-2025-06.zip,downloaded_verified,7fb0c305571ebc495224b3f961b19aca62d4fc7f7c0e83a22d97cac4b539c78d,114962.0
AVAXUSDT,2025-06,funding_monthly,https://data.binance.vision/data/futures/um/monthly/fundingRate/AVAXUSDT/AVAXUSDT-fundingRate-2025-06.zip,.cache/binance-altcoin-trend-round34/funding_monthly/AVAXUSDT/AVAXUSDT-fundingRate-2025-06.zip,downloaded_verified,dd24aae0ead63e998dcd4d5f2e84431c4792074d87e95d8f7449c4a13af05394,939.0
AVAXUSDT,2025-07,kline_monthly,https://data.binance.vision/data/futures/um/monthly/klines/AVAXUSDT/15m/AVAXUSDT-15m-2025-07.zip,.cache/binance-altcoin-trend-round34/kline_monthly/AVAXUSDT/AVAXUSDT-15m-2025-07.zip,downloaded_verified,2746278e60e09607bd65ee635d2081d583565e7d3d25ff84080150399710d0fe,120317.0
AVAXUSDT,2025-07,funding_monthly,https://data.binance.vision/data/futures/um/monthly/fundingRate/AVAXUSDT/AVAXUSDT-fundingRate-2025-07.zip,.cache/binance-altcoin-trend-round34/funding_monthly/AVAXUSDT/AVAXUSDT-fundingRate-2025-07.zip,downloaded_verified,848d31809445344af44b459d37f1624e34251e2f31a80d1c2b3c43874c4cb65d,834.0
AVAXUSDT,2025-08,kline_monthly,https://data.binance.vision/data/futures/um/monthly/klines/AVAXUSDT/15m/AVAXUSDT-15m-2025-08.zip,.cache/binance-altcoin-trend-round34/kline_monthly/AVAXUSDT/AVAXUSDT-15m-2025-08.zip,downloaded_verified,dee14a410db040cc1ea2d0cd36185c14584819dcb113eaf088fd187112ff802e,121247.0
AVAXUSDT,2025-08,funding_monthly,https://data.binance.vision/data/futures/um/monthly/fundingRate/AVAXUSDT/AVAXUSDT-fundingRate-2025-08.zip,.cache/binance-altcoin-trend-round34/funding_monthly/AVAXUSDT/AVAXUSDT-fundingRate-2025-08.zip,downloaded_verified,20e641197556b32c5ac4ec06e7c85880bea387b4eb75efa38778f1baabb32003,862.0
AVAXUSDT,2025-09,kline_monthly,https://data.binance.vision/data/futures/um/monthly/klines/AVAXUSDT/15m/AVAXUSDT-15m-2025-09.zip,.cache/binance-altcoin-trend-round34/kline_monthly/AVAXUSDT/AVAXUSDT-15m-2025-09.zip,downloaded_verified,0e0bd567efece00f59696c5c7e9b480b0a5dc4f49b88dd2e23d5b14831e9979c,119039.0
AVAXUSDT,2025-09,funding_monthly,https://data.binance.vision/data/futures/um/monthly/fundingRate/AVAXUSDT/AVAXUSDT-fundingRate-2025-09.zip,.cache/binance-altcoin-trend-round34/funding_monthly/AVAXUSDT/AVAXUSDT-fundingRate-2025-09.zip,downloaded_verified,f73dd93bbfa3ff9d35c57058e3a52239d370a3605a753dfb9d3a73cffe053834,829.0
AVAXUSDT,2025-10,kline_monthly,https://data.binance.vision/data/futures/um/monthly/klines/AVAXUSDT/15m/AVAXUSDT-15m-2025-10.zip,.cache/binance-altcoin-trend-round34/kline_monthly/AVAXUSDT/AVAXUSDT-15m-2025-10.zip,downloaded_verified,935e6a9d7688d358d3c9ffef88b518dcb02c19d8b998411f85cadba4d867638b,121150.0
AVAXUSDT,2025-10,funding_monthly,https://data.binance.vision/data/futures/um/monthly/fundingRate/AVAXUSDT/AVAXUSDT-fundingRate-2025-10.zip,.cache/binance-altcoin-trend-round34/funding_monthly/AVAXUSDT/AVAXUSDT-fundingRate-2025-10.zip,downloaded_verified,698b7e7898459b19d18a36d95dc8580d15c9fdfcf6e414fc4f645efd0a55e197,939.0
AVAXUSDT,2025-11,kline_monthly,https://data.binance.vision/data/futures/um/monthly/klines/AVAXUSDT/15m/AVAXUSDT-15m-2025-11.zip,.cache/binance-altcoin-trend-round34/kline_monthly/AVAXUSDT/AVAXUSDT-15m-2025-11.zip,downloaded_verified,2838f5be902bb0e24e66416b71328314889aa8eb5438f49aa47551922deaa003,115574.0
AVAXUSDT,2025-11,funding_monthly,https://data.binance.vision/data/futures/um/monthly/fundingRate/AVAXUSDT/AVAXUSDT-fundingRate-2025-11.zip,.cache/binance-altcoin-trend-round34/funding_monthly/AVAXUSDT/AVAXUSDT-fundingRate-2025-11.zip,downloaded_verified,10dc01e52485b8ab471ad284a4c26c548c4caf2c1e08881425dad490c7db8bd5,980.0
AVAXUSDT,2025-12,kline_monthly,https://data.binance.vision/data/futures/um/monthly/klines/AVAXUSDT/15m/AVAXUSDT-15m-2025-12.zip,.cache/binance-altcoin-trend-round34/kline_monthly/AVAXUSDT/AVAXUSDT-15m-2025-12.zip,downloaded_verified,418197975ca4a2b5814718ea9ba7606130c93030b24b41d2d17290838a34b8fe,116487.0
AVAXUSDT,2025-12,funding_monthly,https://data.binance.vision/data/futures/um/monthly/fundingRate/AVAXUSDT/AVAXUSDT-fundingRate-2025-12.zip,.cache/binance-altcoin-trend-round34/funding_monthly/AVAXUSDT/AVAXUSDT-fundingRate-2025-12.zip,downloaded_verified,033b66574531d243a67760a6679de6b181c1b0e7abcd9484f4f6fceab6074845,978.0
AVAXUSDT,2026-01,kline_monthly,https://data.binance.vision/data/futures/um/monthly/klines/AVAXUSDT/15m/AVAXUSDT-15m-2026-01.zip,.cache/binance-altcoin-trend-round34/kline_monthly/AVAXUSDT/AVAXUSDT-15m-2026-01.zip,downloaded_verified,3221d3348b91aa9fc492e7d0c3a0f31fe9669d8906298c46328df61208f8dcac,116072.0
AVAXUSDT,2026-01,funding_monthly,https://data.binance.vision/data/futures/um/monthly/fundingRate/AVAXUSDT/AVAXUSDT-fundingRate-2026-01.zip,.cache/binance-altcoin-trend-round34/funding_monthly/AVAXUSDT/AVAXUSDT-fundingRate-2026-01.zip,downloaded_verified,a0873e7123feeef469cabf9e97abe22810fe141092539ee03adec6d8849ec475,978.0
AVAXUSDT,2026-02,kline_monthly,https://data.binance.vision/data/futures/um/monthly/klines/AVAXUSDT/15m/AVAXUSDT-15m-2026-02.zip,.cache/binance-altcoin-trend-round34/kline_monthly/AVAXUSDT/AVAXUSDT-15m-2026-02.zip,downloaded_verified,e664ae2b99d4ff9ecd53d25dffa902ff5e9cb375952b1c66a8f3a7adc305cfaa,104879.0
AVAXUSDT,2026-02,funding_monthly,https://data.binance.vision/data/futures/um/monthly/fundingRate/AVAXUSDT/AVAXUSDT-fundingRate-2026-02.zip,.cache/binance-altcoin-trend-round34/funding_monthly/AVAXUSDT/AVAXUSDT-fundingRate-2026-02.zip,downloaded_verified,bf30b007a2ace0eab24012522b4f9cc65d34705313609d4fa34b9d6c4abae424,931.0
AVAXUSDT,2026-03,kline_monthly,https://data.binance.vision/data/futures/um/monthly/klines/AVAXUSDT/15m/AVAXUSDT-15m-2026-03.zip,.cache/binance-altcoin-trend-round34/kline_monthly/AVAXUSDT/AVAXUSDT-15m-2026-03.zip,downloaded_verified,4fb0c9e8e27e5183de8c7ac75cc7b60e9cc5d0dd7b1f9bc9ce03d8ab837a9aa5,114329.0
AVAXUSDT,2026-03,funding_monthly,https://data.binance.vision/data/futures/um/monthly/fundingRate/AVAXUSDT/AVAXUSDT-fundingRate-2026-03.zip,.cache/binance-altcoin-trend-round34/funding_monthly/AVAXUSDT/AVAXUSDT-fundingRate-2026-03.zip,downloaded_verified,99d797f431a2c838dab0b0cc994f824d5504fdc23a907bdb091bd35bc5f9622e,958.0
AVAXUSDT,2026-04,kline_monthly,https://data.binance.vision/data/futures/um/monthly/klines/AVAXUSDT/15m/AVAXUSDT-15m-2026-04.zip,.cache/binance-altcoin-trend-round34/kline_monthly/AVAXUSDT/AVAXUSDT-15m-2026-04.zip,downloaded_verified,0dc6c4e221d0d7a1588197bcc09846fea9eaa4c2c9d701d1fe41211b43e02b00,110164.0
AVAXUSDT,2026-04,funding_monthly,https://data.binance.vision/data/futures/um/monthly/fundingRate/AVAXUSDT/AVAXUSDT-fundingRate-2026-04.zip,.cache/binance-altcoin-trend-round34/funding_monthly/AVAXUSDT/AVAXUSDT-fundingRate-2026-04.zip,downloaded_verified,65b607cb328fa7fc10ae0989455c5f309fc112eb403e6874b4e005e64af941f0,914.0
AVAXUSDT,2026-05,kline_monthly,https://data.binance.vision/data/futures/um/monthly/klines/AVAXUSDT/15m/AVAXUSDT-15m-2026-05.zip,.cache/binance-altcoin-trend-round34/kline_monthly/AVAXUSDT/AVAXUSDT-15m-2026-05.zip,downloaded_verified,b38ff128c624b3f9c39648e76230c980695204e369be3c9423906e8fb207f6a8,112916.0
AVAXUSDT,2026-05,funding_monthly,https://data.binance.vision/data/futures/um/monthly/fundingRate/AVAXUSDT/AVAXUSDT-fundingRate-2026-05.zip,.cache/binance-altcoin-trend-round34/funding_monthly/AVAXUSDT/AVAXUSDT-fundingRate-2026-05.zip,downloaded_verified,13dfb89d73e28b10121be4018fee2f3071bfe3fe8f73faafe813d3684bfb9ccb,966.0
AVAXUSDT,2026-06,kline_monthly,https://data.binance.vision/data/futures/um/monthly/klines/AVAXUSDT/15m/AVAXUSDT-15m-2026-06.zip,.cache/binance-altcoin-trend-round34/kline_monthly/AVAXUSDT/AVAXUSDT-15m-2026-06.zip,downloaded_verified,bf8306c9ecfbcaf60a2e9f3a11257741daee42c2523dedaef33411bb8ca96b2f,110471.0
AVAXUSDT,2026-06,funding_monthly,https://data.binance.vision/data/futures/um/monthly/fundingRate/AVAXUSDT/AVAXUSDT-fundingRate-2026-06.zip,.cache/binance-altcoin-trend-round34/funding_monthly/AVAXUSDT/AVAXUSDT-fundingRate-2026-06.zip,downloaded_verified,d89f850bc8d231872575402ab9b514ad0f5a3bcffd00510127ecd694b82e5261,974.0
AVAXUSDT,2026-07-01,kline_daily,https://data.binance.vision/data/futures/um/daily/klines/AVAXUSDT/15m/AVAXUSDT-15m-2026-07-01.zip,.cache/binance-altcoin-trend-round34/kline_daily/AVAXUSDT/AVAXUSDT-15m-2026-07-01.zip,downloaded_verified,03620ca150eda92eee2b484b32db42de6d06c82fac0dff90687c3962b179b6e8,4018.0
AVAXUSDT,2026-07-02,kline_daily,https://data.binance.vision/data/futures/um/daily/klines/AVAXUSDT/15m/AVAXUSDT-15m-2026-07-02.zip,.cache/binance-altcoin-trend-round34/kline_daily/AVAXUSDT/AVAXUSDT-15m-2026-07-02.zip,downloaded_verified,bf0b04e71196b7484de1a31c2fc34587877312ab899da1ba981158c8e91544f3,3972.0
AVAXUSDT,2026-07-03,kline_daily,https://data.binance.vision/data/futures/um/daily/klines/AVAXUSDT/15m/AVAXUSDT-15m-2026-07-03.zip,.cache/binance-altcoin-trend-round34/kline_daily/AVAXUSDT/AVAXUSDT-15m-2026-07-03.zip,downloaded_verified,f70593e9ec4f20c01f585846f4693638b66a5036120ffd92e627bf5d176b0ddd,3987.0
AVAXUSDT,2026-07-04,kline_daily,https://data.binance.vision/data/futures/um/daily/klines/AVAXUSDT/15m/AVAXUSDT-15m-2026-07-04.zip,.cache/binance-altcoin-trend-round34/kline_daily/AVAXUSDT/AVAXUSDT-15m-2026-07-04.zip,downloaded_verified,522cd4fb2e3e4b9d035453563fde95c85852f9f811aa624a3aea80c695be6235,3976.0
AVAXUSDT,2026-07-05,kline_daily,https://data.binance.vision/data/futures/um/daily/klines/AVAXUSDT/15m/AVAXUSDT-15m-2026-07-05.zip,.cache/binance-altcoin-trend-round34/kline_daily/AVAXUSDT/AVAXUSDT-15m-2026-07-05.zip,downloaded_verified,998ae3f61ee4588a8c438edf33153ad07e6160273fbc6422b4b5e533ad0e424f,3984.0
AVAXUSDT,2026-07-06,kline_daily,https://data.binance.vision/data/futures/um/daily/klines/AVAXUSDT/15m/AVAXUSDT-15m-2026-07-06.zip,.cache/binance-altcoin-trend-round34/kline_daily/AVAXUSDT/AVAXUSDT-15m-2026-07-06.zip,downloaded_verified,39454cc6b3c3d2e137b066ee08fb93a536ed46f6c78fe629ada6a1577aaa917f,4042.0
AVAXUSDT,2026-07-07,kline_daily,https://data.binance.vision/data/futures/um/daily/klines/AVAXUSDT/15m/AVAXUSDT-15m-2026-07-07.zip,.cache/binance-altcoin-trend-round34/kline_daily/AVAXUSDT/AVAXUSDT-15m-2026-07-07.zip,downloaded_verified,3f61c6f56ffde0d7473735ff8df236472d2cd9229b55f40a52b81db456075a62,3999.0
AVAXUSDT,2026-07-08,kline_daily,https://data.binance.vision/data/futures/um/daily/klines/AVAXUSDT/15m/AVAXUSDT-15m-2026-07-08.zip,.cache/binance-altcoin-trend-round34/kline_daily/AVAXUSDT/AVAXUSDT-15m-2026-07-08.zip,downloaded_verified,85d1d00f9a10e1404514207239fee382175817497569484fedfa95096b3104b5,3972.0
AVAXUSDT,2026-07-09,kline_daily,https://data.binance.vision/data/futures/um/daily/klines/AVAXUSDT/15m/AVAXUSDT-15m-2026-07-09.zip,.cache/binance-altcoin-trend-round34/kline_daily/AVAXUSDT/AVAXUSDT-15m-2026-07-09.zip,downloaded_verified,f89b2b48de6d6d058e1608b05c0af26e7bcbcd0347b8cf06dbcfe94a38a80cdc,4003.0
AVAXUSDT,2026-07-10,kline_daily,https://data.binance.vision/data/futures/um/daily/klines/AVAXUSDT/15m/AVAXUSDT-15m-2026-07-10.zip,.cache/binance-altcoin-trend-round34/kline_daily/AVAXUSDT/AVAXUSDT-15m-2026-07-10.zip,downloaded_verified,6040ff52d4e663ff60cfa7e8a1c607e530879f966791f46d9d55033080d350b1,3902.0
AVAXUSDT,2026-07-11,kline_daily,https://data.binance.vision/data/futures/um/daily/klines/AVAXUSDT/15m/AVAXUSDT-15m-2026-07-11.zip,.cache/binance-altcoin-trend-round34/kline_daily/AVAXUSDT/AVAXUSDT-15m-2026-07-11.zip,downloaded_verified,d0332283a0a98761f0b411c721290238bf74c06b5ba1d80c097c2c0c90cf3c11,3830.0
AVAXUSDT,2026-07-12,kline_daily,https://data.binance.vision/data/futures/um/daily/klines/AVAXUSDT/15m/AVAXUSDT-15m-2026-07-12.zip,.cache/binance-altcoin-trend-round34/kline_daily/AVAXUSDT/AVAXUSDT-15m-2026-07-12.zip,downloaded_verified,4333cf8c8f997992558a3e4f38c2470d1b9cf4b1b30f0b4787afd119c100f064,3990.0
AVAXUSDT,2026-07-13,kline_daily,https://data.binance.vision/data/futures/um/daily/klines/AVAXUSDT/15m/AVAXUSDT-15m-2026-07-13.zip,.cache/binance-altcoin-trend-round34/kline_daily/AVAXUSDT/AVAXUSDT-15m-2026-07-13.zip,downloaded_verified,ebf74bc4f7b2dc0d762a49dcc72ed11258a7dafef59b8ed520b10bee57b48722,4105.0
AVAXUSDT,2026-07-14,kline_daily,https://data.binance.vision/data/futures/um/daily/klines/AVAXUSDT/15m/AVAXUSDT-15m-2026-07-14.zip,.cache/binance-altcoin-trend-round34/kline_daily/AVAXUSDT/AVAXUSDT-15m-2026-07-14.zip,downloaded_verified,7d623fcb15172cdffeeec8a9c4af00a74db4db40623a33afdc75845ebb7b8dc5,3945.0
AVAXUSDT,2026-07-15,kline_daily,https://data.binance.vision/data/futures/um/daily/klines/AVAXUSDT/15m/AVAXUSDT-15m-2026-07-15.zip,.cache/binance-altcoin-trend-round34/kline_daily/AVAXUSDT/AVAXUSDT-15m-2026-07-15.zip,downloaded_verified,9e247639f171d2a5e234feffa7aa84d308928fd3272eb7874de84ab4e2fecf4b,3959.0
AVAXUSDT,2026-07-16,kline_daily,https://data.binance.vision/data/futures/um/daily/klines/AVAXUSDT/15m/AVAXUSDT-15m-2026-07-16.zip,.cache/binance-altcoin-trend-round34/kline_daily/AVAXUSDT/AVAXUSDT-15m-2026-07-16.zip,downloaded_verified,6373e812bcc188a598fec7b5034bee102d4da7c0c00c3e5aa4082b36abf29829,3960.0
AVAXUSDT,2026-07-17,kline_daily,https://data.binance.vision/data/futures/um/daily/klines/AVAXUSDT/15m/AVAXUSDT-15m-2026-07-17.zip,.cache/binance-altcoin-trend-round34/kline_daily/AVAXUSDT/AVAXUSDT-15m-2026-07-17.zip,downloaded_verified,3f216111256c89c5696c93a40e16d916beb29f06dd2e705b00144a62e2e35077,3938.0
AVAXUSDT,2026-07-18,kline_daily,https://data.binance.vision/data/futures/um/daily/klines/AVAXUSDT/15m/AVAXUSDT-15m-2026-07-18.zip,.cache/binance-altcoin-trend-round34/kline_daily/AVAXUSDT/AVAXUSDT-15m-2026-07-18.zip,downloaded_verified,6069991dd4dcb919362dcadcf885423664f0731c514ae755aa6a57d1ce1c79d6,3852.0
AVAXUSDT,2026-07-19,kline_daily,https://data.binance.vision/data/futures/um/daily/klines/AVAXUSDT/15m/AVAXUSDT-15m-2026-07-19.zip,.cache/binance-altcoin-trend-round34/kline_daily/AVAXUSDT/AVAXUSDT-15m-2026-07-19.zip,downloaded_verified,28a52f3973d7805880af6e015b54927d6a7fe10e65d209af3d5f3b275ad8dae6,3895.0
AVAXUSDT,2026-07-20,kline_daily,https://data.binance.vision/data/futures/um/daily/klines/AVAXUSDT/15m/AVAXUSDT-15m-2026-07-20.zip,.cache/binance-altcoin-trend-round34/kline_daily/AVAXUSDT/AVAXUSDT-15m-2026-07-20.zip,downloaded_verified,98b063aa2caf88997d7f06a5896df8cff220ecaa808c05444fcebead6cd50320,4003.0
AVAXUSDT,2026-07-21,kline_daily,https://data.binance.vision/data/futures/um/daily/klines/AVAXUSDT/15m/AVAXUSDT-15m-2026-07-21.zip,.cache/binance-altcoin-trend-round34/kline_daily/AVAXUSDT/AVAXUSDT-15m-2026-07-21.zip,downloaded_verified,a31eb56f0e84727b51a517d1e963e99cb0d565c73a508eecfcc80a55ab8b0674,3891.0
AVAXUSDT,2026-07-22,kline_daily,https://data.binance.vision/data/futures/um/daily/klines/AVAXUSDT/15m/AVAXUSDT-15m-2026-07-22.zip,.cache/binance-altcoin-trend-round34/kline_daily/AVAXUSDT/AVAXUSDT-15m-2026-07-22.zip,downloaded_verified,7f34fd05328793e1227cd3530a9af2a69c90ad0adea9a8c7f892b0b841ab6474,3906.0
AVAXUSDT,2026-07-23,kline_daily,https://data.binance.vision/data/futures/um/daily/klines/AVAXUSDT/15m/AVAXUSDT-15m-2026-07-23.zip,.cache/binance-altcoin-trend-round34/kline_daily/AVAXUSDT/AVAXUSDT-15m-2026-07-23.zip,downloaded_verified,1a1eb443135cac868fa93d39ec2c1bc5e2e53653d14f45147a69e9d36820990d,3989.0
AVAXUSDT,2026-07-24,kline_daily,https://data.binance.vision/data/futures/um/daily/klines/AVAXUSDT/15m/AVAXUSDT-15m-2026-07-24.zip,.cache/binance-altcoin-trend-round34/kline_daily/AVAXUSDT/AVAXUSDT-15m-2026-07-24.zip,downloaded_verified,3ce0eb0d0876cacd4a33fcd1b1e0b2ac9da3cd1ce8afffd644b7662b4fc06a3b,3941.0
AVAXUSDT,2026-07-25,kline_daily,https://data.binance.vision/data/futures/um/daily/klines/AVAXUSDT/15m/AVAXUSDT-15m-2026-07-25.zip,.cache/binance-altcoin-trend-round34/kline_daily/AVAXUSDT/AVAXUSDT-15m-2026-07-25.zip,downloaded_verified,e2adb25b4fec4d253e4c92f412446bdf51b3ee61c5c572b4dcde7831151d42df,4031.0
AVAXUSDT,2026-07-26,kline_daily,https://data.binance.vision/data/futures/um/daily/klines/AVAXUSDT/15m/AVAXUSDT-15m-2026-07-26.zip,.cache/binance-altcoin-trend-round34/kline_daily/AVAXUSDT/AVAXUSDT-15m-2026-07-26.zip,downloaded_verified,18aeee861fa3479c04dc6211afefdc3d2affb4f004a73c1925cb254c096bf245,3951.0
LTCUSDT,2023-11,kline_monthly,https://data.binance.vision/data/futures/um/monthly/klines/LTCUSDT/15m/LTCUSDT-15m-2023-11.zip,.cache/binance-altcoin-trend-round34/kline_monthly/LTCUSDT/LTCUSDT-15m-2023-11.zip,downloaded_verified,5c124c44a7619222d3cd3ffefdc9205fb2fa2d975b9c778517075d4b9fbb0966,123665.0
LTCUSDT,2023-11,funding_monthly,https://data.binance.vision/data/futures/um/monthly/fundingRate/LTCUSDT/LTCUSDT-fundingRate-2023-11.zip,.cache/binance-altcoin-trend-round34/funding_monthly/LTCUSDT/LTCUSDT-fundingRate-2023-11.zip,downloaded_verified,b6db1f17753a7a7dc7406e03b2fabaf1e6f687a0ebc8c4489d828b590b8200fe,705.0
LTCUSDT,2023-12,kline_monthly,https://data.binance.vision/data/futures/um/monthly/klines/LTCUSDT/15m/LTCUSDT-15m-2023-12.zip,.cache/binance-altcoin-trend-round34/kline_monthly/LTCUSDT/LTCUSDT-15m-2023-12.zip,downloaded_verified,f58601c4ab0fb94dcd258fa34654846067bc1e13b82588e09e9b5850a1e9512c,127800.0
LTCUSDT,2023-12,funding_monthly,https://data.binance.vision/data/futures/um/monthly/fundingRate/LTCUSDT/LTCUSDT-fundingRate-2023-12.zip,.cache/binance-altcoin-trend-round34/funding_monthly/LTCUSDT/LTCUSDT-fundingRate-2023-12.zip,downloaded_verified,820a224d204bbfc17c71681d38a62e2cf2e5a0ce423847f301e8c2defa70c509,850.0
LTCUSDT,2024-01,kline_monthly,https://data.binance.vision/data/futures/um/monthly/klines/LTCUSDT/15m/LTCUSDT-15m-2024-01.zip,.cache/binance-altcoin-trend-round34/kline_monthly/LTCUSDT/LTCUSDT-15m-2024-01.zip,downloaded_verified,b7103909504b8c0140820dd33a5dc1b64be672ca995cb2252c4d559ebc7d981f,127505.0
LTCUSDT,2024-01,funding_monthly,https://data.binance.vision/data/futures/um/monthly/fundingRate/LTCUSDT/LTCUSDT-fundingRate-2024-01.zip,.cache/binance-altcoin-trend-round34/funding_monthly/LTCUSDT/LTCUSDT-fundingRate-2024-01.zip,downloaded_verified,563b3ac2db75623a64a097c38c38ee0fedb0503fca5abdc768c1c6c2929cef0d,669.0
LTCUSDT,2024-02,kline_monthly,https://data.binance.vision/data/futures/um/monthly/klines/LTCUSDT/15m/LTCUSDT-15m-2024-02.zip,.cache/binance-altcoin-trend-round34/kline_monthly/LTCUSDT/LTCUSDT-15m-2024-02.zip,downloaded_verified,57e9537cbe82b3f10b8861fb123f7e98edf85f050bead648ce846dc584334488,118310.0
LTCUSDT,2024-02,funding_monthly,https://data.binance.vision/data/futures/um/monthly/fundingRate/LTCUSDT/LTCUSDT-fundingRate-2024-02.zip,.cache/binance-altcoin-trend-round34/funding_monthly/LTCUSDT/LTCUSDT-fundingRate-2024-02.zip,downloaded_verified,7710a9586b750eeb54c2df13a5b7e4179dd278e1c7e85be7f94f0dd6b0927a54,756.0
LTCUSDT,2024-03,kline_monthly,https://data.binance.vision/data/futures/um/monthly/klines/LTCUSDT/15m/LTCUSDT-15m-2024-03.zip,.cache/binance-altcoin-trend-round34/kline_monthly/LTCUSDT/LTCUSDT-15m-2024-03.zip,downloaded_verified,c2d1e283b9fea33fa95b38b139ada4b30fb3cf068f93bcbf81abbb29778f1087,133160.0
LTCUSDT,2024-03,funding_monthly,https://data.binance.vision/data/futures/um/monthly/fundingRate/LTCUSDT/LTCUSDT-fundingRate-2024-03.zip,.cache/binance-altcoin-trend-round34/funding_monthly/LTCUSDT/LTCUSDT-fundingRate-2024-03.zip,downloaded_verified,b27b515d32e4fb842f929714b6c764f09d03f8794dedf2f7cec3976b5cfdb986,944.0
LTCUSDT,2024-04,kline_monthly,https://data.binance.vision/data/futures/um/monthly/klines/LTCUSDT/15m/LTCUSDT-15m-2024-04.zip,.cache/binance-altcoin-trend-round34/kline_monthly/LTCUSDT/LTCUSDT-15m-2024-04.zip,downloaded_verified,3ecfdc484e4b30248734704ff559c69d46af8a146da9ec687eeaaebb51df581b,127502.0
LTCUSDT,2024-04,funding_monthly,https://data.binance.vision/data/futures/um/monthly/fundingRate/LTCUSDT/LTCUSDT-fundingRate-2024-04.zip,.cache/binance-altcoin-trend-round34/funding_monthly/LTCUSDT/LTCUSDT-fundingRate-2024-04.zip,downloaded_verified,e5b8ec9f7271e6e9ee7026dc25d7cdb9af020aff1b84ca55806ce6111f94dc6a,815.0
LTCUSDT,2024-05,kline_monthly,https://data.binance.vision/data/futures/um/monthly/klines/LTCUSDT/15m/LTCUSDT-15m-2024-05.zip,.cache/binance-altcoin-trend-round34/kline_monthly/LTCUSDT/LTCUSDT-15m-2024-05.zip,downloaded_verified,971cd1a202c540a74f61e3a0dadfc999b5681519a8b7ecb07171b70eeb2510f4,126075.0
LTCUSDT,2024-05,funding_monthly,https://data.binance.vision/data/futures/um/monthly/fundingRate/LTCUSDT/LTCUSDT-fundingRate-2024-05.zip,.cache/binance-altcoin-trend-round34/funding_monthly/LTCUSDT/LTCUSDT-fundingRate-2024-05.zip,downloaded_verified,f4c1b77749352ca73babf231758f9d113228f4a336b1264e285a31ca5c2fb815,748.0
LTCUSDT,2024-06,kline_monthly,https://data.binance.vision/data/futures/um/monthly/klines/LTCUSDT/15m/LTCUSDT-15m-2024-06.zip,.cache/binance-altcoin-trend-round34/kline_monthly/LTCUSDT/LTCUSDT-15m-2024-06.zip,downloaded_verified,1f325033c3c7264be63056d081a80d66a4abe42e8968c1803e0c14d6b3eafd25,120540.0
LTCUSDT,2024-06,funding_monthly,https://data.binance.vision/data/futures/um/monthly/fundingRate/LTCUSDT/LTCUSDT-fundingRate-2024-06.zip,.cache/binance-altcoin-trend-round34/funding_monthly/LTCUSDT/LTCUSDT-fundingRate-2024-06.zip,downloaded_verified,aa4e0d8e5ce40f0ba78946d4149dfbdcee249deb9266704edf8d5baff9d0cbe9,746.0
LTCUSDT,2024-07,kline_monthly,https://data.binance.vision/data/futures/um/monthly/klines/LTCUSDT/15m/LTCUSDT-15m-2024-07.zip,.cache/binance-altcoin-trend-round34/kline_monthly/LTCUSDT/LTCUSDT-15m-2024-07.zip,downloaded_verified,58e4959b10f0979d951f9eb478869b81620c9b346eab69898e9bb05894a06943,125859.0
LTCUSDT,2024-07,funding_monthly,https://data.binance.vision/data/futures/um/monthly/fundingRate/LTCUSDT/LTCUSDT-fundingRate-2024-07.zip,.cache/binance-altcoin-trend-round34/funding_monthly/LTCUSDT/LTCUSDT-fundingRate-2024-07.zip,downloaded_verified,d5838bf2de1bcfa03e9dc22a580a40a946b3dc6ee0a14bc2318dc9aa190d9cfc,873.0
LTCUSDT,2024-08,kline_monthly,https://data.binance.vision/data/futures/um/monthly/klines/LTCUSDT/15m/LTCUSDT-15m-2024-08.zip,.cache/binance-altcoin-trend-round34/kline_monthly/LTCUSDT/LTCUSDT-15m-2024-08.zip,downloaded_verified,889413ec1202e7bbe28b805e263efb5d129f387a1567479bf7461e65d285dc82,126428.0
LTCUSDT,2024-08,funding_monthly,https://data.binance.vision/data/futures/um/monthly/fundingRate/LTCUSDT/LTCUSDT-fundingRate-2024-08.zip,.cache/binance-altcoin-trend-round34/funding_monthly/LTCUSDT/LTCUSDT-fundingRate-2024-08.zip,downloaded_verified,dc4fa08df4e5d16d554a0c7af13730bfeb4890f7736c47774799c87154318014,918.0
LTCUSDT,2024-09,kline_monthly,https://data.binance.vision/data/futures/um/monthly/klines/LTCUSDT/15m/LTCUSDT-15m-2024-09.zip,.cache/binance-altcoin-trend-round34/kline_monthly/LTCUSDT/LTCUSDT-15m-2024-09.zip,downloaded_verified,ef3ff0d37c9847285466b7d5503d0dc366485668b7de0ab693574694ec96e74b,121231.0
LTCUSDT,2024-09,funding_monthly,https://data.binance.vision/data/futures/um/monthly/fundingRate/LTCUSDT/LTCUSDT-fundingRate-2024-09.zip,.cache/binance-altcoin-trend-round34/funding_monthly/LTCUSDT/LTCUSDT-fundingRate-2024-09.zip,downloaded_verified,31042156b111a01cbc07aa0760a1fc8abcba1104fd581c6e6c60f7d768adc96d,872.0
LTCUSDT,2024-10,kline_monthly,https://data.binance.vision/data/futures/um/monthly/klines/LTCUSDT/15m/LTCUSDT-15m-2024-10.zip,.cache/binance-altcoin-trend-round34/kline_monthly/LTCUSDT/LTCUSDT-15m-2024-10.zip,downloaded_verified,803e0777cecb75fd30016c3549a607a19934a2a33d901679ff55fe1fa875c3d1,124734.0
LTCUSDT,2024-10,funding_monthly,https://data.binance.vision/data/futures/um/monthly/fundingRate/LTCUSDT/LTCUSDT-fundingRate-2024-10.zip,.cache/binance-altcoin-trend-round34/funding_monthly/LTCUSDT/LTCUSDT-fundingRate-2024-10.zip,downloaded_verified,59cfe0decf8b9b1e1a8904c847302e0d86e8b56cef938ac47514a1c232f889dd,765.0
LTCUSDT,2024-11,kline_monthly,https://data.binance.vision/data/futures/um/monthly/klines/LTCUSDT/15m/LTCUSDT-15m-2024-11.zip,.cache/binance-altcoin-trend-round34/kline_monthly/LTCUSDT/LTCUSDT-15m-2024-11.zip,downloaded_verified,02af53d2c1529a65897408f58b7cd3e2b76b8a4bbe1acf82eb7094130948bee0,126974.0
LTCUSDT,2024-11,funding_monthly,https://data.binance.vision/data/futures/um/monthly/fundingRate/LTCUSDT/LTCUSDT-fundingRate-2024-11.zip,.cache/binance-altcoin-trend-round34/funding_monthly/LTCUSDT/LTCUSDT-fundingRate-2024-11.zip,downloaded_verified,436568f53dc359d271647f03ae9de8eadf66e3610472dc0c4858466bd77779ee,765.0
LTCUSDT,2024-12,kline_monthly,https://data.binance.vision/data/futures/um/monthly/klines/LTCUSDT/15m/LTCUSDT-15m-2024-12.zip,.cache/binance-altcoin-trend-round34/kline_monthly/LTCUSDT/LTCUSDT-15m-2024-12.zip,downloaded_verified,9aadf38e1fe40a4df9fd1c2fd42887760387aac38728797588426fe0e477728f,135449.0
LTCUSDT,2024-12,funding_monthly,https://data.binance.vision/data/futures/um/monthly/fundingRate/LTCUSDT/LTCUSDT-fundingRate-2024-12.zip,.cache/binance-altcoin-trend-round34/funding_monthly/LTCUSDT/LTCUSDT-fundingRate-2024-12.zip,downloaded_verified,2f3a1b448ee44168eff55ce2f1c613822726084dc625347f5fde5d45f7d08dc2,794.0
LTCUSDT,2025-01,kline_monthly,https://data.binance.vision/data/futures/um/monthly/klines/LTCUSDT/15m/LTCUSDT-15m-2025-01.zip,.cache/binance-altcoin-trend-round34/kline_monthly/LTCUSDT/LTCUSDT-15m-2025-01.zip,downloaded_verified,f3fef19ca810350df677a254a7c3870bd9e08ee164d3f616896c98c55bf5a6ca,134068.0
LTCUSDT,2025-01,funding_monthly,https://data.binance.vision/data/futures/um/monthly/fundingRate/LTCUSDT/LTCUSDT-fundingRate-2025-01.zip,.cache/binance-altcoin-trend-round34/funding_monthly/LTCUSDT/LTCUSDT-fundingRate-2025-01.zip,downloaded_verified,0ba4ae7a317bf2d4d708cdcfabfca13332c9e87ca2875b89e968ab6368234cfb,756.0
LTCUSDT,2025-02,kline_monthly,https://data.binance.vision/data/futures/um/monthly/klines/LTCUSDT/15m/LTCUSDT-15m-2025-02.zip,.cache/binance-altcoin-trend-round34/kline_monthly/LTCUSDT/LTCUSDT-15m-2025-02.zip,downloaded_verified,169895ed2e693554103fba0b3a53e80021563303c24a55d1840f241cc16f1ea2,124270.0
LTCUSDT,2025-02,funding_monthly,https://data.binance.vision/data/futures/um/monthly/fundingRate/LTCUSDT/LTCUSDT-fundingRate-2025-02.zip,.cache/binance-altcoin-trend-round34/funding_monthly/LTCUSDT/LTCUSDT-fundingRate-2025-02.zip,downloaded_verified,8c30729e7412ed01cb0dc5237432f47e6316fbe50465d4a6d95360db04e6c8f6,804.0
LTCUSDT,2025-03,kline_monthly,https://data.binance.vision/data/futures/um/monthly/klines/LTCUSDT/15m/LTCUSDT-15m-2025-03.zip,.cache/binance-altcoin-trend-round34/kline_monthly/LTCUSDT/LTCUSDT-15m-2025-03.zip,downloaded_verified,96cd99b4f7eda626628711d67bae04b211840447f945537dcca30893df8537c3,131722.0
LTCUSDT,2025-03,funding_monthly,https://data.binance.vision/data/futures/um/monthly/fundingRate/LTCUSDT/LTCUSDT-fundingRate-2025-03.zip,.cache/binance-altcoin-trend-round34/funding_monthly/LTCUSDT/LTCUSDT-fundingRate-2025-03.zip,downloaded_verified,d4b7be682d103815845bd1e6d8d3f7b420577ed55b91a0471ae70581cd7317b6,914.0
LTCUSDT,2025-04,kline_monthly,https://data.binance.vision/data/futures/um/monthly/klines/LTCUSDT/15m/LTCUSDT-15m-2025-04.zip,.cache/binance-altcoin-trend-round34/kline_monthly/LTCUSDT/LTCUSDT-15m-2025-04.zip,downloaded_verified,3fad47ff9f381258e36d4ed8a8455779351b220351544fe329a0da2fd0e4f0cc,124710.0
LTCUSDT,2025-04,funding_monthly,https://data.binance.vision/data/futures/um/monthly/fundingRate/LTCUSDT/LTCUSDT-fundingRate-2025-04.zip,.cache/binance-altcoin-trend-round34/funding_monthly/LTCUSDT/LTCUSDT-fundingRate-2025-04.zip,downloaded_verified,e84071807012cee4af78727a72862e87bfa8afe7993c478a531674358fe15aec,892.0
LTCUSDT,2025-05,kline_monthly,https://data.binance.vision/data/futures/um/monthly/klines/LTCUSDT/15m/LTCUSDT-15m-2025-05.zip,.cache/binance-altcoin-trend-round34/kline_monthly/LTCUSDT/LTCUSDT-15m-2025-05.zip,downloaded_verified,9bd5512e70d89b9067f62e66bf25e39a2e1677cdac2572a3f05f0f781122d9eb,130609.0
LTCUSDT,2025-05,funding_monthly,https://data.binance.vision/data/futures/um/monthly/fundingRate/LTCUSDT/LTCUSDT-fundingRate-2025-05.zip,.cache/binance-altcoin-trend-round34/funding_monthly/LTCUSDT/LTCUSDT-fundingRate-2025-05.zip,downloaded_verified,ade502ee0d0be2a666ec94f8361525808b7b911fa9e576a27bce326e06b4edf6,880.0
LTCUSDT,2025-06,kline_monthly,https://data.binance.vision/data/futures/um/monthly/klines/LTCUSDT/15m/LTCUSDT-15m-2025-06.zip,.cache/binance-altcoin-trend-round34/kline_monthly/LTCUSDT/LTCUSDT-15m-2025-06.zip,downloaded_verified,8459208c4f71d6ffcfceea3a0eb6e5188fe077e3406918823c546a4d5684ed32,123073.0
LTCUSDT,2025-06,funding_monthly,https://data.binance.vision/data/futures/um/monthly/fundingRate/LTCUSDT/LTCUSDT-fundingRate-2025-06.zip,.cache/binance-altcoin-trend-round34/funding_monthly/LTCUSDT/LTCUSDT-fundingRate-2025-06.zip,downloaded_verified,9159d2d6e16e41b82f77f51f0005038d6d718a3b6222604a5209a2ce92e0ad1c,909.0
LTCUSDT,2025-07,kline_monthly,https://data.binance.vision/data/futures/um/monthly/klines/LTCUSDT/15m/LTCUSDT-15m-2025-07.zip,.cache/binance-altcoin-trend-round34/kline_monthly/LTCUSDT/LTCUSDT-15m-2025-07.zip,downloaded_verified,ad7c4e6cb81f448147d46b0fb3900417916661cb25f5822e655e3171496f33ab,131368.0
LTCUSDT,2025-07,funding_monthly,https://data.binance.vision/data/futures/um/monthly/fundingRate/LTCUSDT/LTCUSDT-fundingRate-2025-07.zip,.cache/binance-altcoin-trend-round34/funding_monthly/LTCUSDT/LTCUSDT-fundingRate-2025-07.zip,downloaded_verified,942cd83f944849728142ce40a74581a59f0652d68d5606a5d073c8c82c552abd,813.0
LTCUSDT,2025-08,kline_monthly,https://data.binance.vision/data/futures/um/monthly/klines/LTCUSDT/15m/LTCUSDT-15m-2025-08.zip,.cache/binance-altcoin-trend-round34/kline_monthly/LTCUSDT/LTCUSDT-15m-2025-08.zip,downloaded_verified,9513d0b668b07cd30121a6c669e59c50e57c46f1ab5eb909aa6f218bb9e01a27,132996.0
LTCUSDT,2025-08,funding_monthly,https://data.binance.vision/data/futures/um/monthly/fundingRate/LTCUSDT/LTCUSDT-fundingRate-2025-08.zip,.cache/binance-altcoin-trend-round34/funding_monthly/LTCUSDT/LTCUSDT-fundingRate-2025-08.zip,downloaded_verified,442ef6b2ac4fd75879f1d9e0dbf7b8c73223778d79049fe557e57b5e3ec3d599,878.0
LTCUSDT,2025-09,kline_monthly,https://data.binance.vision/data/futures/um/monthly/klines/LTCUSDT/15m/LTCUSDT-15m-2025-09.zip,.cache/binance-altcoin-trend-round34/kline_monthly/LTCUSDT/LTCUSDT-15m-2025-09.zip,downloaded_verified,32c720c0bbd121c9cf4aa1d7bd0a04c57767b7a6ef97e5be8ccb10f32dd3353f,125098.0
LTCUSDT,2025-09,funding_monthly,https://data.binance.vision/data/futures/um/monthly/fundingRate/LTCUSDT/LTCUSDT-fundingRate-2025-09.zip,.cache/binance-altcoin-trend-round34/funding_monthly/LTCUSDT/LTCUSDT-fundingRate-2025-09.zip,downloaded_verified,d894fe4b8535b1abd3726a19affb4bc51bcd5414a427c371a88bdd3140d47939,876.0
LTCUSDT,2025-10,kline_monthly,https://data.binance.vision/data/futures/um/monthly/klines/LTCUSDT/15m/LTCUSDT-15m-2025-10.zip,.cache/binance-altcoin-trend-round34/kline_monthly/LTCUSDT/LTCUSDT-15m-2025-10.zip,downloaded_verified,a03e4568603580d201e080836372cb8209e1eb6a5774be302f830a425d08c5f6,131570.0
LTCUSDT,2025-10,funding_monthly,https://data.binance.vision/data/futures/um/monthly/fundingRate/LTCUSDT/LTCUSDT-fundingRate-2025-10.zip,.cache/binance-altcoin-trend-round34/funding_monthly/LTCUSDT/LTCUSDT-fundingRate-2025-10.zip,downloaded_verified,a350099f02341e7feda8bf5c1b89e704234883656147a7643dd1e0d61e72b250,922.0
LTCUSDT,2025-11,kline_monthly,https://data.binance.vision/data/futures/um/monthly/klines/LTCUSDT/15m/LTCUSDT-15m-2025-11.zip,.cache/binance-altcoin-trend-round34/kline_monthly/LTCUSDT/LTCUSDT-15m-2025-11.zip,downloaded_verified,cbce493af94cb5fda7144d3ed819aa19069e4845244b6313f2754236bb4710e1,127139.0
LTCUSDT,2025-11,funding_monthly,https://data.binance.vision/data/futures/um/monthly/fundingRate/LTCUSDT/LTCUSDT-fundingRate-2025-11.zip,.cache/binance-altcoin-trend-round34/funding_monthly/LTCUSDT/LTCUSDT-fundingRate-2025-11.zip,downloaded_verified,39c5faa4155fd1685fa7cce6889a25b243ac84b4d6851224f41902a4e93d0eb5,963.0
LTCUSDT,2025-12,kline_monthly,https://data.binance.vision/data/futures/um/monthly/klines/LTCUSDT/15m/LTCUSDT-15m-2025-12.zip,.cache/binance-altcoin-trend-round34/kline_monthly/LTCUSDT/LTCUSDT-15m-2025-12.zip,downloaded_verified,7c83ea6816ea18d91694bd72d9237784faabeb75da7b29741910d16e645bb0da,126084.0
LTCUSDT,2025-12,funding_monthly,https://data.binance.vision/data/futures/um/monthly/fundingRate/LTCUSDT/LTCUSDT-fundingRate-2025-12.zip,.cache/binance-altcoin-trend-round34/funding_monthly/LTCUSDT/LTCUSDT-fundingRate-2025-12.zip,downloaded_verified,19b12c1ea4d4e179a99eecdff14bafa61197d2c8aee20928735ea95fa385e919,970.0
LTCUSDT,2026-01,kline_monthly,https://data.binance.vision/data/futures/um/monthly/klines/LTCUSDT/15m/LTCUSDT-15m-2026-01.zip,.cache/binance-altcoin-trend-round34/kline_monthly/LTCUSDT/LTCUSDT-15m-2026-01.zip,downloaded_verified,3ec7ee62cb5858680e3fb9639532901f3e681234848347cb5fffc8f8813a66c1,126961.0
LTCUSDT,2026-01,funding_monthly,https://data.binance.vision/data/futures/um/monthly/fundingRate/LTCUSDT/LTCUSDT-fundingRate-2026-01.zip,.cache/binance-altcoin-trend-round34/funding_monthly/LTCUSDT/LTCUSDT-fundingRate-2026-01.zip,downloaded_verified,838f7df6e943284f32d15d8831fd1d752e61e93aefe9d05ca942d690dbe2808c,964.0
LTCUSDT,2026-02,kline_monthly,https://data.binance.vision/data/futures/um/monthly/klines/LTCUSDT/15m/LTCUSDT-15m-2026-02.zip,.cache/binance-altcoin-trend-round34/kline_monthly/LTCUSDT/LTCUSDT-15m-2026-02.zip,downloaded_verified,0aa734a58058f81d0733e80b69324906a9175c94f0c7e48f264804d93fc4d77a,114395.0
LTCUSDT,2026-02,funding_monthly,https://data.binance.vision/data/futures/um/monthly/fundingRate/LTCUSDT/LTCUSDT-fundingRate-2026-02.zip,.cache/binance-altcoin-trend-round34/funding_monthly/LTCUSDT/LTCUSDT-fundingRate-2026-02.zip,downloaded_verified,2519014547b6375a5e6ddccec4b1754a33bfa59a2d3427b19a394b7f7a4b82fe,915.0
LTCUSDT,2026-03,kline_monthly,https://data.binance.vision/data/futures/um/monthly/klines/LTCUSDT/15m/LTCUSDT-15m-2026-03.zip,.cache/binance-altcoin-trend-round34/kline_monthly/LTCUSDT/LTCUSDT-15m-2026-03.zip,downloaded_verified,075f6d6bb8bfc05cb7d608b061622e5035aa9099540e22e21d13d6f6bf92a236,123476.0
LTCUSDT,2026-03,funding_monthly,https://data.binance.vision/data/futures/um/monthly/fundingRate/LTCUSDT/LTCUSDT-fundingRate-2026-03.zip,.cache/binance-altcoin-trend-round34/funding_monthly/LTCUSDT/LTCUSDT-fundingRate-2026-03.zip,downloaded_verified,974389f7a8ad54876da69b018199314aced19f467b2801064ad4c3e664ccd1ee,978.0
LTCUSDT,2026-04,kline_monthly,https://data.binance.vision/data/futures/um/monthly/klines/LTCUSDT/15m/LTCUSDT-15m-2026-04.zip,.cache/binance-altcoin-trend-round34/kline_monthly/LTCUSDT/LTCUSDT-15m-2026-04.zip,downloaded_verified,632fcd5c0090db4453c6b38a5b81eefa966c8fa2057bc2fa12e919a04864675b,117405.0
LTCUSDT,2026-04,funding_monthly,https://data.binance.vision/data/futures/um/monthly/fundingRate/LTCUSDT/LTCUSDT-fundingRate-2026-04.zip,.cache/binance-altcoin-trend-round34/funding_monthly/LTCUSDT/LTCUSDT-fundingRate-2026-04.zip,downloaded_verified,f8bc5ca888bcd55ab26648c32dc98a3f71a31321255899f632dfa8234623280e,951.0
LTCUSDT,2026-05,kline_monthly,https://data.binance.vision/data/futures/um/monthly/klines/LTCUSDT/15m/LTCUSDT-15m-2026-05.zip,.cache/binance-altcoin-trend-round34/kline_monthly/LTCUSDT/LTCUSDT-15m-2026-05.zip,downloaded_verified,a16058449eb49eedb2a044f97cdd806c1b14aa68c5e4a00a33010ab4ece799f4,121662.0
LTCUSDT,2026-05,funding_monthly,https://data.binance.vision/data/futures/um/monthly/fundingRate/LTCUSDT/LTCUSDT-fundingRate-2026-05.zip,.cache/binance-altcoin-trend-round34/funding_monthly/LTCUSDT/LTCUSDT-fundingRate-2026-05.zip,downloaded_verified,ee5e2aae6af731b54c2153b9354e53f7a1c6c4702c14caac2de2aa2edae43d5b,987.0
LTCUSDT,2026-06,kline_monthly,https://data.binance.vision/data/futures/um/monthly/klines/LTCUSDT/15m/LTCUSDT-15m-2026-06.zip,.cache/binance-altcoin-trend-round34/kline_monthly/LTCUSDT/LTCUSDT-15m-2026-06.zip,downloaded_verified,52c0a9ef1b0c58ff6b589f7a6eadd23f642f06b73feabfd0f09e646867a4c4df,119628.0
LTCUSDT,2026-06,funding_monthly,https://data.binance.vision/data/futures/um/monthly/fundingRate/LTCUSDT/LTCUSDT-fundingRate-2026-06.zip,.cache/binance-altcoin-trend-round34/funding_monthly/LTCUSDT/LTCUSDT-fundingRate-2026-06.zip,downloaded_verified,0831db478f5045e685514f9362219db7d68aa18ce25305f4acb3838919d6ce9e,972.0
LTCUSDT,2026-07-01,kline_daily,https://data.binance.vision/data/futures/um/daily/klines/LTCUSDT/15m/LTCUSDT-15m-2026-07-01.zip,.cache/binance-altcoin-trend-round34/kline_daily/LTCUSDT/LTCUSDT-15m-2026-07-01.zip,downloaded_verified,3f5a0c44579fbffc1daee0feb9aaabd561d7a45afe929f73d4e86e9f72852e87,4441.0
LTCUSDT,2026-07-02,kline_daily,https://data.binance.vision/data/futures/um/daily/klines/LTCUSDT/15m/LTCUSDT-15m-2026-07-02.zip,.cache/binance-altcoin-trend-round34/kline_daily/LTCUSDT/LTCUSDT-15m-2026-07-02.zip,downloaded_verified,342c4bffbd82b21c60189f95f304e25ce2f14a841bc06424ffebe83cf69eb91a,4370.0
LTCUSDT,2026-07-03,kline_daily,https://data.binance.vision/data/futures/um/daily/klines/LTCUSDT/15m/LTCUSDT-15m-2026-07-03.zip,.cache/binance-altcoin-trend-round34/kline_daily/LTCUSDT/LTCUSDT-15m-2026-07-03.zip,downloaded_verified,cc911cb304fef0411d264e2cad046dfb91ac329a8b353b17150f0ef5802de34f,4366.0
LTCUSDT,2026-07-04,kline_daily,https://data.binance.vision/data/futures/um/daily/klines/LTCUSDT/15m/LTCUSDT-15m-2026-07-04.zip,.cache/binance-altcoin-trend-round34/kline_daily/LTCUSDT/LTCUSDT-15m-2026-07-04.zip,downloaded_verified,6c0dac3d3197a6416d26274956803a81622e50ae6b93ac33b76f493765878e24,4358.0
LTCUSDT,2026-07-05,kline_daily,https://data.binance.vision/data/futures/um/daily/klines/LTCUSDT/15m/LTCUSDT-15m-2026-07-05.zip,.cache/binance-altcoin-trend-round34/kline_daily/LTCUSDT/LTCUSDT-15m-2026-07-05.zip,downloaded_verified,1e5887c9827ea16a7416687bcbfdf073b6adb1210e1bd4425a6c1fe1640c461d,4406.0
LTCUSDT,2026-07-06,kline_daily,https://data.binance.vision/data/futures/um/daily/klines/LTCUSDT/15m/LTCUSDT-15m-2026-07-06.zip,.cache/binance-altcoin-trend-round34/kline_daily/LTCUSDT/LTCUSDT-15m-2026-07-06.zip,downloaded_verified,41bbf97b8e4ee0c5296edcea0140dc5187b0a22a98587a4e2b9af9b3fd49fb01,4425.0
LTCUSDT,2026-07-07,kline_daily,https://data.binance.vision/data/futures/um/daily/klines/LTCUSDT/15m/LTCUSDT-15m-2026-07-07.zip,.cache/binance-altcoin-trend-round34/kline_daily/LTCUSDT/LTCUSDT-15m-2026-07-07.zip,downloaded_verified,8bd1999dc3027c4ef061f9bf1ecdc8e3c4d953b026e3b5e2f737eef3f5521c06,4354.0
LTCUSDT,2026-07-08,kline_daily,https://data.binance.vision/data/futures/um/daily/klines/LTCUSDT/15m/LTCUSDT-15m-2026-07-08.zip,.cache/binance-altcoin-trend-round34/kline_daily/LTCUSDT/LTCUSDT-15m-2026-07-08.zip,downloaded_verified,84d882b5726915fd168eea180e2d701879591f255268dcfda40627ec862894c0,4332.0
LTCUSDT,2026-07-09,kline_daily,https://data.binance.vision/data/futures/um/daily/klines/LTCUSDT/15m/LTCUSDT-15m-2026-07-09.zip,.cache/binance-altcoin-trend-round34/kline_daily/LTCUSDT/LTCUSDT-15m-2026-07-09.zip,downloaded_verified,8a2158c787ec76518ff39541febda24ea4857d2b2ec2f1ba43280e687ee3499a,4293.0
LTCUSDT,2026-07-10,kline_daily,https://data.binance.vision/data/futures/um/daily/klines/LTCUSDT/15m/LTCUSDT-15m-2026-07-10.zip,.cache/binance-altcoin-trend-round34/kline_daily/LTCUSDT/LTCUSDT-15m-2026-07-10.zip,downloaded_verified,e8dd3f227c9e4c6099dcc6e15fe9633f0298b90345ecfa5c5f7ed81cf5f76668,4262.0
LTCUSDT,2026-07-11,kline_daily,https://data.binance.vision/data/futures/um/daily/klines/LTCUSDT/15m/LTCUSDT-15m-2026-07-11.zip,.cache/binance-altcoin-trend-round34/kline_daily/LTCUSDT/LTCUSDT-15m-2026-07-11.zip,downloaded_verified,b2fc38f30752096774e59cff6c86b9d2161a85b2f97c88a83c5f8b0b1cb24aef,4199.0
LTCUSDT,2026-07-12,kline_daily,https://data.binance.vision/data/futures/um/daily/klines/LTCUSDT/15m/LTCUSDT-15m-2026-07-12.zip,.cache/binance-altcoin-trend-round34/kline_daily/LTCUSDT/LTCUSDT-15m-2026-07-12.zip,downloaded_verified,330493ef680cd20083d85cd33e43854617b81d25c1ec798fd72255662c38893b,4198.0
LTCUSDT,2026-07-13,kline_daily,https://data.binance.vision/data/futures/um/daily/klines/LTCUSDT/15m/LTCUSDT-15m-2026-07-13.zip,.cache/binance-altcoin-trend-round34/kline_daily/LTCUSDT/LTCUSDT-15m-2026-07-13.zip,downloaded_verified,1022d912b948ef44240f9a5b318e51c66e96840a7078271a72ac12504f914e39,4341.0
LTCUSDT,2026-07-14,kline_daily,https://data.binance.vision/data/futures/um/daily/klines/LTCUSDT/15m/LTCUSDT-15m-2026-07-14.zip,.cache/binance-altcoin-trend-round34/kline_daily/LTCUSDT/LTCUSDT-15m-2026-07-14.zip,downloaded_verified,e3bf4dad58bbf22c334acacda4753aa672826a3de024c9c37af5fd58faa16493,4304.0
LTCUSDT,2026-07-15,kline_daily,https://data.binance.vision/data/futures/um/daily/klines/LTCUSDT/15m/LTCUSDT-15m-2026-07-15.zip,.cache/binance-altcoin-trend-round34/kline_daily/LTCUSDT/LTCUSDT-15m-2026-07-15.zip,downloaded_verified,eafbbd1bbd30248d288b148c44e8fce79c2479383fd03f980f0431d85015ded0,4387.0
LTCUSDT,2026-07-16,kline_daily,https://data.binance.vision/data/futures/um/daily/klines/LTCUSDT/15m/LTCUSDT-15m-2026-07-16.zip,.cache/binance-altcoin-trend-round34/kline_daily/LTCUSDT/LTCUSDT-15m-2026-07-16.zip,downloaded_verified,fb629d80387e7c540068493c469e5d0eb036aff4021391be3c55f80a99908cf0,4310.0
LTCUSDT,2026-07-17,kline_daily,https://data.binance.vision/data/futures/um/daily/klines/LTCUSDT/15m/LTCUSDT-15m-2026-07-17.zip,.cache/binance-altcoin-trend-round34/kline_daily/LTCUSDT/LTCUSDT-15m-2026-07-17.zip,downloaded_verified,8e0c05628213f763b6d4c12a05aa86645814b1f68448779f8b2b35ec3138e945,4402.0
LTCUSDT,2026-07-18,kline_daily,https://data.binance.vision/data/futures/um/daily/klines/LTCUSDT/15m/LTCUSDT-15m-2026-07-18.zip,.cache/binance-altcoin-trend-round34/kline_daily/LTCUSDT/LTCUSDT-15m-2026-07-18.zip,downloaded_verified,7b25e13c24b2366608b68dd75537a23446d30ef1b180ca1749030ad0a2e6fdc9,4357.0
LTCUSDT,2026-07-19,kline_daily,https://data.binance.vision/data/futures/um/daily/klines/LTCUSDT/15m/LTCUSDT-15m-2026-07-19.zip,.cache/binance-altcoin-trend-round34/kline_daily/LTCUSDT/LTCUSDT-15m-2026-07-19.zip,downloaded_verified,e0ae5c285fbca54bc495978b3b21b9a3964938cee6fb025bfec2c3c75b19b7ba,4339.0
LTCUSDT,2026-07-20,kline_daily,https://data.binance.vision/data/futures/um/daily/klines/LTCUSDT/15m/LTCUSDT-15m-2026-07-20.zip,.cache/binance-altcoin-trend-round34/kline_daily/LTCUSDT/LTCUSDT-15m-2026-07-20.zip,downloaded_verified,5e1b61edd1d4e4f0f32be9e530825939b06b940f0745f172601cd9401ce4edff,4428.0
LTCUSDT,2026-07-21,kline_daily,https://data.binance.vision/data/futures/um/daily/klines/LTCUSDT/15m/LTCUSDT-15m-2026-07-21.zip,.cache/binance-altcoin-trend-round34/kline_daily/LTCUSDT/LTCUSDT-15m-2026-07-21.zip,downloaded_verified,990577195240a503723f52b7472868249838613968377804269437149f5dccb4,4332.0
LTCUSDT,2026-07-22,kline_daily,https://data.binance.vision/data/futures/um/daily/klines/LTCUSDT/15m/LTCUSDT-15m-2026-07-22.zip,.cache/binance-altcoin-trend-round34/kline_daily/LTCUSDT/LTCUSDT-15m-2026-07-22.zip,downloaded_verified,34f1d86dd7cc6fb6774e306bf2c509f379fd723a1b937da59f5729bfe8c8d110,4332.0
LTCUSDT,2026-07-23,kline_daily,https://data.binance.vision/data/futures/um/daily/klines/LTCUSDT/15m/LTCUSDT-15m-2026-07-23.zip,.cache/binance-altcoin-trend-round34/kline_daily/LTCUSDT/LTCUSDT-15m-2026-07-23.zip,downloaded_verified,d64297c3faac8edaa213b2b0eae816297b2d39918b032f4ae2ea37afac192b03,4351.0
LTCUSDT,2026-07-24,kline_daily,https://data.binance.vision/data/futures/um/daily/klines/LTCUSDT/15m/LTCUSDT-15m-2026-07-24.zip,.cache/binance-altcoin-trend-round34/kline_daily/LTCUSDT/LTCUSDT-15m-2026-07-24.zip,downloaded_verified,80cddbba19760a59e16b822bcb9824680dbd1fdb3d27555d5671241c77be0912,4313.0
LTCUSDT,2026-07-25,kline_daily,https://data.binance.vision/data/futures/um/daily/klines/LTCUSDT/15m/LTCUSDT-15m-2026-07-25.zip,.cache/binance-altcoin-trend-round34/kline_daily/LTCUSDT/LTCUSDT-15m-2026-07-25.zip,downloaded_verified,ab7c2c419028734108b5415bbe967a9edb17e12d53db0f354a73807fa68a8252,4216.0
LTCUSDT,2026-07-26,kline_daily,https://data.binance.vision/data/futures/um/daily/klines/LTCUSDT/15m/LTCUSDT-15m-2026-07-26.zip,.cache/binance-altcoin-trend-round34/kline_daily/LTCUSDT/LTCUSDT-15m-2026-07-26.zip,downloaded_verified,a209e14178008f304a89f505ec98b331b16f0e4c0e964d04e39d7f67f07ff25f,4327.0
BCHUSDT,2023-11,kline_monthly,https://data.binance.vision/data/futures/um/monthly/klines/BCHUSDT/15m/BCHUSDT-15m-2023-11.zip,.cache/binance-altcoin-trend-round34/kline_monthly/BCHUSDT/BCHUSDT-15m-2023-11.zip,downloaded_verified,2efbaf7f1f80570ed4334d6bd32abb20b87d17a423eab1fe1044b7d0a1f902c6,125617.0
BCHUSDT,2023-11,funding_monthly,https://data.binance.vision/data/futures/um/monthly/fundingRate/BCHUSDT/BCHUSDT-fundingRate-2023-11.zip,.cache/binance-altcoin-trend-round34/funding_monthly/BCHUSDT/BCHUSDT-fundingRate-2023-11.zip,downloaded_verified,0ddb8e18bfc2508e8d44ac3ae9aaa6e16edffb18c7cc3746f2618d2ebc2eac08,720.0
BCHUSDT,2023-12,kline_monthly,https://data.binance.vision/data/futures/um/monthly/klines/BCHUSDT/15m/BCHUSDT-15m-2023-12.zip,.cache/binance-altcoin-trend-round34/kline_monthly/BCHUSDT/BCHUSDT-15m-2023-12.zip,downloaded_verified,470fa3287fbd81b6d8896a5b2ff928585b8aaf6dadbd2a309b3289eac0c0c7cd,130435.0
BCHUSDT,2023-12,funding_monthly,https://data.binance.vision/data/futures/um/monthly/fundingRate/BCHUSDT/BCHUSDT-fundingRate-2023-12.zip,.cache/binance-altcoin-trend-round34/funding_monthly/BCHUSDT/BCHUSDT-fundingRate-2023-12.zip,downloaded_verified,f5dbea0d90c7c175bc56ba9d37a2794cf9a7102f87d6aa2d50bc91b7a2c5d900,701.0
BCHUSDT,2024-01,kline_monthly,https://data.binance.vision/data/futures/um/monthly/klines/BCHUSDT/15m/BCHUSDT-15m-2024-01.zip,.cache/binance-altcoin-trend-round34/kline_monthly/BCHUSDT/BCHUSDT-15m-2024-01.zip,downloaded_verified,867748221a52d39b50c714ef860d4a6290e31e64664af5876206335bf35ac915,130535.0
BCHUSDT,2024-01,funding_monthly,https://data.binance.vision/data/futures/um/monthly/fundingRate/BCHUSDT/BCHUSDT-fundingRate-2024-01.zip,.cache/binance-altcoin-trend-round34/funding_monthly/BCHUSDT/BCHUSDT-fundingRate-2024-01.zip,downloaded_verified,1672056487bb0a395b4e49edf366532d2440703c01d79e76ce14f180138160d5,886.0
BCHUSDT,2024-02,kline_monthly,https://data.binance.vision/data/futures/um/monthly/klines/BCHUSDT/15m/BCHUSDT-15m-2024-02.zip,.cache/binance-altcoin-trend-round34/kline_monthly/BCHUSDT/BCHUSDT-15m-2024-02.zip,downloaded_verified,393bac951b6afb0b8ee64fc0176535813bd75f90f0101db55cd3c40ae82bbdbf,121585.0
BCHUSDT,2024-02,funding_monthly,https://data.binance.vision/data/futures/um/monthly/fundingRate/BCHUSDT/BCHUSDT-fundingRate-2024-02.zip,.cache/binance-altcoin-trend-round34/funding_monthly/BCHUSDT/BCHUSDT-fundingRate-2024-02.zip,downloaded_verified,0639a6fcffab6efce2935e058d5873230f41013bdaf0a42c43095592cfb4cf49,800.0
BCHUSDT,2024-03,kline_monthly,https://data.binance.vision/data/futures/um/monthly/klines/BCHUSDT/15m/BCHUSDT-15m-2024-03.zip,.cache/binance-altcoin-trend-round34/kline_monthly/BCHUSDT/BCHUSDT-15m-2024-03.zip,downloaded_verified,a384088def6e5887c80ca0d8a3b0f79c74a88855e79c8c27eafe89715e8370fe,137953.0
BCHUSDT,2024-03,funding_monthly,https://data.binance.vision/data/futures/um/monthly/fundingRate/BCHUSDT/BCHUSDT-fundingRate-2024-03.zip,.cache/binance-altcoin-trend-round34/funding_monthly/BCHUSDT/BCHUSDT-fundingRate-2024-03.zip,downloaded_verified,e5063600ef3e5752da0d42f4c799f71b4fab0a26402025e2c4b53be985eff1a5,836.0
BCHUSDT,2024-04,kline_monthly,https://data.binance.vision/data/futures/um/monthly/klines/BCHUSDT/15m/BCHUSDT-15m-2024-04.zip,.cache/binance-altcoin-trend-round34/kline_monthly/BCHUSDT/BCHUSDT-15m-2024-04.zip,downloaded_verified,57531fe4f78a33806c83501f7d75611184e829d659a82998992341b300ebfdcc,133136.0
BCHUSDT,2024-04,funding_monthly,https://data.binance.vision/data/futures/um/monthly/fundingRate/BCHUSDT/BCHUSDT-fundingRate-2024-04.zip,.cache/binance-altcoin-trend-round34/funding_monthly/BCHUSDT/BCHUSDT-fundingRate-2024-04.zip,downloaded_verified,01dab38e573e454cc769bcd734918b123789cbed4150bbf1449564c32a018eb0,904.0
BCHUSDT,2024-05,kline_monthly,https://data.binance.vision/data/futures/um/monthly/klines/BCHUSDT/15m/BCHUSDT-15m-2024-05.zip,.cache/binance-altcoin-trend-round34/kline_monthly/BCHUSDT/BCHUSDT-15m-2024-05.zip,downloaded_verified,e6c015d133f5d0a5689cca6148e39e9a0a590ec95f0b31ffbd93988c02248a64,132543.0
BCHUSDT,2024-05,funding_monthly,https://data.binance.vision/data/futures/um/monthly/fundingRate/BCHUSDT/BCHUSDT-fundingRate-2024-05.zip,.cache/binance-altcoin-trend-round34/funding_monthly/BCHUSDT/BCHUSDT-fundingRate-2024-05.zip,downloaded_verified,d3f5e1ad115457ef8a7adab650762e6903043f5ee8ef5e628adc4924b99295a8,941.0
BCHUSDT,2024-06,kline_monthly,https://data.binance.vision/data/futures/um/monthly/klines/BCHUSDT/15m/BCHUSDT-15m-2024-06.zip,.cache/binance-altcoin-trend-round34/kline_monthly/BCHUSDT/BCHUSDT-15m-2024-06.zip,downloaded_verified,5378411f5b0fb6666fa9a74ab73fff7da77e9c9f9eb87f625c205928fd50cf39,126583.0
BCHUSDT,2024-06,funding_monthly,https://data.binance.vision/data/futures/um/monthly/fundingRate/BCHUSDT/BCHUSDT-fundingRate-2024-06.zip,.cache/binance-altcoin-trend-round34/funding_monthly/BCHUSDT/BCHUSDT-fundingRate-2024-06.zip,downloaded_verified,9372fc329610b822774e1c00c006779254db773f3c77e1944b4ea6af455a5551,871.0
BCHUSDT,2024-07,kline_monthly,https://data.binance.vision/data/futures/um/monthly/klines/BCHUSDT/15m/BCHUSDT-15m-2024-07.zip,.cache/binance-altcoin-trend-round34/kline_monthly/BCHUSDT/BCHUSDT-15m-2024-07.zip,downloaded_verified,b04156c9d03d98190a47f9f98696f8ac9d59214cbdb4b9548164ee2c645eef66,132476.0
BCHUSDT,2024-07,funding_monthly,https://data.binance.vision/data/futures/um/monthly/fundingRate/BCHUSDT/BCHUSDT-fundingRate-2024-07.zip,.cache/binance-altcoin-trend-round34/funding_monthly/BCHUSDT/BCHUSDT-fundingRate-2024-07.zip,downloaded_verified,a41f62ca152249d374c042a343dec9b41edb0c673f309e1bc371bb73eae32384,960.0
BCHUSDT,2024-08,kline_monthly,https://data.binance.vision/data/futures/um/monthly/klines/BCHUSDT/15m/BCHUSDT-15m-2024-08.zip,.cache/binance-altcoin-trend-round34/kline_monthly/BCHUSDT/BCHUSDT-15m-2024-08.zip,downloaded_verified,b250d6f0f43cc66a04d7f80332d7a9682d9599a875792bc7a678803d6814f125,131420.0
BCHUSDT,2024-08,funding_monthly,https://data.binance.vision/data/futures/um/monthly/fundingRate/BCHUSDT/BCHUSDT-fundingRate-2024-08.zip,.cache/binance-altcoin-trend-round34/funding_monthly/BCHUSDT/BCHUSDT-fundingRate-2024-08.zip,downloaded_verified,8e80ee2b85c1fcf5ad653bdbd643f8dfc98f7d471a8de682664e7ddc39a50346,967.0
BCHUSDT,2024-09,kline_monthly,https://data.binance.vision/data/futures/um/monthly/klines/BCHUSDT/15m/BCHUSDT-15m-2024-09.zip,.cache/binance-altcoin-trend-round34/kline_monthly/BCHUSDT/BCHUSDT-15m-2024-09.zip,downloaded_verified,ca09c0fae02fbf6136c016a6929d95dae6ac427ef647d308f9106f2f80f124c2,124405.0
BCHUSDT,2024-09,funding_monthly,https://data.binance.vision/data/futures/um/monthly/fundingRate/BCHUSDT/BCHUSDT-fundingRate-2024-09.zip,.cache/binance-altcoin-trend-round34/funding_monthly/BCHUSDT/BCHUSDT-fundingRate-2024-09.zip,downloaded_verified,d8460f06b0a159975ce94f29ed3b52249a087a820ed1f99716cd7ccdd5544b3e,952.0
BCHUSDT,2024-10,kline_monthly,https://data.binance.vision/data/futures/um/monthly/klines/BCHUSDT/15m/BCHUSDT-15m-2024-10.zip,.cache/binance-altcoin-trend-round34/kline_monthly/BCHUSDT/BCHUSDT-15m-2024-10.zip,downloaded_verified,448b7a2d2dcfffe3e423ee9f2b6deb1c5fa100a5fa09462cbfbf4cfbeec7eff2,129127.0
BCHUSDT,2024-10,funding_monthly,https://data.binance.vision/data/futures/um/monthly/fundingRate/BCHUSDT/BCHUSDT-fundingRate-2024-10.zip,.cache/binance-altcoin-trend-round34/funding_monthly/BCHUSDT/BCHUSDT-fundingRate-2024-10.zip,downloaded_verified,02f1faeb203f48d7e5d090b323147854de39d6f08db55f714608d7e044f7d6ef,915.0
BCHUSDT,2024-11,kline_monthly,https://data.binance.vision/data/futures/um/monthly/klines/BCHUSDT/15m/BCHUSDT-15m-2024-11.zip,.cache/binance-altcoin-trend-round34/kline_monthly/BCHUSDT/BCHUSDT-15m-2024-11.zip,downloaded_verified,fc9bff1b30cf3f30280a8d36f5e1d06d667a08ec8acf009b0b64800030148da0,130269.0
BCHUSDT,2024-11,funding_monthly,https://data.binance.vision/data/futures/um/monthly/fundingRate/BCHUSDT/BCHUSDT-fundingRate-2024-11.zip,.cache/binance-altcoin-trend-round34/funding_monthly/BCHUSDT/BCHUSDT-fundingRate-2024-11.zip,downloaded_verified,bae19270e37c0b2c9fe434a3241601b1a918558ac4695f0307466e03b8bf4193,727.0
BCHUSDT,2024-12,kline_monthly,https://data.binance.vision/data/futures/um/monthly/klines/BCHUSDT/15m/BCHUSDT-15m-2024-12.zip,.cache/binance-altcoin-trend-round34/kline_monthly/BCHUSDT/BCHUSDT-15m-2024-12.zip,downloaded_verified,5433ed05802c9b6f8301550499e83f1786506e3ca01b0be3bdd9690ef1eef3f8,134683.0
BCHUSDT,2024-12,funding_monthly,https://data.binance.vision/data/futures/um/monthly/fundingRate/BCHUSDT/BCHUSDT-fundingRate-2024-12.zip,.cache/binance-altcoin-trend-round34/funding_monthly/BCHUSDT/BCHUSDT-fundingRate-2024-12.zip,downloaded_verified,14bedc63fc1681175c07c7384abfbbc2d6a762f18a53ca1eae1a66ba3a05ea01,803.0
BCHUSDT,2025-01,kline_monthly,https://data.binance.vision/data/futures/um/monthly/klines/BCHUSDT/15m/BCHUSDT-15m-2025-01.zip,.cache/binance-altcoin-trend-round34/kline_monthly/BCHUSDT/BCHUSDT-15m-2025-01.zip,downloaded_verified,73f87036db129301b6b17c795a3b02f0c9f40a928420b36bb8c6ba6b4e8effb1,131537.0
BCHUSDT,2025-01,funding_monthly,https://data.binance.vision/data/futures/um/monthly/fundingRate/BCHUSDT/BCHUSDT-fundingRate-2025-01.zip,.cache/binance-altcoin-trend-round34/funding_monthly/BCHUSDT/BCHUSDT-fundingRate-2025-01.zip,downloaded_verified,1ae200badebfa97d82362744c32c7f1bdca722fa05f40b18972f3d70b4565257,747.0
BCHUSDT,2025-02,kline_monthly,https://data.binance.vision/data/futures/um/monthly/klines/BCHUSDT/15m/BCHUSDT-15m-2025-02.zip,.cache/binance-altcoin-trend-round34/kline_monthly/BCHUSDT/BCHUSDT-15m-2025-02.zip,downloaded_verified,e9f2f3bacc5babfe2688da4ea182a8b4769d8517e82c80e4ebd31c15d313d077,117910.0
BCHUSDT,2025-02,funding_monthly,https://data.binance.vision/data/futures/um/monthly/fundingRate/BCHUSDT/BCHUSDT-fundingRate-2025-02.zip,.cache/binance-altcoin-trend-round34/funding_monthly/BCHUSDT/BCHUSDT-fundingRate-2025-02.zip,downloaded_verified,b29150f3e0fdb376cf571e225d8e58697f5bffbc72f043928e0584087a3bed26,860.0
BCHUSDT,2025-03,kline_monthly,https://data.binance.vision/data/futures/um/monthly/klines/BCHUSDT/15m/BCHUSDT-15m-2025-03.zip,.cache/binance-altcoin-trend-round34/kline_monthly/BCHUSDT/BCHUSDT-15m-2025-03.zip,downloaded_verified,b30efd22dc07973d5a9cae756bdcff0ecf1e4853900356ac1962b7b883acacc4,131796.0
BCHUSDT,2025-03,funding_monthly,https://data.binance.vision/data/futures/um/monthly/fundingRate/BCHUSDT/BCHUSDT-fundingRate-2025-03.zip,.cache/binance-altcoin-trend-round34/funding_monthly/BCHUSDT/BCHUSDT-fundingRate-2025-03.zip,downloaded_verified,1b6e383ac4483b4f08a9afbb5d4071cca62409de2a03147eb71d6fffd7aa5f17,891.0
BCHUSDT,2025-04,kline_monthly,https://data.binance.vision/data/futures/um/monthly/klines/BCHUSDT/15m/BCHUSDT-15m-2025-04.zip,.cache/binance-altcoin-trend-round34/kline_monthly/BCHUSDT/BCHUSDT-15m-2025-04.zip,downloaded_verified,3c84b2518c666148fab6f79eef77e8d2d49acd1e61d7034a7d84d8c4b8dc1bc0,127224.0
BCHUSDT,2025-04,funding_monthly,https://data.binance.vision/data/futures/um/monthly/fundingRate/BCHUSDT/BCHUSDT-fundingRate-2025-04.zip,.cache/binance-altcoin-trend-round34/funding_monthly/BCHUSDT/BCHUSDT-fundingRate-2025-04.zip,downloaded_verified,b1ebf99d1bdbc174267a3171f7ac804d6e90edb3fd3e761501aaa90bbbd0760f,925.0
BCHUSDT,2025-05,kline_monthly,https://data.binance.vision/data/futures/um/monthly/klines/BCHUSDT/15m/BCHUSDT-15m-2025-05.zip,.cache/binance-altcoin-trend-round34/kline_monthly/BCHUSDT/BCHUSDT-15m-2025-05.zip,downloaded_verified,36435fa539670ae1cde6b44b8db0fbd161bf3fe5ee06b36013602d138e876356,131379.0
BCHUSDT,2025-05,funding_monthly,https://data.binance.vision/data/futures/um/monthly/fundingRate/BCHUSDT/BCHUSDT-fundingRate-2025-05.zip,.cache/binance-altcoin-trend-round34/funding_monthly/BCHUSDT/BCHUSDT-fundingRate-2025-05.zip,downloaded_verified,f35507b1515132a5a945697bde5890e9afbf9968c1ec7c6c0ddfa6d00a2e41d6,989.0
BCHUSDT,2025-06,kline_monthly,https://data.binance.vision/data/futures/um/monthly/klines/BCHUSDT/15m/BCHUSDT-15m-2025-06.zip,.cache/binance-altcoin-trend-round34/kline_monthly/BCHUSDT/BCHUSDT-15m-2025-06.zip,downloaded_verified,c9ad8cfad4bbb87bc540e6218e50de95498d7fd7e4e33de6256727833ea753f4,128809.0
BCHUSDT,2025-06,funding_monthly,https://data.binance.vision/data/futures/um/monthly/fundingRate/BCHUSDT/BCHUSDT-fundingRate-2025-06.zip,.cache/binance-altcoin-trend-round34/funding_monthly/BCHUSDT/BCHUSDT-fundingRate-2025-06.zip,downloaded_verified,40ca1ed6f44666cd788296c5b4adde8746bc9e5d34609607e09879ff53f8d91d,936.0
BCHUSDT,2025-07,kline_monthly,https://data.binance.vision/data/futures/um/monthly/klines/BCHUSDT/15m/BCHUSDT-15m-2025-07.zip,.cache/binance-altcoin-trend-round34/kline_monthly/BCHUSDT/BCHUSDT-15m-2025-07.zip,downloaded_verified,05973a019078504d87be9cc758bc13e2fd5446d1aa55edbad41ca858e107a918,133342.0
BCHUSDT,2025-07,funding_monthly,https://data.binance.vision/data/futures/um/monthly/fundingRate/BCHUSDT/BCHUSDT-fundingRate-2025-07.zip,.cache/binance-altcoin-trend-round34/funding_monthly/BCHUSDT/BCHUSDT-fundingRate-2025-07.zip,downloaded_verified,e740fa1cdb0f2b41a9ac3987d1f9fb027887c959939b08ca402e396d8bb3909d,905.0
BCHUSDT,2025-08,kline_monthly,https://data.binance.vision/data/futures/um/monthly/klines/BCHUSDT/15m/BCHUSDT-15m-2025-08.zip,.cache/binance-altcoin-trend-round34/kline_monthly/BCHUSDT/BCHUSDT-15m-2025-08.zip,downloaded_verified,a2b95bf057eea026fea0403859bf4db71c5ba52fd3891f666674ee6fcf2ec99b,131955.0
BCHUSDT,2025-08,funding_monthly,https://data.binance.vision/data/futures/um/monthly/fundingRate/BCHUSDT/BCHUSDT-fundingRate-2025-08.zip,.cache/binance-altcoin-trend-round34/funding_monthly/BCHUSDT/BCHUSDT-fundingRate-2025-08.zip,downloaded_verified,96548a1d2a79a14b7c8d4992cf247a363181a981c043078aed58f3f1277f1b8f,818.0
BCHUSDT,2025-09,kline_monthly,https://data.binance.vision/data/futures/um/monthly/klines/BCHUSDT/15m/BCHUSDT-15m-2025-09.zip,.cache/binance-altcoin-trend-round34/kline_monthly/BCHUSDT/BCHUSDT-15m-2025-09.zip,downloaded_verified,336d3fccdcb957badf5f037650d2f07a59d1d24c09eb4d72022d64c710b97970,126578.0
BCHUSDT,2025-09,funding_monthly,https://data.binance.vision/data/futures/um/monthly/fundingRate/BCHUSDT/BCHUSDT-fundingRate-2025-09.zip,.cache/binance-altcoin-trend-round34/funding_monthly/BCHUSDT/BCHUSDT-fundingRate-2025-09.zip,downloaded_verified,3e897d2c6ea26b07a95493144b2ffd9ecdc8d6b9a4c97f66269ca044c39751b7,860.0
BCHUSDT,2025-10,kline_monthly,https://data.binance.vision/data/futures/um/monthly/klines/BCHUSDT/15m/BCHUSDT-15m-2025-10.zip,.cache/binance-altcoin-trend-round34/kline_monthly/BCHUSDT/BCHUSDT-15m-2025-10.zip,downloaded_verified,7181fc8c91ea2115343b4335633ef3b8cc2eab27375be92c03cb3fcacfa8335b,131990.0
BCHUSDT,2025-10,funding_monthly,https://data.binance.vision/data/futures/um/monthly/fundingRate/BCHUSDT/BCHUSDT-fundingRate-2025-10.zip,.cache/binance-altcoin-trend-round34/funding_monthly/BCHUSDT/BCHUSDT-fundingRate-2025-10.zip,downloaded_verified,6c2d85a99d57951a971dcb59c6dd9e0a18c682abca2e68d7e7dbaefe24d06ecd,954.0
BCHUSDT,2025-11,kline_monthly,https://data.binance.vision/data/futures/um/monthly/klines/BCHUSDT/15m/BCHUSDT-15m-2025-11.zip,.cache/binance-altcoin-trend-round34/kline_monthly/BCHUSDT/BCHUSDT-15m-2025-11.zip,downloaded_verified,7eb27d915054e788a4824fd283c64ef3fa713e89da45ac1cf641d7374575f4d2,128856.0
BCHUSDT,2025-11,funding_monthly,https://data.binance.vision/data/futures/um/monthly/fundingRate/BCHUSDT/BCHUSDT-fundingRate-2025-11.zip,.cache/binance-altcoin-trend-round34/funding_monthly/BCHUSDT/BCHUSDT-fundingRate-2025-11.zip,downloaded_verified,49d9318a14581930bb07ec778b7db151f5bb9b4d11ec3c718158d035eac49494,974.0
BCHUSDT,2025-12,kline_monthly,https://data.binance.vision/data/futures/um/monthly/klines/BCHUSDT/15m/BCHUSDT-15m-2025-12.zip,.cache/binance-altcoin-trend-round34/kline_monthly/BCHUSDT/BCHUSDT-15m-2025-12.zip,downloaded_verified,cad5a6097e94bfcfa867644b952b554294078156d95df79775f1e8adfa235166,133135.0
BCHUSDT,2025-12,funding_monthly,https://data.binance.vision/data/futures/um/monthly/fundingRate/BCHUSDT/BCHUSDT-fundingRate-2025-12.zip,.cache/binance-altcoin-trend-round34/funding_monthly/BCHUSDT/BCHUSDT-fundingRate-2025-12.zip,downloaded_verified,e2ea986e4b19c2c7c33f7b80fa60b603493b1acdcac3024c5f1813ec1b216762,1011.0
BCHUSDT,2026-01,kline_monthly,https://data.binance.vision/data/futures/um/monthly/klines/BCHUSDT/15m/BCHUSDT-15m-2026-01.zip,.cache/binance-altcoin-trend-round34/kline_monthly/BCHUSDT/BCHUSDT-15m-2026-01.zip,downloaded_verified,eaff8cdea40f1489a9e78207f84f93afdf45514967d9cfc59f09fb18e30d7e6d,131983.0
BCHUSDT,2026-01,funding_monthly,https://data.binance.vision/data/futures/um/monthly/fundingRate/BCHUSDT/BCHUSDT-fundingRate-2026-01.zip,.cache/binance-altcoin-trend-round34/funding_monthly/BCHUSDT/BCHUSDT-fundingRate-2026-01.zip,downloaded_verified,4caf80570a6731de2658832400d88cbc95a37f95f069cf785167ced0665d5b3b,1017.0
BCHUSDT,2026-02,kline_monthly,https://data.binance.vision/data/futures/um/monthly/klines/BCHUSDT/15m/BCHUSDT-15m-2026-02.zip,.cache/binance-altcoin-trend-round34/kline_monthly/BCHUSDT/BCHUSDT-15m-2026-02.zip,downloaded_verified,2c0b0ea5459a45a5a7935e2a72e2df10941725248c01dcaa22f839fd0820ee2e,120486.0
BCHUSDT,2026-02,funding_monthly,https://data.binance.vision/data/futures/um/monthly/fundingRate/BCHUSDT/BCHUSDT-fundingRate-2026-02.zip,.cache/binance-altcoin-trend-round34/funding_monthly/BCHUSDT/BCHUSDT-fundingRate-2026-02.zip,downloaded_verified,52b2d25667daf76137549e9ff869819529920e8bccc7f30695a38caaedcb0743,927.0
BCHUSDT,2026-03,kline_monthly,https://data.binance.vision/data/futures/um/monthly/klines/BCHUSDT/15m/BCHUSDT-15m-2026-03.zip,.cache/binance-altcoin-trend-round34/kline_monthly/BCHUSDT/BCHUSDT-15m-2026-03.zip,downloaded_verified,e0efd8906dcaa74f034c1f8e87ed87b34486669d876010e96c56fc71899fd7ba,129867.0
BCHUSDT,2026-03,funding_monthly,https://data.binance.vision/data/futures/um/monthly/fundingRate/BCHUSDT/BCHUSDT-fundingRate-2026-03.zip,.cache/binance-altcoin-trend-round34/funding_monthly/BCHUSDT/BCHUSDT-fundingRate-2026-03.zip,downloaded_verified,4e46c779871ad9d9c2fc426045c711ab3b193d75d62be1434ff1dae58881d9d1,999.0
BCHUSDT,2026-04,kline_monthly,https://data.binance.vision/data/futures/um/monthly/klines/BCHUSDT/15m/BCHUSDT-15m-2026-04.zip,.cache/binance-altcoin-trend-round34/kline_monthly/BCHUSDT/BCHUSDT-15m-2026-04.zip,downloaded_verified,0bd3be6baca33fcee57ac96f005e3247e2471e29ed8e6df85f3293e702b91b70,122482.0
BCHUSDT,2026-04,funding_monthly,https://data.binance.vision/data/futures/um/monthly/fundingRate/BCHUSDT/BCHUSDT-fundingRate-2026-04.zip,.cache/binance-altcoin-trend-round34/funding_monthly/BCHUSDT/BCHUSDT-fundingRate-2026-04.zip,downloaded_verified,f164a6e3793148ba4f757d4686bae9a88b01922db871eecfb9c714914e9d0889,960.0
BCHUSDT,2026-05,kline_monthly,https://data.binance.vision/data/futures/um/monthly/klines/BCHUSDT/15m/BCHUSDT-15m-2026-05.zip,.cache/binance-altcoin-trend-round34/kline_monthly/BCHUSDT/BCHUSDT-15m-2026-05.zip,downloaded_verified,78e05a2594d99e3473c9bbce5500f62d37ce60d38ac3738e9b9022863b07d544,127922.0
BCHUSDT,2026-05,funding_monthly,https://data.binance.vision/data/futures/um/monthly/fundingRate/BCHUSDT/BCHUSDT-fundingRate-2026-05.zip,.cache/binance-altcoin-trend-round34/funding_monthly/BCHUSDT/BCHUSDT-fundingRate-2026-05.zip,downloaded_verified,1b28b065205295c9e99db427295c55dd1f36859380c99fffeea2f9bc264ffe14,1003.0
BCHUSDT,2026-06,kline_monthly,https://data.binance.vision/data/futures/um/monthly/klines/BCHUSDT/15m/BCHUSDT-15m-2026-06.zip,.cache/binance-altcoin-trend-round34/kline_monthly/BCHUSDT/BCHUSDT-15m-2026-06.zip,downloaded_verified,21bb1e0bce4cd33f8ecbfa3d429d53a4f75dad6221fdd7b1b3d9e4cda750c4d6,126099.0
BCHUSDT,2026-06,funding_monthly,https://data.binance.vision/data/futures/um/monthly/fundingRate/BCHUSDT/BCHUSDT-fundingRate-2026-06.zip,.cache/binance-altcoin-trend-round34/funding_monthly/BCHUSDT/BCHUSDT-fundingRate-2026-06.zip,downloaded_verified,757649d4bc022a89c4d67d7c2004981132126a2e62973cf01744bf55e6423190,984.0
BCHUSDT,2026-07-01,kline_daily,https://data.binance.vision/data/futures/um/daily/klines/BCHUSDT/15m/BCHUSDT-15m-2026-07-01.zip,.cache/binance-altcoin-trend-round34/kline_daily/BCHUSDT/BCHUSDT-15m-2026-07-01.zip,downloaded_verified,2afa27ecec70f158201a65efb0a566f77b63b6d08a16a6b8abf2698e072d8010,4681.0
BCHUSDT,2026-07-02,kline_daily,https://data.binance.vision/data/futures/um/daily/klines/BCHUSDT/15m/BCHUSDT-15m-2026-07-02.zip,.cache/binance-altcoin-trend-round34/kline_daily/BCHUSDT/BCHUSDT-15m-2026-07-02.zip,downloaded_verified,1e9604e8e6c91cca04a5f241512d4906dce1146f00fb18b0407e68d831e98a1b,4623.0
BCHUSDT,2026-07-03,kline_daily,https://data.binance.vision/data/futures/um/daily/klines/BCHUSDT/15m/BCHUSDT-15m-2026-07-03.zip,.cache/binance-altcoin-trend-round34/kline_daily/BCHUSDT/BCHUSDT-15m-2026-07-03.zip,downloaded_verified,2d90f2a7067b8a0fc8016dc5505c5a56b4055c58d0f5bb35cdc3d91a56684916,4611.0
BCHUSDT,2026-07-04,kline_daily,https://data.binance.vision/data/futures/um/daily/klines/BCHUSDT/15m/BCHUSDT-15m-2026-07-04.zip,.cache/binance-altcoin-trend-round34/kline_daily/BCHUSDT/BCHUSDT-15m-2026-07-04.zip,downloaded_verified,71a0183c5bfd03badb0244330eed990aa7dac1220e75f466d93618f0ac87290f,4536.0
BCHUSDT,2026-07-05,kline_daily,https://data.binance.vision/data/futures/um/daily/klines/BCHUSDT/15m/BCHUSDT-15m-2026-07-05.zip,.cache/binance-altcoin-trend-round34/kline_daily/BCHUSDT/BCHUSDT-15m-2026-07-05.zip,downloaded_verified,fe590f9674cd1c6f5974d332339d0577f955cfb75b7b9529a135a197dc9b0c6d,4735.0
BCHUSDT,2026-07-06,kline_daily,https://data.binance.vision/data/futures/um/daily/klines/BCHUSDT/15m/BCHUSDT-15m-2026-07-06.zip,.cache/binance-altcoin-trend-round34/kline_daily/BCHUSDT/BCHUSDT-15m-2026-07-06.zip,downloaded_verified,2c75906f3f7a3989d9fddc38defede24c913e35dd165e7fbb6512f5806f926b0,4707.0
BCHUSDT,2026-07-07,kline_daily,https://data.binance.vision/data/futures/um/daily/klines/BCHUSDT/15m/BCHUSDT-15m-2026-07-07.zip,.cache/binance-altcoin-trend-round34/kline_daily/BCHUSDT/BCHUSDT-15m-2026-07-07.zip,downloaded_verified,7f4afbe5e3c69a304624930889431c7b2f43aa94a993d019ec5b51399ac2a87f,4549.0
BCHUSDT,2026-07-08,kline_daily,https://data.binance.vision/data/futures/um/daily/klines/BCHUSDT/15m/BCHUSDT-15m-2026-07-08.zip,.cache/binance-altcoin-trend-round34/kline_daily/BCHUSDT/BCHUSDT-15m-2026-07-08.zip,downloaded_verified,bf81515ed773a9287b2baa8493845671c9475d04a29781783a41898aa73d7ec0,4583.0
BCHUSDT,2026-07-09,kline_daily,https://data.binance.vision/data/futures/um/daily/klines/BCHUSDT/15m/BCHUSDT-15m-2026-07-09.zip,.cache/binance-altcoin-trend-round34/kline_daily/BCHUSDT/BCHUSDT-15m-2026-07-09.zip,downloaded_verified,9e1dc06a25230d781f6ace11a08e41dae639a5bc3511caf5d06802782d74580d,4513.0
BCHUSDT,2026-07-10,kline_daily,https://data.binance.vision/data/futures/um/daily/klines/BCHUSDT/15m/BCHUSDT-15m-2026-07-10.zip,.cache/binance-altcoin-trend-round34/kline_daily/BCHUSDT/BCHUSDT-15m-2026-07-10.zip,downloaded_verified,a66f92dbfa2e3c57c81416345bc4b406dd24b836da632134f6ce3d70b2f5eac9,4592.0
BCHUSDT,2026-07-11,kline_daily,https://data.binance.vision/data/futures/um/daily/klines/BCHUSDT/15m/BCHUSDT-15m-2026-07-11.zip,.cache/binance-altcoin-trend-round34/kline_daily/BCHUSDT/BCHUSDT-15m-2026-07-11.zip,downloaded_verified,3e47a754818b14d762f7e2bb069fd989d1022959477a8e3f844a2e3a2a6af8fa,4485.0
BCHUSDT,2026-07-12,kline_daily,https://data.binance.vision/data/futures/um/daily/klines/BCHUSDT/15m/BCHUSDT-15m-2026-07-12.zip,.cache/binance-altcoin-trend-round34/kline_daily/BCHUSDT/BCHUSDT-15m-2026-07-12.zip,downloaded_verified,f49491233aebbb4db3830417080b45de37923deb1fcd34914677678012f1f563,4478.0
BCHUSDT,2026-07-13,kline_daily,https://data.binance.vision/data/futures/um/daily/klines/BCHUSDT/15m/BCHUSDT-15m-2026-07-13.zip,.cache/binance-altcoin-trend-round34/kline_daily/BCHUSDT/BCHUSDT-15m-2026-07-13.zip,downloaded_verified,5bf011e19e47002f0737ad4dec72de19f83a606d9053600df115cab48439673d,4548.0
BCHUSDT,2026-07-14,kline_daily,https://data.binance.vision/data/futures/um/daily/klines/BCHUSDT/15m/BCHUSDT-15m-2026-07-14.zip,.cache/binance-altcoin-trend-round34/kline_daily/BCHUSDT/BCHUSDT-15m-2026-07-14.zip,downloaded_verified,1abdb1ea2c27ea9146ad06e5f57b04c2149815191af24c60c03aee41486dc49a,4521.0
BCHUSDT,2026-07-15,kline_daily,https://data.binance.vision/data/futures/um/daily/klines/BCHUSDT/15m/BCHUSDT-15m-2026-07-15.zip,.cache/binance-altcoin-trend-round34/kline_daily/BCHUSDT/BCHUSDT-15m-2026-07-15.zip,downloaded_verified,79b8c251b53d6156ae9c9effd1a226d9b6598d9472def110e9f6dbcdd28673dc,4596.0
BCHUSDT,2026-07-16,kline_daily,https://data.binance.vision/data/futures/um/daily/klines/BCHUSDT/15m/BCHUSDT-15m-2026-07-16.zip,.cache/binance-altcoin-trend-round34/kline_daily/BCHUSDT/BCHUSDT-15m-2026-07-16.zip,downloaded_verified,e4dec4c7d9c662968a48b575834ee3ac518281a3c061c6a2d4b7d04e6b7ea274,4515.0
BCHUSDT,2026-07-17,kline_daily,https://data.binance.vision/data/futures/um/daily/klines/BCHUSDT/15m/BCHUSDT-15m-2026-07-17.zip,.cache/binance-altcoin-trend-round34/kline_daily/BCHUSDT/BCHUSDT-15m-2026-07-17.zip,downloaded_verified,0006066af6a45bfe26552cf1988d2cf698a11bf24c8396760e7890070316acb7,4527.0
BCHUSDT,2026-07-18,kline_daily,https://data.binance.vision/data/futures/um/daily/klines/BCHUSDT/15m/BCHUSDT-15m-2026-07-18.zip,.cache/binance-altcoin-trend-round34/kline_daily/BCHUSDT/BCHUSDT-15m-2026-07-18.zip,downloaded_verified,030ba8767c0aa8883df209182f8dc8851ee691bedf91b87a228dbb7a7c3c9495,4404.0
BCHUSDT,2026-07-19,kline_daily,https://data.binance.vision/data/futures/um/daily/klines/BCHUSDT/15m/BCHUSDT-15m-2026-07-19.zip,.cache/binance-altcoin-trend-round34/kline_daily/BCHUSDT/BCHUSDT-15m-2026-07-19.zip,downloaded_verified,3ba6835251ee91fd3acb3551ec136ccd4e45aff60e8d0e3517a0ca5a73ee6cdb,4613.0
BCHUSDT,2026-07-20,kline_daily,https://data.binance.vision/data/futures/um/daily/klines/BCHUSDT/15m/BCHUSDT-15m-2026-07-20.zip,.cache/binance-altcoin-trend-round34/kline_daily/BCHUSDT/BCHUSDT-15m-2026-07-20.zip,downloaded_verified,5c3421fe4825a1282e855e750cd2bc55856d9be66ae6bb1ecc8a2a744e22ee12,4560.0
BCHUSDT,2026-07-21,kline_daily,https://data.binance.vision/data/futures/um/daily/klines/BCHUSDT/15m/BCHUSDT-15m-2026-07-21.zip,.cache/binance-altcoin-trend-round34/kline_daily/BCHUSDT/BCHUSDT-15m-2026-07-21.zip,downloaded_verified,908df7ff5987615a423cd4fbc74b62486c36c36dba5bfa91fa0b34574aa247cd,4456.0
BCHUSDT,2026-07-22,kline_daily,https://data.binance.vision/data/futures/um/daily/klines/BCHUSDT/15m/BCHUSDT-15m-2026-07-22.zip,.cache/binance-altcoin-trend-round34/kline_daily/BCHUSDT/BCHUSDT-15m-2026-07-22.zip,downloaded_verified,08afc3c942657c569177da5082687477ef598231db0e7719b091f0eb85e6a071,4475.0
BCHUSDT,2026-07-23,kline_daily,https://data.binance.vision/data/futures/um/daily/klines/BCHUSDT/15m/BCHUSDT-15m-2026-07-23.zip,.cache/binance-altcoin-trend-round34/kline_daily/BCHUSDT/BCHUSDT-15m-2026-07-23.zip,downloaded_verified,2fad3f569e64227ea6c6e5efd538bbb9168c621ecdabee2cbc7cde3d77816c3b,4480.0
BCHUSDT,2026-07-24,kline_daily,https://data.binance.vision/data/futures/um/daily/klines/BCHUSDT/15m/BCHUSDT-15m-2026-07-24.zip,.cache/binance-altcoin-trend-round34/kline_daily/BCHUSDT/BCHUSDT-15m-2026-07-24.zip,downloaded_verified,e51bd1587e0fa078085fbc9c396715469c0aba9db692820cb21897359c665b20,4380.0
BCHUSDT,2026-07-25,kline_daily,https://data.binance.vision/data/futures/um/daily/klines/BCHUSDT/15m/BCHUSDT-15m-2026-07-25.zip,.cache/binance-altcoin-trend-round34/kline_daily/BCHUSDT/BCHUSDT-15m-2026-07-25.zip,downloaded_verified,e10759b22719d4507ef95e67e19092a89ee14393c5d23b68a1f917754718c175,4298.0
BCHUSDT,2026-07-26,kline_daily,https://data.binance.vision/data/futures/um/daily/klines/BCHUSDT/15m/BCHUSDT-15m-2026-07-26.zip,.cache/binance-altcoin-trend-round34/kline_daily/BCHUSDT/BCHUSDT-15m-2026-07-26.zip,downloaded_verified,221f6a8fc008d013391b5bfb415a7ca65da2311efa0168053a829fc37e060fa0,4428.0
AAVEUSDT,2023-11,kline_monthly,https://data.binance.vision/data/futures/um/monthly/klines/AAVEUSDT/15m/AAVEUSDT-15m-2023-11.zip,.cache/binance-altcoin-trend-round34/kline_monthly/AAVEUSDT/AAVEUSDT-15m-2023-11.zip,downloaded_verified,c8f793315c63a9cc84d7f875ed7b5b2938dea4a1a46ad8d95a037df49bcab5b9,111129.0
AAVEUSDT,2023-11,funding_monthly,https://data.binance.vision/data/futures/um/monthly/fundingRate/AAVEUSDT/AAVEUSDT-fundingRate-2023-11.zip,.cache/binance-altcoin-trend-round34/funding_monthly/AAVEUSDT/AAVEUSDT-fundingRate-2023-11.zip,downloaded_verified,917bc689300eb745d50ab35bc364c7aefa90bc6b36a00a2b262517a5fda8e5fc,678.0
AAVEUSDT,2023-12,kline_monthly,https://data.binance.vision/data/futures/um/monthly/klines/AAVEUSDT/15m/AAVEUSDT-15m-2023-12.zip,.cache/binance-altcoin-trend-round34/kline_monthly/AAVEUSDT/AAVEUSDT-15m-2023-12.zip,downloaded_verified,c7ebe831ce05333e91a076fe077c15f20834546c5e78153b3c35af23f0df0fce,116132.0
AAVEUSDT,2023-12,funding_monthly,https://data.binance.vision/data/futures/um/monthly/fundingRate/AAVEUSDT/AAVEUSDT-fundingRate-2023-12.zip,.cache/binance-altcoin-trend-round34/funding_monthly/AAVEUSDT/AAVEUSDT-fundingRate-2023-12.zip,downloaded_verified,198c8e139cd68af25a2ab1b4ae2132d1fb1a401a9be886644e0f1487d6d92db5,734.0
AAVEUSDT,2024-01,kline_monthly,https://data.binance.vision/data/futures/um/monthly/klines/AAVEUSDT/15m/AAVEUSDT-15m-2024-01.zip,.cache/binance-altcoin-trend-round34/kline_monthly/AAVEUSDT/AAVEUSDT-15m-2024-01.zip,downloaded_verified,2bd8e2ab23dc7d4327ea9337c1af795b38d523639760d8e8f323f483b97d2827,113859.0
AAVEUSDT,2024-01,funding_monthly,https://data.binance.vision/data/futures/um/monthly/fundingRate/AAVEUSDT/AAVEUSDT-fundingRate-2024-01.zip,.cache/binance-altcoin-trend-round34/funding_monthly/AAVEUSDT/AAVEUSDT-fundingRate-2024-01.zip,downloaded_verified,b20a6dc4d00fdc42b486da6b8be052713c09af230cdbc85bd4a5d42014ce8e70,816.0
AAVEUSDT,2024-02,kline_monthly,https://data.binance.vision/data/futures/um/monthly/klines/AAVEUSDT/15m/AAVEUSDT-15m-2024-02.zip,.cache/binance-altcoin-trend-round34/kline_monthly/AAVEUSDT/AAVEUSDT-15m-2024-02.zip,downloaded_verified,4e9b94af537eaab6ed7d2f7878c1cd7ea2166430943f8197fc433556ad673f0d,106470.0
AAVEUSDT,2024-02,funding_monthly,https://data.binance.vision/data/futures/um/monthly/fundingRate/AAVEUSDT/AAVEUSDT-fundingRate-2024-02.zip,.cache/binance-altcoin-trend-round34/funding_monthly/AAVEUSDT/AAVEUSDT-fundingRate-2024-02.zip,downloaded_verified,39d9601d8cc0d881a89b44131931a178968bfeacabdcdcc88f2babbb3909dea7,784.0
AAVEUSDT,2024-03,kline_monthly,https://data.binance.vision/data/futures/um/monthly/klines/AAVEUSDT/15m/AAVEUSDT-15m-2024-03.zip,.cache/binance-altcoin-trend-round34/kline_monthly/AAVEUSDT/AAVEUSDT-15m-2024-03.zip,downloaded_verified,70028ee6f44e8087461ab9cc26aee9d5da4a364071667be1c787656abe5757bf,117292.0
AAVEUSDT,2024-03,funding_monthly,https://data.binance.vision/data/futures/um/monthly/fundingRate/AAVEUSDT/AAVEUSDT-fundingRate-2024-03.zip,.cache/binance-altcoin-trend-round34/funding_monthly/AAVEUSDT/AAVEUSDT-fundingRate-2024-03.zip,downloaded_verified,0b089dfee46a8265dce2a4f94619fcc31cc301d6461fcb693ab82bb0e2d1b466,878.0
AAVEUSDT,2024-04,kline_monthly,https://data.binance.vision/data/futures/um/monthly/klines/AAVEUSDT/15m/AAVEUSDT-15m-2024-04.zip,.cache/binance-altcoin-trend-round34/kline_monthly/AAVEUSDT/AAVEUSDT-15m-2024-04.zip,downloaded_verified,c6241d759a57bc2af35cd58e54e4b0bc74446e5ad2f4f5888a5ee4ea4754f82e,111073.0
AAVEUSDT,2024-04,funding_monthly,https://data.binance.vision/data/futures/um/monthly/fundingRate/AAVEUSDT/AAVEUSDT-fundingRate-2024-04.zip,.cache/binance-altcoin-trend-round34/funding_monthly/AAVEUSDT/AAVEUSDT-fundingRate-2024-04.zip,downloaded_verified,8a56d6810465a0d34fce679b4ede6cdfcbc474aeb7e8c503f3d35c937209a210,821.0
AAVEUSDT,2024-05,kline_monthly,https://data.binance.vision/data/futures/um/monthly/klines/AAVEUSDT/15m/AAVEUSDT-15m-2024-05.zip,.cache/binance-altcoin-trend-round34/kline_monthly/AAVEUSDT/AAVEUSDT-15m-2024-05.zip,downloaded_verified,38a46e9a2067a0486cdd9753fedbdaa1a4cd5e7bfd8e52bc61b875343054c437,111827.0
AAVEUSDT,2024-05,funding_monthly,https://data.binance.vision/data/futures/um/monthly/fundingRate/AAVEUSDT/AAVEUSDT-fundingRate-2024-05.zip,.cache/binance-altcoin-trend-round34/funding_monthly/AAVEUSDT/AAVEUSDT-fundingRate-2024-05.zip,downloaded_verified,3fc160502b59747a9c7d875d0cd5e2bb1f8e97f6fe75b43fe49b49d33b0a5f81,765.0
AAVEUSDT,2024-06,kline_monthly,https://data.binance.vision/data/futures/um/monthly/klines/AAVEUSDT/15m/AAVEUSDT-15m-2024-06.zip,.cache/binance-altcoin-trend-round34/kline_monthly/AAVEUSDT/AAVEUSDT-15m-2024-06.zip,downloaded_verified,169239f124d58009d49515a2c2b370d2f86a3aacab8240e3c5ccf57df432ddb5,108429.0
AAVEUSDT,2024-06,funding_monthly,https://data.binance.vision/data/futures/um/monthly/fundingRate/AAVEUSDT/AAVEUSDT-fundingRate-2024-06.zip,.cache/binance-altcoin-trend-round34/funding_monthly/AAVEUSDT/AAVEUSDT-fundingRate-2024-06.zip,downloaded_verified,7a65e1e37a8a2aca870cc65178fb226d65174cd278ca57478d7ad0512e0ca486,685.0
AAVEUSDT,2024-07,kline_monthly,https://data.binance.vision/data/futures/um/monthly/klines/AAVEUSDT/15m/AAVEUSDT-15m-2024-07.zip,.cache/binance-altcoin-trend-round34/kline_monthly/AAVEUSDT/AAVEUSDT-15m-2024-07.zip,downloaded_verified,d8182783f11dc5012d4c5433d093d974f7824c2843efd3474bb25c68e24567ee,114489.0
AAVEUSDT,2024-07,funding_monthly,https://data.binance.vision/data/futures/um/monthly/fundingRate/AAVEUSDT/AAVEUSDT-fundingRate-2024-07.zip,.cache/binance-altcoin-trend-round34/funding_monthly/AAVEUSDT/AAVEUSDT-fundingRate-2024-07.zip,downloaded_verified,1e36380d3308cb4582f18e912f7e7c829db7b73b56acf95a80c065920a1e35f7,838.0
AAVEUSDT,2024-08,kline_monthly,https://data.binance.vision/data/futures/um/monthly/klines/AAVEUSDT/15m/AAVEUSDT-15m-2024-08.zip,.cache/binance-altcoin-trend-round34/kline_monthly/AAVEUSDT/AAVEUSDT-15m-2024-08.zip,downloaded_verified,6bbad18fddfb44ced450265dd192616d60ae678e55fc32a293495b9aa6739f2c,120214.0
AAVEUSDT,2024-08,funding_monthly,https://data.binance.vision/data/futures/um/monthly/fundingRate/AAVEUSDT/AAVEUSDT-fundingRate-2024-08.zip,.cache/binance-altcoin-trend-round34/funding_monthly/AAVEUSDT/AAVEUSDT-fundingRate-2024-08.zip,downloaded_verified,24646f80c67ed2d53974d8685a9ba82ee5813500bf149501f4b3c5832ce663c1,927.0
AAVEUSDT,2024-09,kline_monthly,https://data.binance.vision/data/futures/um/monthly/klines/AAVEUSDT/15m/AAVEUSDT-15m-2024-09.zip,.cache/binance-altcoin-trend-round34/kline_monthly/AAVEUSDT/AAVEUSDT-15m-2024-09.zip,downloaded_verified,5a1f3cf8362a8822e30fc85cd20d4f3c0b3a59624551f9330cc73c3dca5b339f,116375.0
AAVEUSDT,2024-09,funding_monthly,https://data.binance.vision/data/futures/um/monthly/fundingRate/AAVEUSDT/AAVEUSDT-fundingRate-2024-09.zip,.cache/binance-altcoin-trend-round34/funding_monthly/AAVEUSDT/AAVEUSDT-fundingRate-2024-09.zip,downloaded_verified,7e044e098737f8732de6e617cff9089b6b81f535563bede812ad8faf422d6741,897.0
AAVEUSDT,2024-10,kline_monthly,https://data.binance.vision/data/futures/um/monthly/klines/AAVEUSDT/15m/AAVEUSDT-15m-2024-10.zip,.cache/binance-altcoin-trend-round34/kline_monthly/AAVEUSDT/AAVEUSDT-15m-2024-10.zip,downloaded_verified,ee385b6935654da19dc359b506c1b45090ecd1fa66e0b4e944e4d0d92bc74595,116947.0
AAVEUSDT,2024-10,funding_monthly,https://data.binance.vision/data/futures/um/monthly/fundingRate/AAVEUSDT/AAVEUSDT-fundingRate-2024-10.zip,.cache/binance-altcoin-trend-round34/funding_monthly/AAVEUSDT/AAVEUSDT-fundingRate-2024-10.zip,downloaded_verified,789b53b665ff8a49e034ef10d5ac70294121910b720667013977dec91e79de2f,839.0
AAVEUSDT,2024-11,kline_monthly,https://data.binance.vision/data/futures/um/monthly/klines/AAVEUSDT/15m/AAVEUSDT-15m-2024-11.zip,.cache/binance-altcoin-trend-round34/kline_monthly/AAVEUSDT/AAVEUSDT-15m-2024-11.zip,downloaded_verified,27bcda39e563f396e954bfd5f1a8482d852c5981ad49b04e7b78412a15fc4f30,117167.0
AAVEUSDT,2024-11,funding_monthly,https://data.binance.vision/data/futures/um/monthly/fundingRate/AAVEUSDT/AAVEUSDT-fundingRate-2024-11.zip,.cache/binance-altcoin-trend-round34/funding_monthly/AAVEUSDT/AAVEUSDT-fundingRate-2024-11.zip,downloaded_verified,5830d63b951a65a78abc7ea1e43fa13a43753920efa788f899dae05cc39b11a7,791.0
AAVEUSDT,2024-12,kline_monthly,https://data.binance.vision/data/futures/um/monthly/klines/AAVEUSDT/15m/AAVEUSDT-15m-2024-12.zip,.cache/binance-altcoin-trend-round34/kline_monthly/AAVEUSDT/AAVEUSDT-15m-2024-12.zip,downloaded_verified,f6c8422b48dba5558e72f1003fb49aacd3e06cd576116efaea62aa5b09d20518,126288.0
AAVEUSDT,2024-12,funding_monthly,https://data.binance.vision/data/futures/um/monthly/fundingRate/AAVEUSDT/AAVEUSDT-fundingRate-2024-12.zip,.cache/binance-altcoin-trend-round34/funding_monthly/AAVEUSDT/AAVEUSDT-fundingRate-2024-12.zip,downloaded_verified,f9c4a5c8af9e9caba6ddaafc392cedbeae767ed5217d0cb0c8b0273e3941b844,798.0
AAVEUSDT,2025-01,kline_monthly,https://data.binance.vision/data/futures/um/monthly/klines/AAVEUSDT/15m/AAVEUSDT-15m-2025-01.zip,.cache/binance-altcoin-trend-round34/kline_monthly/AAVEUSDT/AAVEUSDT-15m-2025-01.zip,downloaded_verified,e5e97fa323d51168c5b97998372d421abade24d8aa7ff73e215a43aa987fedb6,123575.0
AAVEUSDT,2025-01,funding_monthly,https://data.binance.vision/data/futures/um/monthly/fundingRate/AAVEUSDT/AAVEUSDT-fundingRate-2025-01.zip,.cache/binance-altcoin-trend-round34/funding_monthly/AAVEUSDT/AAVEUSDT-fundingRate-2025-01.zip,downloaded_verified,a563e9a5b92f005b244194cc07567d679166d4f167b16f01a0e0e5142da4890c,744.0
AAVEUSDT,2025-02,kline_monthly,https://data.binance.vision/data/futures/um/monthly/klines/AAVEUSDT/15m/AAVEUSDT-15m-2025-02.zip,.cache/binance-altcoin-trend-round34/kline_monthly/AAVEUSDT/AAVEUSDT-15m-2025-02.zip,downloaded_verified,fa53b5bab15a04c087938c3acd2ec2bf6d0b7fc290abd1233341c61da3850f7d,110572.0
AAVEUSDT,2025-02,funding_monthly,https://data.binance.vision/data/futures/um/monthly/fundingRate/AAVEUSDT/AAVEUSDT-fundingRate-2025-02.zip,.cache/binance-altcoin-trend-round34/funding_monthly/AAVEUSDT/AAVEUSDT-fundingRate-2025-02.zip,downloaded_verified,472071c246064ee6045830cb078140cb8abb45d0cd9ecdc6e06544749b45f633,847.0
AAVEUSDT,2025-03,kline_monthly,https://data.binance.vision/data/futures/um/monthly/klines/AAVEUSDT/15m/AAVEUSDT-15m-2025-03.zip,.cache/binance-altcoin-trend-round34/kline_monthly/AAVEUSDT/AAVEUSDT-15m-2025-03.zip,downloaded_verified,1f00197c6523ad34f7b4e712be81a000b87c641425a0a0749007f99a4bf94fcf,121414.0
AAVEUSDT,2025-03,funding_monthly,https://data.binance.vision/data/futures/um/monthly/fundingRate/AAVEUSDT/AAVEUSDT-fundingRate-2025-03.zip,.cache/binance-altcoin-trend-round34/funding_monthly/AAVEUSDT/AAVEUSDT-fundingRate-2025-03.zip,downloaded_verified,9c56febce5fc7766153ee88b7c0eed24222d790f401611ea3d87a95f430940a5,932.0
AAVEUSDT,2025-04,kline_monthly,https://data.binance.vision/data/futures/um/monthly/klines/AAVEUSDT/15m/AAVEUSDT-15m-2025-04.zip,.cache/binance-altcoin-trend-round34/kline_monthly/AAVEUSDT/AAVEUSDT-15m-2025-04.zip,downloaded_verified,c9062cebb43bbb106fd212636db778ef3c00c02f53ac3572d388e8ca35ef6088,115702.0
AAVEUSDT,2025-04,funding_monthly,https://data.binance.vision/data/futures/um/monthly/fundingRate/AAVEUSDT/AAVEUSDT-fundingRate-2025-04.zip,.cache/binance-altcoin-trend-round34/funding_monthly/AAVEUSDT/AAVEUSDT-fundingRate-2025-04.zip,downloaded_verified,ceb32245130f62744f29cd196312c67305e9dc2fe6d2b739e2788a11954ce9e6,891.0
AAVEUSDT,2025-05,kline_monthly,https://data.binance.vision/data/futures/um/monthly/klines/AAVEUSDT/15m/AAVEUSDT-15m-2025-05.zip,.cache/binance-altcoin-trend-round34/kline_monthly/AAVEUSDT/AAVEUSDT-15m-2025-05.zip,downloaded_verified,5a82768660601e3a8fb72869133f130a1d63b3c7118e51cd6f5fd571bc157356,122229.0
AAVEUSDT,2025-05,funding_monthly,https://data.binance.vision/data/futures/um/monthly/fundingRate/AAVEUSDT/AAVEUSDT-fundingRate-2025-05.zip,.cache/binance-altcoin-trend-round34/funding_monthly/AAVEUSDT/AAVEUSDT-fundingRate-2025-05.zip,downloaded_verified,eadfe453f8f9e046701af6d3e221fec2bebfd6b37cfe4b2648bcd9a1b486b31f,892.0
AAVEUSDT,2025-06,kline_monthly,https://data.binance.vision/data/futures/um/monthly/klines/AAVEUSDT/15m/AAVEUSDT-15m-2025-06.zip,.cache/binance-altcoin-trend-round34/kline_monthly/AAVEUSDT/AAVEUSDT-15m-2025-06.zip,downloaded_verified,96147ab08bb0eb45cb2cafcbd082b968a5b6089fea8b0541a6a4cf30329d26cd,119168.0
AAVEUSDT,2025-06,funding_monthly,https://data.binance.vision/data/futures/um/monthly/fundingRate/AAVEUSDT/AAVEUSDT-fundingRate-2025-06.zip,.cache/binance-altcoin-trend-round34/funding_monthly/AAVEUSDT/AAVEUSDT-fundingRate-2025-06.zip,downloaded_verified,96cbf6f343a39a20ab859d93de811020b2acc99f80707d21f7b657b8f9d01531,921.0
AAVEUSDT,2025-07,kline_monthly,https://data.binance.vision/data/futures/um/monthly/klines/AAVEUSDT/15m/AAVEUSDT-15m-2025-07.zip,.cache/binance-altcoin-trend-round34/kline_monthly/AAVEUSDT/AAVEUSDT-15m-2025-07.zip,downloaded_verified,f015590b94f31fc3d672b06b6cbae0906dd7705b30028370444a57c77b11f748,123022.0
AAVEUSDT,2025-07,funding_monthly,https://data.binance.vision/data/futures/um/monthly/fundingRate/AAVEUSDT/AAVEUSDT-fundingRate-2025-07.zip,.cache/binance-altcoin-trend-round34/funding_monthly/AAVEUSDT/AAVEUSDT-fundingRate-2025-07.zip,downloaded_verified,c711c7329220d5e0e65ccc776bf1b57268fb2c8fae0698303ad9c051973264cd,852.0
AAVEUSDT,2025-08,kline_monthly,https://data.binance.vision/data/futures/um/monthly/klines/AAVEUSDT/15m/AAVEUSDT-15m-2025-08.zip,.cache/binance-altcoin-trend-round34/kline_monthly/AAVEUSDT/AAVEUSDT-15m-2025-08.zip,downloaded_verified,afda54c7f2f17c35728d636086a3f84d9757deb9a80afdd5898ccc1f9174c2cd,121897.0
AAVEUSDT,2025-08,funding_monthly,https://data.binance.vision/data/futures/um/monthly/fundingRate/AAVEUSDT/AAVEUSDT-fundingRate-2025-08.zip,.cache/binance-altcoin-trend-round34/funding_monthly/AAVEUSDT/AAVEUSDT-fundingRate-2025-08.zip,downloaded_verified,10aa6adcf3138e019b9bdd9f4061f386d5cc904ee3acb3f9549cb3d82b6316bf,919.0
AAVEUSDT,2025-09,kline_monthly,https://data.binance.vision/data/futures/um/monthly/klines/AAVEUSDT/15m/AAVEUSDT-15m-2025-09.zip,.cache/binance-altcoin-trend-round34/kline_monthly/AAVEUSDT/AAVEUSDT-15m-2025-09.zip,downloaded_verified,94d902bd180c35eba1476c464e19d1ebb3dced42e71ec0f98ff5d1cf21882ed1,115830.0
AAVEUSDT,2025-09,funding_monthly,https://data.binance.vision/data/futures/um/monthly/fundingRate/AAVEUSDT/AAVEUSDT-fundingRate-2025-09.zip,.cache/binance-altcoin-trend-round34/funding_monthly/AAVEUSDT/AAVEUSDT-fundingRate-2025-09.zip,downloaded_verified,1ef6d6de377ba8f839dd600ebf5264b2177ce148b4efd834438594ee95c424b3,909.0
AAVEUSDT,2025-10,kline_monthly,https://data.binance.vision/data/futures/um/monthly/klines/AAVEUSDT/15m/AAVEUSDT-15m-2025-10.zip,.cache/binance-altcoin-trend-round34/kline_monthly/AAVEUSDT/AAVEUSDT-15m-2025-10.zip,downloaded_verified,0ed24920d34d2edf57275021707ac31efe427bb8bd56f72a7191842c39ec66c1,120556.0
AAVEUSDT,2025-10,funding_monthly,https://data.binance.vision/data/futures/um/monthly/fundingRate/AAVEUSDT/AAVEUSDT-fundingRate-2025-10.zip,.cache/binance-altcoin-trend-round34/funding_monthly/AAVEUSDT/AAVEUSDT-fundingRate-2025-10.zip,downloaded_verified,e436615c3eed6f6117a7e6ffd16e5d6752f46a36e6f2b8667ec9e3a7a4f1222c,938.0
AAVEUSDT,2025-11,kline_monthly,https://data.binance.vision/data/futures/um/monthly/klines/AAVEUSDT/15m/AAVEUSDT-15m-2025-11.zip,.cache/binance-altcoin-trend-round34/kline_monthly/AAVEUSDT/AAVEUSDT-15m-2025-11.zip,downloaded_verified,88f62255b01922b095b43d5faf11b0d9f09af0e29d6d965e7987a79aba599915,116231.0
AAVEUSDT,2025-11,funding_monthly,https://data.binance.vision/data/futures/um/monthly/fundingRate/AAVEUSDT/AAVEUSDT-fundingRate-2025-11.zip,.cache/binance-altcoin-trend-round34/funding_monthly/AAVEUSDT/AAVEUSDT-fundingRate-2025-11.zip,downloaded_verified,f457c8f96b2d1cf44a1e3c6c35fe451cb6c80f12a8e2b5ff3c8e03df5cd01181,940.0
AAVEUSDT,2025-12,kline_monthly,https://data.binance.vision/data/futures/um/monthly/klines/AAVEUSDT/15m/AAVEUSDT-15m-2025-12.zip,.cache/binance-altcoin-trend-round34/kline_monthly/AAVEUSDT/AAVEUSDT-15m-2025-12.zip,downloaded_verified,cc8cb79a276dbc502f5fbb3df7645eed91b5322427102e451d57bf0a37123f98,118251.0
AAVEUSDT,2025-12,funding_monthly,https://data.binance.vision/data/futures/um/monthly/fundingRate/AAVEUSDT/AAVEUSDT-fundingRate-2025-12.zip,.cache/binance-altcoin-trend-round34/funding_monthly/AAVEUSDT/AAVEUSDT-fundingRate-2025-12.zip,downloaded_verified,6bc3c04f0058e5ba12f198907ff141512d3aab2ca0f3e1d0a51934cb6ccd6473,990.0
AAVEUSDT,2026-01,kline_monthly,https://data.binance.vision/data/futures/um/monthly/klines/AAVEUSDT/15m/AAVEUSDT-15m-2026-01.zip,.cache/binance-altcoin-trend-round34/kline_monthly/AAVEUSDT/AAVEUSDT-15m-2026-01.zip,downloaded_verified,2efeed11c0d6975a95c388da711b69d695143dec537f68e3db0a11a51d06fac1,116527.0
AAVEUSDT,2026-01,funding_monthly,https://data.binance.vision/data/futures/um/monthly/fundingRate/AAVEUSDT/AAVEUSDT-fundingRate-2026-01.zip,.cache/binance-altcoin-trend-round34/funding_monthly/AAVEUSDT/AAVEUSDT-fundingRate-2026-01.zip,downloaded_verified,decfbf6e398b7104ad03a8145623ea3cbcc795bd445e4a7bc01b21bd400804b0,991.0
AAVEUSDT,2026-02,kline_monthly,https://data.binance.vision/data/futures/um/monthly/klines/AAVEUSDT/15m/AAVEUSDT-15m-2026-02.zip,.cache/binance-altcoin-trend-round34/kline_monthly/AAVEUSDT/AAVEUSDT-15m-2026-02.zip,downloaded_verified,fc3776109551658ca8ad98649622514133db02117076287717425a6d043ffba5,106103.0
AAVEUSDT,2026-02,funding_monthly,https://data.binance.vision/data/futures/um/monthly/fundingRate/AAVEUSDT/AAVEUSDT-fundingRate-2026-02.zip,.cache/binance-altcoin-trend-round34/funding_monthly/AAVEUSDT/AAVEUSDT-fundingRate-2026-02.zip,downloaded_verified,92e083680ef6fcbbe8dbd51d7e58a3ec1d474b2c3a85fc7ac6322ade46bae973,932.0
AAVEUSDT,2026-03,kline_monthly,https://data.binance.vision/data/futures/um/monthly/klines/AAVEUSDT/15m/AAVEUSDT-15m-2026-03.zip,.cache/binance-altcoin-trend-round34/kline_monthly/AAVEUSDT/AAVEUSDT-15m-2026-03.zip,downloaded_verified,7760c84dfaf4b9995f2786b830a5f70fe8c8edffbda7a9202487c219ee0a069d,115708.0
AAVEUSDT,2026-03,funding_monthly,https://data.binance.vision/data/futures/um/monthly/fundingRate/AAVEUSDT/AAVEUSDT-fundingRate-2026-03.zip,.cache/binance-altcoin-trend-round34/funding_monthly/AAVEUSDT/AAVEUSDT-fundingRate-2026-03.zip,downloaded_verified,40c00e92b28dc796669901bea9113c3182ae463d6fe9444951255eadfcc6b9e5,978.0
AAVEUSDT,2026-04,kline_monthly,https://data.binance.vision/data/futures/um/monthly/klines/AAVEUSDT/15m/AAVEUSDT-15m-2026-04.zip,.cache/binance-altcoin-trend-round34/kline_monthly/AAVEUSDT/AAVEUSDT-15m-2026-04.zip,downloaded_verified,101447bd756fd595cf225b3a4a232e33288333bc49927b6deeb21113045f368e,111814.0
AAVEUSDT,2026-04,funding_monthly,https://data.binance.vision/data/futures/um/monthly/fundingRate/AAVEUSDT/AAVEUSDT-fundingRate-2026-04.zip,.cache/binance-altcoin-trend-round34/funding_monthly/AAVEUSDT/AAVEUSDT-fundingRate-2026-04.zip,downloaded_verified,06d6432b3fe1594996cf98c35cfb807e1f28539915bab60105a5d1e04e6a2f3c,942.0
AAVEUSDT,2026-05,kline_monthly,https://data.binance.vision/data/futures/um/monthly/klines/AAVEUSDT/15m/AAVEUSDT-15m-2026-05.zip,.cache/binance-altcoin-trend-round34/kline_monthly/AAVEUSDT/AAVEUSDT-15m-2026-05.zip,downloaded_verified,af335e96be4f3a6ebb1819297b3c87846fa86fc6f141371571c2aa4b28f79e4d,113176.0
AAVEUSDT,2026-05,funding_monthly,https://data.binance.vision/data/futures/um/monthly/fundingRate/AAVEUSDT/AAVEUSDT-fundingRate-2026-05.zip,.cache/binance-altcoin-trend-round34/funding_monthly/AAVEUSDT/AAVEUSDT-fundingRate-2026-05.zip,downloaded_verified,78505e2d0b51863a0e1e199ad22eb7b5b8878fb38736de2865bff07dfad45623,987.0
AAVEUSDT,2026-06,kline_monthly,https://data.binance.vision/data/futures/um/monthly/klines/AAVEUSDT/15m/AAVEUSDT-15m-2026-06.zip,.cache/binance-altcoin-trend-round34/kline_monthly/AAVEUSDT/AAVEUSDT-15m-2026-06.zip,downloaded_verified,525c1534619ec5459d6de86488caa02b89b7bce7ab9c1f9cd07a7267bdbc0b78,112101.0
AAVEUSDT,2026-06,funding_monthly,https://data.binance.vision/data/futures/um/monthly/fundingRate/AAVEUSDT/AAVEUSDT-fundingRate-2026-06.zip,.cache/binance-altcoin-trend-round34/funding_monthly/AAVEUSDT/AAVEUSDT-fundingRate-2026-06.zip,downloaded_verified,c03882f4b39c77de4e5159d3642af8142957281e7ef0839f97097e14dacd8433,958.0
AAVEUSDT,2026-07-01,kline_daily,https://data.binance.vision/data/futures/um/daily/klines/AAVEUSDT/15m/AAVEUSDT-15m-2026-07-01.zip,.cache/binance-altcoin-trend-round34/kline_daily/AAVEUSDT/AAVEUSDT-15m-2026-07-01.zip,downloaded_verified,0ab9a5cd6f4df01a20fa7a2873fde94ffda797bf61c4cc870a83dfdad9c12198,4146.0
AAVEUSDT,2026-07-02,kline_daily,https://data.binance.vision/data/futures/um/daily/klines/AAVEUSDT/15m/AAVEUSDT-15m-2026-07-02.zip,.cache/binance-altcoin-trend-round34/kline_daily/AAVEUSDT/AAVEUSDT-15m-2026-07-02.zip,downloaded_verified,35801239c155f09b5e89f6d78acc23daf756996e1fabd6c3b57e6cf9b1198636,4110.0
AAVEUSDT,2026-07-03,kline_daily,https://data.binance.vision/data/futures/um/daily/klines/AAVEUSDT/15m/AAVEUSDT-15m-2026-07-03.zip,.cache/binance-altcoin-trend-round34/kline_daily/AAVEUSDT/AAVEUSDT-15m-2026-07-03.zip,downloaded_verified,3cfd6f0e315407ef2d03e5c49b2c07df5f6603fbcaa537220d35183f190e4c61,4107.0
AAVEUSDT,2026-07-04,kline_daily,https://data.binance.vision/data/futures/um/daily/klines/AAVEUSDT/15m/AAVEUSDT-15m-2026-07-04.zip,.cache/binance-altcoin-trend-round34/kline_daily/AAVEUSDT/AAVEUSDT-15m-2026-07-04.zip,downloaded_verified,0ff2cb0408ae393d7cedb379eb4cafd9b2e6a53c76a5c61ab5fe73bf4f536f93,4077.0
AAVEUSDT,2026-07-05,kline_daily,https://data.binance.vision/data/futures/um/daily/klines/AAVEUSDT/15m/AAVEUSDT-15m-2026-07-05.zip,.cache/binance-altcoin-trend-round34/kline_daily/AAVEUSDT/AAVEUSDT-15m-2026-07-05.zip,downloaded_verified,6fdd6e9a31e4d0652178aae67cb62d8542284d0299e3e05ec9b70a8960f1093c,4011.0
AAVEUSDT,2026-07-06,kline_daily,https://data.binance.vision/data/futures/um/daily/klines/AAVEUSDT/15m/AAVEUSDT-15m-2026-07-06.zip,.cache/binance-altcoin-trend-round34/kline_daily/AAVEUSDT/AAVEUSDT-15m-2026-07-06.zip,downloaded_verified,a2c5fa304e16d0a01a2e96958dee5abfe1cc7eb15e11a4c83e751cdaff9ae230,4243.0
AAVEUSDT,2026-07-07,kline_daily,https://data.binance.vision/data/futures/um/daily/klines/AAVEUSDT/15m/AAVEUSDT-15m-2026-07-07.zip,.cache/binance-altcoin-trend-round34/kline_daily/AAVEUSDT/AAVEUSDT-15m-2026-07-07.zip,downloaded_verified,9e6ef462e3467addc1039d31cb7984849d36ca5e4c9b0faf6f331e5abd90eb03,4193.0
AAVEUSDT,2026-07-08,kline_daily,https://data.binance.vision/data/futures/um/daily/klines/AAVEUSDT/15m/AAVEUSDT-15m-2026-07-08.zip,.cache/binance-altcoin-trend-round34/kline_daily/AAVEUSDT/AAVEUSDT-15m-2026-07-08.zip,downloaded_verified,ff56d55a898aba523c8b6e60c83f097bb0831cc43b89f67e85ddd744fd9b0de1,4107.0
AAVEUSDT,2026-07-09,kline_daily,https://data.binance.vision/data/futures/um/daily/klines/AAVEUSDT/15m/AAVEUSDT-15m-2026-07-09.zip,.cache/binance-altcoin-trend-round34/kline_daily/AAVEUSDT/AAVEUSDT-15m-2026-07-09.zip,downloaded_verified,589bb9e210ab071e4d61ccad9b47425f45bd56876a8309bdaa629570bfc23d92,4110.0
AAVEUSDT,2026-07-10,kline_daily,https://data.binance.vision/data/futures/um/daily/klines/AAVEUSDT/15m/AAVEUSDT-15m-2026-07-10.zip,.cache/binance-altcoin-trend-round34/kline_daily/AAVEUSDT/AAVEUSDT-15m-2026-07-10.zip,downloaded_verified,26272169158063c7fb6bc14f37a9b33b77d3d459c51ff89c63fbcced055768d0,4176.0
AAVEUSDT,2026-07-11,kline_daily,https://data.binance.vision/data/futures/um/daily/klines/AAVEUSDT/15m/AAVEUSDT-15m-2026-07-11.zip,.cache/binance-altcoin-trend-round34/kline_daily/AAVEUSDT/AAVEUSDT-15m-2026-07-11.zip,downloaded_verified,16fc5065c4a13c9bb70ecc8b68769d7db62ac2894058f25e3519a38a702acc0b,4184.0
AAVEUSDT,2026-07-12,kline_daily,https://data.binance.vision/data/futures/um/daily/klines/AAVEUSDT/15m/AAVEUSDT-15m-2026-07-12.zip,.cache/binance-altcoin-trend-round34/kline_daily/AAVEUSDT/AAVEUSDT-15m-2026-07-12.zip,downloaded_verified,9e85db1909aa89b1d4099cc378b189d73fa8e1bb608faf6e92d8857f112ee386,4111.0
AAVEUSDT,2026-07-13,kline_daily,https://data.binance.vision/data/futures/um/daily/klines/AAVEUSDT/15m/AAVEUSDT-15m-2026-07-13.zip,.cache/binance-altcoin-trend-round34/kline_daily/AAVEUSDT/AAVEUSDT-15m-2026-07-13.zip,downloaded_verified,391e5f6219b164f0175df59cef5ef0433e6e348bb5f967d7c9af9756f23f3621,4124.0
AAVEUSDT,2026-07-14,kline_daily,https://data.binance.vision/data/futures/um/daily/klines/AAVEUSDT/15m/AAVEUSDT-15m-2026-07-14.zip,.cache/binance-altcoin-trend-round34/kline_daily/AAVEUSDT/AAVEUSDT-15m-2026-07-14.zip,downloaded_verified,ffd6c4fe8e4da5adbc5a82c0765334f92d899831e777cb4a045f3da9427f163d,4113.0
AAVEUSDT,2026-07-15,kline_daily,https://data.binance.vision/data/futures/um/daily/klines/AAVEUSDT/15m/AAVEUSDT-15m-2026-07-15.zip,.cache/binance-altcoin-trend-round34/kline_daily/AAVEUSDT/AAVEUSDT-15m-2026-07-15.zip,downloaded_verified,7692581d7f02b780bc77b5811e8ad19a3f7c8a1f8074c57560f8ee49743d91b5,4092.0
AAVEUSDT,2026-07-16,kline_daily,https://data.binance.vision/data/futures/um/daily/klines/AAVEUSDT/15m/AAVEUSDT-15m-2026-07-16.zip,.cache/binance-altcoin-trend-round34/kline_daily/AAVEUSDT/AAVEUSDT-15m-2026-07-16.zip,downloaded_verified,5323b525137cb08e35e3319b5d490aeb9c7e169dc29297a33ef2460a01add922,4069.0
AAVEUSDT,2026-07-17,kline_daily,https://data.binance.vision/data/futures/um/daily/klines/AAVEUSDT/15m/AAVEUSDT-15m-2026-07-17.zip,.cache/binance-altcoin-trend-round34/kline_daily/AAVEUSDT/AAVEUSDT-15m-2026-07-17.zip,downloaded_verified,d7f6b19a637eca28233ce6e2df2a3a6a93fa43a43b1c3f3c5a9825acb522775e,4044.0
AAVEUSDT,2026-07-18,kline_daily,https://data.binance.vision/data/futures/um/daily/klines/AAVEUSDT/15m/AAVEUSDT-15m-2026-07-18.zip,.cache/binance-altcoin-trend-round34/kline_daily/AAVEUSDT/AAVEUSDT-15m-2026-07-18.zip,downloaded_verified,1499de73c5407928a1ef198617ec1a4099ae7a5e576590146e1c03082f5bd552,4014.0
AAVEUSDT,2026-07-19,kline_daily,https://data.binance.vision/data/futures/um/daily/klines/AAVEUSDT/15m/AAVEUSDT-15m-2026-07-19.zip,.cache/binance-altcoin-trend-round34/kline_daily/AAVEUSDT/AAVEUSDT-15m-2026-07-19.zip,downloaded_verified,9b692c4b6a1a979c21bf1220ed2db10e64019ac91a3a5e7a2e4356d47d2f6c61,3930.0
AAVEUSDT,2026-07-20,kline_daily,https://data.binance.vision/data/futures/um/daily/klines/AAVEUSDT/15m/AAVEUSDT-15m-2026-07-20.zip,.cache/binance-altcoin-trend-round34/kline_daily/AAVEUSDT/AAVEUSDT-15m-2026-07-20.zip,downloaded_verified,5043b306d95c9e21b949670612b282caf93781d0b3be41ce4370c43381fec5b2,4037.0
AAVEUSDT,2026-07-21,kline_daily,https://data.binance.vision/data/futures/um/daily/klines/AAVEUSDT/15m/AAVEUSDT-15m-2026-07-21.zip,.cache/binance-altcoin-trend-round34/kline_daily/AAVEUSDT/AAVEUSDT-15m-2026-07-21.zip,downloaded_verified,424761b17f5dad718d01c4fdf4042f15956cb3a246049b508d06a66cb6a5e3b5,4135.0
AAVEUSDT,2026-07-22,kline_daily,https://data.binance.vision/data/futures/um/daily/klines/AAVEUSDT/15m/AAVEUSDT-15m-2026-07-22.zip,.cache/binance-altcoin-trend-round34/kline_daily/AAVEUSDT/AAVEUSDT-15m-2026-07-22.zip,downloaded_verified,be6e69416a72cafa75bee2b51d41ca194cf2bc82b4d02c4655daae238677a36a,4164.0
AAVEUSDT,2026-07-23,kline_daily,https://data.binance.vision/data/futures/um/daily/klines/AAVEUSDT/15m/AAVEUSDT-15m-2026-07-23.zip,.cache/binance-altcoin-trend-round34/kline_daily/AAVEUSDT/AAVEUSDT-15m-2026-07-23.zip,downloaded_verified,2c352ae639fd9e4552ce50d6f3d088e3cfee29d2f5c51987d5d97846b037534d,4024.0
AAVEUSDT,2026-07-24,kline_daily,https://data.binance.vision/data/futures/um/daily/klines/AAVEUSDT/15m/AAVEUSDT-15m-2026-07-24.zip,.cache/binance-altcoin-trend-round34/kline_daily/AAVEUSDT/AAVEUSDT-15m-2026-07-24.zip,downloaded_verified,3f365c147362126ec1818b0e8e87f2b29a50fa2706597cc62b15163f5ef9a6b0,4027.0
AAVEUSDT,2026-07-25,kline_daily,https://data.binance.vision/data/futures/um/daily/klines/AAVEUSDT/15m/AAVEUSDT-15m-2026-07-25.zip,.cache/binance-altcoin-trend-round34/kline_daily/AAVEUSDT/AAVEUSDT-15m-2026-07-25.zip,downloaded_verified,713a904fe4d94211d7719bfc4f329b599b9c95e1c4c068f09518abf4014bff7b,3931.0
AAVEUSDT,2026-07-26,kline_daily,https://data.binance.vision/data/futures/um/daily/klines/AAVEUSDT/15m/AAVEUSDT-15m-2026-07-26.zip,.cache/binance-altcoin-trend-round34/kline_daily/AAVEUSDT/AAVEUSDT-15m-2026-07-26.zip,downloaded_verified,0214c1a65f3a07054ec8ac17c890e0af90f12e83b9ffc17343c73bc1cb2c64af,4128.0
OPUSDT,2023-11,kline_monthly,https://data.binance.vision/data/futures/um/monthly/klines/OPUSDT/15m/OPUSDT-15m-2023-11.zip,.cache/binance-altcoin-trend-round34/kline_monthly/OPUSDT/OPUSDT-15m-2023-11.zip,downloaded_verified,903b843b9726c835281eba6fadb70751bf2a5cf4942fad21409e546bcd5f8c4b,132783.0
OPUSDT,2023-11,funding_monthly,https://data.binance.vision/data/futures/um/monthly/fundingRate/OPUSDT/OPUSDT-fundingRate-2023-11.zip,.cache/binance-altcoin-trend-round34/funding_monthly/OPUSDT/OPUSDT-fundingRate-2023-11.zip,downloaded_verified,1e5b523a923400e01cb2ae041c64a0fc2c8e64a7b1daf2a3066c60eea201e407,799.0
OPUSDT,2023-12,kline_monthly,https://data.binance.vision/data/futures/um/monthly/klines/OPUSDT/15m/OPUSDT-15m-2023-12.zip,.cache/binance-altcoin-trend-round34/kline_monthly/OPUSDT/OPUSDT-15m-2023-12.zip,downloaded_verified,34013e4181e2f16031f3c29d46371cf8121edf22fecc2f2987b18b8b92ff3fe4,141391.0
OPUSDT,2023-12,funding_monthly,https://data.binance.vision/data/futures/um/monthly/fundingRate/OPUSDT/OPUSDT-fundingRate-2023-12.zip,.cache/binance-altcoin-trend-round34/funding_monthly/OPUSDT/OPUSDT-fundingRate-2023-12.zip,downloaded_verified,767bfdd707e29acdaddd621672d003a700b73c67097e3cc3bd89bf4bbf5b118f,922.0
OPUSDT,2024-01,kline_monthly,https://data.binance.vision/data/futures/um/monthly/klines/OPUSDT/15m/OPUSDT-15m-2024-01.zip,.cache/binance-altcoin-trend-round34/kline_monthly/OPUSDT/OPUSDT-15m-2024-01.zip,downloaded_verified,8700652811e1eec80168e6c84217e68526ea8704ade0a3cc7b8941696eb7e199,141482.0
OPUSDT,2024-01,funding_monthly,https://data.binance.vision/data/futures/um/monthly/fundingRate/OPUSDT/OPUSDT-fundingRate-2024-01.zip,.cache/binance-altcoin-trend-round34/funding_monthly/OPUSDT/OPUSDT-fundingRate-2024-01.zip,downloaded_verified,d3162760641e4351535078ea15fdc0493013ae367c96882f24023a1a75d535e2,667.0
OPUSDT,2024-02,kline_monthly,https://data.binance.vision/data/futures/um/monthly/klines/OPUSDT/15m/OPUSDT-15m-2024-02.zip,.cache/binance-altcoin-trend-round34/kline_monthly/OPUSDT/OPUSDT-15m-2024-02.zip,downloaded_verified,74d82bdd811dca8240c1cc57ca79c8ae1127d8105d482f69cd887ba56f4dbb87,130437.0
OPUSDT,2024-02,funding_monthly,https://data.binance.vision/data/futures/um/monthly/fundingRate/OPUSDT/OPUSDT-fundingRate-2024-02.zip,.cache/binance-altcoin-trend-round34/funding_monthly/OPUSDT/OPUSDT-fundingRate-2024-02.zip,downloaded_verified,d7ab680f3e1aa73213b76d0f6a29445694f1488a14486b3af1c4a03b29be0c65,787.0
OPUSDT,2024-03,kline_monthly,https://data.binance.vision/data/futures/um/monthly/klines/OPUSDT/15m/OPUSDT-15m-2024-03.zip,.cache/binance-altcoin-trend-round34/kline_monthly/OPUSDT/OPUSDT-15m-2024-03.zip,downloaded_verified,074a2233208fa2f8ceca934a9ac432466b327698f2c7dce0cbb8983506b46bc1,140704.0
OPUSDT,2024-03,funding_monthly,https://data.binance.vision/data/futures/um/monthly/fundingRate/OPUSDT/OPUSDT-fundingRate-2024-03.zip,.cache/binance-altcoin-trend-round34/funding_monthly/OPUSDT/OPUSDT-fundingRate-2024-03.zip,downloaded_verified,87d5846bbf44a8ff2e532c6de6d119aba00efb1cbd36cee6623541713fa754de,959.0
OPUSDT,2024-04,kline_monthly,https://data.binance.vision/data/futures/um/monthly/klines/OPUSDT/15m/OPUSDT-15m-2024-04.zip,.cache/binance-altcoin-trend-round34/kline_monthly/OPUSDT/OPUSDT-15m-2024-04.zip,downloaded_verified,6cc920ea91a4e1323282b697ab71b8ff80ba7e4e2f24ff4f1101c3d885d5b96c,134372.0
OPUSDT,2024-04,funding_monthly,https://data.binance.vision/data/futures/um/monthly/fundingRate/OPUSDT/OPUSDT-fundingRate-2024-04.zip,.cache/binance-altcoin-trend-round34/funding_monthly/OPUSDT/OPUSDT-fundingRate-2024-04.zip,downloaded_verified,e192bda1a11bf02edbbaf922e42fe1952dd851fa81c8b62c3ffcfa9c39573ecd,868.0
OPUSDT,2024-05,kline_monthly,https://data.binance.vision/data/futures/um/monthly/klines/OPUSDT/15m/OPUSDT-15m-2024-05.zip,.cache/binance-altcoin-trend-round34/kline_monthly/OPUSDT/OPUSDT-15m-2024-05.zip,downloaded_verified,78c334e40defb8f9c5f51e13ccbe2782656aaad4f359a8fbbf49c8f56f2d16dd,137872.0
OPUSDT,2024-05,funding_monthly,https://data.binance.vision/data/futures/um/monthly/fundingRate/OPUSDT/OPUSDT-fundingRate-2024-05.zip,.cache/binance-altcoin-trend-round34/funding_monthly/OPUSDT/OPUSDT-fundingRate-2024-05.zip,downloaded_verified,0fc0f996c837381424a2d34d043b9595ec6ffdd12a66b0707cf72c220c49c9b8,816.0
OPUSDT,2024-06,kline_monthly,https://data.binance.vision/data/futures/um/monthly/klines/OPUSDT/15m/OPUSDT-15m-2024-06.zip,.cache/binance-altcoin-trend-round34/kline_monthly/OPUSDT/OPUSDT-15m-2024-06.zip,downloaded_verified,d290669689e27dc43ec6019e31c780e3744822f6927f7252af7cd917516c5f4f,130982.0
OPUSDT,2024-06,funding_monthly,https://data.binance.vision/data/futures/um/monthly/fundingRate/OPUSDT/OPUSDT-fundingRate-2024-06.zip,.cache/binance-altcoin-trend-round34/funding_monthly/OPUSDT/OPUSDT-fundingRate-2024-06.zip,downloaded_verified,98b1709bad05481e9262f0ce67a281d1070ae1d919196526fe3bfa7067a7400d,764.0
OPUSDT,2024-07,kline_monthly,https://data.binance.vision/data/futures/um/monthly/klines/OPUSDT/15m/OPUSDT-15m-2024-07.zip,.cache/binance-altcoin-trend-round34/kline_monthly/OPUSDT/OPUSDT-15m-2024-07.zip,downloaded_verified,1a0952c46ef24a752a83dbbb9111a8edf362bad171bb2a28c71fbc36a324278d,136036.0
OPUSDT,2024-07,funding_monthly,https://data.binance.vision/data/futures/um/monthly/fundingRate/OPUSDT/OPUSDT-fundingRate-2024-07.zip,.cache/binance-altcoin-trend-round34/funding_monthly/OPUSDT/OPUSDT-fundingRate-2024-07.zip,downloaded_verified,a414cd82920408954504c4a8deff20fd63194397a2e81261cc29e678ff66074b,820.0
OPUSDT,2024-08,kline_monthly,https://data.binance.vision/data/futures/um/monthly/klines/OPUSDT/15m/OPUSDT-15m-2024-08.zip,.cache/binance-altcoin-trend-round34/kline_monthly/OPUSDT/OPUSDT-15m-2024-08.zip,downloaded_verified,ca3a607c7eb9ee651cce154ea450373b9b8eaedf0584dacef1cd4688c707cb1c,135184.0
OPUSDT,2024-08,funding_monthly,https://data.binance.vision/data/futures/um/monthly/fundingRate/OPUSDT/OPUSDT-fundingRate-2024-08.zip,.cache/binance-altcoin-trend-round34/funding_monthly/OPUSDT/OPUSDT-fundingRate-2024-08.zip,downloaded_verified,497426ed5c7183408b88dd1a81ece9b7f6ea56cfd149db775e764d8e38553c06,888.0
OPUSDT,2024-09,kline_monthly,https://data.binance.vision/data/futures/um/monthly/klines/OPUSDT/15m/OPUSDT-15m-2024-09.zip,.cache/binance-altcoin-trend-round34/kline_monthly/OPUSDT/OPUSDT-15m-2024-09.zip,downloaded_verified,594efd8615e53447b3194aad09cc014a86dc63239c99ce83d2d9aab48337a2b3,129851.0
OPUSDT,2024-09,funding_monthly,https://data.binance.vision/data/futures/um/monthly/fundingRate/OPUSDT/OPUSDT-fundingRate-2024-09.zip,.cache/binance-altcoin-trend-round34/funding_monthly/OPUSDT/OPUSDT-fundingRate-2024-09.zip,downloaded_verified,b3b2a229889c6e3acddaaed267ed29e827fedbfb83079f9af7a37c96cd105aa7,822.0
OPUSDT,2024-10,kline_monthly,https://data.binance.vision/data/futures/um/monthly/klines/OPUSDT/15m/OPUSDT-15m-2024-10.zip,.cache/binance-altcoin-trend-round34/kline_monthly/OPUSDT/OPUSDT-15m-2024-10.zip,downloaded_verified,aeae8176d36485ea367d4fed948c0834ca24fdb8b20575c65ba9b69d831364fc,134334.0
OPUSDT,2024-10,funding_monthly,https://data.binance.vision/data/futures/um/monthly/fundingRate/OPUSDT/OPUSDT-fundingRate-2024-10.zip,.cache/binance-altcoin-trend-round34/funding_monthly/OPUSDT/OPUSDT-fundingRate-2024-10.zip,downloaded_verified,b0247a5f0b3191f5d2bbcc10b195e71ef44a322991e236c330458f898cd3dd08,761.0
OPUSDT,2024-11,kline_monthly,https://data.binance.vision/data/futures/um/monthly/klines/OPUSDT/15m/OPUSDT-15m-2024-11.zip,.cache/binance-altcoin-trend-round34/kline_monthly/OPUSDT/OPUSDT-15m-2024-11.zip,downloaded_verified,e713cbd79453cddb91db5ed3801cf36238cb2ac85a20d8c72c8ed26bd76a8d8a,134744.0
OPUSDT,2024-11,funding_monthly,https://data.binance.vision/data/futures/um/monthly/fundingRate/OPUSDT/OPUSDT-fundingRate-2024-11.zip,.cache/binance-altcoin-trend-round34/funding_monthly/OPUSDT/OPUSDT-fundingRate-2024-11.zip,downloaded_verified,2e60a52a06abf78ca8b0b8d8c93dcd26aa81bce4de7254e8ce6c606ec4eda349,811.0
OPUSDT,2024-12,kline_monthly,https://data.binance.vision/data/futures/um/monthly/klines/OPUSDT/15m/OPUSDT-15m-2024-12.zip,.cache/binance-altcoin-trend-round34/kline_monthly/OPUSDT/OPUSDT-15m-2024-12.zip,downloaded_verified,6a9d0e680113cd7cff97adfd1a8d7745661d2ddf809e01b7053fc5c83f23017c,138838.0
OPUSDT,2024-12,funding_monthly,https://data.binance.vision/data/futures/um/monthly/fundingRate/OPUSDT/OPUSDT-fundingRate-2024-12.zip,.cache/binance-altcoin-trend-round34/funding_monthly/OPUSDT/OPUSDT-fundingRate-2024-12.zip,downloaded_verified,4756c61200ea1d576aa5dd9ecd10b8eb7dfd1c1b75daa70cd31d673ee124a98a,808.0
OPUSDT,2025-01,kline_monthly,https://data.binance.vision/data/futures/um/monthly/klines/OPUSDT/15m/OPUSDT-15m-2025-01.zip,.cache/binance-altcoin-trend-round34/kline_monthly/OPUSDT/OPUSDT-15m-2025-01.zip,downloaded_verified,081814adc883ae162f99e99fc47835136b280f965e5e15ffbcd2c0e6be89a82d,136034.0
OPUSDT,2025-01,funding_monthly,https://data.binance.vision/data/futures/um/monthly/fundingRate/OPUSDT/OPUSDT-fundingRate-2025-01.zip,.cache/binance-altcoin-trend-round34/funding_monthly/OPUSDT/OPUSDT-fundingRate-2025-01.zip,downloaded_verified,fb95711559e90357bdc4dd9abada21344d578c00fca062219036916127f0e333,742.0
OPUSDT,2025-02,kline_monthly,https://data.binance.vision/data/futures/um/monthly/klines/OPUSDT/15m/OPUSDT-15m-2025-02.zip,.cache/binance-altcoin-trend-round34/kline_monthly/OPUSDT/OPUSDT-15m-2025-02.zip,downloaded_verified,a175de59728b4e1b329175f244ea440c1e27a4778aed4693c8ef267fc61ac5a7,122955.0
OPUSDT,2025-02,funding_monthly,https://data.binance.vision/data/futures/um/monthly/fundingRate/OPUSDT/OPUSDT-fundingRate-2025-02.zip,.cache/binance-altcoin-trend-round34/funding_monthly/OPUSDT/OPUSDT-fundingRate-2025-02.zip,downloaded_verified,04cb1c9cbf3a0d326e1194ed1247f5c2c16fffbfaa8f433032fa02aad44337fa,823.0
OPUSDT,2025-03,kline_monthly,https://data.binance.vision/data/futures/um/monthly/klines/OPUSDT/15m/OPUSDT-15m-2025-03.zip,.cache/binance-altcoin-trend-round34/kline_monthly/OPUSDT/OPUSDT-15m-2025-03.zip,downloaded_verified,c5642a7232d870609bc9789d99053427ad630407ca7b6bbdbf3c70325f15d66f,134334.0
OPUSDT,2025-03,funding_monthly,https://data.binance.vision/data/futures/um/monthly/fundingRate/OPUSDT/OPUSDT-fundingRate-2025-03.zip,.cache/binance-altcoin-trend-round34/funding_monthly/OPUSDT/OPUSDT-fundingRate-2025-03.zip,downloaded_verified,9fa63d6a17c61dcebce0b5ca8ae4ae4b19536751164e89f272020b78e2834eb0,906.0
OPUSDT,2025-04,kline_monthly,https://data.binance.vision/data/futures/um/monthly/klines/OPUSDT/15m/OPUSDT-15m-2025-04.zip,.cache/binance-altcoin-trend-round34/kline_monthly/OPUSDT/OPUSDT-15m-2025-04.zip,downloaded_verified,7648af57c793d0a1b7691c04fd0bc9d0eccc8e8b27f445b92cebe1b78bae99d6,129209.0
OPUSDT,2025-04,funding_monthly,https://data.binance.vision/data/futures/um/monthly/fundingRate/OPUSDT/OPUSDT-fundingRate-2025-04.zip,.cache/binance-altcoin-trend-round34/funding_monthly/OPUSDT/OPUSDT-fundingRate-2025-04.zip,downloaded_verified,5415c41370dfe205e4c29f5019cb6cbf42885e4871039e209348480ea7ba0cc8,868.0
OPUSDT,2025-05,kline_monthly,https://data.binance.vision/data/futures/um/monthly/klines/OPUSDT/15m/OPUSDT-15m-2025-05.zip,.cache/binance-altcoin-trend-round34/kline_monthly/OPUSDT/OPUSDT-15m-2025-05.zip,downloaded_verified,c44e660baf0e1fc88e2331ae28489a2580c4f79f4105f87bc4cfd38e4006459f,137267.0
OPUSDT,2025-05,funding_monthly,https://data.binance.vision/data/futures/um/monthly/fundingRate/OPUSDT/OPUSDT-fundingRate-2025-05.zip,.cache/binance-altcoin-trend-round34/funding_monthly/OPUSDT/OPUSDT-fundingRate-2025-05.zip,downloaded_verified,f40144614ceaf10eae1c6ef08ab890a057e14fb5be13966219f428467fe78e9b,899.0
OPUSDT,2025-06,kline_monthly,https://data.binance.vision/data/futures/um/monthly/klines/OPUSDT/15m/OPUSDT-15m-2025-06.zip,.cache/binance-altcoin-trend-round34/kline_monthly/OPUSDT/OPUSDT-15m-2025-06.zip,downloaded_verified,83692cc992867fbf211c515f7e8ec0b5d26e3f910607a978f58c8541579e1118,131433.0
OPUSDT,2025-06,funding_monthly,https://data.binance.vision/data/futures/um/monthly/fundingRate/OPUSDT/OPUSDT-fundingRate-2025-06.zip,.cache/binance-altcoin-trend-round34/funding_monthly/OPUSDT/OPUSDT-fundingRate-2025-06.zip,downloaded_verified,81ec2920ebb017ece5278b30ec4025a59d117ccada1bd339ade254325a611f6c,912.0
OPUSDT,2025-07,kline_monthly,https://data.binance.vision/data/futures/um/monthly/klines/OPUSDT/15m/OPUSDT-15m-2025-07.zip,.cache/binance-altcoin-trend-round34/kline_monthly/OPUSDT/OPUSDT-15m-2025-07.zip,downloaded_verified,704fb80eca99ffca6388d72680ccd3b6e02ce35bb9f6b6ae287f97ecd6ac5a72,137006.0
OPUSDT,2025-07,funding_monthly,https://data.binance.vision/data/futures/um/monthly/fundingRate/OPUSDT/OPUSDT-fundingRate-2025-07.zip,.cache/binance-altcoin-trend-round34/funding_monthly/OPUSDT/OPUSDT-fundingRate-2025-07.zip,downloaded_verified,1ed16a6e0f904b621fe4ab404119d8a08ebb2d56c422f1d59a86db93cdebe196,833.0
OPUSDT,2025-08,kline_monthly,https://data.binance.vision/data/futures/um/monthly/klines/OPUSDT/15m/OPUSDT-15m-2025-08.zip,.cache/binance-altcoin-trend-round34/kline_monthly/OPUSDT/OPUSDT-15m-2025-08.zip,downloaded_verified,d8106438aca81ff0edaa721954c55eea67a99c9a118b965b27c73d31ef0d368d,136312.0
OPUSDT,2025-08,funding_monthly,https://data.binance.vision/data/futures/um/monthly/fundingRate/OPUSDT/OPUSDT-fundingRate-2025-08.zip,.cache/binance-altcoin-trend-round34/funding_monthly/OPUSDT/OPUSDT-fundingRate-2025-08.zip,downloaded_verified,c88069d1647719eb9c27f203bdbfe8cdfd8617d967b103f8859d8e26ceb7f97f,876.0
OPUSDT,2025-09,kline_monthly,https://data.binance.vision/data/futures/um/monthly/klines/OPUSDT/15m/OPUSDT-15m-2025-09.zip,.cache/binance-altcoin-trend-round34/kline_monthly/OPUSDT/OPUSDT-15m-2025-09.zip,downloaded_verified,a0aeb1210358c92adb401c8dbf6fa52edf64bfdba4891bf982d95c4db24b121e,129604.0
OPUSDT,2025-09,funding_monthly,https://data.binance.vision/data/futures/um/monthly/fundingRate/OPUSDT/OPUSDT-fundingRate-2025-09.zip,.cache/binance-altcoin-trend-round34/funding_monthly/OPUSDT/OPUSDT-fundingRate-2025-09.zip,downloaded_verified,3a6cf6204c1da440d090f00f986415899dc62e0732079909fd0f177c168844b8,817.0
OPUSDT,2025-10,kline_monthly,https://data.binance.vision/data/futures/um/monthly/klines/OPUSDT/15m/OPUSDT-15m-2025-10.zip,.cache/binance-altcoin-trend-round34/kline_monthly/OPUSDT/OPUSDT-15m-2025-10.zip,downloaded_verified,2ef7ada79fb0050a9d7c98d1b3100394c7e3eb657904a8436ef2a7fcc8a828b1,133765.0
OPUSDT,2025-10,funding_monthly,https://data.binance.vision/data/futures/um/monthly/fundingRate/OPUSDT/OPUSDT-fundingRate-2025-10.zip,.cache/binance-altcoin-trend-round34/funding_monthly/OPUSDT/OPUSDT-fundingRate-2025-10.zip,downloaded_verified,883ef774ab7376856c1a551e7cc0e94d92f73cee2dcf0ef61da0955cb0870583,896.0
OPUSDT,2025-11,kline_monthly,https://data.binance.vision/data/futures/um/monthly/klines/OPUSDT/15m/OPUSDT-15m-2025-11.zip,.cache/binance-altcoin-trend-round34/kline_monthly/OPUSDT/OPUSDT-15m-2025-11.zip,downloaded_verified,0604406d341e38bf999ae33d6a1d5b7016ca5c6c4353457a8a9c09c9f34dc0ae,128479.0
OPUSDT,2025-11,funding_monthly,https://data.binance.vision/data/futures/um/monthly/fundingRate/OPUSDT/OPUSDT-fundingRate-2025-11.zip,.cache/binance-altcoin-trend-round34/funding_monthly/OPUSDT/OPUSDT-fundingRate-2025-11.zip,downloaded_verified,4922603e1038f231ff40636ec3b1bc3cd048d118fd9321447515873054554985,962.0
OPUSDT,2025-12,kline_monthly,https://data.binance.vision/data/futures/um/monthly/klines/OPUSDT/15m/OPUSDT-15m-2025-12.zip,.cache/binance-altcoin-trend-round34/kline_monthly/OPUSDT/OPUSDT-15m-2025-12.zip,downloaded_verified,ca82df6a0e5d96fdd8fab95eabc8c0fc7c11cd85de7c66fff3f44feb95b2a77a,129637.0
OPUSDT,2025-12,funding_monthly,https://data.binance.vision/data/futures/um/monthly/fundingRate/OPUSDT/OPUSDT-fundingRate-2025-12.zip,.cache/binance-altcoin-trend-round34/funding_monthly/OPUSDT/OPUSDT-fundingRate-2025-12.zip,downloaded_verified,36335cb0f9bc4401e64d2a7be8133b70a530b88af684631a5b3752b1a7066990,939.0
OPUSDT,2026-01,kline_monthly,https://data.binance.vision/data/futures/um/monthly/klines/OPUSDT/15m/OPUSDT-15m-2026-01.zip,.cache/binance-altcoin-trend-round34/kline_monthly/OPUSDT/OPUSDT-15m-2026-01.zip,downloaded_verified,20d3ac3e578f0b468aed7642f6955839379eb36351a47b7080a92d77f222a8a2,130340.0
OPUSDT,2026-01,funding_monthly,https://data.binance.vision/data/futures/um/monthly/fundingRate/OPUSDT/OPUSDT-fundingRate-2026-01.zip,.cache/binance-altcoin-trend-round34/funding_monthly/OPUSDT/OPUSDT-fundingRate-2026-01.zip,downloaded_verified,efce01dfeb7a61bde5d329e7d58217bf092d740ade9fbd9de60bd13ddfca359e,913.0
OPUSDT,2026-02,kline_monthly,https://data.binance.vision/data/futures/um/monthly/klines/OPUSDT/15m/OPUSDT-15m-2026-02.zip,.cache/binance-altcoin-trend-round34/kline_monthly/OPUSDT/OPUSDT-15m-2026-02.zip,downloaded_verified,9408d5c98b0266dab3ea8067ecd8a4d801ea9fefbe627628309eb24ff65525ec,117690.0
OPUSDT,2026-02,funding_monthly,https://data.binance.vision/data/futures/um/monthly/fundingRate/OPUSDT/OPUSDT-fundingRate-2026-02.zip,.cache/binance-altcoin-trend-round34/funding_monthly/OPUSDT/OPUSDT-fundingRate-2026-02.zip,downloaded_verified,6d73fa48984d618e0c3fc55519f7a45f53195db70d143e47736aaa2f6dfff3d0,936.0
OPUSDT,2026-03,kline_monthly,https://data.binance.vision/data/futures/um/monthly/klines/OPUSDT/15m/OPUSDT-15m-2026-03.zip,.cache/binance-altcoin-trend-round34/kline_monthly/OPUSDT/OPUSDT-15m-2026-03.zip,downloaded_verified,1c6f117ace8e30e3bebe3afc529142130b7c91ea0d6c90486fd9a49d7b8daa3a,125817.0
OPUSDT,2026-03,funding_monthly,https://data.binance.vision/data/futures/um/monthly/fundingRate/OPUSDT/OPUSDT-fundingRate-2026-03.zip,.cache/binance-altcoin-trend-round34/funding_monthly/OPUSDT/OPUSDT-fundingRate-2026-03.zip,downloaded_verified,261cfbd257c4b5d330fc5e748264c127bd50883f7a25794d83c1beade16e5f5e,975.0
OPUSDT,2026-04,kline_monthly,https://data.binance.vision/data/futures/um/monthly/klines/OPUSDT/15m/OPUSDT-15m-2026-04.zip,.cache/binance-altcoin-trend-round34/kline_monthly/OPUSDT/OPUSDT-15m-2026-04.zip,downloaded_verified,652f52e03cbf078ac83f9684a755e4bdba16ac1704f19f592fd408ae7e9c1e65,120477.0
OPUSDT,2026-04,funding_monthly,https://data.binance.vision/data/futures/um/monthly/fundingRate/OPUSDT/OPUSDT-fundingRate-2026-04.zip,.cache/binance-altcoin-trend-round34/funding_monthly/OPUSDT/OPUSDT-fundingRate-2026-04.zip,downloaded_verified,06d2099f93255b225f5bfeea8994a26711721fea874f66d3bfd3ac98e1b03af8,894.0
OPUSDT,2026-05,kline_monthly,https://data.binance.vision/data/futures/um/monthly/klines/OPUSDT/15m/OPUSDT-15m-2026-05.zip,.cache/binance-altcoin-trend-round34/kline_monthly/OPUSDT/OPUSDT-15m-2026-05.zip,downloaded_verified,7debe66da57a88d16f242b1728c1e64b12847134b8697d6e866da3bd12efcaff,125853.0
OPUSDT,2026-05,funding_monthly,https://data.binance.vision/data/futures/um/monthly/fundingRate/OPUSDT/OPUSDT-fundingRate-2026-05.zip,.cache/binance-altcoin-trend-round34/funding_monthly/OPUSDT/OPUSDT-fundingRate-2026-05.zip,downloaded_verified,6172837377ab82cd1b28cdad397f885c1a406045fe3cb68f1dd7042f5da3751c,932.0
OPUSDT,2026-06,kline_monthly,https://data.binance.vision/data/futures/um/monthly/klines/OPUSDT/15m/OPUSDT-15m-2026-06.zip,.cache/binance-altcoin-trend-round34/kline_monthly/OPUSDT/OPUSDT-15m-2026-06.zip,downloaded_verified,f1e01feec706c476d0b5eb50c8d88fe3ae153cc7af9b2e96e2d32af2898f1bef,122305.0
OPUSDT,2026-06,funding_monthly,https://data.binance.vision/data/futures/um/monthly/fundingRate/OPUSDT/OPUSDT-fundingRate-2026-06.zip,.cache/binance-altcoin-trend-round34/funding_monthly/OPUSDT/OPUSDT-fundingRate-2026-06.zip,downloaded_verified,215eeac1d1644d255f378cf6a0e122af7635f213a923e13a8d0913e5d61e830b,961.0
OPUSDT,2026-07-01,kline_daily,https://data.binance.vision/data/futures/um/daily/klines/OPUSDT/15m/OPUSDT-15m-2026-07-01.zip,.cache/binance-altcoin-trend-round34/kline_daily/OPUSDT/OPUSDT-15m-2026-07-01.zip,downloaded_verified,2efe49b192d98987e3f83ab2a812391e6b9ec1f2faf223258c0f6946b2d04f06,4411.0
OPUSDT,2026-07-02,kline_daily,https://data.binance.vision/data/futures/um/daily/klines/OPUSDT/15m/OPUSDT-15m-2026-07-02.zip,.cache/binance-altcoin-trend-round34/kline_daily/OPUSDT/OPUSDT-15m-2026-07-02.zip,downloaded_verified,0e9642bb8705327dd2dbe38769d6d70cdd6e2c2cba5c42e5f36e1de0595028a1,4367.0
OPUSDT,2026-07-03,kline_daily,https://data.binance.vision/data/futures/um/daily/klines/OPUSDT/15m/OPUSDT-15m-2026-07-03.zip,.cache/binance-altcoin-trend-round34/kline_daily/OPUSDT/OPUSDT-15m-2026-07-03.zip,downloaded_verified,c726104a6c3b334670aeb7a19cb35d7328ea15fc882c7c1e37acaeb43894e99b,4436.0
OPUSDT,2026-07-04,kline_daily,https://data.binance.vision/data/futures/um/daily/klines/OPUSDT/15m/OPUSDT-15m-2026-07-04.zip,.cache/binance-altcoin-trend-round34/kline_daily/OPUSDT/OPUSDT-15m-2026-07-04.zip,downloaded_verified,9b6b267e3dce548f69cc8810af9f80dee39d72a1347877d69793504dcdd5df1b,4327.0
OPUSDT,2026-07-05,kline_daily,https://data.binance.vision/data/futures/um/daily/klines/OPUSDT/15m/OPUSDT-15m-2026-07-05.zip,.cache/binance-altcoin-trend-round34/kline_daily/OPUSDT/OPUSDT-15m-2026-07-05.zip,downloaded_verified,c9483af411bfa4b867696d846e6e8b724514425a6e84e6ce3bacf971e2bec34f,4274.0
OPUSDT,2026-07-06,kline_daily,https://data.binance.vision/data/futures/um/daily/klines/OPUSDT/15m/OPUSDT-15m-2026-07-06.zip,.cache/binance-altcoin-trend-round34/kline_daily/OPUSDT/OPUSDT-15m-2026-07-06.zip,downloaded_verified,1bcb25b0da4af028fab11dbcc65dda32e11029db0d23a002e05554c13aedd1cd,4338.0
OPUSDT,2026-07-07,kline_daily,https://data.binance.vision/data/futures/um/daily/klines/OPUSDT/15m/OPUSDT-15m-2026-07-07.zip,.cache/binance-altcoin-trend-round34/kline_daily/OPUSDT/OPUSDT-15m-2026-07-07.zip,downloaded_verified,d5543a7073521a04b09dcb9721c7d1e919646b9923cd9deedfde9eafd14d59ce,4324.0
OPUSDT,2026-07-08,kline_daily,https://data.binance.vision/data/futures/um/daily/klines/OPUSDT/15m/OPUSDT-15m-2026-07-08.zip,.cache/binance-altcoin-trend-round34/kline_daily/OPUSDT/OPUSDT-15m-2026-07-08.zip,downloaded_verified,b7713baea211708a3f6166b02304acc14fe9e3a4612df1126559a8f07dcfc923,4386.0
OPUSDT,2026-07-09,kline_daily,https://data.binance.vision/data/futures/um/daily/klines/OPUSDT/15m/OPUSDT-15m-2026-07-09.zip,.cache/binance-altcoin-trend-round34/kline_daily/OPUSDT/OPUSDT-15m-2026-07-09.zip,downloaded_verified,da170942383887d563f3c51382c2ae90835f706c5e343026421e0aaeb058d801,4419.0
OPUSDT,2026-07-10,kline_daily,https://data.binance.vision/data/futures/um/daily/klines/OPUSDT/15m/OPUSDT-15m-2026-07-10.zip,.cache/binance-altcoin-trend-round34/kline_daily/OPUSDT/OPUSDT-15m-2026-07-10.zip,downloaded_verified,1c7389595d2828670b0e31017badacfd1cb5ad04b31ba91ebf1af91c8a6dcf11,4381.0
OPUSDT,2026-07-11,kline_daily,https://data.binance.vision/data/futures/um/daily/klines/OPUSDT/15m/OPUSDT-15m-2026-07-11.zip,.cache/binance-altcoin-trend-round34/kline_daily/OPUSDT/OPUSDT-15m-2026-07-11.zip,downloaded_verified,a19bf85453e4e911defbd3aa7ca83556d46c72e73a44531e9c0abaedaf9da0a5,4251.0
OPUSDT,2026-07-12,kline_daily,https://data.binance.vision/data/futures/um/daily/klines/OPUSDT/15m/OPUSDT-15m-2026-07-12.zip,.cache/binance-altcoin-trend-round34/kline_daily/OPUSDT/OPUSDT-15m-2026-07-12.zip,downloaded_verified,5ada2c27f70d3d925e03c15717edec0f2bafb54d072d6b0480606547ee0712ed,4255.0
OPUSDT,2026-07-13,kline_daily,https://data.binance.vision/data/futures/um/daily/klines/OPUSDT/15m/OPUSDT-15m-2026-07-13.zip,.cache/binance-altcoin-trend-round34/kline_daily/OPUSDT/OPUSDT-15m-2026-07-13.zip,downloaded_verified,54f6da9eab5098e9eb2d66be17dafe178a059900b7135547ed66bfc0e3ee381f,4373.0
OPUSDT,2026-07-14,kline_daily,https://data.binance.vision/data/futures/um/daily/klines/OPUSDT/15m/OPUSDT-15m-2026-07-14.zip,.cache/binance-altcoin-trend-round34/kline_daily/OPUSDT/OPUSDT-15m-2026-07-14.zip,downloaded_verified,3f8a24547084ce126d8154d7414da21d567d861cf224f907e6ce16b032a22f58,4308.0
OPUSDT,2026-07-15,kline_daily,https://data.binance.vision/data/futures/um/daily/klines/OPUSDT/15m/OPUSDT-15m-2026-07-15.zip,.cache/binance-altcoin-trend-round34/kline_daily/OPUSDT/OPUSDT-15m-2026-07-15.zip,downloaded_verified,071891f94a76988ef9d5075acbe9455da36c0af5a633495198d7baf675c85dca,4308.0
OPUSDT,2026-07-16,kline_daily,https://data.binance.vision/data/futures/um/daily/klines/OPUSDT/15m/OPUSDT-15m-2026-07-16.zip,.cache/binance-altcoin-trend-round34/kline_daily/OPUSDT/OPUSDT-15m-2026-07-16.zip,downloaded_verified,e37a6546856fb974d64293caaac1588b9d27644c9c421c9277a63d23bf1c9353,4339.0
OPUSDT,2026-07-17,kline_daily,https://data.binance.vision/data/futures/um/daily/klines/OPUSDT/15m/OPUSDT-15m-2026-07-17.zip,.cache/binance-altcoin-trend-round34/kline_daily/OPUSDT/OPUSDT-15m-2026-07-17.zip,downloaded_verified,baeacff68af8c3479b6972c44d208b5d8c32735863a0820ea1073dc8fe53ed5f,4367.0
OPUSDT,2026-07-18,kline_daily,https://data.binance.vision/data/futures/um/daily/klines/OPUSDT/15m/OPUSDT-15m-2026-07-18.zip,.cache/binance-altcoin-trend-round34/kline_daily/OPUSDT/OPUSDT-15m-2026-07-18.zip,downloaded_verified,fdfa591aee90d3e9cd6e46ebc5afff02a414401c07da3da012b5f35059f6ae4b,4237.0
OPUSDT,2026-07-19,kline_daily,https://data.binance.vision/data/futures/um/daily/klines/OPUSDT/15m/OPUSDT-15m-2026-07-19.zip,.cache/binance-altcoin-trend-round34/kline_daily/OPUSDT/OPUSDT-15m-2026-07-19.zip,downloaded_verified,f555b64b4d1fc1fc421baf561159b5dab262b30e0b7550268c1c2bc3dad97cb7,4210.0
OPUSDT,2026-07-20,kline_daily,https://data.binance.vision/data/futures/um/daily/klines/OPUSDT/15m/OPUSDT-15m-2026-07-20.zip,.cache/binance-altcoin-trend-round34/kline_daily/OPUSDT/OPUSDT-15m-2026-07-20.zip,downloaded_verified,7ebec308e823da0bcc4b608d4be5f3e5542d1124d7b9cc729cf071ca5c7a7497,4358.0
OPUSDT,2026-07-21,kline_daily,https://data.binance.vision/data/futures/um/daily/klines/OPUSDT/15m/OPUSDT-15m-2026-07-21.zip,.cache/binance-altcoin-trend-round34/kline_daily/OPUSDT/OPUSDT-15m-2026-07-21.zip,downloaded_verified,17a0f1ea8a4fcdf010ff58bd0fed09fe4e113b478d7154b3021206289a7ddf41,4348.0
OPUSDT,2026-07-22,kline_daily,https://data.binance.vision/data/futures/um/daily/klines/OPUSDT/15m/OPUSDT-15m-2026-07-22.zip,.cache/binance-altcoin-trend-round34/kline_daily/OPUSDT/OPUSDT-15m-2026-07-22.zip,downloaded_verified,fc3e4930259de517dfd32f0dda2011d1df36f16da40e4c1128815c3f30076580,4303.0
OPUSDT,2026-07-23,kline_daily,https://data.binance.vision/data/futures/um/daily/klines/OPUSDT/15m/OPUSDT-15m-2026-07-23.zip,.cache/binance-altcoin-trend-round34/kline_daily/OPUSDT/OPUSDT-15m-2026-07-23.zip,downloaded_verified,2445962816db61f74f70170f9a37a78650f3d81ab700a9f12ee39ee52fcb971b,4323.0
OPUSDT,2026-07-24,kline_daily,https://data.binance.vision/data/futures/um/daily/klines/OPUSDT/15m/OPUSDT-15m-2026-07-24.zip,.cache/binance-altcoin-trend-round34/kline_daily/OPUSDT/OPUSDT-15m-2026-07-24.zip,downloaded_verified,128eee32dfd330658293d939f6d7d4757cbf70a294b883e579d5b05468e9a515,4308.0
OPUSDT,2026-07-25,kline_daily,https://data.binance.vision/data/futures/um/daily/klines/OPUSDT/15m/OPUSDT-15m-2026-07-25.zip,.cache/binance-altcoin-trend-round34/kline_daily/OPUSDT/OPUSDT-15m-2026-07-25.zip,downloaded_verified,382473eec8227a3f371e25c083e91faf10eda63889dbf513ebf65c3cbffe9b1a,4174.0
OPUSDT,2026-07-26,kline_daily,https://data.binance.vision/data/futures/um/daily/klines/OPUSDT/15m/OPUSDT-15m-2026-07-26.zip,.cache/binance-altcoin-trend-round34/kline_daily/OPUSDT/OPUSDT-15m-2026-07-26.zip,downloaded_verified,7ec284b72d69ed8e094297a77a037799bf5b731cc034717c016d84c333e1531d,4200.0
ETCUSDT,2023-11,kline_monthly,https://data.binance.vision/data/futures/um/monthly/klines/ETCUSDT/15m/ETCUSDT-15m-2023-11.zip,.cache/binance-altcoin-trend-round34/kline_monthly/ETCUSDT/ETCUSDT-15m-2023-11.zip,downloaded_verified,0818ddc336bcfcfeba57df9d41dcc3629c1ba5059808f015c3c62669f3e8a23d,126300.0
ETCUSDT,2023-11,funding_monthly,https://data.binance.vision/data/futures/um/monthly/fundingRate/ETCUSDT/ETCUSDT-fundingRate-2023-11.zip,.cache/binance-altcoin-trend-round34/funding_monthly/ETCUSDT/ETCUSDT-fundingRate-2023-11.zip,downloaded_verified,34891329153e821de8dbfa62d9cf8dbc051fee14fb8a11ad13df495b1acb3723,770.0
ETCUSDT,2023-12,kline_monthly,https://data.binance.vision/data/futures/um/monthly/klines/ETCUSDT/15m/ETCUSDT-15m-2023-12.zip,.cache/binance-altcoin-trend-round34/kline_monthly/ETCUSDT/ETCUSDT-15m-2023-12.zip,downloaded_verified,ce16557aaf96aa3b4619dab95e091fda50c650be18863170fd1753fd2b538e5b,131035.0
ETCUSDT,2023-12,funding_monthly,https://data.binance.vision/data/futures/um/monthly/fundingRate/ETCUSDT/ETCUSDT-fundingRate-2023-12.zip,.cache/binance-altcoin-trend-round34/funding_monthly/ETCUSDT/ETCUSDT-fundingRate-2023-12.zip,downloaded_verified,91858a8098d6168b89cbe3793a42d9e4c2213fd50807b1c8acd388ea25298194,885.0
ETCUSDT,2024-01,kline_monthly,https://data.binance.vision/data/futures/um/monthly/klines/ETCUSDT/15m/ETCUSDT-15m-2024-01.zip,.cache/binance-altcoin-trend-round34/kline_monthly/ETCUSDT/ETCUSDT-15m-2024-01.zip,downloaded_verified,e6f504260eb90a0e89e3db86822f06000550c087d62aa188e11995be81f0dc75,133833.0
ETCUSDT,2024-01,funding_monthly,https://data.binance.vision/data/futures/um/monthly/fundingRate/ETCUSDT/ETCUSDT-fundingRate-2024-01.zip,.cache/binance-altcoin-trend-round34/funding_monthly/ETCUSDT/ETCUSDT-fundingRate-2024-01.zip,downloaded_verified,1c42617e602a15dc17f6517b5db27cbcfd82c8abfd3578947009cdc5745199ec,698.0
ETCUSDT,2024-02,kline_monthly,https://data.binance.vision/data/futures/um/monthly/klines/ETCUSDT/15m/ETCUSDT-15m-2024-02.zip,.cache/binance-altcoin-trend-round34/kline_monthly/ETCUSDT/ETCUSDT-15m-2024-02.zip,downloaded_verified,798b19bb6524d6efbe2973028800690bb7100c65f172a07dd13a99365198481c,123447.0
ETCUSDT,2024-02,funding_monthly,https://data.binance.vision/data/futures/um/monthly/fundingRate/ETCUSDT/ETCUSDT-fundingRate-2024-02.zip,.cache/binance-altcoin-trend-round34/funding_monthly/ETCUSDT/ETCUSDT-fundingRate-2024-02.zip,downloaded_verified,d8a542173c7c2f8011be7cacfbc094baf37c4c6687bc5704e10b2a6ecbccd28c,774.0
ETCUSDT,2024-03,kline_monthly,https://data.binance.vision/data/futures/um/monthly/klines/ETCUSDT/15m/ETCUSDT-15m-2024-03.zip,.cache/binance-altcoin-trend-round34/kline_monthly/ETCUSDT/ETCUSDT-15m-2024-03.zip,downloaded_verified,bc70ec86d102d68b9511ecdc14d98417ad900270cdf2cf75dc31b1c7b87919c2,135138.0
ETCUSDT,2024-03,funding_monthly,https://data.binance.vision/data/futures/um/monthly/fundingRate/ETCUSDT/ETCUSDT-fundingRate-2024-03.zip,.cache/binance-altcoin-trend-round34/funding_monthly/ETCUSDT/ETCUSDT-fundingRate-2024-03.zip,downloaded_verified,bdc507ee4d051161ab8f16314dc7684120106d9f5b080f66705be32f619dc2dc,940.0
ETCUSDT,2024-04,kline_monthly,https://data.binance.vision/data/futures/um/monthly/klines/ETCUSDT/15m/ETCUSDT-15m-2024-04.zip,.cache/binance-altcoin-trend-round34/kline_monthly/ETCUSDT/ETCUSDT-15m-2024-04.zip,downloaded_verified,14e6a5c0b3db023913496a76c90243bf9ca96f457ec8a2c206d4bd99bf36a3f9,129312.0
ETCUSDT,2024-04,funding_monthly,https://data.binance.vision/data/futures/um/monthly/fundingRate/ETCUSDT/ETCUSDT-fundingRate-2024-04.zip,.cache/binance-altcoin-trend-round34/funding_monthly/ETCUSDT/ETCUSDT-fundingRate-2024-04.zip,downloaded_verified,78a85a2c0f953cd435c50beda1b37dead6f5b65cc186852ee0cf6ccb9c310a51,846.0
ETCUSDT,2024-05,kline_monthly,https://data.binance.vision/data/futures/um/monthly/klines/ETCUSDT/15m/ETCUSDT-15m-2024-05.zip,.cache/binance-altcoin-trend-round34/kline_monthly/ETCUSDT/ETCUSDT-15m-2024-05.zip,downloaded_verified,55ddc8c6f08516e2b30deafd7061e6835343865c5d38b49eb983bcd70485fc02,132107.0
ETCUSDT,2024-05,funding_monthly,https://data.binance.vision/data/futures/um/monthly/fundingRate/ETCUSDT/ETCUSDT-fundingRate-2024-05.zip,.cache/binance-altcoin-trend-round34/funding_monthly/ETCUSDT/ETCUSDT-fundingRate-2024-05.zip,downloaded_verified,1e17a95e51f0baf627612ee64677c2a30fd48be03e0b043d5aff010f02a62494,715.0
ETCUSDT,2024-06,kline_monthly,https://data.binance.vision/data/futures/um/monthly/klines/ETCUSDT/15m/ETCUSDT-15m-2024-06.zip,.cache/binance-altcoin-trend-round34/kline_monthly/ETCUSDT/ETCUSDT-15m-2024-06.zip,downloaded_verified,1049cfc993607679d073ab1834b59951d70883d2c9628e401082ce681f980a13,124272.0
ETCUSDT,2024-06,funding_monthly,https://data.binance.vision/data/futures/um/monthly/fundingRate/ETCUSDT/ETCUSDT-fundingRate-2024-06.zip,.cache/binance-altcoin-trend-round34/funding_monthly/ETCUSDT/ETCUSDT-fundingRate-2024-06.zip,downloaded_verified,9fcdb7d94c1d41404e21872b8bf0ef48a06f3b483e03aba33c6c567886f675e5,843.0
ETCUSDT,2024-07,kline_monthly,https://data.binance.vision/data/futures/um/monthly/klines/ETCUSDT/15m/ETCUSDT-15m-2024-07.zip,.cache/binance-altcoin-trend-round34/kline_monthly/ETCUSDT/ETCUSDT-15m-2024-07.zip,downloaded_verified,d2c454301529ca2403bafe6079ee705f68198a258553ab59db1fb85c735f157c,128757.0
ETCUSDT,2024-07,funding_monthly,https://data.binance.vision/data/futures/um/monthly/fundingRate/ETCUSDT/ETCUSDT-fundingRate-2024-07.zip,.cache/binance-altcoin-trend-round34/funding_monthly/ETCUSDT/ETCUSDT-fundingRate-2024-07.zip,downloaded_verified,2720ee222f42daf1730132e02e9870b343d5db766b81378c9388d8e3459cd6ed,825.0
ETCUSDT,2024-08,kline_monthly,https://data.binance.vision/data/futures/um/monthly/klines/ETCUSDT/15m/ETCUSDT-15m-2024-08.zip,.cache/binance-altcoin-trend-round34/kline_monthly/ETCUSDT/ETCUSDT-15m-2024-08.zip,downloaded_verified,4f15399f9d8988273596faa335e338c8b4d126f86b553c8eab66e9bceb3c2e35,126710.0
ETCUSDT,2024-08,funding_monthly,https://data.binance.vision/data/futures/um/monthly/fundingRate/ETCUSDT/ETCUSDT-fundingRate-2024-08.zip,.cache/binance-altcoin-trend-round34/funding_monthly/ETCUSDT/ETCUSDT-fundingRate-2024-08.zip,downloaded_verified,2e5a6d6dbe324613cc6774b40855d1b5ba8ef8de64cb0a4ba845ba3569b3ee48,894.0
ETCUSDT,2024-09,kline_monthly,https://data.binance.vision/data/futures/um/monthly/klines/ETCUSDT/15m/ETCUSDT-15m-2024-09.zip,.cache/binance-altcoin-trend-round34/kline_monthly/ETCUSDT/ETCUSDT-15m-2024-09.zip,downloaded_verified,e01b3f31202d016a54c17fcc88d95c370e94807f1b71ffc2718cde0e320e127b,121535.0
ETCUSDT,2024-09,funding_monthly,https://data.binance.vision/data/futures/um/monthly/fundingRate/ETCUSDT/ETCUSDT-fundingRate-2024-09.zip,.cache/binance-altcoin-trend-round34/funding_monthly/ETCUSDT/ETCUSDT-fundingRate-2024-09.zip,downloaded_verified,61218303964be7872897b4fab05e09b8b1e6e7f27166ec6482a6bb801189f57e,837.0
ETCUSDT,2024-10,kline_monthly,https://data.binance.vision/data/futures/um/monthly/klines/ETCUSDT/15m/ETCUSDT-15m-2024-10.zip,.cache/binance-altcoin-trend-round34/kline_monthly/ETCUSDT/ETCUSDT-15m-2024-10.zip,downloaded_verified,91fab04ced6b54977a8ec949ba7b6e81eb2a731bc7c35e0ef161aff334648029,125806.0
ETCUSDT,2024-10,funding_monthly,https://data.binance.vision/data/futures/um/monthly/fundingRate/ETCUSDT/ETCUSDT-fundingRate-2024-10.zip,.cache/binance-altcoin-trend-round34/funding_monthly/ETCUSDT/ETCUSDT-fundingRate-2024-10.zip,downloaded_verified,52928c213e858773d79125dfadae123cb004513eadb2522123f9cc6ea823ebb5,740.0
ETCUSDT,2024-11,kline_monthly,https://data.binance.vision/data/futures/um/monthly/klines/ETCUSDT/15m/ETCUSDT-15m-2024-11.zip,.cache/binance-altcoin-trend-round34/kline_monthly/ETCUSDT/ETCUSDT-15m-2024-11.zip,downloaded_verified,02cd2f8d429db7f00421dea7cf133bea4b1cbf84118e45aa496ab3c3a38846e4,128662.0
ETCUSDT,2024-11,funding_monthly,https://data.binance.vision/data/futures/um/monthly/fundingRate/ETCUSDT/ETCUSDT-fundingRate-2024-11.zip,.cache/binance-altcoin-trend-round34/funding_monthly/ETCUSDT/ETCUSDT-fundingRate-2024-11.zip,downloaded_verified,fd173d6effcb2a46d7e4e8adf7a18cf8cedfd6c954ae531a8130bcd662ea38ff,735.0
ETCUSDT,2024-12,kline_monthly,https://data.binance.vision/data/futures/um/monthly/klines/ETCUSDT/15m/ETCUSDT-15m-2024-12.zip,.cache/binance-altcoin-trend-round34/kline_monthly/ETCUSDT/ETCUSDT-15m-2024-12.zip,downloaded_verified,22881c093798ee1581f9c084bd066433966dfbb1fe90d6016a49fa5327ab1720,134242.0
ETCUSDT,2024-12,funding_monthly,https://data.binance.vision/data/futures/um/monthly/fundingRate/ETCUSDT/ETCUSDT-fundingRate-2024-12.zip,.cache/binance-altcoin-trend-round34/funding_monthly/ETCUSDT/ETCUSDT-fundingRate-2024-12.zip,downloaded_verified,75fd8e32325e1f8d5a27ead26f622953de23c2f9cc0098b546b14b733f39c51a,768.0
ETCUSDT,2025-01,kline_monthly,https://data.binance.vision/data/futures/um/monthly/klines/ETCUSDT/15m/ETCUSDT-15m-2025-01.zip,.cache/binance-altcoin-trend-round34/kline_monthly/ETCUSDT/ETCUSDT-15m-2025-01.zip,downloaded_verified,e0f107091308c94284531d96a8cd6c14f0d9dbc8bcc53be5715f065b5e3f4179,130787.0
ETCUSDT,2025-01,funding_monthly,https://data.binance.vision/data/futures/um/monthly/fundingRate/ETCUSDT/ETCUSDT-fundingRate-2025-01.zip,.cache/binance-altcoin-trend-round34/funding_monthly/ETCUSDT/ETCUSDT-fundingRate-2025-01.zip,downloaded_verified,0485303ef50063be5da0cf5a42f4df357cf37b16a3a9fb5d766240bcac6afca5,697.0
ETCUSDT,2025-02,kline_monthly,https://data.binance.vision/data/futures/um/monthly/klines/ETCUSDT/15m/ETCUSDT-15m-2025-02.zip,.cache/binance-altcoin-trend-round34/kline_monthly/ETCUSDT/ETCUSDT-15m-2025-02.zip,downloaded_verified,9e69e263ff3549d04db7f2a248addb331613781f8381639575a2342f41d51362,117400.0
ETCUSDT,2025-02,funding_monthly,https://data.binance.vision/data/futures/um/monthly/fundingRate/ETCUSDT/ETCUSDT-fundingRate-2025-02.zip,.cache/binance-altcoin-trend-round34/funding_monthly/ETCUSDT/ETCUSDT-fundingRate-2025-02.zip,downloaded_verified,7fbc38320c731c9342efeebf1094311567f40baec0de62d409e288288fe91732,818.0
ETCUSDT,2025-03,kline_monthly,https://data.binance.vision/data/futures/um/monthly/klines/ETCUSDT/15m/ETCUSDT-15m-2025-03.zip,.cache/binance-altcoin-trend-round34/kline_monthly/ETCUSDT/ETCUSDT-15m-2025-03.zip,downloaded_verified,1745cc17bee9c3c41ea2f5b9f292ce83daf5cc9364a2c91593afc99941ba7a9a,128195.0
ETCUSDT,2025-03,funding_monthly,https://data.binance.vision/data/futures/um/monthly/fundingRate/ETCUSDT/ETCUSDT-fundingRate-2025-03.zip,.cache/binance-altcoin-trend-round34/funding_monthly/ETCUSDT/ETCUSDT-fundingRate-2025-03.zip,downloaded_verified,39da7395a9aa5c68ace4d7fe77b06b87ac10ed1df57a5d58111bc766045b6728,866.0
ETCUSDT,2025-04,kline_monthly,https://data.binance.vision/data/futures/um/monthly/klines/ETCUSDT/15m/ETCUSDT-15m-2025-04.zip,.cache/binance-altcoin-trend-round34/kline_monthly/ETCUSDT/ETCUSDT-15m-2025-04.zip,downloaded_verified,884839d2133a332f78aa242f3d655f788956e8ec2e1300fce0a90df39e27ebcc,123087.0
ETCUSDT,2025-04,funding_monthly,https://data.binance.vision/data/futures/um/monthly/fundingRate/ETCUSDT/ETCUSDT-fundingRate-2025-04.zip,.cache/binance-altcoin-trend-round34/funding_monthly/ETCUSDT/ETCUSDT-fundingRate-2025-04.zip,downloaded_verified,43dd4c2ad784e4098a132657359f07ddb8ce6f7c9c2e02f30bd76942ced7a401,899.0
ETCUSDT,2025-05,kline_monthly,https://data.binance.vision/data/futures/um/monthly/klines/ETCUSDT/15m/ETCUSDT-15m-2025-05.zip,.cache/binance-altcoin-trend-round34/kline_monthly/ETCUSDT/ETCUSDT-15m-2025-05.zip,downloaded_verified,5415b66e061ef90c6600d0687854ef2bbd2af194048ae6dc016cc99bcc02aaf6,128725.0
ETCUSDT,2025-05,funding_monthly,https://data.binance.vision/data/futures/um/monthly/fundingRate/ETCUSDT/ETCUSDT-fundingRate-2025-05.zip,.cache/binance-altcoin-trend-round34/funding_monthly/ETCUSDT/ETCUSDT-fundingRate-2025-05.zip,downloaded_verified,e964e80a9ca8517578da0ef9bcdc46e25190b8178ce1cc9c33e2d6da099ef3dd,865.0
ETCUSDT,2025-06,kline_monthly,https://data.binance.vision/data/futures/um/monthly/klines/ETCUSDT/15m/ETCUSDT-15m-2025-06.zip,.cache/binance-altcoin-trend-round34/kline_monthly/ETCUSDT/ETCUSDT-15m-2025-06.zip,downloaded_verified,e302dcd0fa8359b3f07ddc277b4aba1f97fedcf97b228f1e55d2d533aa021895,122917.0
ETCUSDT,2025-06,funding_monthly,https://data.binance.vision/data/futures/um/monthly/fundingRate/ETCUSDT/ETCUSDT-fundingRate-2025-06.zip,.cache/binance-altcoin-trend-round34/funding_monthly/ETCUSDT/ETCUSDT-fundingRate-2025-06.zip,downloaded_verified,23b37f8375284ba3ac235c4d518dbdb9b8c600d7abd3db09ea763984c8a1fc24,922.0
ETCUSDT,2025-07,kline_monthly,https://data.binance.vision/data/futures/um/monthly/klines/ETCUSDT/15m/ETCUSDT-15m-2025-07.zip,.cache/binance-altcoin-trend-round34/kline_monthly/ETCUSDT/ETCUSDT-15m-2025-07.zip,downloaded_verified,c269330c06444e88c7e2d8d1d6ecc605a28e1b8385459d7408b6a06186658f8a,130550.0
ETCUSDT,2025-07,funding_monthly,https://data.binance.vision/data/futures/um/monthly/fundingRate/ETCUSDT/ETCUSDT-fundingRate-2025-07.zip,.cache/binance-altcoin-trend-round34/funding_monthly/ETCUSDT/ETCUSDT-fundingRate-2025-07.zip,downloaded_verified,ef06d744cb1fbef12b090a890ab2f05f12fe382fb09d5160b826133be0a75a48,782.0
ETCUSDT,2025-08,kline_monthly,https://data.binance.vision/data/futures/um/monthly/klines/ETCUSDT/15m/ETCUSDT-15m-2025-08.zip,.cache/binance-altcoin-trend-round34/kline_monthly/ETCUSDT/ETCUSDT-15m-2025-08.zip,downloaded_verified,c9bc9709f39d5bece8b98c9615a09f582b2fc384a6b4e0601a78c4de2152aed0,130561.0
ETCUSDT,2025-08,funding_monthly,https://data.binance.vision/data/futures/um/monthly/fundingRate/ETCUSDT/ETCUSDT-fundingRate-2025-08.zip,.cache/binance-altcoin-trend-round34/funding_monthly/ETCUSDT/ETCUSDT-fundingRate-2025-08.zip,downloaded_verified,470c2e1b9779ce308d5870c70e448c83738efe9d0f1916a89968adffda728a70,842.0
ETCUSDT,2025-09,kline_monthly,https://data.binance.vision/data/futures/um/monthly/klines/ETCUSDT/15m/ETCUSDT-15m-2025-09.zip,.cache/binance-altcoin-trend-round34/kline_monthly/ETCUSDT/ETCUSDT-15m-2025-09.zip,downloaded_verified,e183b5d35f98dfb1a8208f370f73efe2223075e87aac3f5d6ad9c2e1ec09b27b,123681.0
ETCUSDT,2025-09,funding_monthly,https://data.binance.vision/data/futures/um/monthly/fundingRate/ETCUSDT/ETCUSDT-fundingRate-2025-09.zip,.cache/binance-altcoin-trend-round34/funding_monthly/ETCUSDT/ETCUSDT-fundingRate-2025-09.zip,downloaded_verified,781cb8875604e8a0e39068ba5c9a37e28fa81e7445481fe2a5ae5c4dba4c92fc,875.0
ETCUSDT,2025-10,kline_monthly,https://data.binance.vision/data/futures/um/monthly/klines/ETCUSDT/15m/ETCUSDT-15m-2025-10.zip,.cache/binance-altcoin-trend-round34/kline_monthly/ETCUSDT/ETCUSDT-15m-2025-10.zip,downloaded_verified,59fd412a2d439e9dd8d25268c4584097824b0312bea16c56e354df0369560bed,129129.0
ETCUSDT,2025-10,funding_monthly,https://data.binance.vision/data/futures/um/monthly/fundingRate/ETCUSDT/ETCUSDT-fundingRate-2025-10.zip,.cache/binance-altcoin-trend-round34/funding_monthly/ETCUSDT/ETCUSDT-fundingRate-2025-10.zip,downloaded_verified,9a8aac37566ff6a2555cdbf9f9b9933c15e14949649fc0b66634bceb8f00144a,924.0
ETCUSDT,2025-11,kline_monthly,https://data.binance.vision/data/futures/um/monthly/klines/ETCUSDT/15m/ETCUSDT-15m-2025-11.zip,.cache/binance-altcoin-trend-round34/kline_monthly/ETCUSDT/ETCUSDT-15m-2025-11.zip,downloaded_verified,277bd39370c16b3dbaf21e0c92bbb3a542b1a6d1a5cab8b64dd1e9965dc1ef35,124066.0
ETCUSDT,2025-11,funding_monthly,https://data.binance.vision/data/futures/um/monthly/fundingRate/ETCUSDT/ETCUSDT-fundingRate-2025-11.zip,.cache/binance-altcoin-trend-round34/funding_monthly/ETCUSDT/ETCUSDT-fundingRate-2025-11.zip,downloaded_verified,72382169668bd86677d96690de45d8f54bb129318c46efe07df0dbea9d5a2328,970.0
ETCUSDT,2025-12,kline_monthly,https://data.binance.vision/data/futures/um/monthly/klines/ETCUSDT/15m/ETCUSDT-15m-2025-12.zip,.cache/binance-altcoin-trend-round34/kline_monthly/ETCUSDT/ETCUSDT-15m-2025-12.zip,downloaded_verified,62d0e35090d836af3ea54bdaba1bb2819349bb0fa9e85b15b7729d01e9df7cdc,124778.0
ETCUSDT,2025-12,funding_monthly,https://data.binance.vision/data/futures/um/monthly/fundingRate/ETCUSDT/ETCUSDT-fundingRate-2025-12.zip,.cache/binance-altcoin-trend-round34/funding_monthly/ETCUSDT/ETCUSDT-fundingRate-2025-12.zip,downloaded_verified,ae1b906d8bccd1493c8c7614f07988d7d95cd69292a4ae5d2d38e02f6a52d41a,946.0
ETCUSDT,2026-01,kline_monthly,https://data.binance.vision/data/futures/um/monthly/klines/ETCUSDT/15m/ETCUSDT-15m-2026-01.zip,.cache/binance-altcoin-trend-round34/kline_monthly/ETCUSDT/ETCUSDT-15m-2026-01.zip,downloaded_verified,6ad1aa002d76c802d2d585fab21dd15f70791296e6c0c61f8841d608be17b2d0,124612.0
ETCUSDT,2026-01,funding_monthly,https://data.binance.vision/data/futures/um/monthly/fundingRate/ETCUSDT/ETCUSDT-fundingRate-2026-01.zip,.cache/binance-altcoin-trend-round34/funding_monthly/ETCUSDT/ETCUSDT-fundingRate-2026-01.zip,downloaded_verified,7ec5dbb3f4a3c59d1809edbff489bbed4b382c137ca4de29a6ddd58d89ae455a,917.0
ETCUSDT,2026-02,kline_monthly,https://data.binance.vision/data/futures/um/monthly/klines/ETCUSDT/15m/ETCUSDT-15m-2026-02.zip,.cache/binance-altcoin-trend-round34/kline_monthly/ETCUSDT/ETCUSDT-15m-2026-02.zip,downloaded_verified,b7d347cf798d7cf9a3b41577c2bb15713f3035534ee33a4e93d480ab9a3736b7,112435.0
ETCUSDT,2026-02,funding_monthly,https://data.binance.vision/data/futures/um/monthly/fundingRate/ETCUSDT/ETCUSDT-fundingRate-2026-02.zip,.cache/binance-altcoin-trend-round34/funding_monthly/ETCUSDT/ETCUSDT-fundingRate-2026-02.zip,downloaded_verified,520a4983e272a2f4a9cb77063d042cff6cc2c87c7e12114e4c9d1257ef6d5ae8,929.0
ETCUSDT,2026-03,kline_monthly,https://data.binance.vision/data/futures/um/monthly/klines/ETCUSDT/15m/ETCUSDT-15m-2026-03.zip,.cache/binance-altcoin-trend-round34/kline_monthly/ETCUSDT/ETCUSDT-15m-2026-03.zip,downloaded_verified,2705677169fe84f471cbb1a57d29b7f7233729e1dec6874d2363697658e49b0c,121917.0
ETCUSDT,2026-03,funding_monthly,https://data.binance.vision/data/futures/um/monthly/fundingRate/ETCUSDT/ETCUSDT-fundingRate-2026-03.zip,.cache/binance-altcoin-trend-round34/funding_monthly/ETCUSDT/ETCUSDT-fundingRate-2026-03.zip,downloaded_verified,83da9cd07269e0da9ae12f19790380a8eb1e514fdc74cfe1eaddf755705abd18,990.0
ETCUSDT,2026-04,kline_monthly,https://data.binance.vision/data/futures/um/monthly/klines/ETCUSDT/15m/ETCUSDT-15m-2026-04.zip,.cache/binance-altcoin-trend-round34/kline_monthly/ETCUSDT/ETCUSDT-15m-2026-04.zip,downloaded_verified,97ddc2a23aca76dbd9ab38d7e9d0570039664f1752967680804f1ae562013c49,117005.0
ETCUSDT,2026-04,funding_monthly,https://data.binance.vision/data/futures/um/monthly/fundingRate/ETCUSDT/ETCUSDT-fundingRate-2026-04.zip,.cache/binance-altcoin-trend-round34/funding_monthly/ETCUSDT/ETCUSDT-fundingRate-2026-04.zip,downloaded_verified,b31c558da58ce310e2e9d893affe725b33be765d78990f452777ddd3ceb1675a,906.0
ETCUSDT,2026-05,kline_monthly,https://data.binance.vision/data/futures/um/monthly/klines/ETCUSDT/15m/ETCUSDT-15m-2026-05.zip,.cache/binance-altcoin-trend-round34/kline_monthly/ETCUSDT/ETCUSDT-15m-2026-05.zip,downloaded_verified,829b063d043c09080308ff9556c80e02641d60d28d01b4e2b76443f6d49c7c60,121610.0
ETCUSDT,2026-05,funding_monthly,https://data.binance.vision/data/futures/um/monthly/fundingRate/ETCUSDT/ETCUSDT-fundingRate-2026-05.zip,.cache/binance-altcoin-trend-round34/funding_monthly/ETCUSDT/ETCUSDT-fundingRate-2026-05.zip,downloaded_verified,76a83a44ccbe71e99d41213b195f6a0a6cdb42fc5b4512669a5bb0c6da384948,934.0
ETCUSDT,2026-06,kline_monthly,https://data.binance.vision/data/futures/um/monthly/klines/ETCUSDT/15m/ETCUSDT-15m-2026-06.zip,.cache/binance-altcoin-trend-round34/kline_monthly/ETCUSDT/ETCUSDT-15m-2026-06.zip,downloaded_verified,d64f66da55a9bfca19ae8da3352837c64c3c0f5937c8eeb3e913d5b08eb95031,117638.0
ETCUSDT,2026-06,funding_monthly,https://data.binance.vision/data/futures/um/monthly/fundingRate/ETCUSDT/ETCUSDT-fundingRate-2026-06.zip,.cache/binance-altcoin-trend-round34/funding_monthly/ETCUSDT/ETCUSDT-fundingRate-2026-06.zip,downloaded_verified,421651793d7d3203319cf182582a803e3d209156051057741e50cb0ebf71d7e7,918.0
ETCUSDT,2026-07-01,kline_daily,https://data.binance.vision/data/futures/um/daily/klines/ETCUSDT/15m/ETCUSDT-15m-2026-07-01.zip,.cache/binance-altcoin-trend-round34/kline_daily/ETCUSDT/ETCUSDT-15m-2026-07-01.zip,downloaded_verified,e422c7e6d51da59c4fcf0f00f4b4ae6d451e0a3c8c2065c597de47d67c6e2105,4287.0
ETCUSDT,2026-07-02,kline_daily,https://data.binance.vision/data/futures/um/daily/klines/ETCUSDT/15m/ETCUSDT-15m-2026-07-02.zip,.cache/binance-altcoin-trend-round34/kline_daily/ETCUSDT/ETCUSDT-15m-2026-07-02.zip,downloaded_verified,e43bf30c2d7bb3ff7484fb0ef4217c5f0359e5dd59ccedf51cee7c355cbe6d85,4236.0
ETCUSDT,2026-07-03,kline_daily,https://data.binance.vision/data/futures/um/daily/klines/ETCUSDT/15m/ETCUSDT-15m-2026-07-03.zip,.cache/binance-altcoin-trend-round34/kline_daily/ETCUSDT/ETCUSDT-15m-2026-07-03.zip,downloaded_verified,43c23d32c3b91ccc88ecf123a2162fa696a47adae8f09040114b596cb6ef8fc4,4242.0
ETCUSDT,2026-07-04,kline_daily,https://data.binance.vision/data/futures/um/daily/klines/ETCUSDT/15m/ETCUSDT-15m-2026-07-04.zip,.cache/binance-altcoin-trend-round34/kline_daily/ETCUSDT/ETCUSDT-15m-2026-07-04.zip,downloaded_verified,3ea207e823d8a451a74e171fcd10d21b6ae2a7a2b2018e2d52adee0d82e344e6,4281.0
ETCUSDT,2026-07-05,kline_daily,https://data.binance.vision/data/futures/um/daily/klines/ETCUSDT/15m/ETCUSDT-15m-2026-07-05.zip,.cache/binance-altcoin-trend-round34/kline_daily/ETCUSDT/ETCUSDT-15m-2026-07-05.zip,downloaded_verified,22dccc6e47f823184ae7651870b3e319b901bf9619af11bb41614b782b254510,4263.0
ETCUSDT,2026-07-06,kline_daily,https://data.binance.vision/data/futures/um/daily/klines/ETCUSDT/15m/ETCUSDT-15m-2026-07-06.zip,.cache/binance-altcoin-trend-round34/kline_daily/ETCUSDT/ETCUSDT-15m-2026-07-06.zip,downloaded_verified,468c32d4138557b468c2b0553b7d3d5f4991f5ddba937aab9876990cf693e46b,4236.0
ETCUSDT,2026-07-07,kline_daily,https://data.binance.vision/data/futures/um/daily/klines/ETCUSDT/15m/ETCUSDT-15m-2026-07-07.zip,.cache/binance-altcoin-trend-round34/kline_daily/ETCUSDT/ETCUSDT-15m-2026-07-07.zip,downloaded_verified,18233b1ff4d8360cbdd5af063a3a9dbc14b6f30e1db5c1d7eeb57a01a4cfe127,4255.0
ETCUSDT,2026-07-08,kline_daily,https://data.binance.vision/data/futures/um/daily/klines/ETCUSDT/15m/ETCUSDT-15m-2026-07-08.zip,.cache/binance-altcoin-trend-round34/kline_daily/ETCUSDT/ETCUSDT-15m-2026-07-08.zip,downloaded_verified,6851ca044047c71bf87f46282c06d69cd19fb0acedbc0e577021c54a557656ee,4232.0
ETCUSDT,2026-07-09,kline_daily,https://data.binance.vision/data/futures/um/daily/klines/ETCUSDT/15m/ETCUSDT-15m-2026-07-09.zip,.cache/binance-altcoin-trend-round34/kline_daily/ETCUSDT/ETCUSDT-15m-2026-07-09.zip,downloaded_verified,11d336d98aca1913fee3dc2b4edd57bc23958f4618ea45b4ea567159262cac1f,4194.0
ETCUSDT,2026-07-10,kline_daily,https://data.binance.vision/data/futures/um/daily/klines/ETCUSDT/15m/ETCUSDT-15m-2026-07-10.zip,.cache/binance-altcoin-trend-round34/kline_daily/ETCUSDT/ETCUSDT-15m-2026-07-10.zip,downloaded_verified,c0821e17c67938efabd9b46bf0eab8d7843fbfde7e2d07559a0ee5ed2d1f1ec3,4163.0
ETCUSDT,2026-07-11,kline_daily,https://data.binance.vision/data/futures/um/daily/klines/ETCUSDT/15m/ETCUSDT-15m-2026-07-11.zip,.cache/binance-altcoin-trend-round34/kline_daily/ETCUSDT/ETCUSDT-15m-2026-07-11.zip,downloaded_verified,342834557cfcf176395bb02830a831059b6895f05bb1a8b9d6050c42b63f1cc0,4113.0
ETCUSDT,2026-07-12,kline_daily,https://data.binance.vision/data/futures/um/daily/klines/ETCUSDT/15m/ETCUSDT-15m-2026-07-12.zip,.cache/binance-altcoin-trend-round34/kline_daily/ETCUSDT/ETCUSDT-15m-2026-07-12.zip,downloaded_verified,de81b7b95b724f61cdf3ede86103bb4b40af2c168dadb9f76a473c07dba2c21e,4219.0
ETCUSDT,2026-07-13,kline_daily,https://data.binance.vision/data/futures/um/daily/klines/ETCUSDT/15m/ETCUSDT-15m-2026-07-13.zip,.cache/binance-altcoin-trend-round34/kline_daily/ETCUSDT/ETCUSDT-15m-2026-07-13.zip,downloaded_verified,2eb3cc98f6057ba15fa65ff28e79ab1af68fc7e3695c4dcae546a1b56b7258fc,4282.0
ETCUSDT,2026-07-14,kline_daily,https://data.binance.vision/data/futures/um/daily/klines/ETCUSDT/15m/ETCUSDT-15m-2026-07-14.zip,.cache/binance-altcoin-trend-round34/kline_daily/ETCUSDT/ETCUSDT-15m-2026-07-14.zip,downloaded_verified,519dc3f9a29eead9d647f1a508e3ab1598e3eb466fa3f66e1040fab6ffbe6209,4278.0
ETCUSDT,2026-07-15,kline_daily,https://data.binance.vision/data/futures/um/daily/klines/ETCUSDT/15m/ETCUSDT-15m-2026-07-15.zip,.cache/binance-altcoin-trend-round34/kline_daily/ETCUSDT/ETCUSDT-15m-2026-07-15.zip,downloaded_verified,4ce620fe2ab84aa4110f10e616c33cde68b5185cff026ab15580b1e83f71501b,4243.0
ETCUSDT,2026-07-16,kline_daily,https://data.binance.vision/data/futures/um/daily/klines/ETCUSDT/15m/ETCUSDT-15m-2026-07-16.zip,.cache/binance-altcoin-trend-round34/kline_daily/ETCUSDT/ETCUSDT-15m-2026-07-16.zip,downloaded_verified,30226fba3639b427fab71424aa2e3743ac5adc4db60c51474af59705c99221e9,4191.0
ETCUSDT,2026-07-17,kline_daily,https://data.binance.vision/data/futures/um/daily/klines/ETCUSDT/15m/ETCUSDT-15m-2026-07-17.zip,.cache/binance-altcoin-trend-round34/kline_daily/ETCUSDT/ETCUSDT-15m-2026-07-17.zip,downloaded_verified,cdd477e8331784c03a45750b1053fec15bd5d9cd65087c94a5e5c54705b75332,4251.0
ETCUSDT,2026-07-18,kline_daily,https://data.binance.vision/data/futures/um/daily/klines/ETCUSDT/15m/ETCUSDT-15m-2026-07-18.zip,.cache/binance-altcoin-trend-round34/kline_daily/ETCUSDT/ETCUSDT-15m-2026-07-18.zip,downloaded_verified,a213d177ca5e22e34c49968a8848054d43b7d9ee87ec7209b099c79d6831f349,4152.0
ETCUSDT,2026-07-19,kline_daily,https://data.binance.vision/data/futures/um/daily/klines/ETCUSDT/15m/ETCUSDT-15m-2026-07-19.zip,.cache/binance-altcoin-trend-round34/kline_daily/ETCUSDT/ETCUSDT-15m-2026-07-19.zip,downloaded_verified,a6c17f55555e2263a20c29cafc9a3cec050976563192ad6c9a9aa90d53966d05,4196.0
ETCUSDT,2026-07-20,kline_daily,https://data.binance.vision/data/futures/um/daily/klines/ETCUSDT/15m/ETCUSDT-15m-2026-07-20.zip,.cache/binance-altcoin-trend-round34/kline_daily/ETCUSDT/ETCUSDT-15m-2026-07-20.zip,downloaded_verified,ce93d9e2ba3457251b104170a4f9968ce367760c4a986a589acbcc7201078ded,4362.0
ETCUSDT,2026-07-21,kline_daily,https://data.binance.vision/data/futures/um/daily/klines/ETCUSDT/15m/ETCUSDT-15m-2026-07-21.zip,.cache/binance-altcoin-trend-round34/kline_daily/ETCUSDT/ETCUSDT-15m-2026-07-21.zip,downloaded_verified,180cf9286d4fdd9740ec6da36a3eebfe66a014d1efc41961b5be21b584ff58d1,4222.0
ETCUSDT,2026-07-22,kline_daily,https://data.binance.vision/data/futures/um/daily/klines/ETCUSDT/15m/ETCUSDT-15m-2026-07-22.zip,.cache/binance-altcoin-trend-round34/kline_daily/ETCUSDT/ETCUSDT-15m-2026-07-22.zip,downloaded_verified,fdf8e221d2124ca8a888b839e8eb99734d82596a8409712832fcc7377a67cfa6,4206.0
ETCUSDT,2026-07-23,kline_daily,https://data.binance.vision/data/futures/um/daily/klines/ETCUSDT/15m/ETCUSDT-15m-2026-07-23.zip,.cache/binance-altcoin-trend-round34/kline_daily/ETCUSDT/ETCUSDT-15m-2026-07-23.zip,downloaded_verified,86a40d1a650585c1bd6f462d029017fb806d636c0203f29a16ad8665b687b203,4211.0
ETCUSDT,2026-07-24,kline_daily,https://data.binance.vision/data/futures/um/daily/klines/ETCUSDT/15m/ETCUSDT-15m-2026-07-24.zip,.cache/binance-altcoin-trend-round34/kline_daily/ETCUSDT/ETCUSDT-15m-2026-07-24.zip,downloaded_verified,3ac820f455aca18cb112387789a056280937b89f876c1b0b1ed03b8922c95ae6,4270.0
ETCUSDT,2026-07-25,kline_daily,https://data.binance.vision/data/futures/um/daily/klines/ETCUSDT/15m/ETCUSDT-15m-2026-07-25.zip,.cache/binance-altcoin-trend-round34/kline_daily/ETCUSDT/ETCUSDT-15m-2026-07-25.zip,downloaded_verified,0155bb32c938528772f2d9e96ed3ab2f09c7941f4b07e2d27112c3e21a47c59e,4169.0
ETCUSDT,2026-07-26,kline_daily,https://data.binance.vision/data/futures/um/daily/klines/ETCUSDT/15m/ETCUSDT-15m-2026-07-26.zip,.cache/binance-altcoin-trend-round34/kline_daily/ETCUSDT/ETCUSDT-15m-2026-07-26.zip,downloaded_verified,b6135f43c6e5d44874625fae20dbfcb657128be7ff7bc9b5b5e6b90c3befda59,4383.0
INJUSDT,2023-11,kline_monthly,https://data.binance.vision/data/futures/um/monthly/klines/INJUSDT/15m/INJUSDT-15m-2023-11.zip,.cache/binance-altcoin-trend-round34/kline_monthly/INJUSDT/INJUSDT-15m-2023-11.zip,downloaded_verified,31932c257df31960d65ef7e0e061a3f187e8e7d1f06e7e61bc5b52c8a4bccde7,126351.0
INJUSDT,2023-11,funding_monthly,https://data.binance.vision/data/futures/um/monthly/fundingRate/INJUSDT/INJUSDT-fundingRate-2023-11.zip,.cache/binance-altcoin-trend-round34/funding_monthly/INJUSDT/INJUSDT-fundingRate-2023-11.zip,downloaded_verified,b4308029bb80cff235855cf3975ababafc3cc9c5cef99d031cb5bb7bef0cdc6a,704.0
INJUSDT,2023-12,kline_monthly,https://data.binance.vision/data/futures/um/monthly/klines/INJUSDT/15m/INJUSDT-15m-2023-12.zip,.cache/binance-altcoin-trend-round34/kline_monthly/INJUSDT/INJUSDT-15m-2023-12.zip,downloaded_verified,27e6b95dddc98a4a64ef774e1da2bfbc6753bdf56a627d331df1f806c233dfd1,134679.0
INJUSDT,2023-12,funding_monthly,https://data.binance.vision/data/futures/um/monthly/fundingRate/INJUSDT/INJUSDT-fundingRate-2023-12.zip,.cache/binance-altcoin-trend-round34/funding_monthly/INJUSDT/INJUSDT-fundingRate-2023-12.zip,downloaded_verified,440028a90072e2f0e0f367d6b5097c33443e54dbbf28b274a3203b35dfac3429,874.0
INJUSDT,2024-01,kline_monthly,https://data.binance.vision/data/futures/um/monthly/klines/INJUSDT/15m/INJUSDT-15m-2024-01.zip,.cache/binance-altcoin-trend-round34/kline_monthly/INJUSDT/INJUSDT-15m-2024-01.zip,downloaded_verified,254cd38d030db0d6970aaced4c13e4ce27bd976531966713c4908a312314ea96,133968.0
INJUSDT,2024-01,funding_monthly,https://data.binance.vision/data/futures/um/monthly/fundingRate/INJUSDT/INJUSDT-fundingRate-2024-01.zip,.cache/binance-altcoin-trend-round34/funding_monthly/INJUSDT/INJUSDT-fundingRate-2024-01.zip,downloaded_verified,2aaa69826d25689a083b48e7ae048a31fe4e1ca8a501e2be518bd236328751c7,723.0
INJUSDT,2024-02,kline_monthly,https://data.binance.vision/data/futures/um/monthly/klines/INJUSDT/15m/INJUSDT-15m-2024-02.zip,.cache/binance-altcoin-trend-round34/kline_monthly/INJUSDT/INJUSDT-15m-2024-02.zip,downloaded_verified,7dde4d6267f6d53e639a984c9fafce6c35b71851b4479bf4e0860f5b130d087c,123775.0
INJUSDT,2024-02,funding_monthly,https://data.binance.vision/data/futures/um/monthly/fundingRate/INJUSDT/INJUSDT-fundingRate-2024-02.zip,.cache/binance-altcoin-trend-round34/funding_monthly/INJUSDT/INJUSDT-fundingRate-2024-02.zip,downloaded_verified,6c03583ffd2545f2b63653b148e97db80fc4e4686f8a3c4d5bafbc53e29f9309,790.0
INJUSDT,2024-03,kline_monthly,https://data.binance.vision/data/futures/um/monthly/klines/INJUSDT/15m/INJUSDT-15m-2024-03.zip,.cache/binance-altcoin-trend-round34/kline_monthly/INJUSDT/INJUSDT-15m-2024-03.zip,downloaded_verified,2fbde5614c57db385bdcb5d69c09799be9391ef35a51164ddc9f1fc77c07f868,133359.0
INJUSDT,2024-03,funding_monthly,https://data.binance.vision/data/futures/um/monthly/fundingRate/INJUSDT/INJUSDT-fundingRate-2024-03.zip,.cache/binance-altcoin-trend-round34/funding_monthly/INJUSDT/INJUSDT-fundingRate-2024-03.zip,downloaded_verified,9558628a70003a9c538b2f5cdf96aa7dcbd49793cdd09a95789f645105440b5d,937.0
INJUSDT,2024-04,kline_monthly,https://data.binance.vision/data/futures/um/monthly/klines/INJUSDT/15m/INJUSDT-15m-2024-04.zip,.cache/binance-altcoin-trend-round34/kline_monthly/INJUSDT/INJUSDT-15m-2024-04.zip,downloaded_verified,487a730d3154540bc0f91d554966cbb105e49f323153b2660d60e47e8c6e4762,126516.0
INJUSDT,2024-04,funding_monthly,https://data.binance.vision/data/futures/um/monthly/fundingRate/INJUSDT/INJUSDT-fundingRate-2024-04.zip,.cache/binance-altcoin-trend-round34/funding_monthly/INJUSDT/INJUSDT-fundingRate-2024-04.zip,downloaded_verified,0e7e32bb416000d43dae5a263c0351609a282f727bda770c0b660ba6b0a4e461,889.0
INJUSDT,2024-05,kline_monthly,https://data.binance.vision/data/futures/um/monthly/klines/INJUSDT/15m/INJUSDT-15m-2024-05.zip,.cache/binance-altcoin-trend-round34/kline_monthly/INJUSDT/INJUSDT-15m-2024-05.zip,downloaded_verified,9c264e676fd9e991f1beb94d541585d0a3d3f8e25ec5e4a9d4b7a4b0e6fe5020,128490.0
INJUSDT,2024-05,funding_monthly,https://data.binance.vision/data/futures/um/monthly/fundingRate/INJUSDT/INJUSDT-fundingRate-2024-05.zip,.cache/binance-altcoin-trend-round34/funding_monthly/INJUSDT/INJUSDT-fundingRate-2024-05.zip,downloaded_verified,6eff2c520b4dbe22616d1b38ced18f196d7e08795df68802b2e213948c33069c,799.0
INJUSDT,2024-06,kline_monthly,https://data.binance.vision/data/futures/um/monthly/klines/INJUSDT/15m/INJUSDT-15m-2024-06.zip,.cache/binance-altcoin-trend-round34/kline_monthly/INJUSDT/INJUSDT-15m-2024-06.zip,downloaded_verified,909bee8f610820ed70ffbebad5c3c27b2c4d800589fd788cebf769ac64cbbf35,126791.0
INJUSDT,2024-06,funding_monthly,https://data.binance.vision/data/futures/um/monthly/fundingRate/INJUSDT/INJUSDT-fundingRate-2024-06.zip,.cache/binance-altcoin-trend-round34/funding_monthly/INJUSDT/INJUSDT-fundingRate-2024-06.zip,downloaded_verified,4debf2d06a2f46eb816ab7ce9f3abd434186056f6392e99c1dfffc01cb0b4df2,800.0
INJUSDT,2024-07,kline_monthly,https://data.binance.vision/data/futures/um/monthly/klines/INJUSDT/15m/INJUSDT-15m-2024-07.zip,.cache/binance-altcoin-trend-round34/kline_monthly/INJUSDT/INJUSDT-15m-2024-07.zip,downloaded_verified,0286673797eac3e541ac922133218909e791f286eebf90fc0ebf241e718932b5,128888.0
INJUSDT,2024-07,funding_monthly,https://data.binance.vision/data/futures/um/monthly/fundingRate/INJUSDT/INJUSDT-fundingRate-2024-07.zip,.cache/binance-altcoin-trend-round34/funding_monthly/INJUSDT/INJUSDT-fundingRate-2024-07.zip,downloaded_verified,c0017463502aef6112b1b626bdf1295a2f8ec062d2c4be20a284757d86b5af5c,842.0
INJUSDT,2024-08,kline_monthly,https://data.binance.vision/data/futures/um/monthly/klines/INJUSDT/15m/INJUSDT-15m-2024-08.zip,.cache/binance-altcoin-trend-round34/kline_monthly/INJUSDT/INJUSDT-15m-2024-08.zip,downloaded_verified,7a7d3fa54b08de6e40d1b3ce956d80c4f020f109a97605b9a22aaa48fc9f9054,129037.0
INJUSDT,2024-08,funding_monthly,https://data.binance.vision/data/futures/um/monthly/fundingRate/INJUSDT/INJUSDT-fundingRate-2024-08.zip,.cache/binance-altcoin-trend-round34/funding_monthly/INJUSDT/INJUSDT-fundingRate-2024-08.zip,downloaded_verified,7e9c983ab1a4bb80e2035bbba19ccfb1e756bc660d7b04d2556948e508ad59d9,925.0
INJUSDT,2024-09,kline_monthly,https://data.binance.vision/data/futures/um/monthly/klines/INJUSDT/15m/INJUSDT-15m-2024-09.zip,.cache/binance-altcoin-trend-round34/kline_monthly/INJUSDT/INJUSDT-15m-2024-09.zip,downloaded_verified,f7bf77bd09d0484200316c015e1e8d524ec03b27af6457247cca89c30051289c,124436.0
INJUSDT,2024-09,funding_monthly,https://data.binance.vision/data/futures/um/monthly/fundingRate/INJUSDT/INJUSDT-fundingRate-2024-09.zip,.cache/binance-altcoin-trend-round34/funding_monthly/INJUSDT/INJUSDT-fundingRate-2024-09.zip,downloaded_verified,3ea2b7b857939d03a71f2431ce776ad334c362a4861691d73af3106ea706da3e,825.0
INJUSDT,2024-10,kline_monthly,https://data.binance.vision/data/futures/um/monthly/klines/INJUSDT/15m/INJUSDT-15m-2024-10.zip,.cache/binance-altcoin-trend-round34/kline_monthly/INJUSDT/INJUSDT-15m-2024-10.zip,downloaded_verified,71b005c1be51704fd64f72ce0e905c8aaa758383adb751a11769fd59d12af413,127960.0
INJUSDT,2024-10,funding_monthly,https://data.binance.vision/data/futures/um/monthly/fundingRate/INJUSDT/INJUSDT-fundingRate-2024-10.zip,.cache/binance-altcoin-trend-round34/funding_monthly/INJUSDT/INJUSDT-fundingRate-2024-10.zip,downloaded_verified,e849248f3cf28d76cb85113f398b83a1c4bd601e33ab8c6739705f512e16bc25,802.0
INJUSDT,2024-11,kline_monthly,https://data.binance.vision/data/futures/um/monthly/klines/INJUSDT/15m/INJUSDT-15m-2024-11.zip,.cache/binance-altcoin-trend-round34/kline_monthly/INJUSDT/INJUSDT-15m-2024-11.zip,downloaded_verified,50ff23898f2030936c7bd25df980250e1e58e9f919cfda03aac25c69f6589808,126661.0
INJUSDT,2024-11,funding_monthly,https://data.binance.vision/data/futures/um/monthly/fundingRate/INJUSDT/INJUSDT-fundingRate-2024-11.zip,.cache/binance-altcoin-trend-round34/funding_monthly/INJUSDT/INJUSDT-fundingRate-2024-11.zip,downloaded_verified,6cd491dcdd79d9ddcab85899aa2063669913725a2cd3034ec7032f4357714dd0,794.0
INJUSDT,2024-12,kline_monthly,https://data.binance.vision/data/futures/um/monthly/klines/INJUSDT/15m/INJUSDT-15m-2024-12.zip,.cache/binance-altcoin-trend-round34/kline_monthly/INJUSDT/INJUSDT-15m-2024-12.zip,downloaded_verified,024eda88eb8309379101127fef35824871b0998742c81d324ca8a82a80d99cd2,130474.0
INJUSDT,2024-12,funding_monthly,https://data.binance.vision/data/futures/um/monthly/fundingRate/INJUSDT/INJUSDT-fundingRate-2024-12.zip,.cache/binance-altcoin-trend-round34/funding_monthly/INJUSDT/INJUSDT-fundingRate-2024-12.zip,downloaded_verified,3ec4ff9c51c6851751376fcea165179cb783328f14199e5f7cb913387ff7284b,831.0
INJUSDT,2025-01,kline_monthly,https://data.binance.vision/data/futures/um/monthly/klines/INJUSDT/15m/INJUSDT-15m-2025-01.zip,.cache/binance-altcoin-trend-round34/kline_monthly/INJUSDT/INJUSDT-15m-2025-01.zip,downloaded_verified,9f8b540733b1d0b8b558837b5ff3c93def7594c6db2f4e0dfbf0d16e90bd7386,129507.0
INJUSDT,2025-01,funding_monthly,https://data.binance.vision/data/futures/um/monthly/fundingRate/INJUSDT/INJUSDT-fundingRate-2025-01.zip,.cache/binance-altcoin-trend-round34/funding_monthly/INJUSDT/INJUSDT-fundingRate-2025-01.zip,downloaded_verified,97331c485c7347d3ce7aa0fe0180b967bb526a5ba1e7d5ae171c8154b546fa22,730.0
INJUSDT,2025-02,kline_monthly,https://data.binance.vision/data/futures/um/monthly/klines/INJUSDT/15m/INJUSDT-15m-2025-02.zip,.cache/binance-altcoin-trend-round34/kline_monthly/INJUSDT/INJUSDT-15m-2025-02.zip,downloaded_verified,7fb35bc540c16e9e22a8bfbc022aced56e0336db51b9a1b24d6835e9ee07c7d1,116697.0
INJUSDT,2025-02,funding_monthly,https://data.binance.vision/data/futures/um/monthly/fundingRate/INJUSDT/INJUSDT-fundingRate-2025-02.zip,.cache/binance-altcoin-trend-round34/funding_monthly/INJUSDT/INJUSDT-fundingRate-2025-02.zip,downloaded_verified,cfa043a92299d4a75c34592d7e37b7082e8669c1c58dd2af1604496e042940e8,869.0
INJUSDT,2025-03,kline_monthly,https://data.binance.vision/data/futures/um/monthly/klines/INJUSDT/15m/INJUSDT-15m-2025-03.zip,.cache/binance-altcoin-trend-round34/kline_monthly/INJUSDT/INJUSDT-15m-2025-03.zip,downloaded_verified,2ac564e99575f6d21a64e50da36d24722f18150c0001cc364f7735e235a7f088,126446.0
INJUSDT,2025-03,funding_monthly,https://data.binance.vision/data/futures/um/monthly/fundingRate/INJUSDT/INJUSDT-fundingRate-2025-03.zip,.cache/binance-altcoin-trend-round34/funding_monthly/INJUSDT/INJUSDT-fundingRate-2025-03.zip,downloaded_verified,8ec247dbd9bb81622ff2796c7c1d8cf7684d54bb6636c2758d80b5de189db64d,893.0
INJUSDT,2025-04,kline_monthly,https://data.binance.vision/data/futures/um/monthly/klines/INJUSDT/15m/INJUSDT-15m-2025-04.zip,.cache/binance-altcoin-trend-round34/kline_monthly/INJUSDT/INJUSDT-15m-2025-04.zip,downloaded_verified,cd5528a10b40f12059d76e1eab2c0ab1f3a3f8db1c0cdad709bd3d419790f20b,120734.0
INJUSDT,2025-04,funding_monthly,https://data.binance.vision/data/futures/um/monthly/fundingRate/INJUSDT/INJUSDT-fundingRate-2025-04.zip,.cache/binance-altcoin-trend-round34/funding_monthly/INJUSDT/INJUSDT-fundingRate-2025-04.zip,downloaded_verified,f79880e8763d83eb9129402663db6c2584b190b767ed6a1572d76b0d26435c4d,918.0
INJUSDT,2025-05,kline_monthly,https://data.binance.vision/data/futures/um/monthly/klines/INJUSDT/15m/INJUSDT-15m-2025-05.zip,.cache/binance-altcoin-trend-round34/kline_monthly/INJUSDT/INJUSDT-15m-2025-05.zip,downloaded_verified,428e27aff67f5bd593d21d58e63cc49b2e06ffa094b5855d590bed29340e9629,128140.0
INJUSDT,2025-05,funding_monthly,https://data.binance.vision/data/futures/um/monthly/fundingRate/INJUSDT/INJUSDT-fundingRate-2025-05.zip,.cache/binance-altcoin-trend-round34/funding_monthly/INJUSDT/INJUSDT-fundingRate-2025-05.zip,downloaded_verified,94d92194108e2e9752e3f948c6a83248fc445b363027ca225722b42d203e1364,941.0
INJUSDT,2025-06,kline_monthly,https://data.binance.vision/data/futures/um/monthly/klines/INJUSDT/15m/INJUSDT-15m-2025-06.zip,.cache/binance-altcoin-trend-round34/kline_monthly/INJUSDT/INJUSDT-15m-2025-06.zip,downloaded_verified,241b8be52bdd247df40e7e122b907e1a53592ecddfc04d5d5ff2b13794db9a7a,124379.0
INJUSDT,2025-06,funding_monthly,https://data.binance.vision/data/futures/um/monthly/fundingRate/INJUSDT/INJUSDT-fundingRate-2025-06.zip,.cache/binance-altcoin-trend-round34/funding_monthly/INJUSDT/INJUSDT-fundingRate-2025-06.zip,downloaded_verified,ec7bcf6fc54c71721ded36fbc5dc62810eee63d64869087c85c7a769ee3f71a9,967.0
INJUSDT,2025-07,kline_monthly,https://data.binance.vision/data/futures/um/monthly/klines/INJUSDT/15m/INJUSDT-15m-2025-07.zip,.cache/binance-altcoin-trend-round34/kline_monthly/INJUSDT/INJUSDT-15m-2025-07.zip,downloaded_verified,f0116dac2b164ac292ae5ddb791d1f28e1ac1f5702f61da827b53685260950ce,128769.0
INJUSDT,2025-07,funding_monthly,https://data.binance.vision/data/futures/um/monthly/fundingRate/INJUSDT/INJUSDT-fundingRate-2025-07.zip,.cache/binance-altcoin-trend-round34/funding_monthly/INJUSDT/INJUSDT-fundingRate-2025-07.zip,downloaded_verified,f90a7c83463bd80802ec6507de5f9f28ff1c568dabffc69225ef175999bcd566,819.0
INJUSDT,2025-08,kline_monthly,https://data.binance.vision/data/futures/um/monthly/klines/INJUSDT/15m/INJUSDT-15m-2025-08.zip,.cache/binance-altcoin-trend-round34/kline_monthly/INJUSDT/INJUSDT-15m-2025-08.zip,downloaded_verified,81a3f3a95144ef9f24d04df28d507dee4127bfa417e15d37821d6404981ac29f,128626.0
INJUSDT,2025-08,funding_monthly,https://data.binance.vision/data/futures/um/monthly/fundingRate/INJUSDT/INJUSDT-fundingRate-2025-08.zip,.cache/binance-altcoin-trend-round34/funding_monthly/INJUSDT/INJUSDT-fundingRate-2025-08.zip,downloaded_verified,5395712435c519a10200e53eec76be522a47827304494fff59edbfa92348892a,888.0
INJUSDT,2025-09,kline_monthly,https://data.binance.vision/data/futures/um/monthly/klines/INJUSDT/15m/INJUSDT-15m-2025-09.zip,.cache/binance-altcoin-trend-round34/kline_monthly/INJUSDT/INJUSDT-15m-2025-09.zip,downloaded_verified,3a24144e49defcda72510b72751c57a381f2d981dc365ad849060801b6806a44,121842.0
INJUSDT,2025-09,funding_monthly,https://data.binance.vision/data/futures/um/monthly/fundingRate/INJUSDT/INJUSDT-fundingRate-2025-09.zip,.cache/binance-altcoin-trend-round34/funding_monthly/INJUSDT/INJUSDT-fundingRate-2025-09.zip,downloaded_verified,fa5b5ed5c6e78e63b8addc0458a023c789572da3decb85ca1986eb920911f7a2,828.0
INJUSDT,2025-10,kline_monthly,https://data.binance.vision/data/futures/um/monthly/klines/INJUSDT/15m/INJUSDT-15m-2025-10.zip,.cache/binance-altcoin-trend-round34/kline_monthly/INJUSDT/INJUSDT-15m-2025-10.zip,downloaded_verified,b3e24313be9d58bfac8921fec7cf4b26705ed51bb73d4f9143e457af4c125f8a,125626.0
INJUSDT,2025-10,funding_monthly,https://data.binance.vision/data/futures/um/monthly/fundingRate/INJUSDT/INJUSDT-fundingRate-2025-10.zip,.cache/binance-altcoin-trend-round34/funding_monthly/INJUSDT/INJUSDT-fundingRate-2025-10.zip,downloaded_verified,19f472c28267db4cb5dbab639deace61ba46cfa519551217811619a9a523a4a6,938.0
INJUSDT,2025-11,kline_monthly,https://data.binance.vision/data/futures/um/monthly/klines/INJUSDT/15m/INJUSDT-15m-2025-11.zip,.cache/binance-altcoin-trend-round34/kline_monthly/INJUSDT/INJUSDT-15m-2025-11.zip,downloaded_verified,ba0f0001850f6d6a83cfaec6b69f6f29b57a2ff796590b1be55f07ba8d42dcf0,121588.0
INJUSDT,2025-11,funding_monthly,https://data.binance.vision/data/futures/um/monthly/fundingRate/INJUSDT/INJUSDT-fundingRate-2025-11.zip,.cache/binance-altcoin-trend-round34/funding_monthly/INJUSDT/INJUSDT-fundingRate-2025-11.zip,downloaded_verified,df164c3b77caab452d1519878b09032db7631f67ff4af4a6963f65e8376156e5,965.0
INJUSDT,2025-12,kline_monthly,https://data.binance.vision/data/futures/um/monthly/klines/INJUSDT/15m/INJUSDT-15m-2025-12.zip,.cache/binance-altcoin-trend-round34/kline_monthly/INJUSDT/INJUSDT-15m-2025-12.zip,downloaded_verified,0c310e68d462e82e5873c593935df583c3a9deb37bf37ea3e5756ad14f2cb291,121830.0
INJUSDT,2025-12,funding_monthly,https://data.binance.vision/data/futures/um/monthly/fundingRate/INJUSDT/INJUSDT-fundingRate-2025-12.zip,.cache/binance-altcoin-trend-round34/funding_monthly/INJUSDT/INJUSDT-fundingRate-2025-12.zip,downloaded_verified,16a816d1ee28fa7aef0dc4e0131ef0c77947d4e1e6844c0811e34c5af0abe71c,981.0
INJUSDT,2026-01,kline_monthly,https://data.binance.vision/data/futures/um/monthly/klines/INJUSDT/15m/INJUSDT-15m-2026-01.zip,.cache/binance-altcoin-trend-round34/kline_monthly/INJUSDT/INJUSDT-15m-2026-01.zip,downloaded_verified,3a5fd43a7e89c699b4a91886984237d1aff593402cc268642e385b74448dc8b2,121427.0
INJUSDT,2026-01,funding_monthly,https://data.binance.vision/data/futures/um/monthly/fundingRate/INJUSDT/INJUSDT-fundingRate-2026-01.zip,.cache/binance-altcoin-trend-round34/funding_monthly/INJUSDT/INJUSDT-fundingRate-2026-01.zip,downloaded_verified,6ab3b97a61684976a12a0a34410d660b0a5d6e2af66333d6fbbfae296357f44d,968.0
INJUSDT,2026-02,kline_monthly,https://data.binance.vision/data/futures/um/monthly/klines/INJUSDT/15m/INJUSDT-15m-2026-02.zip,.cache/binance-altcoin-trend-round34/kline_monthly/INJUSDT/INJUSDT-15m-2026-02.zip,downloaded_verified,fb871a6d68583aaf1e79b2318d260de5acd14a53eb0e4307df4f11c0d962a4e3,110080.0
INJUSDT,2026-02,funding_monthly,https://data.binance.vision/data/futures/um/monthly/fundingRate/INJUSDT/INJUSDT-fundingRate-2026-02.zip,.cache/binance-altcoin-trend-round34/funding_monthly/INJUSDT/INJUSDT-fundingRate-2026-02.zip,downloaded_verified,0d7a8016b612fad4be017fc51a884906839408c01e862cd7aed7b39f72d49957,949.0
INJUSDT,2026-03,kline_monthly,https://data.binance.vision/data/futures/um/monthly/klines/INJUSDT/15m/INJUSDT-15m-2026-03.zip,.cache/binance-altcoin-trend-round34/kline_monthly/INJUSDT/INJUSDT-15m-2026-03.zip,downloaded_verified,18a10f5ad86a187d6988da81ce47686b3a4a991f6c7fffc583a01b688f1196e7,117829.0
INJUSDT,2026-03,funding_monthly,https://data.binance.vision/data/futures/um/monthly/fundingRate/INJUSDT/INJUSDT-fundingRate-2026-03.zip,.cache/binance-altcoin-trend-round34/funding_monthly/INJUSDT/INJUSDT-fundingRate-2026-03.zip,downloaded_verified,3c260e12c0c5421b77932c4d420460a8e5fe2e37900258a6e1ecefaacd974c8b,1018.0
INJUSDT,2026-04,kline_monthly,https://data.binance.vision/data/futures/um/monthly/klines/INJUSDT/15m/INJUSDT-15m-2026-04.zip,.cache/binance-altcoin-trend-round34/kline_monthly/INJUSDT/INJUSDT-15m-2026-04.zip,downloaded_verified,f0672b96d02f9293a88ee30a6264110e60591d1e6142795c70574a59caf6752f,113776.0
INJUSDT,2026-04,funding_monthly,https://data.binance.vision/data/futures/um/monthly/fundingRate/INJUSDT/INJUSDT-fundingRate-2026-04.zip,.cache/binance-altcoin-trend-round34/funding_monthly/INJUSDT/INJUSDT-fundingRate-2026-04.zip,downloaded_verified,9b794af4d3d2b162709cf8537b3b2b5b6beadfef6f2d2817d065dad763140de5,982.0
INJUSDT,2026-05,kline_monthly,https://data.binance.vision/data/futures/um/monthly/klines/INJUSDT/15m/INJUSDT-15m-2026-05.zip,.cache/binance-altcoin-trend-round34/kline_monthly/INJUSDT/INJUSDT-15m-2026-05.zip,downloaded_verified,1a5371272378a0c2a460b56aa5ad9e9e3d92c88a33dc5f0d5d86ae403d49dee0,125576.0
INJUSDT,2026-05,funding_monthly,https://data.binance.vision/data/futures/um/monthly/fundingRate/INJUSDT/INJUSDT-fundingRate-2026-05.zip,.cache/binance-altcoin-trend-round34/funding_monthly/INJUSDT/INJUSDT-fundingRate-2026-05.zip,downloaded_verified,a9d351750aa0b212f4a606f5d84b3f13f1b70c264a80832758f73c2131967657,1019.0
INJUSDT,2026-06,kline_monthly,https://data.binance.vision/data/futures/um/monthly/klines/INJUSDT/15m/INJUSDT-15m-2026-06.zip,.cache/binance-altcoin-trend-round34/kline_monthly/INJUSDT/INJUSDT-15m-2026-06.zip,downloaded_verified,947afaff3c09d5e0e07943ea60503aafeb22b888b1f16e91f198023affc76853,121380.0
INJUSDT,2026-06,funding_monthly,https://data.binance.vision/data/futures/um/monthly/fundingRate/INJUSDT/INJUSDT-fundingRate-2026-06.zip,.cache/binance-altcoin-trend-round34/funding_monthly/INJUSDT/INJUSDT-fundingRate-2026-06.zip,downloaded_verified,d88b5406207908652e9c33c950d6d313981f76a1a58e083a915c6bfea5e88f20,982.0
INJUSDT,2026-07-01,kline_daily,https://data.binance.vision/data/futures/um/daily/klines/INJUSDT/15m/INJUSDT-15m-2026-07-01.zip,.cache/binance-altcoin-trend-round34/kline_daily/INJUSDT/INJUSDT-15m-2026-07-01.zip,downloaded_verified,242d6e91c8a51d96ca4d39c711ac70dd6c0753572d0c079e78fb4bb98568fdf3,4342.0
INJUSDT,2026-07-02,kline_daily,https://data.binance.vision/data/futures/um/daily/klines/INJUSDT/15m/INJUSDT-15m-2026-07-02.zip,.cache/binance-altcoin-trend-round34/kline_daily/INJUSDT/INJUSDT-15m-2026-07-02.zip,downloaded_verified,bd67f0932dcf76832d25d9b1c85364d031f634b9c933ec10ec6dfd32ec5cb853,4350.0
INJUSDT,2026-07-03,kline_daily,https://data.binance.vision/data/futures/um/daily/klines/INJUSDT/15m/INJUSDT-15m-2026-07-03.zip,.cache/binance-altcoin-trend-round34/kline_daily/INJUSDT/INJUSDT-15m-2026-07-03.zip,downloaded_verified,5868024c81f7145c39d7d02377729cf200a00a599dbaa5717b71f79236a92bad,4299.0
INJUSDT,2026-07-04,kline_daily,https://data.binance.vision/data/futures/um/daily/klines/INJUSDT/15m/INJUSDT-15m-2026-07-04.zip,.cache/binance-altcoin-trend-round34/kline_daily/INJUSDT/INJUSDT-15m-2026-07-04.zip,downloaded_verified,158eb5c1994c4f5f3697b55b0818110a63b94115b3f4cfec6734b34a31648388,4294.0
INJUSDT,2026-07-05,kline_daily,https://data.binance.vision/data/futures/um/daily/klines/INJUSDT/15m/INJUSDT-15m-2026-07-05.zip,.cache/binance-altcoin-trend-round34/kline_daily/INJUSDT/INJUSDT-15m-2026-07-05.zip,downloaded_verified,210619c2d5787167759cfbc029460fb60ebd65662728623aa098e6c8724972fb,4248.0
INJUSDT,2026-07-06,kline_daily,https://data.binance.vision/data/futures/um/daily/klines/INJUSDT/15m/INJUSDT-15m-2026-07-06.zip,.cache/binance-altcoin-trend-round34/kline_daily/INJUSDT/INJUSDT-15m-2026-07-06.zip,downloaded_verified,4059cbd792900505d9ef042efe54eff0bd98b0e8a2c403a017f629479aacebae,4351.0
INJUSDT,2026-07-07,kline_daily,https://data.binance.vision/data/futures/um/daily/klines/INJUSDT/15m/INJUSDT-15m-2026-07-07.zip,.cache/binance-altcoin-trend-round34/kline_daily/INJUSDT/INJUSDT-15m-2026-07-07.zip,downloaded_verified,ef5b68430fe45b490cceb4303a955db33e9241605d25c1392b8ff359de677a7d,4275.0
INJUSDT,2026-07-08,kline_daily,https://data.binance.vision/data/futures/um/daily/klines/INJUSDT/15m/INJUSDT-15m-2026-07-08.zip,.cache/binance-altcoin-trend-round34/kline_daily/INJUSDT/INJUSDT-15m-2026-07-08.zip,downloaded_verified,2c1fa3c8ce214cce768bc1cb470ac9037992d580a9241af605af344e1d8eb044,4314.0
INJUSDT,2026-07-09,kline_daily,https://data.binance.vision/data/futures/um/daily/klines/INJUSDT/15m/INJUSDT-15m-2026-07-09.zip,.cache/binance-altcoin-trend-round34/kline_daily/INJUSDT/INJUSDT-15m-2026-07-09.zip,downloaded_verified,5b4a4a3527f47fbccfab94d2eaf5aac065528cff47478127eb76c1216b8d2677,4327.0
INJUSDT,2026-07-10,kline_daily,https://data.binance.vision/data/futures/um/daily/klines/INJUSDT/15m/INJUSDT-15m-2026-07-10.zip,.cache/binance-altcoin-trend-round34/kline_daily/INJUSDT/INJUSDT-15m-2026-07-10.zip,downloaded_verified,7aec89b1d680c3ddd05a376e30220ed6fe905d6653638234dc4a006f061e5763,4267.0
INJUSDT,2026-07-11,kline_daily,https://data.binance.vision/data/futures/um/daily/klines/INJUSDT/15m/INJUSDT-15m-2026-07-11.zip,.cache/binance-altcoin-trend-round34/kline_daily/INJUSDT/INJUSDT-15m-2026-07-11.zip,downloaded_verified,64ce3c4d52578937a36cf237282664481f73b71fc97e852206cd4c4a8aab53f8,4307.0
INJUSDT,2026-07-12,kline_daily,https://data.binance.vision/data/futures/um/daily/klines/INJUSDT/15m/INJUSDT-15m-2026-07-12.zip,.cache/binance-altcoin-trend-round34/kline_daily/INJUSDT/INJUSDT-15m-2026-07-12.zip,downloaded_verified,3778a234e4723747f39a9bc946d271258001e332f27f4139e34921dc77fa2d8a,4217.0
INJUSDT,2026-07-13,kline_daily,https://data.binance.vision/data/futures/um/daily/klines/INJUSDT/15m/INJUSDT-15m-2026-07-13.zip,.cache/binance-altcoin-trend-round34/kline_daily/INJUSDT/INJUSDT-15m-2026-07-13.zip,downloaded_verified,b40c9fb6e76abe871be87ead96296a64d2fef5f768b62294a08be1caa524c540,4284.0
INJUSDT,2026-07-14,kline_daily,https://data.binance.vision/data/futures/um/daily/klines/INJUSDT/15m/INJUSDT-15m-2026-07-14.zip,.cache/binance-altcoin-trend-round34/kline_daily/INJUSDT/INJUSDT-15m-2026-07-14.zip,downloaded_verified,41d9269d17f7d0dcc20f0c06e7ec2c167a11a2c2195df865cbf2928490c7817c,4359.0
INJUSDT,2026-07-15,kline_daily,https://data.binance.vision/data/futures/um/daily/klines/INJUSDT/15m/INJUSDT-15m-2026-07-15.zip,.cache/binance-altcoin-trend-round34/kline_daily/INJUSDT/INJUSDT-15m-2026-07-15.zip,downloaded_verified,4ecd7209b4dd717d5cd95cf12d0d494f2d31f44ec0d69c746a6e3f4c88adcd0f,4327.0
INJUSDT,2026-07-16,kline_daily,https://data.binance.vision/data/futures/um/daily/klines/INJUSDT/15m/INJUSDT-15m-2026-07-16.zip,.cache/binance-altcoin-trend-round34/kline_daily/INJUSDT/INJUSDT-15m-2026-07-16.zip,downloaded_verified,4dcab96857ace5fe67323906287202e6db9486c673bdd61b2c0e454b4bd45389,4328.0
INJUSDT,2026-07-17,kline_daily,https://data.binance.vision/data/futures/um/daily/klines/INJUSDT/15m/INJUSDT-15m-2026-07-17.zip,.cache/binance-altcoin-trend-round34/kline_daily/INJUSDT/INJUSDT-15m-2026-07-17.zip,downloaded_verified,8f32eea7a6e269d121780c5a6d2d94573c8e71425565c03475fa43728d306b45,4309.0
INJUSDT,2026-07-18,kline_daily,https://data.binance.vision/data/futures/um/daily/klines/INJUSDT/15m/INJUSDT-15m-2026-07-18.zip,.cache/binance-altcoin-trend-round34/kline_daily/INJUSDT/INJUSDT-15m-2026-07-18.zip,downloaded_verified,efe736a38fa73b77c79087a405adcb78457f70e3dd947e45833888742a428020,4260.0
INJUSDT,2026-07-19,kline_daily,https://data.binance.vision/data/futures/um/daily/klines/INJUSDT/15m/INJUSDT-15m-2026-07-19.zip,.cache/binance-altcoin-trend-round34/kline_daily/INJUSDT/INJUSDT-15m-2026-07-19.zip,downloaded_verified,370cb8c4b4102fe6fa76f15a424531fee53375b4b2f16d57962c600be4f1151f,4184.0
INJUSDT,2026-07-20,kline_daily,https://data.binance.vision/data/futures/um/daily/klines/INJUSDT/15m/INJUSDT-15m-2026-07-20.zip,.cache/binance-altcoin-trend-round34/kline_daily/INJUSDT/INJUSDT-15m-2026-07-20.zip,downloaded_verified,e95a5b95a2c5591e161ed654ae3b0d32c8441fd7d7c52baa2310dffdbc06b6cf,4328.0
INJUSDT,2026-07-21,kline_daily,https://data.binance.vision/data/futures/um/daily/klines/INJUSDT/15m/INJUSDT-15m-2026-07-21.zip,.cache/binance-altcoin-trend-round34/kline_daily/INJUSDT/INJUSDT-15m-2026-07-21.zip,downloaded_verified,a5d4b7abd5b46f4fc52ff7af0004177c074c6f68f4f4db4ba848937ebbdaeb85,4220.0
INJUSDT,2026-07-22,kline_daily,https://data.binance.vision/data/futures/um/daily/klines/INJUSDT/15m/INJUSDT-15m-2026-07-22.zip,.cache/binance-altcoin-trend-round34/kline_daily/INJUSDT/INJUSDT-15m-2026-07-22.zip,downloaded_verified,ec6195b014663a2d66743655743d266e054af8e57a5067159016b886789971ca,4288.0
INJUSDT,2026-07-23,kline_daily,https://data.binance.vision/data/futures/um/daily/klines/INJUSDT/15m/INJUSDT-15m-2026-07-23.zip,.cache/binance-altcoin-trend-round34/kline_daily/INJUSDT/INJUSDT-15m-2026-07-23.zip,downloaded_verified,67b2094fb64c9a41380c3eec5bacf06f75541e9967e888475f660acc7da3bc37,4230.0
INJUSDT,2026-07-24,kline_daily,https://data.binance.vision/data/futures/um/daily/klines/INJUSDT/15m/INJUSDT-15m-2026-07-24.zip,.cache/binance-altcoin-trend-round34/kline_daily/INJUSDT/INJUSDT-15m-2026-07-24.zip,downloaded_verified,58cb82463871ba18e26badc69227699c7bc10410a100c715ba4ef1b91b05a6c4,4351.0
INJUSDT,2026-07-25,kline_daily,https://data.binance.vision/data/futures/um/daily/klines/INJUSDT/15m/INJUSDT-15m-2026-07-25.zip,.cache/binance-altcoin-trend-round34/kline_daily/INJUSDT/INJUSDT-15m-2026-07-25.zip,downloaded_verified,db1cad4a8bdb3161e7092af3020e7b8e3190a7615867a9f469ff665e1c598a54,4308.0
INJUSDT,2026-07-26,kline_daily,https://data.binance.vision/data/futures/um/daily/klines/INJUSDT/15m/INJUSDT-15m-2026-07-26.zip,.cache/binance-altcoin-trend-round34/kline_daily/INJUSDT/INJUSDT-15m-2026-07-26.zip,downloaded_verified,c277d353a61c69c83aa79a281d003802b2b9d318cf1d17086dd12d01be2e65fd,4294.0
TIAUSDT,2023-11,kline_monthly,https://data.binance.vision/data/futures/um/monthly/klines/TIAUSDT/15m/TIAUSDT-15m-2023-11.zip,.cache/binance-altcoin-trend-round34/kline_monthly/TIAUSDT/TIAUSDT-15m-2023-11.zip,downloaded_verified,d85a87d2a445a3e0d62f39b893df3a1944143bea6080138040ab1afe0e49c92b,129637.0
TIAUSDT,2023-11,funding_monthly,https://data.binance.vision/data/futures/um/monthly/fundingRate/TIAUSDT/TIAUSDT-fundingRate-2023-11.zip,.cache/binance-altcoin-trend-round34/funding_monthly/TIAUSDT/TIAUSDT-fundingRate-2023-11.zip,downloaded_verified,dd9b1179780f0feeddf1fe81752d2fbb7da6f26441155a6a4675e9c1eac12d12,1301.0
TIAUSDT,2023-12,kline_monthly,https://data.binance.vision/data/futures/um/monthly/klines/TIAUSDT/15m/TIAUSDT-15m-2023-12.zip,.cache/binance-altcoin-trend-round34/kline_monthly/TIAUSDT/TIAUSDT-15m-2023-12.zip,downloaded_verified,16cc9ed2736d2a645a920ec668eac3f032ef10b45ad46969e6d1e3d6d1f0f6f3,136434.0
TIAUSDT,2023-12,funding_monthly,https://data.binance.vision/data/futures/um/monthly/fundingRate/TIAUSDT/TIAUSDT-fundingRate-2023-12.zip,.cache/binance-altcoin-trend-round34/funding_monthly/TIAUSDT/TIAUSDT-fundingRate-2023-12.zip,downloaded_verified,95fe51e2140608097a83b0bdf25c5078d3f0928edfd61daeab007ebe06c76511,1402.0
TIAUSDT,2024-01,kline_monthly,https://data.binance.vision/data/futures/um/monthly/klines/TIAUSDT/15m/TIAUSDT-15m-2024-01.zip,.cache/binance-altcoin-trend-round34/kline_monthly/TIAUSDT/TIAUSDT-15m-2024-01.zip,downloaded_verified,e2b40b95e9b816cde8a31caf6011a3904201c107b8cca70e4fe27762b3f9ca31,135837.0
TIAUSDT,2024-01,funding_monthly,https://data.binance.vision/data/futures/um/monthly/fundingRate/TIAUSDT/TIAUSDT-fundingRate-2024-01.zip,.cache/binance-altcoin-trend-round34/funding_monthly/TIAUSDT/TIAUSDT-fundingRate-2024-01.zip,downloaded_verified,be51a7e329310c3d23e20d47a1593476d29601c5d34f77e7b53d7ff2a39a955c,1400.0
TIAUSDT,2024-02,kline_monthly,https://data.binance.vision/data/futures/um/monthly/klines/TIAUSDT/15m/TIAUSDT-15m-2024-02.zip,.cache/binance-altcoin-trend-round34/kline_monthly/TIAUSDT/TIAUSDT-15m-2024-02.zip,downloaded_verified,68e17060f28748b7d5db43135892c777382d876ae7488c89a01be2dce42b05b3,124085.0
TIAUSDT,2024-02,funding_monthly,https://data.binance.vision/data/futures/um/monthly/fundingRate/TIAUSDT/TIAUSDT-fundingRate-2024-02.zip,.cache/binance-altcoin-trend-round34/funding_monthly/TIAUSDT/TIAUSDT-fundingRate-2024-02.zip,downloaded_verified,79ece982dec65ea3745129aa9c8972b9d1045d30e2f53a053a7216ae0954da1d,1371.0
TIAUSDT,2024-03,kline_monthly,https://data.binance.vision/data/futures/um/monthly/klines/TIAUSDT/15m/TIAUSDT-15m-2024-03.zip,.cache/binance-altcoin-trend-round34/kline_monthly/TIAUSDT/TIAUSDT-15m-2024-03.zip,downloaded_verified,5792a7f8360cd31a91a0cfe72c2fb6aa24af4f20af4d482361c07149db86247e,133026.0
TIAUSDT,2024-03,funding_monthly,https://data.binance.vision/data/futures/um/monthly/fundingRate/TIAUSDT/TIAUSDT-fundingRate-2024-03.zip,.cache/binance-altcoin-trend-round34/funding_monthly/TIAUSDT/TIAUSDT-fundingRate-2024-03.zip,downloaded_verified,48f74f9186db53e1daaf02e145d8bb6c12df528f8cb5f27940a4d7e604f7ea09,1506.0
TIAUSDT,2024-04,kline_monthly,https://data.binance.vision/data/futures/um/monthly/klines/TIAUSDT/15m/TIAUSDT-15m-2024-04.zip,.cache/binance-altcoin-trend-round34/kline_monthly/TIAUSDT/TIAUSDT-15m-2024-04.zip,downloaded_verified,5915d78d1b35742424b1bb68927a020f5c641aeac7c50ba40a4a9a64c1a085f8,128113.0
TIAUSDT,2024-04,funding_monthly,https://data.binance.vision/data/futures/um/monthly/fundingRate/TIAUSDT/TIAUSDT-fundingRate-2024-04.zip,.cache/binance-altcoin-trend-round34/funding_monthly/TIAUSDT/TIAUSDT-fundingRate-2024-04.zip,downloaded_verified,a3acb6dbfade3bcfda2adbaf86d5682e2208647ef78e52221d5767d31abb09c5,1386.0
TIAUSDT,2024-05,kline_monthly,https://data.binance.vision/data/futures/um/monthly/klines/TIAUSDT/15m/TIAUSDT-15m-2024-05.zip,.cache/binance-altcoin-trend-round34/kline_monthly/TIAUSDT/TIAUSDT-15m-2024-05.zip,downloaded_verified,1ffc528ae70c6adbbdee82f84b85334942cc340d147b5407e398251eadd20d9f,129347.0
TIAUSDT,2024-05,funding_monthly,https://data.binance.vision/data/futures/um/monthly/fundingRate/TIAUSDT/TIAUSDT-fundingRate-2024-05.zip,.cache/binance-altcoin-trend-round34/funding_monthly/TIAUSDT/TIAUSDT-fundingRate-2024-05.zip,downloaded_verified,882b48fdeb5eba054f5ce68f8e1cc1603dbeff8f1f76cd3cd16fdef6b1301530,1204.0
TIAUSDT,2024-06,kline_monthly,https://data.binance.vision/data/futures/um/monthly/klines/TIAUSDT/15m/TIAUSDT-15m-2024-06.zip,.cache/binance-altcoin-trend-round34/kline_monthly/TIAUSDT/TIAUSDT-15m-2024-06.zip,downloaded_verified,dd045b521fbffef948d2675fe231851144b6ddae6c770b27c6ef0561625b8433,124370.0
TIAUSDT,2024-06,funding_monthly,https://data.binance.vision/data/futures/um/monthly/fundingRate/TIAUSDT/TIAUSDT-fundingRate-2024-06.zip,.cache/binance-altcoin-trend-round34/funding_monthly/TIAUSDT/TIAUSDT-fundingRate-2024-06.zip,downloaded_verified,3888ed77004df6e3c10b56ebf6f8845af9e04e2b973a801d2a403e09cbbc7b5e,1156.0
TIAUSDT,2024-07,kline_monthly,https://data.binance.vision/data/futures/um/monthly/klines/TIAUSDT/15m/TIAUSDT-15m-2024-07.zip,.cache/binance-altcoin-trend-round34/kline_monthly/TIAUSDT/TIAUSDT-15m-2024-07.zip,downloaded_verified,5fd09c76abf12bdd31df23dfd00918a217a372d5488781a68f2a68face582c38,130840.0
TIAUSDT,2024-07,funding_monthly,https://data.binance.vision/data/futures/um/monthly/fundingRate/TIAUSDT/TIAUSDT-fundingRate-2024-07.zip,.cache/binance-altcoin-trend-round34/funding_monthly/TIAUSDT/TIAUSDT-fundingRate-2024-07.zip,downloaded_verified,8f2aff87918add8e12e756193ec73668d8999485a3d43878376d2e42f2401093,1548.0
TIAUSDT,2024-08,kline_monthly,https://data.binance.vision/data/futures/um/monthly/klines/TIAUSDT/15m/TIAUSDT-15m-2024-08.zip,.cache/binance-altcoin-trend-round34/kline_monthly/TIAUSDT/TIAUSDT-15m-2024-08.zip,downloaded_verified,0f2ea2c914714b7935ed030a6b757d69821fbd639f2af56e4d6bae25ab19595f,131291.0
TIAUSDT,2024-08,funding_monthly,https://data.binance.vision/data/futures/um/monthly/fundingRate/TIAUSDT/TIAUSDT-fundingRate-2024-08.zip,.cache/binance-altcoin-trend-round34/funding_monthly/TIAUSDT/TIAUSDT-fundingRate-2024-08.zip,downloaded_verified,231821d9c3827c8b642fcd542a3b3635a45aa455faef3e3f3b4211b5f3bd9680,1549.0
TIAUSDT,2024-09,kline_monthly,https://data.binance.vision/data/futures/um/monthly/klines/TIAUSDT/15m/TIAUSDT-15m-2024-09.zip,.cache/binance-altcoin-trend-round34/kline_monthly/TIAUSDT/TIAUSDT-15m-2024-09.zip,downloaded_verified,1efc0290279b0dfa85fdd0deaffdf6a7ccc73c0394e5f610153a91d89990bf9c,126812.0
TIAUSDT,2024-09,funding_monthly,https://data.binance.vision/data/futures/um/monthly/fundingRate/TIAUSDT/TIAUSDT-fundingRate-2024-09.zip,.cache/binance-altcoin-trend-round34/funding_monthly/TIAUSDT/TIAUSDT-fundingRate-2024-09.zip,downloaded_verified,a3901fb90e5d57a700251d5dd8a27505b162bd49fbe5d3ac3394e0dbc16810cc,1603.0
TIAUSDT,2024-10,kline_monthly,https://data.binance.vision/data/futures/um/monthly/klines/TIAUSDT/15m/TIAUSDT-15m-2024-10.zip,.cache/binance-altcoin-trend-round34/kline_monthly/TIAUSDT/TIAUSDT-15m-2024-10.zip,downloaded_verified,bb6f88e6a4095db0eeaa8f35f9a2f4286ce2a662884d85f7acb2ec9e547a53a9,132388.0
TIAUSDT,2024-10,funding_monthly,https://data.binance.vision/data/futures/um/monthly/fundingRate/TIAUSDT/TIAUSDT-fundingRate-2024-10.zip,.cache/binance-altcoin-trend-round34/funding_monthly/TIAUSDT/TIAUSDT-fundingRate-2024-10.zip,downloaded_verified,9d7ef2ed90b186e949628705bf0ce583df87caf10f682c6e0de2b45a4216e67e,1638.0
TIAUSDT,2024-11,kline_monthly,https://data.binance.vision/data/futures/um/monthly/klines/TIAUSDT/15m/TIAUSDT-15m-2024-11.zip,.cache/binance-altcoin-trend-round34/kline_monthly/TIAUSDT/TIAUSDT-15m-2024-11.zip,downloaded_verified,ca3f4f0e20f6b22ccb49f043ce601c30ad41b9ffdf6dece10d5bc6b6d06a677a,129932.0
TIAUSDT,2024-11,funding_monthly,https://data.binance.vision/data/futures/um/monthly/fundingRate/TIAUSDT/TIAUSDT-fundingRate-2024-11.zip,.cache/binance-altcoin-trend-round34/funding_monthly/TIAUSDT/TIAUSDT-fundingRate-2024-11.zip,downloaded_verified,82e82d42b14efad78084cb8186c6c9a28542a08af73d5cce1a1661723fce7ab2,1285.0
TIAUSDT,2024-12,kline_monthly,https://data.binance.vision/data/futures/um/monthly/klines/TIAUSDT/15m/TIAUSDT-15m-2024-12.zip,.cache/binance-altcoin-trend-round34/kline_monthly/TIAUSDT/TIAUSDT-15m-2024-12.zip,downloaded_verified,118ac86abee07d636dc0a095fb886615a139346079786bb35c389cf21d147c33,132696.0
TIAUSDT,2024-12,funding_monthly,https://data.binance.vision/data/futures/um/monthly/fundingRate/TIAUSDT/TIAUSDT-fundingRate-2024-12.zip,.cache/binance-altcoin-trend-round34/funding_monthly/TIAUSDT/TIAUSDT-fundingRate-2024-12.zip,downloaded_verified,93f245fbde0904fc27524e222f985508abd3b0a6278b2c89c4c02d9d0e8d57a6,1247.0
TIAUSDT,2025-01,kline_monthly,https://data.binance.vision/data/futures/um/monthly/klines/TIAUSDT/15m/TIAUSDT-15m-2025-01.zip,.cache/binance-altcoin-trend-round34/kline_monthly/TIAUSDT/TIAUSDT-15m-2025-01.zip,downloaded_verified,6222cdfe403a330d482066e38a5ca92b0f41dffb69fe76e5558392144a5d80a3,130435.0
TIAUSDT,2025-01,funding_monthly,https://data.binance.vision/data/futures/um/monthly/fundingRate/TIAUSDT/TIAUSDT-fundingRate-2025-01.zip,.cache/binance-altcoin-trend-round34/funding_monthly/TIAUSDT/TIAUSDT-fundingRate-2025-01.zip,downloaded_verified,cfcfddeb0ab7d1db66b3f4eb6724cba7faa8472d20088714ef35a26a430dc818,1114.0
TIAUSDT,2025-02,kline_monthly,https://data.binance.vision/data/futures/um/monthly/klines/TIAUSDT/15m/TIAUSDT-15m-2025-02.zip,.cache/binance-altcoin-trend-round34/kline_monthly/TIAUSDT/TIAUSDT-15m-2025-02.zip,downloaded_verified,414959c8a9cf210094a0155212ce109960982033a1d008444eb6099cb20490e8,118075.0
TIAUSDT,2025-02,funding_monthly,https://data.binance.vision/data/futures/um/monthly/fundingRate/TIAUSDT/TIAUSDT-fundingRate-2025-02.zip,.cache/binance-altcoin-trend-round34/funding_monthly/TIAUSDT/TIAUSDT-fundingRate-2025-02.zip,downloaded_verified,128f1f005994c7122c52d9851f592caf2dc1e15838ffe77e575110bd7f330f93,1384.0
TIAUSDT,2025-03,kline_monthly,https://data.binance.vision/data/futures/um/monthly/klines/TIAUSDT/15m/TIAUSDT-15m-2025-03.zip,.cache/binance-altcoin-trend-round34/kline_monthly/TIAUSDT/TIAUSDT-15m-2025-03.zip,downloaded_verified,2e6de2d3c7037371a9cb239bd1d41112d22021af4ad537ae8dec34b75eaee51b,129127.0
TIAUSDT,2025-03,funding_monthly,https://data.binance.vision/data/futures/um/monthly/fundingRate/TIAUSDT/TIAUSDT-fundingRate-2025-03.zip,.cache/binance-altcoin-trend-round34/funding_monthly/TIAUSDT/TIAUSDT-fundingRate-2025-03.zip,downloaded_verified,8618582db7c7db142899b46766cb07feae9c8fefddf60d34e5a16ad9cd769b31,1567.0
TIAUSDT,2025-04,kline_monthly,https://data.binance.vision/data/futures/um/monthly/klines/TIAUSDT/15m/TIAUSDT-15m-2025-04.zip,.cache/binance-altcoin-trend-round34/kline_monthly/TIAUSDT/TIAUSDT-15m-2025-04.zip,downloaded_verified,167594e38b4f017951d7e2c8674c0680db8f7f9122a4ee538e72b0c370023895,123626.0
TIAUSDT,2025-04,funding_monthly,https://data.binance.vision/data/futures/um/monthly/fundingRate/TIAUSDT/TIAUSDT-fundingRate-2025-04.zip,.cache/binance-altcoin-trend-round34/funding_monthly/TIAUSDT/TIAUSDT-fundingRate-2025-04.zip,downloaded_verified,4820eb72d84c64645c92be6b6332b357898fc1702818e70304f3a4041cea8494,1330.0
TIAUSDT,2025-05,kline_monthly,https://data.binance.vision/data/futures/um/monthly/klines/TIAUSDT/15m/TIAUSDT-15m-2025-05.zip,.cache/binance-altcoin-trend-round34/kline_monthly/TIAUSDT/TIAUSDT-15m-2025-05.zip,downloaded_verified,eb0c7f5b15864bf91d26ff4db082e4547766a60908c24d7a902cc251c80946d1,129199.0
TIAUSDT,2025-05,funding_monthly,https://data.binance.vision/data/futures/um/monthly/fundingRate/TIAUSDT/TIAUSDT-fundingRate-2025-05.zip,.cache/binance-altcoin-trend-round34/funding_monthly/TIAUSDT/TIAUSDT-fundingRate-2025-05.zip,downloaded_verified,a655b27b758db8ee12def01cc819070ee28634fea0b8fcfef70d8d4dba24a7bd,1439.0
TIAUSDT,2025-06,kline_monthly,https://data.binance.vision/data/futures/um/monthly/klines/TIAUSDT/15m/TIAUSDT-15m-2025-06.zip,.cache/binance-altcoin-trend-round34/kline_monthly/TIAUSDT/TIAUSDT-15m-2025-06.zip,downloaded_verified,5e1680cd9ecc28a4a0592dc5e0aab9c59992438b56240ada3bccc1756ed1f73c,123489.0
TIAUSDT,2025-06,funding_monthly,https://data.binance.vision/data/futures/um/monthly/fundingRate/TIAUSDT/TIAUSDT-fundingRate-2025-06.zip,.cache/binance-altcoin-trend-round34/funding_monthly/TIAUSDT/TIAUSDT-fundingRate-2025-06.zip,downloaded_verified,46de6f5ba4dd112f557f6ca52968a1d165bd6456a03b0b0d9eb750b60867591c,1393.0
TIAUSDT,2025-07,kline_monthly,https://data.binance.vision/data/futures/um/monthly/klines/TIAUSDT/15m/TIAUSDT-15m-2025-07.zip,.cache/binance-altcoin-trend-round34/kline_monthly/TIAUSDT/TIAUSDT-15m-2025-07.zip,downloaded_verified,89c9e4c13493dccd0a340cd3b600bab4255ee4a382171ad33ca9c9d739b4bbc8,129812.0
TIAUSDT,2025-07,funding_monthly,https://data.binance.vision/data/futures/um/monthly/fundingRate/TIAUSDT/TIAUSDT-fundingRate-2025-07.zip,.cache/binance-altcoin-trend-round34/funding_monthly/TIAUSDT/TIAUSDT-fundingRate-2025-07.zip,downloaded_verified,20f601aa1f27f380ba2d2985706cc69e41f0459e0acd181a4690e713f4b120ca,1350.0
TIAUSDT,2025-08,kline_monthly,https://data.binance.vision/data/futures/um/monthly/klines/TIAUSDT/15m/TIAUSDT-15m-2025-08.zip,.cache/binance-altcoin-trend-round34/kline_monthly/TIAUSDT/TIAUSDT-15m-2025-08.zip,downloaded_verified,a8fb08705c16ba2a9d743858670fc7151a8759b605e3d82ed00e4ae186adc21e,127669.0
TIAUSDT,2025-08,funding_monthly,https://data.binance.vision/data/futures/um/monthly/fundingRate/TIAUSDT/TIAUSDT-fundingRate-2025-08.zip,.cache/binance-altcoin-trend-round34/funding_monthly/TIAUSDT/TIAUSDT-fundingRate-2025-08.zip,downloaded_verified,940c97875894c535d7a1f9fc1a61e46817c03c77c1fc5ccb0fa9681f5fdee38a,1371.0
TIAUSDT,2025-09,kline_monthly,https://data.binance.vision/data/futures/um/monthly/klines/TIAUSDT/15m/TIAUSDT-15m-2025-09.zip,.cache/binance-altcoin-trend-round34/kline_monthly/TIAUSDT/TIAUSDT-15m-2025-09.zip,downloaded_verified,55d6f63ae04d29605607b011f3142ab7e749e60cb5dce2fcccf2bcfdaca91722,122348.0
TIAUSDT,2025-09,funding_monthly,https://data.binance.vision/data/futures/um/monthly/fundingRate/TIAUSDT/TIAUSDT-fundingRate-2025-09.zip,.cache/binance-altcoin-trend-round34/funding_monthly/TIAUSDT/TIAUSDT-fundingRate-2025-09.zip,downloaded_verified,435774694c1a2d8d37e5bdbfb7f0c6bc45f47d02cbfd49b4dd9015545007ab06,1282.0
TIAUSDT,2025-10,kline_monthly,https://data.binance.vision/data/futures/um/monthly/klines/TIAUSDT/15m/TIAUSDT-15m-2025-10.zip,.cache/binance-altcoin-trend-round34/kline_monthly/TIAUSDT/TIAUSDT-15m-2025-10.zip,downloaded_verified,b20580f60bdfb30b15da7052b5b85d2688e6f039c4c80ada03788f6d8eae0ff5,127088.0
TIAUSDT,2025-10,funding_monthly,https://data.binance.vision/data/futures/um/monthly/fundingRate/TIAUSDT/TIAUSDT-fundingRate-2025-10.zip,.cache/binance-altcoin-trend-round34/funding_monthly/TIAUSDT/TIAUSDT-fundingRate-2025-10.zip,downloaded_verified,bb2e15d6824eb789bd6568c53d44c04d8eb6ac30a3ddcc2ba971ff95e5160161,1541.0
TIAUSDT,2025-11,kline_monthly,https://data.binance.vision/data/futures/um/monthly/klines/TIAUSDT/15m/TIAUSDT-15m-2025-11.zip,.cache/binance-altcoin-trend-round34/kline_monthly/TIAUSDT/TIAUSDT-15m-2025-11.zip,downloaded_verified,b00e3c0a12eb2606b9faf786a670f2e713277012c1eb0fc243566440e4f95bc1,123206.0
TIAUSDT,2025-11,funding_monthly,https://data.binance.vision/data/futures/um/monthly/fundingRate/TIAUSDT/TIAUSDT-fundingRate-2025-11.zip,.cache/binance-altcoin-trend-round34/funding_monthly/TIAUSDT/TIAUSDT-fundingRate-2025-11.zip,downloaded_verified,5014af69fb74bfb29af320bff9620816b42bf32031b50dfbda4b7e701e373f21,1428.0
TIAUSDT,2025-12,kline_monthly,https://data.binance.vision/data/futures/um/monthly/klines/TIAUSDT/15m/TIAUSDT-15m-2025-12.zip,.cache/binance-altcoin-trend-round34/kline_monthly/TIAUSDT/TIAUSDT-15m-2025-12.zip,downloaded_verified,29e2b82364cc467662887cb0226ae5828a2c559372912eba5a42bf9702b428ee,123420.0
TIAUSDT,2025-12,funding_monthly,https://data.binance.vision/data/futures/um/monthly/fundingRate/TIAUSDT/TIAUSDT-fundingRate-2025-12.zip,.cache/binance-altcoin-trend-round34/funding_monthly/TIAUSDT/TIAUSDT-fundingRate-2025-12.zip,downloaded_verified,0079b13e4469b507dcd5b49cce44ddc9617762b1920e6c16fe643bebbcdfcdcb,1429.0
TIAUSDT,2026-01,kline_monthly,https://data.binance.vision/data/futures/um/monthly/klines/TIAUSDT/15m/TIAUSDT-15m-2026-01.zip,.cache/binance-altcoin-trend-round34/kline_monthly/TIAUSDT/TIAUSDT-15m-2026-01.zip,downloaded_verified,a39875fa60548f8c1c6636600a5b195b5126ee08e179770005fda09739faebe2,122711.0
TIAUSDT,2026-01,funding_monthly,https://data.binance.vision/data/futures/um/monthly/fundingRate/TIAUSDT/TIAUSDT-fundingRate-2026-01.zip,.cache/binance-altcoin-trend-round34/funding_monthly/TIAUSDT/TIAUSDT-fundingRate-2026-01.zip,downloaded_verified,1799805d14b1349bae1c2084bf46d7306718debd60bcdec5b8ac459b80051c40,1510.0
TIAUSDT,2026-02,kline_monthly,https://data.binance.vision/data/futures/um/monthly/klines/TIAUSDT/15m/TIAUSDT-15m-2026-02.zip,.cache/binance-altcoin-trend-round34/kline_monthly/TIAUSDT/TIAUSDT-15m-2026-02.zip,downloaded_verified,c0a0f9b28ff34db7108be1e4dffc2ceb9355a1df98c74c56f770347dce9d404d,109415.0
TIAUSDT,2026-02,funding_monthly,https://data.binance.vision/data/futures/um/monthly/fundingRate/TIAUSDT/TIAUSDT-fundingRate-2026-02.zip,.cache/binance-altcoin-trend-round34/funding_monthly/TIAUSDT/TIAUSDT-fundingRate-2026-02.zip,downloaded_verified,17119f6ff2159cc87c3e91af49ac1da139cbde81e48118cc2ac217064c4e8f21,1468.0
TIAUSDT,2026-03,kline_monthly,https://data.binance.vision/data/futures/um/monthly/klines/TIAUSDT/15m/TIAUSDT-15m-2026-03.zip,.cache/binance-altcoin-trend-round34/kline_monthly/TIAUSDT/TIAUSDT-15m-2026-03.zip,downloaded_verified,442ef3fff2c5756b954031293942df21297c7ae29629d609d8f8bb8e6c204b70,118401.0
TIAUSDT,2026-03,funding_monthly,https://data.binance.vision/data/futures/um/monthly/fundingRate/TIAUSDT/TIAUSDT-fundingRate-2026-03.zip,.cache/binance-altcoin-trend-round34/funding_monthly/TIAUSDT/TIAUSDT-fundingRate-2026-03.zip,downloaded_verified,b7cd518a8cb7b69a5861954fe5140720bb65c9dcb2110cf26e3836bf56cbff28,1566.0
TIAUSDT,2026-04,kline_monthly,https://data.binance.vision/data/futures/um/monthly/klines/TIAUSDT/15m/TIAUSDT-15m-2026-04.zip,.cache/binance-altcoin-trend-round34/kline_monthly/TIAUSDT/TIAUSDT-15m-2026-04.zip,downloaded_verified,a300148eda0b8291eb43975a8f6d9e22dc98c0a16bc411e534af9018058b2254,114993.0
TIAUSDT,2026-04,funding_monthly,https://data.binance.vision/data/futures/um/monthly/fundingRate/TIAUSDT/TIAUSDT-fundingRate-2026-04.zip,.cache/binance-altcoin-trend-round34/funding_monthly/TIAUSDT/TIAUSDT-fundingRate-2026-04.zip,downloaded_verified,9264e10ea46baa49281db3fbc5231443c461890aa376ccbc123d82b8b83e51b8,1504.0
TIAUSDT,2026-05,kline_monthly,https://data.binance.vision/data/futures/um/monthly/klines/TIAUSDT/15m/TIAUSDT-15m-2026-05.zip,.cache/binance-altcoin-trend-round34/kline_monthly/TIAUSDT/TIAUSDT-15m-2026-05.zip,downloaded_verified,1fb74ceb4daf74743883a6034697dadabc8c09ec1992b6d8bc2cedaa0e932393,122561.0
TIAUSDT,2026-05,funding_monthly,https://data.binance.vision/data/futures/um/monthly/fundingRate/TIAUSDT/TIAUSDT-fundingRate-2026-05.zip,.cache/binance-altcoin-trend-round34/funding_monthly/TIAUSDT/TIAUSDT-fundingRate-2026-05.zip,downloaded_verified,6b70a54cc788adcf1e41c76321f6faf9867ec09bec51eeeaf0ec2796d922d649,1606.0
TIAUSDT,2026-06,kline_monthly,https://data.binance.vision/data/futures/um/monthly/klines/TIAUSDT/15m/TIAUSDT-15m-2026-06.zip,.cache/binance-altcoin-trend-round34/kline_monthly/TIAUSDT/TIAUSDT-15m-2026-06.zip,downloaded_verified,df1207dbcb0e84158f2f2d121d6156a601d67017185573d083b9ef60a0706572,117709.0
TIAUSDT,2026-06,funding_monthly,https://data.binance.vision/data/futures/um/monthly/fundingRate/TIAUSDT/TIAUSDT-fundingRate-2026-06.zip,.cache/binance-altcoin-trend-round34/funding_monthly/TIAUSDT/TIAUSDT-fundingRate-2026-06.zip,downloaded_verified,134f7224325381c983e5284278a0166403fe86eef634698ef186ffb63c1d8899,1541.0
TIAUSDT,2026-07-01,kline_daily,https://data.binance.vision/data/futures/um/daily/klines/TIAUSDT/15m/TIAUSDT-15m-2026-07-01.zip,.cache/binance-altcoin-trend-round34/kline_daily/TIAUSDT/TIAUSDT-15m-2026-07-01.zip,downloaded_verified,a0890875a18cc12e655614aed20097f6386801a39fc84edcbdaabc074ed648b4,4290.0
TIAUSDT,2026-07-02,kline_daily,https://data.binance.vision/data/futures/um/daily/klines/TIAUSDT/15m/TIAUSDT-15m-2026-07-02.zip,.cache/binance-altcoin-trend-round34/kline_daily/TIAUSDT/TIAUSDT-15m-2026-07-02.zip,downloaded_verified,91c4ae8759ee2dc94837e430630117943be217502e39c68e26507d4579f6f8b9,4249.0
TIAUSDT,2026-07-03,kline_daily,https://data.binance.vision/data/futures/um/daily/klines/TIAUSDT/15m/TIAUSDT-15m-2026-07-03.zip,.cache/binance-altcoin-trend-round34/kline_daily/TIAUSDT/TIAUSDT-15m-2026-07-03.zip,downloaded_verified,f501e55664103261eada326dc3c00e683e63c67e3036003983bef5f124157221,4361.0
TIAUSDT,2026-07-04,kline_daily,https://data.binance.vision/data/futures/um/daily/klines/TIAUSDT/15m/TIAUSDT-15m-2026-07-04.zip,.cache/binance-altcoin-trend-round34/kline_daily/TIAUSDT/TIAUSDT-15m-2026-07-04.zip,downloaded_verified,3dacc48a09aa77bcbcb7f8979e3c9357402eb4a1918b2b62335aa436531837fe,4310.0
TIAUSDT,2026-07-05,kline_daily,https://data.binance.vision/data/futures/um/daily/klines/TIAUSDT/15m/TIAUSDT-15m-2026-07-05.zip,.cache/binance-altcoin-trend-round34/kline_daily/TIAUSDT/TIAUSDT-15m-2026-07-05.zip,downloaded_verified,375547f2d1a92de3bb0836da6882239ac30048cfc9bdbede12de09bf8c7b6fb0,4242.0
TIAUSDT,2026-07-06,kline_daily,https://data.binance.vision/data/futures/um/daily/klines/TIAUSDT/15m/TIAUSDT-15m-2026-07-06.zip,.cache/binance-altcoin-trend-round34/kline_daily/TIAUSDT/TIAUSDT-15m-2026-07-06.zip,downloaded_verified,6d491c9905a4cad1c091121e1a724596169978f17cf95a7e7ab79482d2316823,4257.0
TIAUSDT,2026-07-07,kline_daily,https://data.binance.vision/data/futures/um/daily/klines/TIAUSDT/15m/TIAUSDT-15m-2026-07-07.zip,.cache/binance-altcoin-trend-round34/kline_daily/TIAUSDT/TIAUSDT-15m-2026-07-07.zip,downloaded_verified,2d3cade4c162dc21604ea0623d0735f379b92ee9ef8e0eafb1d5c790cb1b2802,4282.0
TIAUSDT,2026-07-08,kline_daily,https://data.binance.vision/data/futures/um/daily/klines/TIAUSDT/15m/TIAUSDT-15m-2026-07-08.zip,.cache/binance-altcoin-trend-round34/kline_daily/TIAUSDT/TIAUSDT-15m-2026-07-08.zip,downloaded_verified,0119d5435de132273ceccffdf36f426b8b92ca562d3e6e903e5c4397b34dd20f,4316.0
TIAUSDT,2026-07-09,kline_daily,https://data.binance.vision/data/futures/um/daily/klines/TIAUSDT/15m/TIAUSDT-15m-2026-07-09.zip,.cache/binance-altcoin-trend-round34/kline_daily/TIAUSDT/TIAUSDT-15m-2026-07-09.zip,downloaded_verified,7269aad5f361aefcd577c6150afe533bd134c34d469d154926fb41b995f5058a,4393.0
TIAUSDT,2026-07-10,kline_daily,https://data.binance.vision/data/futures/um/daily/klines/TIAUSDT/15m/TIAUSDT-15m-2026-07-10.zip,.cache/binance-altcoin-trend-round34/kline_daily/TIAUSDT/TIAUSDT-15m-2026-07-10.zip,downloaded_verified,68d7dda7d4ea9d66e0ed9ad5c3169fb0b0f8b5bd7509994f8a5dd688ecada784,4297.0
TIAUSDT,2026-07-11,kline_daily,https://data.binance.vision/data/futures/um/daily/klines/TIAUSDT/15m/TIAUSDT-15m-2026-07-11.zip,.cache/binance-altcoin-trend-round34/kline_daily/TIAUSDT/TIAUSDT-15m-2026-07-11.zip,downloaded_verified,7eb88b928235e16e6d0c087e37a961f368d4d7685f756d9c3486a7c3eca17d4b,4260.0
TIAUSDT,2026-07-12,kline_daily,https://data.binance.vision/data/futures/um/daily/klines/TIAUSDT/15m/TIAUSDT-15m-2026-07-12.zip,.cache/binance-altcoin-trend-round34/kline_daily/TIAUSDT/TIAUSDT-15m-2026-07-12.zip,downloaded_verified,a668fda72e84813cef5a6477204701236ada55332460c6c12f3c1190ea3bf521,4233.0
TIAUSDT,2026-07-13,kline_daily,https://data.binance.vision/data/futures/um/daily/klines/TIAUSDT/15m/TIAUSDT-15m-2026-07-13.zip,.cache/binance-altcoin-trend-round34/kline_daily/TIAUSDT/TIAUSDT-15m-2026-07-13.zip,downloaded_verified,04bd5736e262d4073dd3b7e4f41c048413ea714557f9c258ebd106ba667f6c62,4315.0
TIAUSDT,2026-07-14,kline_daily,https://data.binance.vision/data/futures/um/daily/klines/TIAUSDT/15m/TIAUSDT-15m-2026-07-14.zip,.cache/binance-altcoin-trend-round34/kline_daily/TIAUSDT/TIAUSDT-15m-2026-07-14.zip,downloaded_verified,744bcf05e928a744b8a205310d5cefb1098c0ff68cb41d6411f377ec9bc31fc5,4262.0
TIAUSDT,2026-07-15,kline_daily,https://data.binance.vision/data/futures/um/daily/klines/TIAUSDT/15m/TIAUSDT-15m-2026-07-15.zip,.cache/binance-altcoin-trend-round34/kline_daily/TIAUSDT/TIAUSDT-15m-2026-07-15.zip,downloaded_verified,61721ef1da2fa87ec7d294addbf9728d0478756d6fb1dd3c4bc3558533cfc202,4280.0
TIAUSDT,2026-07-16,kline_daily,https://data.binance.vision/data/futures/um/daily/klines/TIAUSDT/15m/TIAUSDT-15m-2026-07-16.zip,.cache/binance-altcoin-trend-round34/kline_daily/TIAUSDT/TIAUSDT-15m-2026-07-16.zip,downloaded_verified,4e2e6c5419cf6c6db7de7a36c26fa2a48c4146fdb876bbf479808bf8f21e47cb,4256.0
TIAUSDT,2026-07-17,kline_daily,https://data.binance.vision/data/futures/um/daily/klines/TIAUSDT/15m/TIAUSDT-15m-2026-07-17.zip,.cache/binance-altcoin-trend-round34/kline_daily/TIAUSDT/TIAUSDT-15m-2026-07-17.zip,downloaded_verified,2616ff5e4514c23cb497aeef135c950ff3ed032de0ec5acd80975ff42b0477ab,4306.0
TIAUSDT,2026-07-18,kline_daily,https://data.binance.vision/data/futures/um/daily/klines/TIAUSDT/15m/TIAUSDT-15m-2026-07-18.zip,.cache/binance-altcoin-trend-round34/kline_daily/TIAUSDT/TIAUSDT-15m-2026-07-18.zip,downloaded_verified,b6951dd0fa21aa370cc9ab9c4630b8664509d5db7c842cfefb8a3e9bd1ca5068,4223.0
TIAUSDT,2026-07-19,kline_daily,https://data.binance.vision/data/futures/um/daily/klines/TIAUSDT/15m/TIAUSDT-15m-2026-07-19.zip,.cache/binance-altcoin-trend-round34/kline_daily/TIAUSDT/TIAUSDT-15m-2026-07-19.zip,downloaded_verified,fd91818c9dc9e8dee8811e018e9aec579ab8ba2bdf2fd89ebf4ab4b36412a8de,4148.0
TIAUSDT,2026-07-20,kline_daily,https://data.binance.vision/data/futures/um/daily/klines/TIAUSDT/15m/TIAUSDT-15m-2026-07-20.zip,.cache/binance-altcoin-trend-round34/kline_daily/TIAUSDT/TIAUSDT-15m-2026-07-20.zip,downloaded_verified,cecbc5132df5df87c49f7d2bb9462f40ce3c257c01a2c8783c9fee4a594734f3,4220.0
TIAUSDT,2026-07-21,kline_daily,https://data.binance.vision/data/futures/um/daily/klines/TIAUSDT/15m/TIAUSDT-15m-2026-07-21.zip,.cache/binance-altcoin-trend-round34/kline_daily/TIAUSDT/TIAUSDT-15m-2026-07-21.zip,downloaded_verified,1f7bd39d95f47c149d39a975b7b3b174c655e3a85bfaec5529a3143e5b2e79a4,4155.0
TIAUSDT,2026-07-22,kline_daily,https://data.binance.vision/data/futures/um/daily/klines/TIAUSDT/15m/TIAUSDT-15m-2026-07-22.zip,.cache/binance-altcoin-trend-round34/kline_daily/TIAUSDT/TIAUSDT-15m-2026-07-22.zip,downloaded_verified,320a8b222dfabc3134c90537493c330c0240a653ec6dfbb92124ba134d73f5ae,4133.0
TIAUSDT,2026-07-23,kline_daily,https://data.binance.vision/data/futures/um/daily/klines/TIAUSDT/15m/TIAUSDT-15m-2026-07-23.zip,.cache/binance-altcoin-trend-round34/kline_daily/TIAUSDT/TIAUSDT-15m-2026-07-23.zip,downloaded_verified,5914256a015c4e091180a8da87d9aa98e1191d813e5ee2b30c3d3ed995fbe69e,4182.0
TIAUSDT,2026-07-24,kline_daily,https://data.binance.vision/data/futures/um/daily/klines/TIAUSDT/15m/TIAUSDT-15m-2026-07-24.zip,.cache/binance-altcoin-trend-round34/kline_daily/TIAUSDT/TIAUSDT-15m-2026-07-24.zip,downloaded_verified,fbaffa6ad70e7621945f06f69f2c4509845d4f9c42f57b9c247b7b0bbe350124,4115.0
TIAUSDT,2026-07-25,kline_daily,https://data.binance.vision/data/futures/um/daily/klines/TIAUSDT/15m/TIAUSDT-15m-2026-07-25.zip,.cache/binance-altcoin-trend-round34/kline_daily/TIAUSDT/TIAUSDT-15m-2026-07-25.zip,downloaded_verified,52c6b0ec0a7398db85fc8b6ae6972e1b70e2bdb1f2f27bfc862c400fbaf0d286,4064.0
TIAUSDT,2026-07-26,kline_daily,https://data.binance.vision/data/futures/um/daily/klines/TIAUSDT/15m/TIAUSDT-15m-2026-07-26.zip,.cache/binance-altcoin-trend-round34/kline_daily/TIAUSDT/TIAUSDT-15m-2026-07-26.zip,downloaded_verified,2326a2c454964d6c6eba6050ae57bde3f035480da5ecb8e04ec2edce37fc1347,4071.0
NEARUSDT,2023-11,kline_monthly,https://data.binance.vision/data/futures/um/monthly/klines/NEARUSDT/15m/NEARUSDT-15m-2023-11.zip,.cache/binance-altcoin-trend-round34/kline_monthly/NEARUSDT/NEARUSDT-15m-2023-11.zip,downloaded_verified,0412cd20e6828151820104e6c6838f867909c013060251b6ac4fa2b57f619a45,110368.0
NEARUSDT,2023-11,funding_monthly,https://data.binance.vision/data/futures/um/monthly/fundingRate/NEARUSDT/NEARUSDT-fundingRate-2023-11.zip,.cache/binance-altcoin-trend-round34/funding_monthly/NEARUSDT/NEARUSDT-fundingRate-2023-11.zip,downloaded_verified,826d4e3c89207be441f4df5a0900e48e9bbfa1ae72a42dc54f9581f408b04f83,725.0
NEARUSDT,2023-12,kline_monthly,https://data.binance.vision/data/futures/um/monthly/klines/NEARUSDT/15m/NEARUSDT-15m-2023-12.zip,.cache/binance-altcoin-trend-round34/kline_monthly/NEARUSDT/NEARUSDT-15m-2023-12.zip,downloaded_verified,edda2cfa6dff93a2debf3970a2208bdae65da7bd8bd99d8751c45f5681c7dc07,117335.0
NEARUSDT,2023-12,funding_monthly,https://data.binance.vision/data/futures/um/monthly/fundingRate/NEARUSDT/NEARUSDT-fundingRate-2023-12.zip,.cache/binance-altcoin-trend-round34/funding_monthly/NEARUSDT/NEARUSDT-fundingRate-2023-12.zip,downloaded_verified,2e2909e98f18fe7599248f98e65734e621b5ec843b016284672187729908c2b4,883.0
NEARUSDT,2024-01,kline_monthly,https://data.binance.vision/data/futures/um/monthly/klines/NEARUSDT/15m/NEARUSDT-15m-2024-01.zip,.cache/binance-altcoin-trend-round34/kline_monthly/NEARUSDT/NEARUSDT-15m-2024-01.zip,downloaded_verified,47d10ca8975e45e9f354bc0a6c994ca8da68d70785146d12ee671451075acfa3,116173.0
NEARUSDT,2024-01,funding_monthly,https://data.binance.vision/data/futures/um/monthly/fundingRate/NEARUSDT/NEARUSDT-fundingRate-2024-01.zip,.cache/binance-altcoin-trend-round34/funding_monthly/NEARUSDT/NEARUSDT-fundingRate-2024-01.zip,downloaded_verified,b4a855c3076de912184882646abafaa5ea16dd71d2147afe05596618d192a7b7,675.0
NEARUSDT,2024-02,kline_monthly,https://data.binance.vision/data/futures/um/monthly/klines/NEARUSDT/15m/NEARUSDT-15m-2024-02.zip,.cache/binance-altcoin-trend-round34/kline_monthly/NEARUSDT/NEARUSDT-15m-2024-02.zip,downloaded_verified,2ce5482c5f8b833cf1144d961aed8f60e80d44015f103b0cd67cb650c189183a,107265.0
NEARUSDT,2024-02,funding_monthly,https://data.binance.vision/data/futures/um/monthly/fundingRate/NEARUSDT/NEARUSDT-fundingRate-2024-02.zip,.cache/binance-altcoin-trend-round34/funding_monthly/NEARUSDT/NEARUSDT-fundingRate-2024-02.zip,downloaded_verified,92dfa9c2ef49620c73d3eb119ecfe1a050c7b6ac361613b1411eae825e06ac37,758.0
NEARUSDT,2024-03,kline_monthly,https://data.binance.vision/data/futures/um/monthly/klines/NEARUSDT/15m/NEARUSDT-15m-2024-03.zip,.cache/binance-altcoin-trend-round34/kline_monthly/NEARUSDT/NEARUSDT-15m-2024-03.zip,downloaded_verified,45506a88d544689376ef90ad371990bbd0cbb1574c8099fc35f69c9cbfef1799,121671.0
NEARUSDT,2024-03,funding_monthly,https://data.binance.vision/data/futures/um/monthly/fundingRate/NEARUSDT/NEARUSDT-fundingRate-2024-03.zip,.cache/binance-altcoin-trend-round34/funding_monthly/NEARUSDT/NEARUSDT-fundingRate-2024-03.zip,downloaded_verified,c04dc7950cb6249cdf68d35896d46464af671371835a7066926712ddc8f3a80f,939.0
NEARUSDT,2024-04,kline_monthly,https://data.binance.vision/data/futures/um/monthly/klines/NEARUSDT/15m/NEARUSDT-15m-2024-04.zip,.cache/binance-altcoin-trend-round34/kline_monthly/NEARUSDT/NEARUSDT-15m-2024-04.zip,downloaded_verified,9e8c4c72334cfe06d656291c2c2fd24cf623e20d13a1acfdb4c6e13bfc0ea4da,116408.0
NEARUSDT,2024-04,funding_monthly,https://data.binance.vision/data/futures/um/monthly/fundingRate/NEARUSDT/NEARUSDT-fundingRate-2024-04.zip,.cache/binance-altcoin-trend-round34/funding_monthly/NEARUSDT/NEARUSDT-fundingRate-2024-04.zip,downloaded_verified,975de735f2ed1932bc5c16cd4098127f663300b39bdc74bd1d55be74aa4ee1f9,852.0
NEARUSDT,2024-05,kline_monthly,https://data.binance.vision/data/futures/um/monthly/klines/NEARUSDT/15m/NEARUSDT-15m-2024-05.zip,.cache/binance-altcoin-trend-round34/kline_monthly/NEARUSDT/NEARUSDT-15m-2024-05.zip,downloaded_verified,a574189a2ddd1129c16c63ff187af1410c6147278bd3546a3a456423f1a629f8,118252.0
NEARUSDT,2024-05,funding_monthly,https://data.binance.vision/data/futures/um/monthly/fundingRate/NEARUSDT/NEARUSDT-fundingRate-2024-05.zip,.cache/binance-altcoin-trend-round34/funding_monthly/NEARUSDT/NEARUSDT-fundingRate-2024-05.zip,downloaded_verified,a9f7ed2795227ef809bdc7004ab58debae418070771a9a726bbdc0bea0a0221d,729.0
NEARUSDT,2024-06,kline_monthly,https://data.binance.vision/data/futures/um/monthly/klines/NEARUSDT/15m/NEARUSDT-15m-2024-06.zip,.cache/binance-altcoin-trend-round34/kline_monthly/NEARUSDT/NEARUSDT-15m-2024-06.zip,downloaded_verified,a95b70c263f885ece39f9ee472963e4210996ade421b8165ec4f62f35db369d9,111556.0
NEARUSDT,2024-06,funding_monthly,https://data.binance.vision/data/futures/um/monthly/fundingRate/NEARUSDT/NEARUSDT-fundingRate-2024-06.zip,.cache/binance-altcoin-trend-round34/funding_monthly/NEARUSDT/NEARUSDT-fundingRate-2024-06.zip,downloaded_verified,02c0fb6b8f35cfb27155d819947673cadbef54d426cd9c18826da00be11c1b85,779.0
NEARUSDT,2024-07,kline_monthly,https://data.binance.vision/data/futures/um/monthly/klines/NEARUSDT/15m/NEARUSDT-15m-2024-07.zip,.cache/binance-altcoin-trend-round34/kline_monthly/NEARUSDT/NEARUSDT-15m-2024-07.zip,downloaded_verified,3cb93420007d0d9945fd354aeb737acd858a1df658a65ec27f8f88d39d95a47c,115565.0
NEARUSDT,2024-07,funding_monthly,https://data.binance.vision/data/futures/um/monthly/fundingRate/NEARUSDT/NEARUSDT-fundingRate-2024-07.zip,.cache/binance-altcoin-trend-round34/funding_monthly/NEARUSDT/NEARUSDT-fundingRate-2024-07.zip,downloaded_verified,dd5248b738d33ea4f62663c6229d3e44b0c84d4af4909e8729da1fdc1c0b1d8b,804.0
NEARUSDT,2024-08,kline_monthly,https://data.binance.vision/data/futures/um/monthly/klines/NEARUSDT/15m/NEARUSDT-15m-2024-08.zip,.cache/binance-altcoin-trend-round34/kline_monthly/NEARUSDT/NEARUSDT-15m-2024-08.zip,downloaded_verified,265249c7c95cc4c3086077cb21cc2eed2b8b95a966697754a865fc6478067c82,114736.0
NEARUSDT,2024-08,funding_monthly,https://data.binance.vision/data/futures/um/monthly/fundingRate/NEARUSDT/NEARUSDT-fundingRate-2024-08.zip,.cache/binance-altcoin-trend-round34/funding_monthly/NEARUSDT/NEARUSDT-fundingRate-2024-08.zip,downloaded_verified,4ab35ce29e0043dae9b3da206dfd49df9d5d0ef6d29d62df5352ff239f161608,927.0
NEARUSDT,2024-09,kline_monthly,https://data.binance.vision/data/futures/um/monthly/klines/NEARUSDT/15m/NEARUSDT-15m-2024-09.zip,.cache/binance-altcoin-trend-round34/kline_monthly/NEARUSDT/NEARUSDT-15m-2024-09.zip,downloaded_verified,3cce679c06844927f8953dd308686804fdf210c665059fc9a900e6c42ef46c5a,110727.0
NEARUSDT,2024-09,funding_monthly,https://data.binance.vision/data/futures/um/monthly/fundingRate/NEARUSDT/NEARUSDT-fundingRate-2024-09.zip,.cache/binance-altcoin-trend-round34/funding_monthly/NEARUSDT/NEARUSDT-fundingRate-2024-09.zip,downloaded_verified,b0edb921fa781b493bd5f91a60303c005935518eb56acf1c7ce519ecceab462c,795.0
NEARUSDT,2024-10,kline_monthly,https://data.binance.vision/data/futures/um/monthly/klines/NEARUSDT/15m/NEARUSDT-15m-2024-10.zip,.cache/binance-altcoin-trend-round34/kline_monthly/NEARUSDT/NEARUSDT-15m-2024-10.zip,downloaded_verified,533538336726e7abc6ede0cb8228945254f08e4bd80b169eaf049a802c998534,114200.0
NEARUSDT,2024-10,funding_monthly,https://data.binance.vision/data/futures/um/monthly/fundingRate/NEARUSDT/NEARUSDT-fundingRate-2024-10.zip,.cache/binance-altcoin-trend-round34/funding_monthly/NEARUSDT/NEARUSDT-fundingRate-2024-10.zip,downloaded_verified,8e3f48f903f6fe1c727065d71719ec634a378cae8333314a2d46e0a31435ce3e,777.0
NEARUSDT,2024-11,kline_monthly,https://data.binance.vision/data/futures/um/monthly/klines/NEARUSDT/15m/NEARUSDT-15m-2024-11.zip,.cache/binance-altcoin-trend-round34/kline_monthly/NEARUSDT/NEARUSDT-15m-2024-11.zip,downloaded_verified,40e0692834f875c85c8c2e523699244cefa9815a38d8f08f68b04a230a33f5e9,114884.0
NEARUSDT,2024-11,funding_monthly,https://data.binance.vision/data/futures/um/monthly/fundingRate/NEARUSDT/NEARUSDT-fundingRate-2024-11.zip,.cache/binance-altcoin-trend-round34/funding_monthly/NEARUSDT/NEARUSDT-fundingRate-2024-11.zip,downloaded_verified,76a35c6f1170d687a096dfc77e39a0e6aefc464901cb7c3438707765cd5ccb15,801.0
NEARUSDT,2024-12,kline_monthly,https://data.binance.vision/data/futures/um/monthly/klines/NEARUSDT/15m/NEARUSDT-15m-2024-12.zip,.cache/binance-altcoin-trend-round34/kline_monthly/NEARUSDT/NEARUSDT-15m-2024-12.zip,downloaded_verified,a5cc3b8de361c6c7b4109a140aa47725f55f2f144b5167260d054f53ed4296b9,118148.0
NEARUSDT,2024-12,funding_monthly,https://data.binance.vision/data/futures/um/monthly/fundingRate/NEARUSDT/NEARUSDT-fundingRate-2024-12.zip,.cache/binance-altcoin-trend-round34/funding_monthly/NEARUSDT/NEARUSDT-fundingRate-2024-12.zip,downloaded_verified,585f38010b2cadc241061a4c6973de1ec051c46c9ef086505b1af9b1a944e9df,877.0
NEARUSDT,2025-01,kline_monthly,https://data.binance.vision/data/futures/um/monthly/klines/NEARUSDT/15m/NEARUSDT-15m-2025-01.zip,.cache/binance-altcoin-trend-round34/kline_monthly/NEARUSDT/NEARUSDT-15m-2025-01.zip,downloaded_verified,80d0abda8e8b49b24e12819fd6b896e04626e1409949eba0f216688ef6ffdc6e,114963.0
NEARUSDT,2025-01,funding_monthly,https://data.binance.vision/data/futures/um/monthly/fundingRate/NEARUSDT/NEARUSDT-fundingRate-2025-01.zip,.cache/binance-altcoin-trend-round34/funding_monthly/NEARUSDT/NEARUSDT-fundingRate-2025-01.zip,downloaded_verified,62e250cd587ce9306c0fbcc86c490d4618015b3d6abdf6d60f7355661a40758d,828.0
NEARUSDT,2025-02,kline_monthly,https://data.binance.vision/data/futures/um/monthly/klines/NEARUSDT/15m/NEARUSDT-15m-2025-02.zip,.cache/binance-altcoin-trend-round34/kline_monthly/NEARUSDT/NEARUSDT-15m-2025-02.zip,downloaded_verified,41a913ed06a5e3174030ee09e05b7a40a264f529da94247ee0c41e6ffa5f1420,103612.0
NEARUSDT,2025-02,funding_monthly,https://data.binance.vision/data/futures/um/monthly/fundingRate/NEARUSDT/NEARUSDT-fundingRate-2025-02.zip,.cache/binance-altcoin-trend-round34/funding_monthly/NEARUSDT/NEARUSDT-fundingRate-2025-02.zip,downloaded_verified,d243e3ef43288e01f05539acdba74d8b56545c7b9c880c375d1e7c46d4cc4e0b,862.0
NEARUSDT,2025-03,kline_monthly,https://data.binance.vision/data/futures/um/monthly/klines/NEARUSDT/15m/NEARUSDT-15m-2025-03.zip,.cache/binance-altcoin-trend-round34/kline_monthly/NEARUSDT/NEARUSDT-15m-2025-03.zip,downloaded_verified,c7b966087f320af5df4963a3934aee1fd1a59b91286e8d303160013f38e6ac06,113231.0
NEARUSDT,2025-03,funding_monthly,https://data.binance.vision/data/futures/um/monthly/fundingRate/NEARUSDT/NEARUSDT-fundingRate-2025-03.zip,.cache/binance-altcoin-trend-round34/funding_monthly/NEARUSDT/NEARUSDT-fundingRate-2025-03.zip,downloaded_verified,3661cf9917d44c14788606e86a5d899b717d19be727e96096bd7b286f4d32088,925.0
NEARUSDT,2025-04,kline_monthly,https://data.binance.vision/data/futures/um/monthly/klines/NEARUSDT/15m/NEARUSDT-15m-2025-04.zip,.cache/binance-altcoin-trend-round34/kline_monthly/NEARUSDT/NEARUSDT-15m-2025-04.zip,downloaded_verified,ecf03047dcdd5b1ac34398093a7841743f46b92aad7286fc7713acfae5f43d6f,108791.0
NEARUSDT,2025-04,funding_monthly,https://data.binance.vision/data/futures/um/monthly/fundingRate/NEARUSDT/NEARUSDT-fundingRate-2025-04.zip,.cache/binance-altcoin-trend-round34/funding_monthly/NEARUSDT/NEARUSDT-fundingRate-2025-04.zip,downloaded_verified,e74d5b2d9236ac0f07085aa258eab80c254cc7b9a2ea7d939297845c4a355646,904.0
NEARUSDT,2025-05,kline_monthly,https://data.binance.vision/data/futures/um/monthly/klines/NEARUSDT/15m/NEARUSDT-15m-2025-05.zip,.cache/binance-altcoin-trend-round34/kline_monthly/NEARUSDT/NEARUSDT-15m-2025-05.zip,downloaded_verified,1620758c57de300f90fea40c55c88ca8c6d5203f3252cd4b6ac6c0bb0186b26c,113768.0
NEARUSDT,2025-05,funding_monthly,https://data.binance.vision/data/futures/um/monthly/fundingRate/NEARUSDT/NEARUSDT-fundingRate-2025-05.zip,.cache/binance-altcoin-trend-round34/funding_monthly/NEARUSDT/NEARUSDT-fundingRate-2025-05.zip,downloaded_verified,7c416882fa0552f60c8821e31afa25f7ea0d913125b686fb2662378510b2b188,935.0
NEARUSDT,2025-06,kline_monthly,https://data.binance.vision/data/futures/um/monthly/klines/NEARUSDT/15m/NEARUSDT-15m-2025-06.zip,.cache/binance-altcoin-trend-round34/kline_monthly/NEARUSDT/NEARUSDT-15m-2025-06.zip,downloaded_verified,987ac307353e17583946b84a2e5a0b6d93d8ec4cc937547bb9de5006306d7446,108631.0
NEARUSDT,2025-06,funding_monthly,https://data.binance.vision/data/futures/um/monthly/fundingRate/NEARUSDT/NEARUSDT-fundingRate-2025-06.zip,.cache/binance-altcoin-trend-round34/funding_monthly/NEARUSDT/NEARUSDT-fundingRate-2025-06.zip,downloaded_verified,8941c9dbfa39e0cf1cce5931e23552d5a91356e340339e3908e16ea92da491c8,898.0
NEARUSDT,2025-07,kline_monthly,https://data.binance.vision/data/futures/um/monthly/klines/NEARUSDT/15m/NEARUSDT-15m-2025-07.zip,.cache/binance-altcoin-trend-round34/kline_monthly/NEARUSDT/NEARUSDT-15m-2025-07.zip,downloaded_verified,2088d7773405efb768522ee822d464f9deec605b90c1139e4d17f4e4cbc4fee4,113869.0
NEARUSDT,2025-07,funding_monthly,https://data.binance.vision/data/futures/um/monthly/fundingRate/NEARUSDT/NEARUSDT-fundingRate-2025-07.zip,.cache/binance-altcoin-trend-round34/funding_monthly/NEARUSDT/NEARUSDT-fundingRate-2025-07.zip,downloaded_verified,e840521961295549b985ae73fd25a65da82f2522e7e8c5ee902699f58f5a1d90,850.0
NEARUSDT,2025-08,kline_monthly,https://data.binance.vision/data/futures/um/monthly/klines/NEARUSDT/15m/NEARUSDT-15m-2025-08.zip,.cache/binance-altcoin-trend-round34/kline_monthly/NEARUSDT/NEARUSDT-15m-2025-08.zip,downloaded_verified,109101d0166ea715e35ec2c0c8db9fd4c2478978ea8fe716add2d2a8da352a47,112478.0
NEARUSDT,2025-08,funding_monthly,https://data.binance.vision/data/futures/um/monthly/fundingRate/NEARUSDT/NEARUSDT-fundingRate-2025-08.zip,.cache/binance-altcoin-trend-round34/funding_monthly/NEARUSDT/NEARUSDT-fundingRate-2025-08.zip,downloaded_verified,0b17e289b4763a7d6695c685a0b7d1b1a1e3995b8266127a194e3b22632262a0,897.0
NEARUSDT,2025-09,kline_monthly,https://data.binance.vision/data/futures/um/monthly/klines/NEARUSDT/15m/NEARUSDT-15m-2025-09.zip,.cache/binance-altcoin-trend-round34/kline_monthly/NEARUSDT/NEARUSDT-15m-2025-09.zip,downloaded_verified,ff5de15c0c042f2c6e7704f6577e162cf7b67a0850ee351bed9d5e706256adcb,109203.0
NEARUSDT,2025-09,funding_monthly,https://data.binance.vision/data/futures/um/monthly/fundingRate/NEARUSDT/NEARUSDT-fundingRate-2025-09.zip,.cache/binance-altcoin-trend-round34/funding_monthly/NEARUSDT/NEARUSDT-fundingRate-2025-09.zip,downloaded_verified,6f7a82de3cc3c42e8ec5e8e8937bc890c308d45acbc5c59845cf5786d2d84715,829.0
NEARUSDT,2025-10,kline_monthly,https://data.binance.vision/data/futures/um/monthly/klines/NEARUSDT/15m/NEARUSDT-15m-2025-10.zip,.cache/binance-altcoin-trend-round34/kline_monthly/NEARUSDT/NEARUSDT-15m-2025-10.zip,downloaded_verified,32a17c0745eda789bd24df2fa891688b042818d440a09711c40125484aeab636,113917.0
NEARUSDT,2025-10,funding_monthly,https://data.binance.vision/data/futures/um/monthly/fundingRate/NEARUSDT/NEARUSDT-fundingRate-2025-10.zip,.cache/binance-altcoin-trend-round34/funding_monthly/NEARUSDT/NEARUSDT-fundingRate-2025-10.zip,downloaded_verified,d26e99d7f49b6123ac1ccbe32d633eca0a15f74f33d5f5c8b9688590e54bd7f6,917.0
NEARUSDT,2025-11,kline_monthly,https://data.binance.vision/data/futures/um/monthly/klines/NEARUSDT/15m/NEARUSDT-15m-2025-11.zip,.cache/binance-altcoin-trend-round34/kline_monthly/NEARUSDT/NEARUSDT-15m-2025-11.zip,downloaded_verified,471fc3c00a9b6a1549ff98b769de5db9c8c2d06978e465c60b458f53f5d63634,110949.0
NEARUSDT,2025-11,funding_monthly,https://data.binance.vision/data/futures/um/monthly/fundingRate/NEARUSDT/NEARUSDT-fundingRate-2025-11.zip,.cache/binance-altcoin-trend-round34/funding_monthly/NEARUSDT/NEARUSDT-fundingRate-2025-11.zip,downloaded_verified,6621daf34c959ece50eac66b7f6869ad4cce2ea70f12271cf0ed7422f9f565bf,929.0
NEARUSDT,2025-12,kline_monthly,https://data.binance.vision/data/futures/um/monthly/klines/NEARUSDT/15m/NEARUSDT-15m-2025-12.zip,.cache/binance-altcoin-trend-round34/kline_monthly/NEARUSDT/NEARUSDT-15m-2025-12.zip,downloaded_verified,184b5f326a6249b57b3a583cf9fd4f424465594fef8594625bdd82a772b88e1e,110085.0
NEARUSDT,2025-12,funding_monthly,https://data.binance.vision/data/futures/um/monthly/fundingRate/NEARUSDT/NEARUSDT-fundingRate-2025-12.zip,.cache/binance-altcoin-trend-round34/funding_monthly/NEARUSDT/NEARUSDT-fundingRate-2025-12.zip,downloaded_verified,2d9ffe55dfd7453bd18dbe5388dac567dda4a9c4de6365acb8fdae1e32ae2ac7,905.0
NEARUSDT,2026-01,kline_monthly,https://data.binance.vision/data/futures/um/monthly/klines/NEARUSDT/15m/NEARUSDT-15m-2026-01.zip,.cache/binance-altcoin-trend-round34/kline_monthly/NEARUSDT/NEARUSDT-15m-2026-01.zip,downloaded_verified,a09c76650d0c1de03835d879819a409738f45455bc4433a3f8c32ac8ea451789,109603.0
NEARUSDT,2026-01,funding_monthly,https://data.binance.vision/data/futures/um/monthly/fundingRate/NEARUSDT/NEARUSDT-fundingRate-2026-01.zip,.cache/binance-altcoin-trend-round34/funding_monthly/NEARUSDT/NEARUSDT-fundingRate-2026-01.zip,downloaded_verified,1835812dd44e9cdef6e458f01f24f289a58fc653115008d2080723101cb6f28d,921.0
NEARUSDT,2026-02,kline_monthly,https://data.binance.vision/data/futures/um/monthly/klines/NEARUSDT/15m/NEARUSDT-15m-2026-02.zip,.cache/binance-altcoin-trend-round34/kline_monthly/NEARUSDT/NEARUSDT-15m-2026-02.zip,downloaded_verified,66f0fabd6a29a9db38ef2b63b2e11eeb180c345fb9193bd4ca7498f288c35dff,98882.0
NEARUSDT,2026-02,funding_monthly,https://data.binance.vision/data/futures/um/monthly/fundingRate/NEARUSDT/NEARUSDT-fundingRate-2026-02.zip,.cache/binance-altcoin-trend-round34/funding_monthly/NEARUSDT/NEARUSDT-fundingRate-2026-02.zip,downloaded_verified,09f59a143d9e7f52ff1a046dcfedd3f33b6311c285ba1da0fe5db35723c64ca9,890.0
NEARUSDT,2026-03,kline_monthly,https://data.binance.vision/data/futures/um/monthly/klines/NEARUSDT/15m/NEARUSDT-15m-2026-03.zip,.cache/binance-altcoin-trend-round34/kline_monthly/NEARUSDT/NEARUSDT-15m-2026-03.zip,downloaded_verified,4319d4268e4842e9de4d3873c91ccc89f4e03dd3f3ed49cb786aa86067524ab3,110363.0
NEARUSDT,2026-03,funding_monthly,https://data.binance.vision/data/futures/um/monthly/fundingRate/NEARUSDT/NEARUSDT-fundingRate-2026-03.zip,.cache/binance-altcoin-trend-round34/funding_monthly/NEARUSDT/NEARUSDT-fundingRate-2026-03.zip,downloaded_verified,a9d792cf6b28128e89c8fcbbe9b8679e0acf72e76fc3daafb19a17aa342a6899,936.0
NEARUSDT,2026-04,kline_monthly,https://data.binance.vision/data/futures/um/monthly/klines/NEARUSDT/15m/NEARUSDT-15m-2026-04.zip,.cache/binance-altcoin-trend-round34/kline_monthly/NEARUSDT/NEARUSDT-15m-2026-04.zip,downloaded_verified,7595b9bc66b74868b42a2cc6c36218edd36df99311d4d692cc41a34f7b774089,104419.0
NEARUSDT,2026-04,funding_monthly,https://data.binance.vision/data/futures/um/monthly/fundingRate/NEARUSDT/NEARUSDT-fundingRate-2026-04.zip,.cache/binance-altcoin-trend-round34/funding_monthly/NEARUSDT/NEARUSDT-fundingRate-2026-04.zip,downloaded_verified,6072480c242436e9135f7558e7200928761c03f77dfa003b418d1ad8634abb62,923.0
NEARUSDT,2026-05,kline_monthly,https://data.binance.vision/data/futures/um/monthly/klines/NEARUSDT/15m/NEARUSDT-15m-2026-05.zip,.cache/binance-altcoin-trend-round34/kline_monthly/NEARUSDT/NEARUSDT-15m-2026-05.zip,downloaded_verified,9afaa5bf7f1b1fd0e43e13ef42d7c877c0ffcd4beefb6eaf33d7d013f68d116a,114088.0
NEARUSDT,2026-05,funding_monthly,https://data.binance.vision/data/futures/um/monthly/fundingRate/NEARUSDT/NEARUSDT-fundingRate-2026-05.zip,.cache/binance-altcoin-trend-round34/funding_monthly/NEARUSDT/NEARUSDT-fundingRate-2026-05.zip,downloaded_verified,20b0568adb90c2113ae386d37a0d1b0341c904abc911c73fa30b883817412a15,952.0
NEARUSDT,2026-06,kline_monthly,https://data.binance.vision/data/futures/um/monthly/klines/NEARUSDT/15m/NEARUSDT-15m-2026-06.zip,.cache/binance-altcoin-trend-round34/kline_monthly/NEARUSDT/NEARUSDT-15m-2026-06.zip,downloaded_verified,77a209a5058f0a9f1386964df40af67368bc314987b910a54c5044a19b2f42d5,112832.0
NEARUSDT,2026-06,funding_monthly,https://data.binance.vision/data/futures/um/monthly/fundingRate/NEARUSDT/NEARUSDT-fundingRate-2026-06.zip,.cache/binance-altcoin-trend-round34/funding_monthly/NEARUSDT/NEARUSDT-fundingRate-2026-06.zip,downloaded_verified,3c8daac942268f63095ed293a0474cee28f5059f913c27622a6746b116db2d8e,924.0
NEARUSDT,2026-07-01,kline_daily,https://data.binance.vision/data/futures/um/daily/klines/NEARUSDT/15m/NEARUSDT-15m-2026-07-01.zip,.cache/binance-altcoin-trend-round34/kline_daily/NEARUSDT/NEARUSDT-15m-2026-07-01.zip,downloaded_verified,eddaff10cb13be69a984218806bc2b357abc633958a81b91fc12671c09b9477b,4021.0
NEARUSDT,2026-07-02,kline_daily,https://data.binance.vision/data/futures/um/daily/klines/NEARUSDT/15m/NEARUSDT-15m-2026-07-02.zip,.cache/binance-altcoin-trend-round34/kline_daily/NEARUSDT/NEARUSDT-15m-2026-07-02.zip,downloaded_verified,903b4c93e4df45c6f033c92c784bb9257d865e263c215554ee834347c09203e6,3999.0
NEARUSDT,2026-07-03,kline_daily,https://data.binance.vision/data/futures/um/daily/klines/NEARUSDT/15m/NEARUSDT-15m-2026-07-03.zip,.cache/binance-altcoin-trend-round34/kline_daily/NEARUSDT/NEARUSDT-15m-2026-07-03.zip,downloaded_verified,28c9cdefc720598f226b0d0cb23220afa136004aad4d1e214937b0e428a35cae,4026.0
NEARUSDT,2026-07-04,kline_daily,https://data.binance.vision/data/futures/um/daily/klines/NEARUSDT/15m/NEARUSDT-15m-2026-07-04.zip,.cache/binance-altcoin-trend-round34/kline_daily/NEARUSDT/NEARUSDT-15m-2026-07-04.zip,downloaded_verified,5dfb2619af828bd3eee0689d315e9e71ae1addab0cb970e8827a9e15c4719e23,4027.0
NEARUSDT,2026-07-05,kline_daily,https://data.binance.vision/data/futures/um/daily/klines/NEARUSDT/15m/NEARUSDT-15m-2026-07-05.zip,.cache/binance-altcoin-trend-round34/kline_daily/NEARUSDT/NEARUSDT-15m-2026-07-05.zip,downloaded_verified,c4d66dbb042a4767d35b6e3b3e756f9a02c98e3a5dbdeefc5fe45223afbca720,3976.0
NEARUSDT,2026-07-06,kline_daily,https://data.binance.vision/data/futures/um/daily/klines/NEARUSDT/15m/NEARUSDT-15m-2026-07-06.zip,.cache/binance-altcoin-trend-round34/kline_daily/NEARUSDT/NEARUSDT-15m-2026-07-06.zip,downloaded_verified,c9df9868e1676ebbf1444bd6cad970f075855e4a7cbad870a85496a2c85d433c,4028.0
NEARUSDT,2026-07-07,kline_daily,https://data.binance.vision/data/futures/um/daily/klines/NEARUSDT/15m/NEARUSDT-15m-2026-07-07.zip,.cache/binance-altcoin-trend-round34/kline_daily/NEARUSDT/NEARUSDT-15m-2026-07-07.zip,downloaded_verified,101366556026dc7c3c0bedb5e2da02640713e3a7d5f81cc440765ca4e6da755c,4057.0
NEARUSDT,2026-07-08,kline_daily,https://data.binance.vision/data/futures/um/daily/klines/NEARUSDT/15m/NEARUSDT-15m-2026-07-08.zip,.cache/binance-altcoin-trend-round34/kline_daily/NEARUSDT/NEARUSDT-15m-2026-07-08.zip,downloaded_verified,07701a7500ace8a4c25700f63eb963a530235600a5e68504f9cb878aa0774588,3983.0
NEARUSDT,2026-07-09,kline_daily,https://data.binance.vision/data/futures/um/daily/klines/NEARUSDT/15m/NEARUSDT-15m-2026-07-09.zip,.cache/binance-altcoin-trend-round34/kline_daily/NEARUSDT/NEARUSDT-15m-2026-07-09.zip,downloaded_verified,b871ef62fb7914ed90fc0cbfd66039f32cebf79ebfe940fb91796837032fab32,3908.0
NEARUSDT,2026-07-10,kline_daily,https://data.binance.vision/data/futures/um/daily/klines/NEARUSDT/15m/NEARUSDT-15m-2026-07-10.zip,.cache/binance-altcoin-trend-round34/kline_daily/NEARUSDT/NEARUSDT-15m-2026-07-10.zip,downloaded_verified,14f1753ce762f81c90b931a0ec400f06ad7378e5ae307e59a28fab930555e1c8,3934.0
NEARUSDT,2026-07-11,kline_daily,https://data.binance.vision/data/futures/um/daily/klines/NEARUSDT/15m/NEARUSDT-15m-2026-07-11.zip,.cache/binance-altcoin-trend-round34/kline_daily/NEARUSDT/NEARUSDT-15m-2026-07-11.zip,downloaded_verified,9e011a3cc95e317d1865efc621d7222ccb4ad72b6234fa4cee82df983fbf74be,3859.0
NEARUSDT,2026-07-12,kline_daily,https://data.binance.vision/data/futures/um/daily/klines/NEARUSDT/15m/NEARUSDT-15m-2026-07-12.zip,.cache/binance-altcoin-trend-round34/kline_daily/NEARUSDT/NEARUSDT-15m-2026-07-12.zip,downloaded_verified,a6c1cefcb5a1fda49fc061c412e5f12363b89cda57f8108ccacded31f7c5de62,3889.0
NEARUSDT,2026-07-13,kline_daily,https://data.binance.vision/data/futures/um/daily/klines/NEARUSDT/15m/NEARUSDT-15m-2026-07-13.zip,.cache/binance-altcoin-trend-round34/kline_daily/NEARUSDT/NEARUSDT-15m-2026-07-13.zip,downloaded_verified,17511094f4c517c132080af624745c099a45340d23993a3093d0f3ce091edd93,4041.0
NEARUSDT,2026-07-14,kline_daily,https://data.binance.vision/data/futures/um/daily/klines/NEARUSDT/15m/NEARUSDT-15m-2026-07-14.zip,.cache/binance-altcoin-trend-round34/kline_daily/NEARUSDT/NEARUSDT-15m-2026-07-14.zip,downloaded_verified,e85cb3c39061e49c8daa9088a11ecd4304c8875b5b503cf4b4d918beaffa4518,4019.0
NEARUSDT,2026-07-15,kline_daily,https://data.binance.vision/data/futures/um/daily/klines/NEARUSDT/15m/NEARUSDT-15m-2026-07-15.zip,.cache/binance-altcoin-trend-round34/kline_daily/NEARUSDT/NEARUSDT-15m-2026-07-15.zip,downloaded_verified,7b6471d7cf28d22b41a02eae5a4ab0c1174a5b8f8abfa1ac6fa42b0814f5de5e,3989.0
NEARUSDT,2026-07-16,kline_daily,https://data.binance.vision/data/futures/um/daily/klines/NEARUSDT/15m/NEARUSDT-15m-2026-07-16.zip,.cache/binance-altcoin-trend-round34/kline_daily/NEARUSDT/NEARUSDT-15m-2026-07-16.zip,downloaded_verified,88bd2b29499a9f5470e287716ebd0b4420e27ccd05fa5b5cf801ee6ddfdcabd2,3967.0
NEARUSDT,2026-07-17,kline_daily,https://data.binance.vision/data/futures/um/daily/klines/NEARUSDT/15m/NEARUSDT-15m-2026-07-17.zip,.cache/binance-altcoin-trend-round34/kline_daily/NEARUSDT/NEARUSDT-15m-2026-07-17.zip,downloaded_verified,9dc8a6ff42d32dfc9d0e8e509d59602b6f3556f4f2e441701d66c83d56e7fb3c,3958.0
NEARUSDT,2026-07-18,kline_daily,https://data.binance.vision/data/futures/um/daily/klines/NEARUSDT/15m/NEARUSDT-15m-2026-07-18.zip,.cache/binance-altcoin-trend-round34/kline_daily/NEARUSDT/NEARUSDT-15m-2026-07-18.zip,downloaded_verified,04cde9bee0ba535d0160719fbe5a2a6a1c10c35c2b25bd8b2cc43dce0ecc7726,3829.0
NEARUSDT,2026-07-19,kline_daily,https://data.binance.vision/data/futures/um/daily/klines/NEARUSDT/15m/NEARUSDT-15m-2026-07-19.zip,.cache/binance-altcoin-trend-round34/kline_daily/NEARUSDT/NEARUSDT-15m-2026-07-19.zip,downloaded_verified,b6df0de2f1421319991324cd30211e0abe212effc9c7f0657a3576b182b14591,3786.0
NEARUSDT,2026-07-20,kline_daily,https://data.binance.vision/data/futures/um/daily/klines/NEARUSDT/15m/NEARUSDT-15m-2026-07-20.zip,.cache/binance-altcoin-trend-round34/kline_daily/NEARUSDT/NEARUSDT-15m-2026-07-20.zip,downloaded_verified,e07d2292881c779acd6bbe40d08d1424b9f0c9f8dc23054f44293589890aa7b9,3951.0
NEARUSDT,2026-07-21,kline_daily,https://data.binance.vision/data/futures/um/daily/klines/NEARUSDT/15m/NEARUSDT-15m-2026-07-21.zip,.cache/binance-altcoin-trend-round34/kline_daily/NEARUSDT/NEARUSDT-15m-2026-07-21.zip,downloaded_verified,b04ec51d5b13c258c394208522ccde3a1e48b9aab205526ffc52c0fde865dfb9,3997.0
NEARUSDT,2026-07-22,kline_daily,https://data.binance.vision/data/futures/um/daily/klines/NEARUSDT/15m/NEARUSDT-15m-2026-07-22.zip,.cache/binance-altcoin-trend-round34/kline_daily/NEARUSDT/NEARUSDT-15m-2026-07-22.zip,downloaded_verified,095c0f82cff123845d50c89d0b8b5b142a5d9ce0a2e7e0ffb0a723f5c9e7816a,3932.0
NEARUSDT,2026-07-23,kline_daily,https://data.binance.vision/data/futures/um/daily/klines/NEARUSDT/15m/NEARUSDT-15m-2026-07-23.zip,.cache/binance-altcoin-trend-round34/kline_daily/NEARUSDT/NEARUSDT-15m-2026-07-23.zip,downloaded_verified,73f1e1adfe9b75961ee870757a5cb926cf1cb645861315c4f61b42015b1aa15f,3835.0
NEARUSDT,2026-07-24,kline_daily,https://data.binance.vision/data/futures/um/daily/klines/NEARUSDT/15m/NEARUSDT-15m-2026-07-24.zip,.cache/binance-altcoin-trend-round34/kline_daily/NEARUSDT/NEARUSDT-15m-2026-07-24.zip,downloaded_verified,e67c37ecc557dc27abd544465db3f1f7eee66cc54345826a4b4614941a89fec3,3935.0
NEARUSDT,2026-07-25,kline_daily,https://data.binance.vision/data/futures/um/daily/klines/NEARUSDT/15m/NEARUSDT-15m-2026-07-25.zip,.cache/binance-altcoin-trend-round34/kline_daily/NEARUSDT/NEARUSDT-15m-2026-07-25.zip,downloaded_verified,735428b019dd7cbf17ce931aa7dc0ab383e5f7cb49f4d8cf868b17e076218570,3760.0
NEARUSDT,2026-07-26,kline_daily,https://data.binance.vision/data/futures/um/daily/klines/NEARUSDT/15m/NEARUSDT-15m-2026-07-26.zip,.cache/binance-altcoin-trend-round34/kline_daily/NEARUSDT/NEARUSDT-15m-2026-07-26.zip,downloaded_verified,dfa2a93d1adf1eb6fded97e291c8c830876c09cf66d4bae8ef6db3c457163d81,3769.0
ONDOUSDT,2023-11,kline_monthly,https://data.binance.vision/data/futures/um/monthly/klines/ONDOUSDT/15m/ONDOUSDT-15m-2023-11.zip,.cache/binance-altcoin-trend-round34/kline_monthly/ONDOUSDT/ONDOUSDT-15m-2023-11.zip,missing,,
ONDOUSDT,2023-11,funding_monthly,https://data.binance.vision/data/futures/um/monthly/fundingRate/ONDOUSDT/ONDOUSDT-fundingRate-2023-11.zip,.cache/binance-altcoin-trend-round34/funding_monthly/ONDOUSDT/ONDOUSDT-fundingRate-2023-11.zip,missing,,
ONDOUSDT,2023-12,kline_monthly,https://data.binance.vision/data/futures/um/monthly/klines/ONDOUSDT/15m/ONDOUSDT-15m-2023-12.zip,.cache/binance-altcoin-trend-round34/kline_monthly/ONDOUSDT/ONDOUSDT-15m-2023-12.zip,missing,,
ONDOUSDT,2023-12,funding_monthly,https://data.binance.vision/data/futures/um/monthly/fundingRate/ONDOUSDT/ONDOUSDT-fundingRate-2023-12.zip,.cache/binance-altcoin-trend-round34/funding_monthly/ONDOUSDT/ONDOUSDT-fundingRate-2023-12.zip,missing,,
ONDOUSDT,2024-01,kline_monthly,https://data.binance.vision/data/futures/um/monthly/klines/ONDOUSDT/15m/ONDOUSDT-15m-2024-01.zip,.cache/binance-altcoin-trend-round34/kline_monthly/ONDOUSDT/ONDOUSDT-15m-2024-01.zip,downloaded_verified,ef85469f7a031c824f788a9b57b6a6c4a606e851be4ed50f3001aa5743068056,51581.0
ONDOUSDT,2024-01,funding_monthly,https://data.binance.vision/data/futures/um/monthly/fundingRate/ONDOUSDT/ONDOUSDT-fundingRate-2024-01.zip,.cache/binance-altcoin-trend-round34/funding_monthly/ONDOUSDT/ONDOUSDT-fundingRate-2024-01.zip,downloaded_verified,1ae17840a1b5f055f3815fcbee442433faed9cdd9872a641c25a0fd8774aa62c,706.0
ONDOUSDT,2024-02,kline_monthly,https://data.binance.vision/data/futures/um/monthly/klines/ONDOUSDT/15m/ONDOUSDT-15m-2024-02.zip,.cache/binance-altcoin-trend-round34/kline_monthly/ONDOUSDT/ONDOUSDT-15m-2024-02.zip,downloaded_verified,c192a26e5044af0fae0a20e3b06079a6176270e30395d1d6f1c3fe1ecaa75338,127185.0
ONDOUSDT,2024-02,funding_monthly,https://data.binance.vision/data/futures/um/monthly/fundingRate/ONDOUSDT/ONDOUSDT-fundingRate-2024-02.zip,.cache/binance-altcoin-trend-round34/funding_monthly/ONDOUSDT/ONDOUSDT-fundingRate-2024-02.zip,downloaded_verified,80371f472a8444e54680a7c4da5055827a0b3de533742cc5db41b1fa5d8b3593,1519.0
ONDOUSDT,2024-03,kline_monthly,https://data.binance.vision/data/futures/um/monthly/klines/ONDOUSDT/15m/ONDOUSDT-15m-2024-03.zip,.cache/binance-altcoin-trend-round34/kline_monthly/ONDOUSDT/ONDOUSDT-15m-2024-03.zip,downloaded_verified,e2c99398637b8c05a421c7608bae0e8c327da814d13ca5983128c5abf6691224,139440.0
ONDOUSDT,2024-03,funding_monthly,https://data.binance.vision/data/futures/um/monthly/fundingRate/ONDOUSDT/ONDOUSDT-fundingRate-2024-03.zip,.cache/binance-altcoin-trend-round34/funding_monthly/ONDOUSDT/ONDOUSDT-fundingRate-2024-03.zip,downloaded_verified,21e14a3115516767d4234268c2f9a48e1c5de01719a23f30ca25be349286f2a5,1609.0
ONDOUSDT,2024-04,kline_monthly,https://data.binance.vision/data/futures/um/monthly/klines/ONDOUSDT/15m/ONDOUSDT-15m-2024-04.zip,.cache/binance-altcoin-trend-round34/kline_monthly/ONDOUSDT/ONDOUSDT-15m-2024-04.zip,downloaded_verified,d7aff3858d67e3dfd9262677aa4e525ef7697aea89662594495dc8432e6e8a2f,135109.0
ONDOUSDT,2024-04,funding_monthly,https://data.binance.vision/data/futures/um/monthly/fundingRate/ONDOUSDT/ONDOUSDT-fundingRate-2024-04.zip,.cache/binance-altcoin-trend-round34/funding_monthly/ONDOUSDT/ONDOUSDT-fundingRate-2024-04.zip,downloaded_verified,95b8b68e5ae677f6c38b9f9080e4f724f778c3e024ebb99abb86e88524d1f59b,1332.0
ONDOUSDT,2024-05,kline_monthly,https://data.binance.vision/data/futures/um/monthly/klines/ONDOUSDT/15m/ONDOUSDT-15m-2024-05.zip,.cache/binance-altcoin-trend-round34/kline_monthly/ONDOUSDT/ONDOUSDT-15m-2024-05.zip,downloaded_verified,a8824c60c85052621103f77f6cc2d3397e88bd77a0f1f8f877c63a2485806204,137627.0
ONDOUSDT,2024-05,funding_monthly,https://data.binance.vision/data/futures/um/monthly/fundingRate/ONDOUSDT/ONDOUSDT-fundingRate-2024-05.zip,.cache/binance-altcoin-trend-round34/funding_monthly/ONDOUSDT/ONDOUSDT-fundingRate-2024-05.zip,downloaded_verified,b9f602b1bda5edc9cb0f48205756d3fdb37d50dad688140e02c122d088a72710,1304.0
ONDOUSDT,2024-06,kline_monthly,https://data.binance.vision/data/futures/um/monthly/klines/ONDOUSDT/15m/ONDOUSDT-15m-2024-06.zip,.cache/binance-altcoin-trend-round34/kline_monthly/ONDOUSDT/ONDOUSDT-15m-2024-06.zip,downloaded_verified,99a13e57c8fba4a9c96d0ab2590935746a74ef96b5a859a5c666d21cc631d030,132923.0
ONDOUSDT,2024-06,funding_monthly,https://data.binance.vision/data/futures/um/monthly/fundingRate/ONDOUSDT/ONDOUSDT-fundingRate-2024-06.zip,.cache/binance-altcoin-trend-round34/funding_monthly/ONDOUSDT/ONDOUSDT-fundingRate-2024-06.zip,downloaded_verified,f3655ecfbce013cb7b59bb70ae17c11c4b550c3b558444dc839ac45f7c99e10d,1226.0
ONDOUSDT,2024-07,kline_monthly,https://data.binance.vision/data/futures/um/monthly/klines/ONDOUSDT/15m/ONDOUSDT-15m-2024-07.zip,.cache/binance-altcoin-trend-round34/kline_monthly/ONDOUSDT/ONDOUSDT-15m-2024-07.zip,downloaded_verified,85702773aa8de5af2cc5f42b3bf74eba009f9146f20218f46ef74418c45a58e3,135715.0
ONDOUSDT,2024-07,funding_monthly,https://data.binance.vision/data/futures/um/monthly/fundingRate/ONDOUSDT/ONDOUSDT-fundingRate-2024-07.zip,.cache/binance-altcoin-trend-round34/funding_monthly/ONDOUSDT/ONDOUSDT-fundingRate-2024-07.zip,downloaded_verified,2881088b436924f79b8c3207005da92dc9bea1d16ecb5af411382ca33bb62b6f,1309.0
ONDOUSDT,2024-08,kline_monthly,https://data.binance.vision/data/futures/um/monthly/klines/ONDOUSDT/15m/ONDOUSDT-15m-2024-08.zip,.cache/binance-altcoin-trend-round34/kline_monthly/ONDOUSDT/ONDOUSDT-15m-2024-08.zip,downloaded_verified,849f3be97fcee195f8387a08116478eb4eb989f4042d27988d80455422bd17da,135178.0
ONDOUSDT,2024-08,funding_monthly,https://data.binance.vision/data/futures/um/monthly/fundingRate/ONDOUSDT/ONDOUSDT-fundingRate-2024-08.zip,.cache/binance-altcoin-trend-round34/funding_monthly/ONDOUSDT/ONDOUSDT-fundingRate-2024-08.zip,downloaded_verified,bf172c4cc2d6d4282cefae4f8b9d7302f5ab88641e6b6ef1183f4ea94ce9a0e5,1484.0
ONDOUSDT,2024-09,kline_monthly,https://data.binance.vision/data/futures/um/monthly/klines/ONDOUSDT/15m/ONDOUSDT-15m-2024-09.zip,.cache/binance-altcoin-trend-round34/kline_monthly/ONDOUSDT/ONDOUSDT-15m-2024-09.zip,downloaded_verified,5e0921e3aaf829b5f88784d9d07796402504dc65e71f4c28cd315a5f89e706a3,128236.0
ONDOUSDT,2024-09,funding_monthly,https://data.binance.vision/data/futures/um/monthly/fundingRate/ONDOUSDT/ONDOUSDT-fundingRate-2024-09.zip,.cache/binance-altcoin-trend-round34/funding_monthly/ONDOUSDT/ONDOUSDT-fundingRate-2024-09.zip,downloaded_verified,68f83cce86dd37521915e45fbdeff47ed4aa38fa4321592f55e02f178e2ae58c,1310.0
ONDOUSDT,2024-10,kline_monthly,https://data.binance.vision/data/futures/um/monthly/klines/ONDOUSDT/15m/ONDOUSDT-15m-2024-10.zip,.cache/binance-altcoin-trend-round34/kline_monthly/ONDOUSDT/ONDOUSDT-15m-2024-10.zip,downloaded_verified,b16712c5687b400f573e477ba267e5e56c91120332800cb27b57e80390e62402,132497.0
ONDOUSDT,2024-10,funding_monthly,https://data.binance.vision/data/futures/um/monthly/fundingRate/ONDOUSDT/ONDOUSDT-fundingRate-2024-10.zip,.cache/binance-altcoin-trend-round34/funding_monthly/ONDOUSDT/ONDOUSDT-fundingRate-2024-10.zip,downloaded_verified,dea2cfbc5447cecde07c55c8a4808524e4e6c30e0d39e46c9dacc554b7119020,1115.0
ONDOUSDT,2024-11,kline_monthly,https://data.binance.vision/data/futures/um/monthly/klines/ONDOUSDT/15m/ONDOUSDT-15m-2024-11.zip,.cache/binance-altcoin-trend-round34/kline_monthly/ONDOUSDT/ONDOUSDT-15m-2024-11.zip,downloaded_verified,19f656ee85ea23f8a0c516e2463805dfcd7e4d050b665df5d75ea6aa5af084de,132619.0
ONDOUSDT,2024-11,funding_monthly,https://data.binance.vision/data/futures/um/monthly/fundingRate/ONDOUSDT/ONDOUSDT-fundingRate-2024-11.zip,.cache/binance-altcoin-trend-round34/funding_monthly/ONDOUSDT/ONDOUSDT-fundingRate-2024-11.zip,downloaded_verified,9a9dc24bcc0137b7f0fa5851558e59f5a668e94c03711d2978806a961838679d,1275.0
ONDOUSDT,2024-12,kline_monthly,https://data.binance.vision/data/futures/um/monthly/klines/ONDOUSDT/15m/ONDOUSDT-15m-2024-12.zip,.cache/binance-altcoin-trend-round34/kline_monthly/ONDOUSDT/ONDOUSDT-15m-2024-12.zip,downloaded_verified,65df2c7e39a685ef0be7b9f91a20d3b043d80325840e743b4eb86300c6b70950,140911.0
ONDOUSDT,2024-12,funding_monthly,https://data.binance.vision/data/futures/um/monthly/fundingRate/ONDOUSDT/ONDOUSDT-fundingRate-2024-12.zip,.cache/binance-altcoin-trend-round34/funding_monthly/ONDOUSDT/ONDOUSDT-fundingRate-2024-12.zip,downloaded_verified,4e8165f535882b9302e502f63521124d9424d53983d857508bb24da29e96278a,1603.0
ONDOUSDT,2025-01,kline_monthly,https://data.binance.vision/data/futures/um/monthly/klines/ONDOUSDT/15m/ONDOUSDT-15m-2025-01.zip,.cache/binance-altcoin-trend-round34/kline_monthly/ONDOUSDT/ONDOUSDT-15m-2025-01.zip,downloaded_verified,5bad573eb54bee600ab198061b382242fe2f75653bf3696b91b85e4b2ff59fd7,139862.0
ONDOUSDT,2025-01,funding_monthly,https://data.binance.vision/data/futures/um/monthly/fundingRate/ONDOUSDT/ONDOUSDT-fundingRate-2025-01.zip,.cache/binance-altcoin-trend-round34/funding_monthly/ONDOUSDT/ONDOUSDT-fundingRate-2025-01.zip,downloaded_verified,c442068cca8a6a0e2e2ab5771ab979ab4347dbc044b9e55bbf7a3875cdb02732,1534.0
ONDOUSDT,2025-02,kline_monthly,https://data.binance.vision/data/futures/um/monthly/klines/ONDOUSDT/15m/ONDOUSDT-15m-2025-02.zip,.cache/binance-altcoin-trend-round34/kline_monthly/ONDOUSDT/ONDOUSDT-15m-2025-02.zip,downloaded_verified,1e94e09c22ccd82d8a90f7d4c4002af24232c7176470a09b2d2052ca03e24029,125741.0
ONDOUSDT,2025-02,funding_monthly,https://data.binance.vision/data/futures/um/monthly/fundingRate/ONDOUSDT/ONDOUSDT-fundingRate-2025-02.zip,.cache/binance-altcoin-trend-round34/funding_monthly/ONDOUSDT/ONDOUSDT-fundingRate-2025-02.zip,downloaded_verified,ed337627c5dda0b77006d67d80e4eb9e140ba0043d5f31c5253a818d9bc0a490,1054.0
ONDOUSDT,2025-03,kline_monthly,https://data.binance.vision/data/futures/um/monthly/klines/ONDOUSDT/15m/ONDOUSDT-15m-2025-03.zip,.cache/binance-altcoin-trend-round34/kline_monthly/ONDOUSDT/ONDOUSDT-15m-2025-03.zip,downloaded_verified,ea9bd39ff8ebfbe141d2c1e79548c668e1a366de9039e3df749de281e9fa2db0,136781.0
ONDOUSDT,2025-03,funding_monthly,https://data.binance.vision/data/futures/um/monthly/fundingRate/ONDOUSDT/ONDOUSDT-fundingRate-2025-03.zip,.cache/binance-altcoin-trend-round34/funding_monthly/ONDOUSDT/ONDOUSDT-fundingRate-2025-03.zip,downloaded_verified,dd2b03eea7452117d94f47ed7b722a119bcb0991c673885162a655e400af124c,1290.0
ONDOUSDT,2025-04,kline_monthly,https://data.binance.vision/data/futures/um/monthly/klines/ONDOUSDT/15m/ONDOUSDT-15m-2025-04.zip,.cache/binance-altcoin-trend-round34/kline_monthly/ONDOUSDT/ONDOUSDT-15m-2025-04.zip,downloaded_verified,9919012d150a273097212f244571a7f77301ba18140147113a2f147f68b7639a,132409.0
ONDOUSDT,2025-04,funding_monthly,https://data.binance.vision/data/futures/um/monthly/fundingRate/ONDOUSDT/ONDOUSDT-fundingRate-2025-04.zip,.cache/binance-altcoin-trend-round34/funding_monthly/ONDOUSDT/ONDOUSDT-fundingRate-2025-04.zip,downloaded_verified,6ea8e94daa1f0918495153cbbe24f2618342b9ea1543d12a88c3e39c285da5ea,1478.0
ONDOUSDT,2025-05,kline_monthly,https://data.binance.vision/data/futures/um/monthly/klines/ONDOUSDT/15m/ONDOUSDT-15m-2025-05.zip,.cache/binance-altcoin-trend-round34/kline_monthly/ONDOUSDT/ONDOUSDT-15m-2025-05.zip,downloaded_verified,e3a83c90145f10bd7fe140265a6c92f8e0feb00ece20110f6e3e42916f5e53da,136486.0
ONDOUSDT,2025-05,funding_monthly,https://data.binance.vision/data/futures/um/monthly/fundingRate/ONDOUSDT/ONDOUSDT-fundingRate-2025-05.zip,.cache/binance-altcoin-trend-round34/funding_monthly/ONDOUSDT/ONDOUSDT-fundingRate-2025-05.zip,downloaded_verified,ac08ba0dafe066e470b6289f67e2ce3f18db319d24e4c1935ab005d99990db9e,1365.0
ONDOUSDT,2025-06,kline_monthly,https://data.binance.vision/data/futures/um/monthly/klines/ONDOUSDT/15m/ONDOUSDT-15m-2025-06.zip,.cache/binance-altcoin-trend-round34/kline_monthly/ONDOUSDT/ONDOUSDT-15m-2025-06.zip,downloaded_verified,4345193d7d38bd3e65983185f5270e029add12484984ea72d8ea05a27bf00ec6,129494.0
ONDOUSDT,2025-06,funding_monthly,https://data.binance.vision/data/futures/um/monthly/fundingRate/ONDOUSDT/ONDOUSDT-fundingRate-2025-06.zip,.cache/binance-altcoin-trend-round34/funding_monthly/ONDOUSDT/ONDOUSDT-fundingRate-2025-06.zip,downloaded_verified,0d9ccfb8217003feea0300d2f73f0dd1eb61f09e8a26524aac4ed93ccc14a7a6,1448.0
ONDOUSDT,2025-07,kline_monthly,https://data.binance.vision/data/futures/um/monthly/klines/ONDOUSDT/15m/ONDOUSDT-15m-2025-07.zip,.cache/binance-altcoin-trend-round34/kline_monthly/ONDOUSDT/ONDOUSDT-15m-2025-07.zip,downloaded_verified,8764347ee63d735c39418ba734b3f5ef05fea75a2212e99f6ae2c73fdefb4c7f,135921.0
ONDOUSDT,2025-07,funding_monthly,https://data.binance.vision/data/futures/um/monthly/fundingRate/ONDOUSDT/ONDOUSDT-fundingRate-2025-07.zip,.cache/binance-altcoin-trend-round34/funding_monthly/ONDOUSDT/ONDOUSDT-fundingRate-2025-07.zip,downloaded_verified,42c5389f42fd94045d2e33000d01807ad5f029c236bb50dd92330f479fcd4c49,1280.0
ONDOUSDT,2025-08,kline_monthly,https://data.binance.vision/data/futures/um/monthly/klines/ONDOUSDT/15m/ONDOUSDT-15m-2025-08.zip,.cache/binance-altcoin-trend-round34/kline_monthly/ONDOUSDT/ONDOUSDT-15m-2025-08.zip,downloaded_verified,72f23cab747dbe078474f5206327869f85b586f9da64d7ca41195d65d3d2c221,135349.0
ONDOUSDT,2025-08,funding_monthly,https://data.binance.vision/data/futures/um/monthly/fundingRate/ONDOUSDT/ONDOUSDT-fundingRate-2025-08.zip,.cache/binance-altcoin-trend-round34/funding_monthly/ONDOUSDT/ONDOUSDT-fundingRate-2025-08.zip,downloaded_verified,fcb1729d4f2bd21d67f21fede57b4942b1460a966c199180ec529f61047f8ec1,1295.0
ONDOUSDT,2025-09,kline_monthly,https://data.binance.vision/data/futures/um/monthly/klines/ONDOUSDT/15m/ONDOUSDT-15m-2025-09.zip,.cache/binance-altcoin-trend-round34/kline_monthly/ONDOUSDT/ONDOUSDT-15m-2025-09.zip,downloaded_verified,7a271bb4a9d63190da0702e4b9c991e1dd4e2933cda5652bb24d7f1c91cc6764,130267.0
ONDOUSDT,2025-09,funding_monthly,https://data.binance.vision/data/futures/um/monthly/fundingRate/ONDOUSDT/ONDOUSDT-fundingRate-2025-09.zip,.cache/binance-altcoin-trend-round34/funding_monthly/ONDOUSDT/ONDOUSDT-fundingRate-2025-09.zip,downloaded_verified,cad53ed9c444364b237081c5f6132bc93feb17ce73f5ea66663f7d3d48274924,1232.0
ONDOUSDT,2025-10,kline_monthly,https://data.binance.vision/data/futures/um/monthly/klines/ONDOUSDT/15m/ONDOUSDT-15m-2025-10.zip,.cache/binance-altcoin-trend-round34/kline_monthly/ONDOUSDT/ONDOUSDT-15m-2025-10.zip,downloaded_verified,d8d5961f24b1a912251ac3d2340ac884781a5ee89e982218d0c9948e50bf842e,134535.0
ONDOUSDT,2025-10,funding_monthly,https://data.binance.vision/data/futures/um/monthly/fundingRate/ONDOUSDT/ONDOUSDT-fundingRate-2025-10.zip,.cache/binance-altcoin-trend-round34/funding_monthly/ONDOUSDT/ONDOUSDT-fundingRate-2025-10.zip,downloaded_verified,bff770da491a522327dfff0d922d688a51eb9f7ee62e53fa14fb64813ab59017,1569.0
ONDOUSDT,2025-11,kline_monthly,https://data.binance.vision/data/futures/um/monthly/klines/ONDOUSDT/15m/ONDOUSDT-15m-2025-11.zip,.cache/binance-altcoin-trend-round34/kline_monthly/ONDOUSDT/ONDOUSDT-15m-2025-11.zip,downloaded_verified,074ac0eff8a161cd008968a306b5e59292e3f49f1f6ea62a9cacfa00bfa5033d,128372.0
ONDOUSDT,2025-11,funding_monthly,https://data.binance.vision/data/futures/um/monthly/fundingRate/ONDOUSDT/ONDOUSDT-fundingRate-2025-11.zip,.cache/binance-altcoin-trend-round34/funding_monthly/ONDOUSDT/ONDOUSDT-fundingRate-2025-11.zip,downloaded_verified,bb400c2b6323ae8c4a05b9e82879726b583b69d02e286c8ea9f10904582352ab,1594.0
ONDOUSDT,2025-12,kline_monthly,https://data.binance.vision/data/futures/um/monthly/klines/ONDOUSDT/15m/ONDOUSDT-15m-2025-12.zip,.cache/binance-altcoin-trend-round34/kline_monthly/ONDOUSDT/ONDOUSDT-15m-2025-12.zip,downloaded_verified,15d8cc0403dbf0602a879a19a2ecbe4ed336c6c59ab7d43e77561365849a2cd5,128853.0
ONDOUSDT,2025-12,funding_monthly,https://data.binance.vision/data/futures/um/monthly/fundingRate/ONDOUSDT/ONDOUSDT-fundingRate-2025-12.zip,.cache/binance-altcoin-trend-round34/funding_monthly/ONDOUSDT/ONDOUSDT-fundingRate-2025-12.zip,downloaded_verified,bc6cbeaadf91e04a223b0d1c844ba8708c372a2cf7e408919110e6a17198f1d1,1616.0
ONDOUSDT,2026-01,kline_monthly,https://data.binance.vision/data/futures/um/monthly/klines/ONDOUSDT/15m/ONDOUSDT-15m-2026-01.zip,.cache/binance-altcoin-trend-round34/kline_monthly/ONDOUSDT/ONDOUSDT-15m-2026-01.zip,downloaded_verified,c9f86df45284fcceb82d41cbb9a82e46f3b75cc8427860ca5c07f91b8316ed6c,129558.0
ONDOUSDT,2026-01,funding_monthly,https://data.binance.vision/data/futures/um/monthly/fundingRate/ONDOUSDT/ONDOUSDT-fundingRate-2026-01.zip,.cache/binance-altcoin-trend-round34/funding_monthly/ONDOUSDT/ONDOUSDT-fundingRate-2026-01.zip,downloaded_verified,b6fa56e115715c9d70ab2f7cd16ad1dcb855a6504c40f7f186b4d1bffaaef565,1563.0
ONDOUSDT,2026-02,kline_monthly,https://data.binance.vision/data/futures/um/monthly/klines/ONDOUSDT/15m/ONDOUSDT-15m-2026-02.zip,.cache/binance-altcoin-trend-round34/kline_monthly/ONDOUSDT/ONDOUSDT-15m-2026-02.zip,downloaded_verified,895c701e31627a10c1608870aef29ed6cba074b996b731e72b176d5feeb144a4,116421.0
ONDOUSDT,2026-02,funding_monthly,https://data.binance.vision/data/futures/um/monthly/fundingRate/ONDOUSDT/ONDOUSDT-fundingRate-2026-02.zip,.cache/binance-altcoin-trend-round34/funding_monthly/ONDOUSDT/ONDOUSDT-fundingRate-2026-02.zip,downloaded_verified,1f55c939e461908971c8dc5a0a4235a83842d76e177c74eb639d9b6f0354cf14,1520.0
ONDOUSDT,2026-03,kline_monthly,https://data.binance.vision/data/futures/um/monthly/klines/ONDOUSDT/15m/ONDOUSDT-15m-2026-03.zip,.cache/binance-altcoin-trend-round34/kline_monthly/ONDOUSDT/ONDOUSDT-15m-2026-03.zip,downloaded_verified,69c0766609aeb83a8ae32255e7411c03d55523dd383b2637988e2e04c9ce6fae,127537.0
ONDOUSDT,2026-03,funding_monthly,https://data.binance.vision/data/futures/um/monthly/fundingRate/ONDOUSDT/ONDOUSDT-fundingRate-2026-03.zip,.cache/binance-altcoin-trend-round34/funding_monthly/ONDOUSDT/ONDOUSDT-fundingRate-2026-03.zip,downloaded_verified,17f68fc52f2c0acf8569b4bc6c1181719adc19d054cda0989885496578e3387b,1530.0
ONDOUSDT,2026-04,kline_monthly,https://data.binance.vision/data/futures/um/monthly/klines/ONDOUSDT/15m/ONDOUSDT-15m-2026-04.zip,.cache/binance-altcoin-trend-round34/kline_monthly/ONDOUSDT/ONDOUSDT-15m-2026-04.zip,downloaded_verified,c62b2cdcb91d9cc531ee68664431edd3d6e3916024e9144188842bf13d4f73a6,122448.0
ONDOUSDT,2026-04,funding_monthly,https://data.binance.vision/data/futures/um/monthly/fundingRate/ONDOUSDT/ONDOUSDT-fundingRate-2026-04.zip,.cache/binance-altcoin-trend-round34/funding_monthly/ONDOUSDT/ONDOUSDT-fundingRate-2026-04.zip,downloaded_verified,9d89c0659c6302d6b90e12e0541ef4672891615d317720c67da066772ae4d24d,1464.0
ONDOUSDT,2026-05,kline_monthly,https://data.binance.vision/data/futures/um/monthly/klines/ONDOUSDT/15m/ONDOUSDT-15m-2026-05.zip,.cache/binance-altcoin-trend-round34/kline_monthly/ONDOUSDT/ONDOUSDT-15m-2026-05.zip,downloaded_verified,23f297c2a288e86b8ec35ee9ee3de9a06167d24146f58650ca501c0997943655,136179.0
ONDOUSDT,2026-05,funding_monthly,https://data.binance.vision/data/futures/um/monthly/fundingRate/ONDOUSDT/ONDOUSDT-fundingRate-2026-05.zip,.cache/binance-altcoin-trend-round34/funding_monthly/ONDOUSDT/ONDOUSDT-fundingRate-2026-05.zip,downloaded_verified,2ae6fac66e1490939efa4cbf5ffa7ee27c9c8c422978d22bd8f33edfe23184c1,1585.0
ONDOUSDT,2026-06,kline_monthly,https://data.binance.vision/data/futures/um/monthly/klines/ONDOUSDT/15m/ONDOUSDT-15m-2026-06.zip,.cache/binance-altcoin-trend-round34/kline_monthly/ONDOUSDT/ONDOUSDT-15m-2026-06.zip,downloaded_verified,738acef55aaa556f68fbba6637c639a8770eaab75f5757c6072bce23a9fcc663,129378.0
ONDOUSDT,2026-06,funding_monthly,https://data.binance.vision/data/futures/um/monthly/fundingRate/ONDOUSDT/ONDOUSDT-fundingRate-2026-06.zip,.cache/binance-altcoin-trend-round34/funding_monthly/ONDOUSDT/ONDOUSDT-fundingRate-2026-06.zip,downloaded_verified,ee0d31f108715336611cb3c2a6989980e21bab2487d97e9108492c629b673e8a,1591.0
ONDOUSDT,2026-07-01,kline_daily,https://data.binance.vision/data/futures/um/daily/klines/ONDOUSDT/15m/ONDOUSDT-15m-2026-07-01.zip,.cache/binance-altcoin-trend-round34/kline_daily/ONDOUSDT/ONDOUSDT-15m-2026-07-01.zip,downloaded_verified,e0bbcfc9ed50316591dff71b4baa985044e1b3fb1276c6ac2a3fb6f54216486b,4647.0
ONDOUSDT,2026-07-02,kline_daily,https://data.binance.vision/data/futures/um/daily/klines/ONDOUSDT/15m/ONDOUSDT-15m-2026-07-02.zip,.cache/binance-altcoin-trend-round34/kline_daily/ONDOUSDT/ONDOUSDT-15m-2026-07-02.zip,downloaded_verified,f6c0b0795bbbde0232345b4f6d531e8f78c44e8179ae9ac8b940515a22791c01,4622.0
ONDOUSDT,2026-07-03,kline_daily,https://data.binance.vision/data/futures/um/daily/klines/ONDOUSDT/15m/ONDOUSDT-15m-2026-07-03.zip,.cache/binance-altcoin-trend-round34/kline_daily/ONDOUSDT/ONDOUSDT-15m-2026-07-03.zip,downloaded_verified,04af4f31420b43b782d07296356ad6aaad51eba5abaf21c38384c7fdf2a8e1fd,4566.0
ONDOUSDT,2026-07-04,kline_daily,https://data.binance.vision/data/futures/um/daily/klines/ONDOUSDT/15m/ONDOUSDT-15m-2026-07-04.zip,.cache/binance-altcoin-trend-round34/kline_daily/ONDOUSDT/ONDOUSDT-15m-2026-07-04.zip,downloaded_verified,81880c749fe52a5f75920af9184ff3a13d8f10601d81f3b751fc74f17cc863e4,4579.0
ONDOUSDT,2026-07-05,kline_daily,https://data.binance.vision/data/futures/um/daily/klines/ONDOUSDT/15m/ONDOUSDT-15m-2026-07-05.zip,.cache/binance-altcoin-trend-round34/kline_daily/ONDOUSDT/ONDOUSDT-15m-2026-07-05.zip,downloaded_verified,10df53e9a43ec8e468bc06057b2b5cb7ca3e6ad057af329e1ea0df75033154e5,4562.0
ONDOUSDT,2026-07-06,kline_daily,https://data.binance.vision/data/futures/um/daily/klines/ONDOUSDT/15m/ONDOUSDT-15m-2026-07-06.zip,.cache/binance-altcoin-trend-round34/kline_daily/ONDOUSDT/ONDOUSDT-15m-2026-07-06.zip,downloaded_verified,2d171b311e361a954bb1ad65d59e2f40b37670f524ac170c7566bca126663df7,4594.0
ONDOUSDT,2026-07-07,kline_daily,https://data.binance.vision/data/futures/um/daily/klines/ONDOUSDT/15m/ONDOUSDT-15m-2026-07-07.zip,.cache/binance-altcoin-trend-round34/kline_daily/ONDOUSDT/ONDOUSDT-15m-2026-07-07.zip,downloaded_verified,1587a83ede850d2c38f335a944e31b9e091c6f7dcfa4fbcc1a51bf504c335f8e,4550.0
ONDOUSDT,2026-07-08,kline_daily,https://data.binance.vision/data/futures/um/daily/klines/ONDOUSDT/15m/ONDOUSDT-15m-2026-07-08.zip,.cache/binance-altcoin-trend-round34/kline_daily/ONDOUSDT/ONDOUSDT-15m-2026-07-08.zip,downloaded_verified,86b2c5568a3b754e3b885904e8995db15efe6932286779294362a14a27041828,4580.0
ONDOUSDT,2026-07-09,kline_daily,https://data.binance.vision/data/futures/um/daily/klines/ONDOUSDT/15m/ONDOUSDT-15m-2026-07-09.zip,.cache/binance-altcoin-trend-round34/kline_daily/ONDOUSDT/ONDOUSDT-15m-2026-07-09.zip,downloaded_verified,38b96efd99949041ec390f56678e3bd33e4d2e48e1852981a24670625d961c02,4471.0
ONDOUSDT,2026-07-10,kline_daily,https://data.binance.vision/data/futures/um/daily/klines/ONDOUSDT/15m/ONDOUSDT-15m-2026-07-10.zip,.cache/binance-altcoin-trend-round34/kline_daily/ONDOUSDT/ONDOUSDT-15m-2026-07-10.zip,downloaded_verified,c52c76fcd12f3e7aa08c52638c1e31ddce2f4276e0b8a4b2ab99302569af26c7,4565.0
ONDOUSDT,2026-07-11,kline_daily,https://data.binance.vision/data/futures/um/daily/klines/ONDOUSDT/15m/ONDOUSDT-15m-2026-07-11.zip,.cache/binance-altcoin-trend-round34/kline_daily/ONDOUSDT/ONDOUSDT-15m-2026-07-11.zip,downloaded_verified,e8d8f18ae2638373f7c0cc543322512291f4d118004c952f2df06ed558faa4bf,4539.0
ONDOUSDT,2026-07-12,kline_daily,https://data.binance.vision/data/futures/um/daily/klines/ONDOUSDT/15m/ONDOUSDT-15m-2026-07-12.zip,.cache/binance-altcoin-trend-round34/kline_daily/ONDOUSDT/ONDOUSDT-15m-2026-07-12.zip,downloaded_verified,8344cc7cc00e5697be968cb8495d86e2cb1237189df8fb85cc1caf85d8ce731e,4468.0
ONDOUSDT,2026-07-13,kline_daily,https://data.binance.vision/data/futures/um/daily/klines/ONDOUSDT/15m/ONDOUSDT-15m-2026-07-13.zip,.cache/binance-altcoin-trend-round34/kline_daily/ONDOUSDT/ONDOUSDT-15m-2026-07-13.zip,downloaded_verified,5222a64d167dafdf3bf56af1dad7e6d03aadbbb35610850826b9b985addc4e5c,4529.0
ONDOUSDT,2026-07-14,kline_daily,https://data.binance.vision/data/futures/um/daily/klines/ONDOUSDT/15m/ONDOUSDT-15m-2026-07-14.zip,.cache/binance-altcoin-trend-round34/kline_daily/ONDOUSDT/ONDOUSDT-15m-2026-07-14.zip,downloaded_verified,d63a13b0addf2437c0f714d442e1d4d4de1339caf25a21d07be39f01168a83a7,4506.0
ONDOUSDT,2026-07-15,kline_daily,https://data.binance.vision/data/futures/um/daily/klines/ONDOUSDT/15m/ONDOUSDT-15m-2026-07-15.zip,.cache/binance-altcoin-trend-round34/kline_daily/ONDOUSDT/ONDOUSDT-15m-2026-07-15.zip,downloaded_verified,a6ace93d69b184c6dbc433726e6b581b1128e8e7a7e6d6634392a3a109438992,4731.0
ONDOUSDT,2026-07-16,kline_daily,https://data.binance.vision/data/futures/um/daily/klines/ONDOUSDT/15m/ONDOUSDT-15m-2026-07-16.zip,.cache/binance-altcoin-trend-round34/kline_daily/ONDOUSDT/ONDOUSDT-15m-2026-07-16.zip,downloaded_verified,6eddb0ab201539bb6741123d4b23813eb71196f06f0d2c68b2224a6b07527c90,4898.0
ONDOUSDT,2026-07-17,kline_daily,https://data.binance.vision/data/futures/um/daily/klines/ONDOUSDT/15m/ONDOUSDT-15m-2026-07-17.zip,.cache/binance-altcoin-trend-round34/kline_daily/ONDOUSDT/ONDOUSDT-15m-2026-07-17.zip,downloaded_verified,e01f23f6efc0244231f2d17af934992b659b9b17eae172718432d03e225b80e0,4771.0
ONDOUSDT,2026-07-18,kline_daily,https://data.binance.vision/data/futures/um/daily/klines/ONDOUSDT/15m/ONDOUSDT-15m-2026-07-18.zip,.cache/binance-altcoin-trend-round34/kline_daily/ONDOUSDT/ONDOUSDT-15m-2026-07-18.zip,downloaded_verified,ee4639d62d1880bf54f14a445bd2dc806adcc0f117c5a0319377fddcdd099bf5,4756.0
ONDOUSDT,2026-07-19,kline_daily,https://data.binance.vision/data/futures/um/daily/klines/ONDOUSDT/15m/ONDOUSDT-15m-2026-07-19.zip,.cache/binance-altcoin-trend-round34/kline_daily/ONDOUSDT/ONDOUSDT-15m-2026-07-19.zip,downloaded_verified,e79b291123ee3340470194624d3a7262376c07029a093346a09833bb11734241,4609.0
ONDOUSDT,2026-07-20,kline_daily,https://data.binance.vision/data/futures/um/daily/klines/ONDOUSDT/15m/ONDOUSDT-15m-2026-07-20.zip,.cache/binance-altcoin-trend-round34/kline_daily/ONDOUSDT/ONDOUSDT-15m-2026-07-20.zip,downloaded_verified,e242259b12f6f3c7349dfd989d5300801da92002c2c3437b9fc25e0197acce93,4683.0
ONDOUSDT,2026-07-21,kline_daily,https://data.binance.vision/data/futures/um/daily/klines/ONDOUSDT/15m/ONDOUSDT-15m-2026-07-21.zip,.cache/binance-altcoin-trend-round34/kline_daily/ONDOUSDT/ONDOUSDT-15m-2026-07-21.zip,downloaded_verified,a4d3aa2d90c4ac2af4dd512683883e3015dd3d50427666d328a5a6782ad3c106,4781.0
ONDOUSDT,2026-07-22,kline_daily,https://data.binance.vision/data/futures/um/daily/klines/ONDOUSDT/15m/ONDOUSDT-15m-2026-07-22.zip,.cache/binance-altcoin-trend-round34/kline_daily/ONDOUSDT/ONDOUSDT-15m-2026-07-22.zip,downloaded_verified,f0a31da52fca5a7c1e69226d591140808cbcc924772eb2a0021c66d829f35a04,4772.0
ONDOUSDT,2026-07-23,kline_daily,https://data.binance.vision/data/futures/um/daily/klines/ONDOUSDT/15m/ONDOUSDT-15m-2026-07-23.zip,.cache/binance-altcoin-trend-round34/kline_daily/ONDOUSDT/ONDOUSDT-15m-2026-07-23.zip,downloaded_verified,716bbe12761d59dddeacc1493e258624536d70141bebc4e04fdcbc7a1b9f48b5,4706.0
ONDOUSDT,2026-07-24,kline_daily,https://data.binance.vision/data/futures/um/daily/klines/ONDOUSDT/15m/ONDOUSDT-15m-2026-07-24.zip,.cache/binance-altcoin-trend-round34/kline_daily/ONDOUSDT/ONDOUSDT-15m-2026-07-24.zip,downloaded_verified,d47b649057fe4f629b3a89f58c71f595a3a260ba9e9f7dc0c7f49fa357f308de,4702.0
ONDOUSDT,2026-07-25,kline_daily,https://data.binance.vision/data/futures/um/daily/klines/ONDOUSDT/15m/ONDOUSDT-15m-2026-07-25.zip,.cache/binance-altcoin-trend-round34/kline_daily/ONDOUSDT/ONDOUSDT-15m-2026-07-25.zip,downloaded_verified,0fb3634ef17a7084322ce9121e66443b68ccb757218bb28bd43791473fb9ab95,4579.0
ONDOUSDT,2026-07-26,kline_daily,https://data.binance.vision/data/futures/um/daily/klines/ONDOUSDT/15m/ONDOUSDT-15m-2026-07-26.zip,.cache/binance-altcoin-trend-round34/kline_daily/ONDOUSDT/ONDOUSDT-15m-2026-07-26.zip,downloaded_verified,67c83a97db9cc5b85e2feec775e42b6a62486153750b460720ec71c6484420bd,4650.0
PENDLEUSDT,2023-11,kline_monthly,https://data.binance.vision/data/futures/um/monthly/klines/PENDLEUSDT/15m/PENDLEUSDT-15m-2023-11.zip,.cache/binance-altcoin-trend-round34/kline_monthly/PENDLEUSDT/PENDLEUSDT-15m-2023-11.zip,downloaded_verified,22fff80dcc480f6a775ecddedb0cb17b39f904aeaa4198deae510254aaa054a1,115658.0
PENDLEUSDT,2023-11,funding_monthly,https://data.binance.vision/data/futures/um/monthly/fundingRate/PENDLEUSDT/PENDLEUSDT-fundingRate-2023-11.zip,.cache/binance-altcoin-trend-round34/funding_monthly/PENDLEUSDT/PENDLEUSDT-fundingRate-2023-11.zip,downloaded_verified,e2cc325b79ec1e81e547ba4df6e9bad095a57f9ab479ad80e925b53d6c42828b,776.0
PENDLEUSDT,2023-12,kline_monthly,https://data.binance.vision/data/futures/um/monthly/klines/PENDLEUSDT/15m/PENDLEUSDT-15m-2023-12.zip,.cache/binance-altcoin-trend-round34/kline_monthly/PENDLEUSDT/PENDLEUSDT-15m-2023-12.zip,downloaded_verified,627de540587da82d637f4971b23d47129db57b1016256a400cf0bc72076a8e65,119491.0
PENDLEUSDT,2023-12,funding_monthly,https://data.binance.vision/data/futures/um/monthly/fundingRate/PENDLEUSDT/PENDLEUSDT-fundingRate-2023-12.zip,.cache/binance-altcoin-trend-round34/funding_monthly/PENDLEUSDT/PENDLEUSDT-fundingRate-2023-12.zip,downloaded_verified,119e3eb08dd1a678dd31fd6cdcc98b769730db3bc849ac3127d6cecd652bdb96,869.0
PENDLEUSDT,2024-01,kline_monthly,https://data.binance.vision/data/futures/um/monthly/klines/PENDLEUSDT/15m/PENDLEUSDT-15m-2024-01.zip,.cache/binance-altcoin-trend-round34/kline_monthly/PENDLEUSDT/PENDLEUSDT-15m-2024-01.zip,downloaded_verified,6b504b60f0b385a5c931a8ca62c10624ab69565944bdad40e5fdfeae5ebf5af3,127033.0
PENDLEUSDT,2024-01,funding_monthly,https://data.binance.vision/data/futures/um/monthly/fundingRate/PENDLEUSDT/PENDLEUSDT-fundingRate-2024-01.zip,.cache/binance-altcoin-trend-round34/funding_monthly/PENDLEUSDT/PENDLEUSDT-fundingRate-2024-01.zip,downloaded_verified,af8bee9ea40d6c04df001070ef6a7e1dfb9e8784b02d52588c915a9c981372cb,689.0
PENDLEUSDT,2024-02,kline_monthly,https://data.binance.vision/data/futures/um/monthly/klines/PENDLEUSDT/15m/PENDLEUSDT-15m-2024-02.zip,.cache/binance-altcoin-trend-round34/kline_monthly/PENDLEUSDT/PENDLEUSDT-15m-2024-02.zip,downloaded_verified,065d794863c26cc4f32d2e077bef8819d6a4a0a952a1460b39dcd5d9f59fb14a,118761.0
PENDLEUSDT,2024-02,funding_monthly,https://data.binance.vision/data/futures/um/monthly/fundingRate/PENDLEUSDT/PENDLEUSDT-fundingRate-2024-02.zip,.cache/binance-altcoin-trend-round34/funding_monthly/PENDLEUSDT/PENDLEUSDT-fundingRate-2024-02.zip,downloaded_verified,6c2f16ea4fef08ba99168bd49f826e17e990c63fe37577db8e2261319d4ab353,805.0
PENDLEUSDT,2024-03,kline_monthly,https://data.binance.vision/data/futures/um/monthly/klines/PENDLEUSDT/15m/PENDLEUSDT-15m-2024-03.zip,.cache/binance-altcoin-trend-round34/kline_monthly/PENDLEUSDT/PENDLEUSDT-15m-2024-03.zip,downloaded_verified,831f04d858a8f779b33d438692ba05088eda8b67e84472deb34ead25d7e0fcf7,126986.0
PENDLEUSDT,2024-03,funding_monthly,https://data.binance.vision/data/futures/um/monthly/fundingRate/PENDLEUSDT/PENDLEUSDT-fundingRate-2024-03.zip,.cache/binance-altcoin-trend-round34/funding_monthly/PENDLEUSDT/PENDLEUSDT-fundingRate-2024-03.zip,downloaded_verified,9b4e6daeab4475015bc9461f4017c22adfd68ab3420df8f728b000681034da70,960.0
PENDLEUSDT,2024-04,kline_monthly,https://data.binance.vision/data/futures/um/monthly/klines/PENDLEUSDT/15m/PENDLEUSDT-15m-2024-04.zip,.cache/binance-altcoin-trend-round34/kline_monthly/PENDLEUSDT/PENDLEUSDT-15m-2024-04.zip,downloaded_verified,1ce62f83c90bcded59670580d343990d06dbdc280e0c9a61c3ba988a30938200,128098.0
PENDLEUSDT,2024-04,funding_monthly,https://data.binance.vision/data/futures/um/monthly/fundingRate/PENDLEUSDT/PENDLEUSDT-fundingRate-2024-04.zip,.cache/binance-altcoin-trend-round34/funding_monthly/PENDLEUSDT/PENDLEUSDT-fundingRate-2024-04.zip,downloaded_verified,5d1c2c744511673920197618f5ea744ff461b4537ad9d02525353ffdcdcd8cfc,823.0
PENDLEUSDT,2024-05,kline_monthly,https://data.binance.vision/data/futures/um/monthly/klines/PENDLEUSDT/15m/PENDLEUSDT-15m-2024-05.zip,.cache/binance-altcoin-trend-round34/kline_monthly/PENDLEUSDT/PENDLEUSDT-15m-2024-05.zip,downloaded_verified,9ed9592b1faa9d780c3de2abf98e79711b295f7ca38cbae2811e3d3091e8bb51,128763.0
PENDLEUSDT,2024-05,funding_monthly,https://data.binance.vision/data/futures/um/monthly/fundingRate/PENDLEUSDT/PENDLEUSDT-fundingRate-2024-05.zip,.cache/binance-altcoin-trend-round34/funding_monthly/PENDLEUSDT/PENDLEUSDT-fundingRate-2024-05.zip,downloaded_verified,a2c08052ab995fa61a7162f68b28715e14a0ecfc9683d2aaaba5fe49c16f505d,715.0
PENDLEUSDT,2024-06,kline_monthly,https://data.binance.vision/data/futures/um/monthly/klines/PENDLEUSDT/15m/PENDLEUSDT-15m-2024-06.zip,.cache/binance-altcoin-trend-round34/kline_monthly/PENDLEUSDT/PENDLEUSDT-15m-2024-06.zip,downloaded_verified,bdc7d5da61b06bc3bcd84068c5e4a89acb2570560a8a77b62662ff71472912a7,123079.0
PENDLEUSDT,2024-06,funding_monthly,https://data.binance.vision/data/futures/um/monthly/fundingRate/PENDLEUSDT/PENDLEUSDT-fundingRate-2024-06.zip,.cache/binance-altcoin-trend-round34/funding_monthly/PENDLEUSDT/PENDLEUSDT-fundingRate-2024-06.zip,downloaded_verified,c119997e4b84208b81cef84e225a5e5f2f3435787a4815b727d2c15fd5b3c9f0,693.0
PENDLEUSDT,2024-07,kline_monthly,https://data.binance.vision/data/futures/um/monthly/klines/PENDLEUSDT/15m/PENDLEUSDT-15m-2024-07.zip,.cache/binance-altcoin-trend-round34/kline_monthly/PENDLEUSDT/PENDLEUSDT-15m-2024-07.zip,downloaded_verified,81083d339d55e941b5678b16af27d198fd2d9f2fea8306521cf02dd165f9d6b1,127825.0
PENDLEUSDT,2024-07,funding_monthly,https://data.binance.vision/data/futures/um/monthly/fundingRate/PENDLEUSDT/PENDLEUSDT-fundingRate-2024-07.zip,.cache/binance-altcoin-trend-round34/funding_monthly/PENDLEUSDT/PENDLEUSDT-fundingRate-2024-07.zip,downloaded_verified,d8172b0ef44cbff1ca00422a2e2d07d2d057eec5446540140b32caa5307cdcb9,796.0
PENDLEUSDT,2024-08,kline_monthly,https://data.binance.vision/data/futures/um/monthly/klines/PENDLEUSDT/15m/PENDLEUSDT-15m-2024-08.zip,.cache/binance-altcoin-trend-round34/kline_monthly/PENDLEUSDT/PENDLEUSDT-15m-2024-08.zip,downloaded_verified,1f13c1a86a1cfdab3b4948e777d58fca5c3e1f4181ccf3df1e1424e773fe9baa,127676.0
PENDLEUSDT,2024-08,funding_monthly,https://data.binance.vision/data/futures/um/monthly/fundingRate/PENDLEUSDT/PENDLEUSDT-fundingRate-2024-08.zip,.cache/binance-altcoin-trend-round34/funding_monthly/PENDLEUSDT/PENDLEUSDT-fundingRate-2024-08.zip,downloaded_verified,65336b6da606d400731fe54e39844996f59ef7efbc848ce8b41f6702abc01191,934.0
PENDLEUSDT,2024-09,kline_monthly,https://data.binance.vision/data/futures/um/monthly/klines/PENDLEUSDT/15m/PENDLEUSDT-15m-2024-09.zip,.cache/binance-altcoin-trend-round34/kline_monthly/PENDLEUSDT/PENDLEUSDT-15m-2024-09.zip,downloaded_verified,ad0e0df96c5267ba7ac1de63623655bdf83b7d6a87b56a1cc9a46a4f67c95ec9,123097.0
PENDLEUSDT,2024-09,funding_monthly,https://data.binance.vision/data/futures/um/monthly/fundingRate/PENDLEUSDT/PENDLEUSDT-fundingRate-2024-09.zip,.cache/binance-altcoin-trend-round34/funding_monthly/PENDLEUSDT/PENDLEUSDT-fundingRate-2024-09.zip,downloaded_verified,941f6588eaa6bf7dafbc90ba1afcb1a62b323e1da450ecb31603336e8a6f2f5c,881.0
PENDLEUSDT,2024-10,kline_monthly,https://data.binance.vision/data/futures/um/monthly/klines/PENDLEUSDT/15m/PENDLEUSDT-15m-2024-10.zip,.cache/binance-altcoin-trend-round34/kline_monthly/PENDLEUSDT/PENDLEUSDT-15m-2024-10.zip,downloaded_verified,731a16b979052c441f33fdd4eec4cdbacac7fb4c844400dec67320858bb5ed78,125976.0
PENDLEUSDT,2024-10,funding_monthly,https://data.binance.vision/data/futures/um/monthly/fundingRate/PENDLEUSDT/PENDLEUSDT-fundingRate-2024-10.zip,.cache/binance-altcoin-trend-round34/funding_monthly/PENDLEUSDT/PENDLEUSDT-fundingRate-2024-10.zip,downloaded_verified,6c6fffa7a4576063df7ed142594f3fd85b806b4f16677c9bece2620d6f51fafa,729.0
PENDLEUSDT,2024-11,kline_monthly,https://data.binance.vision/data/futures/um/monthly/klines/PENDLEUSDT/15m/PENDLEUSDT-15m-2024-11.zip,.cache/binance-altcoin-trend-round34/kline_monthly/PENDLEUSDT/PENDLEUSDT-15m-2024-11.zip,downloaded_verified,25ae8a5885f5a29c3d5aace5f050c1334dc807dd424e6a527f306d4156704e4a,123958.0
PENDLEUSDT,2024-11,funding_monthly,https://data.binance.vision/data/futures/um/monthly/fundingRate/PENDLEUSDT/PENDLEUSDT-fundingRate-2024-11.zip,.cache/binance-altcoin-trend-round34/funding_monthly/PENDLEUSDT/PENDLEUSDT-fundingRate-2024-11.zip,downloaded_verified,898ec79c67e3bbb2f7ccd6fe067c2a9c5c381776dd61e68969bb5a9cbcfa208f,813.0
PENDLEUSDT,2024-12,kline_monthly,https://data.binance.vision/data/futures/um/monthly/klines/PENDLEUSDT/15m/PENDLEUSDT-15m-2024-12.zip,.cache/binance-altcoin-trend-round34/kline_monthly/PENDLEUSDT/PENDLEUSDT-15m-2024-12.zip,downloaded_verified,72b11ca3d700fbee785781aafcef7b40d3d9a2e4c170d056ffa42ed14d83aecf,128312.0
PENDLEUSDT,2024-12,funding_monthly,https://data.binance.vision/data/futures/um/monthly/fundingRate/PENDLEUSDT/PENDLEUSDT-fundingRate-2024-12.zip,.cache/binance-altcoin-trend-round34/funding_monthly/PENDLEUSDT/PENDLEUSDT-fundingRate-2024-12.zip,downloaded_verified,679a52c249664d5e95cd8b668d98221e916d9dc886fd3979486f56b822c29083,775.0
PENDLEUSDT,2025-01,kline_monthly,https://data.binance.vision/data/futures/um/monthly/klines/PENDLEUSDT/15m/PENDLEUSDT-15m-2025-01.zip,.cache/binance-altcoin-trend-round34/kline_monthly/PENDLEUSDT/PENDLEUSDT-15m-2025-01.zip,downloaded_verified,e1b1273788d4d1e4999f9f0018e17e266c7f58c441d636d07e4d21b313488a26,126208.0
PENDLEUSDT,2025-01,funding_monthly,https://data.binance.vision/data/futures/um/monthly/fundingRate/PENDLEUSDT/PENDLEUSDT-fundingRate-2025-01.zip,.cache/binance-altcoin-trend-round34/funding_monthly/PENDLEUSDT/PENDLEUSDT-fundingRate-2025-01.zip,downloaded_verified,d99cb35ebc6ae41789b08d16c3c54bcabac2c6d8f3de1e256249cb51778a35b0,696.0
PENDLEUSDT,2025-02,kline_monthly,https://data.binance.vision/data/futures/um/monthly/klines/PENDLEUSDT/15m/PENDLEUSDT-15m-2025-02.zip,.cache/binance-altcoin-trend-round34/kline_monthly/PENDLEUSDT/PENDLEUSDT-15m-2025-02.zip,downloaded_verified,ec2a975b101d8968630e450c66989076de5aa1a1e3a177287fd9eace998baa56,115618.0
PENDLEUSDT,2025-02,funding_monthly,https://data.binance.vision/data/futures/um/monthly/fundingRate/PENDLEUSDT/PENDLEUSDT-fundingRate-2025-02.zip,.cache/binance-altcoin-trend-round34/funding_monthly/PENDLEUSDT/PENDLEUSDT-fundingRate-2025-02.zip,downloaded_verified,813fa3dea20c27cf0291e606b683f336cbcfbfe89391368af3d169aa51a9abfe,811.0
PENDLEUSDT,2025-03,kline_monthly,https://data.binance.vision/data/futures/um/monthly/klines/PENDLEUSDT/15m/PENDLEUSDT-15m-2025-03.zip,.cache/binance-altcoin-trend-round34/kline_monthly/PENDLEUSDT/PENDLEUSDT-15m-2025-03.zip,downloaded_verified,ed715814f2948489b8a755335645cf0bb2f40b6a6ee68c1fce3485fe72e441fc,124715.0
PENDLEUSDT,2025-03,funding_monthly,https://data.binance.vision/data/futures/um/monthly/fundingRate/PENDLEUSDT/PENDLEUSDT-fundingRate-2025-03.zip,.cache/binance-altcoin-trend-round34/funding_monthly/PENDLEUSDT/PENDLEUSDT-fundingRate-2025-03.zip,downloaded_verified,d075886795f62337c65d95e0ea8dd4d7f02b05681ed4ed6eefc63e35e4058141,929.0
PENDLEUSDT,2025-04,kline_monthly,https://data.binance.vision/data/futures/um/monthly/klines/PENDLEUSDT/15m/PENDLEUSDT-15m-2025-04.zip,.cache/binance-altcoin-trend-round34/kline_monthly/PENDLEUSDT/PENDLEUSDT-15m-2025-04.zip,downloaded_verified,232840ef3ac420b3b6626e00c4c42aa78ea4d9517e10be2dd74bbb80b703c1d2,123430.0
PENDLEUSDT,2025-04,funding_monthly,https://data.binance.vision/data/futures/um/monthly/fundingRate/PENDLEUSDT/PENDLEUSDT-fundingRate-2025-04.zip,.cache/binance-altcoin-trend-round34/funding_monthly/PENDLEUSDT/PENDLEUSDT-fundingRate-2025-04.zip,downloaded_verified,25d5f396cd42967ffa3713d829eb7b105aefce5bc47d5b3d36f2db22804c1ce5,849.0
PENDLEUSDT,2025-05,kline_monthly,https://data.binance.vision/data/futures/um/monthly/klines/PENDLEUSDT/15m/PENDLEUSDT-15m-2025-05.zip,.cache/binance-altcoin-trend-round34/kline_monthly/PENDLEUSDT/PENDLEUSDT-15m-2025-05.zip,downloaded_verified,f36f33055f9f6a28af2d2469bf6e146bbfd4ed8c5d1b39c770b89f0e4b51eedc,125903.0
PENDLEUSDT,2025-05,funding_monthly,https://data.binance.vision/data/futures/um/monthly/fundingRate/PENDLEUSDT/PENDLEUSDT-fundingRate-2025-05.zip,.cache/binance-altcoin-trend-round34/funding_monthly/PENDLEUSDT/PENDLEUSDT-fundingRate-2025-05.zip,downloaded_verified,524e33b071d0b3701c830c92cd227432c500da06b6a34f3ba8ffda07dea78a95,849.0
PENDLEUSDT,2025-06,kline_monthly,https://data.binance.vision/data/futures/um/monthly/klines/PENDLEUSDT/15m/PENDLEUSDT-15m-2025-06.zip,.cache/binance-altcoin-trend-round34/kline_monthly/PENDLEUSDT/PENDLEUSDT-15m-2025-06.zip,downloaded_verified,eb4c5f800361423715b2748059d6c694b6314f518fb2a59f877827d7624b5cfa,121133.0
PENDLEUSDT,2025-06,funding_monthly,https://data.binance.vision/data/futures/um/monthly/fundingRate/PENDLEUSDT/PENDLEUSDT-fundingRate-2025-06.zip,.cache/binance-altcoin-trend-round34/funding_monthly/PENDLEUSDT/PENDLEUSDT-fundingRate-2025-06.zip,downloaded_verified,d58a50716e59bf3f636ef3f7849dbde6914ae115ee480950cc474623a3eb0170,909.0
PENDLEUSDT,2025-07,kline_monthly,https://data.binance.vision/data/futures/um/monthly/klines/PENDLEUSDT/15m/PENDLEUSDT-15m-2025-07.zip,.cache/binance-altcoin-trend-round34/kline_monthly/PENDLEUSDT/PENDLEUSDT-15m-2025-07.zip,downloaded_verified,c4c4835df237e94ce316a9be1e26a7200c256f9b39a2a5bd52f5b6e387ef024f,125190.0
PENDLEUSDT,2025-07,funding_monthly,https://data.binance.vision/data/futures/um/monthly/fundingRate/PENDLEUSDT/PENDLEUSDT-fundingRate-2025-07.zip,.cache/binance-altcoin-trend-round34/funding_monthly/PENDLEUSDT/PENDLEUSDT-fundingRate-2025-07.zip,downloaded_verified,1ac5cbffd065679d3a0115b6bed4d03b98b5acc96b315d2d2d797ccd42bdae3d,788.0
PENDLEUSDT,2025-08,kline_monthly,https://data.binance.vision/data/futures/um/monthly/klines/PENDLEUSDT/15m/PENDLEUSDT-15m-2025-08.zip,.cache/binance-altcoin-trend-round34/kline_monthly/PENDLEUSDT/PENDLEUSDT-15m-2025-08.zip,downloaded_verified,3d699a7fd8d5aed59401c830b7926fd2ef3dd27abc260679eedfc9e5ed3f4385,127893.0
PENDLEUSDT,2025-08,funding_monthly,https://data.binance.vision/data/futures/um/monthly/fundingRate/PENDLEUSDT/PENDLEUSDT-fundingRate-2025-08.zip,.cache/binance-altcoin-trend-round34/funding_monthly/PENDLEUSDT/PENDLEUSDT-fundingRate-2025-08.zip,downloaded_verified,17e5343e9d64acd2ae0ca80c38ad3b136b8deb529db05eed67b13fb770162d18,852.0
PENDLEUSDT,2025-09,kline_monthly,https://data.binance.vision/data/futures/um/monthly/klines/PENDLEUSDT/15m/PENDLEUSDT-15m-2025-09.zip,.cache/binance-altcoin-trend-round34/kline_monthly/PENDLEUSDT/PENDLEUSDT-15m-2025-09.zip,downloaded_verified,46304836af5b5cc3669230f71fbf6473db824cfe4e86d4b8e0d417cb1fe4c5f9,120941.0
PENDLEUSDT,2025-09,funding_monthly,https://data.binance.vision/data/futures/um/monthly/fundingRate/PENDLEUSDT/PENDLEUSDT-fundingRate-2025-09.zip,.cache/binance-altcoin-trend-round34/funding_monthly/PENDLEUSDT/PENDLEUSDT-fundingRate-2025-09.zip,downloaded_verified,6fa31b14179629e8ba2bc0f8645db52763a85b20b3a950b9cb39a043ffc140b4,845.0
PENDLEUSDT,2025-10,kline_monthly,https://data.binance.vision/data/futures/um/monthly/klines/PENDLEUSDT/15m/PENDLEUSDT-15m-2025-10.zip,.cache/binance-altcoin-trend-round34/kline_monthly/PENDLEUSDT/PENDLEUSDT-15m-2025-10.zip,downloaded_verified,477331a7fb52125bddc10fb266c3c5ee4993a010bdff28cb3edda796a442c5c6,125697.0
PENDLEUSDT,2025-10,funding_monthly,https://data.binance.vision/data/futures/um/monthly/fundingRate/PENDLEUSDT/PENDLEUSDT-fundingRate-2025-10.zip,.cache/binance-altcoin-trend-round34/funding_monthly/PENDLEUSDT/PENDLEUSDT-fundingRate-2025-10.zip,downloaded_verified,0c22b8b1b64db58ce6f2fb48db1157cfa98bc178e385bc40638aafbdfe42f65e,913.0
PENDLEUSDT,2025-11,kline_monthly,https://data.binance.vision/data/futures/um/monthly/klines/PENDLEUSDT/15m/PENDLEUSDT-15m-2025-11.zip,.cache/binance-altcoin-trend-round34/kline_monthly/PENDLEUSDT/PENDLEUSDT-15m-2025-11.zip,downloaded_verified,77a931e7cd11a4ffecc7575e2ebd33cf5f0d9b81704426004600b53db7a26e84,120336.0
PENDLEUSDT,2025-11,funding_monthly,https://data.binance.vision/data/futures/um/monthly/fundingRate/PENDLEUSDT/PENDLEUSDT-fundingRate-2025-11.zip,.cache/binance-altcoin-trend-round34/funding_monthly/PENDLEUSDT/PENDLEUSDT-fundingRate-2025-11.zip,downloaded_verified,9c1ae907001694a8fda4e1ea16dd5ba9c13399f49e62266a24998a597c270dcc,913.0
PENDLEUSDT,2025-12,kline_monthly,https://data.binance.vision/data/futures/um/monthly/klines/PENDLEUSDT/15m/PENDLEUSDT-15m-2025-12.zip,.cache/binance-altcoin-trend-round34/kline_monthly/PENDLEUSDT/PENDLEUSDT-15m-2025-12.zip,downloaded_verified,b391d2b7ed3dc39ad70b918772a2dbb0eb1980f9504d35a1da46781027ecce38,121768.0
PENDLEUSDT,2025-12,funding_monthly,https://data.binance.vision/data/futures/um/monthly/fundingRate/PENDLEUSDT/PENDLEUSDT-fundingRate-2025-12.zip,.cache/binance-altcoin-trend-round34/funding_monthly/PENDLEUSDT/PENDLEUSDT-fundingRate-2025-12.zip,downloaded_verified,a2c1048fbf586d1b83c110ddd6621b84c3b0faee0e2237526ac4392af0761905,969.0
PENDLEUSDT,2026-01,kline_monthly,https://data.binance.vision/data/futures/um/monthly/klines/PENDLEUSDT/15m/PENDLEUSDT-15m-2026-01.zip,.cache/binance-altcoin-trend-round34/kline_monthly/PENDLEUSDT/PENDLEUSDT-15m-2026-01.zip,downloaded_verified,01b10426e4bf9439c69d100369971d09b1b7e2e7700947df405d70b91b1450e1,122884.0
PENDLEUSDT,2026-01,funding_monthly,https://data.binance.vision/data/futures/um/monthly/fundingRate/PENDLEUSDT/PENDLEUSDT-fundingRate-2026-01.zip,.cache/binance-altcoin-trend-round34/funding_monthly/PENDLEUSDT/PENDLEUSDT-fundingRate-2026-01.zip,downloaded_verified,ade1cf086f584dff97c99da020b1aad91b039a9f64979267e8c26da43e46d83a,916.0
PENDLEUSDT,2026-02,kline_monthly,https://data.binance.vision/data/futures/um/monthly/klines/PENDLEUSDT/15m/PENDLEUSDT-15m-2026-02.zip,.cache/binance-altcoin-trend-round34/kline_monthly/PENDLEUSDT/PENDLEUSDT-15m-2026-02.zip,downloaded_verified,2fd3be74843abaa39f082153219a1adc5de07ec1db40c20e3983500c708e3f6b,109895.0
PENDLEUSDT,2026-02,funding_monthly,https://data.binance.vision/data/futures/um/monthly/fundingRate/PENDLEUSDT/PENDLEUSDT-fundingRate-2026-02.zip,.cache/binance-altcoin-trend-round34/funding_monthly/PENDLEUSDT/PENDLEUSDT-fundingRate-2026-02.zip,downloaded_verified,4f622486ecc9fa3a5cd8458b17a72a964d246f341dd591d70c7a07931f4476aa,917.0
PENDLEUSDT,2026-03,kline_monthly,https://data.binance.vision/data/futures/um/monthly/klines/PENDLEUSDT/15m/PENDLEUSDT-15m-2026-03.zip,.cache/binance-altcoin-trend-round34/kline_monthly/PENDLEUSDT/PENDLEUSDT-15m-2026-03.zip,downloaded_verified,d31e7e49f90e2f09d74796867f402381d73638de933412e15388d28fb46bf32a,118049.0
PENDLEUSDT,2026-03,funding_monthly,https://data.binance.vision/data/futures/um/monthly/fundingRate/PENDLEUSDT/PENDLEUSDT-fundingRate-2026-03.zip,.cache/binance-altcoin-trend-round34/funding_monthly/PENDLEUSDT/PENDLEUSDT-fundingRate-2026-03.zip,downloaded_verified,b3a7e2f743b9743e2b5c043f76cc563923ab505bb389cad52c9a95d0b8bc529b,932.0
PENDLEUSDT,2026-04,kline_monthly,https://data.binance.vision/data/futures/um/monthly/klines/PENDLEUSDT/15m/PENDLEUSDT-15m-2026-04.zip,.cache/binance-altcoin-trend-round34/kline_monthly/PENDLEUSDT/PENDLEUSDT-15m-2026-04.zip,downloaded_verified,07e3aa16f51132877bbda5ad4f0a19d1628bf75b61d2c43fe7fa83b902c56f6a,115872.0
PENDLEUSDT,2026-04,funding_monthly,https://data.binance.vision/data/futures/um/monthly/fundingRate/PENDLEUSDT/PENDLEUSDT-fundingRate-2026-04.zip,.cache/binance-altcoin-trend-round34/funding_monthly/PENDLEUSDT/PENDLEUSDT-fundingRate-2026-04.zip,downloaded_verified,1afa4b35708afed442db192e5f60d26dec9d9be2dea15ff0e2cbb9609b71496a,906.0
PENDLEUSDT,2026-05,kline_monthly,https://data.binance.vision/data/futures/um/monthly/klines/PENDLEUSDT/15m/PENDLEUSDT-15m-2026-05.zip,.cache/binance-altcoin-trend-round34/kline_monthly/PENDLEUSDT/PENDLEUSDT-15m-2026-05.zip,downloaded_verified,efd2a26fd9a365a0ff16a295651a68843cba1faaca3efbb733bcb4b209e4a962,124819.0
PENDLEUSDT,2026-05,funding_monthly,https://data.binance.vision/data/futures/um/monthly/fundingRate/PENDLEUSDT/PENDLEUSDT-fundingRate-2026-05.zip,.cache/binance-altcoin-trend-round34/funding_monthly/PENDLEUSDT/PENDLEUSDT-fundingRate-2026-05.zip,downloaded_verified,bd0f6341da644e3f9eaf8939999afc4a3c2e2c101362359af59cdcc5329dc207,979.0
PENDLEUSDT,2026-06,kline_monthly,https://data.binance.vision/data/futures/um/monthly/klines/PENDLEUSDT/15m/PENDLEUSDT-15m-2026-06.zip,.cache/binance-altcoin-trend-round34/kline_monthly/PENDLEUSDT/PENDLEUSDT-15m-2026-06.zip,downloaded_verified,7d9029b0fa41342e6b769ab25f7b204277ee7858c061569d14a48888648b8e8e,117652.0
PENDLEUSDT,2026-06,funding_monthly,https://data.binance.vision/data/futures/um/monthly/fundingRate/PENDLEUSDT/PENDLEUSDT-fundingRate-2026-06.zip,.cache/binance-altcoin-trend-round34/funding_monthly/PENDLEUSDT/PENDLEUSDT-fundingRate-2026-06.zip,downloaded_verified,132287edc06181d53f9e8dfa4ba5108e4a62b85a9a5372eae651290d66bd9cd5,911.0
PENDLEUSDT,2026-07-01,kline_daily,https://data.binance.vision/data/futures/um/daily/klines/PENDLEUSDT/15m/PENDLEUSDT-15m-2026-07-01.zip,.cache/binance-altcoin-trend-round34/kline_daily/PENDLEUSDT/PENDLEUSDT-15m-2026-07-01.zip,downloaded_verified,f0bdf44265dc3645e5c900efbe86f85792312619ab71600ef3611f4315feb501,4317.0
PENDLEUSDT,2026-07-02,kline_daily,https://data.binance.vision/data/futures/um/daily/klines/PENDLEUSDT/15m/PENDLEUSDT-15m-2026-07-02.zip,.cache/binance-altcoin-trend-round34/kline_daily/PENDLEUSDT/PENDLEUSDT-15m-2026-07-02.zip,downloaded_verified,f56c8852bd26aa5cd1f5819e171b6c33180ef89521fa161a3086661c02e892cf,4350.0
PENDLEUSDT,2026-07-03,kline_daily,https://data.binance.vision/data/futures/um/daily/klines/PENDLEUSDT/15m/PENDLEUSDT-15m-2026-07-03.zip,.cache/binance-altcoin-trend-round34/kline_daily/PENDLEUSDT/PENDLEUSDT-15m-2026-07-03.zip,downloaded_verified,17d29e0b3936b9fc0fef992dd1dbbcb62b122598298498341dd5ae9b71ff94f7,4189.0
PENDLEUSDT,2026-07-04,kline_daily,https://data.binance.vision/data/futures/um/daily/klines/PENDLEUSDT/15m/PENDLEUSDT-15m-2026-07-04.zip,.cache/binance-altcoin-trend-round34/kline_daily/PENDLEUSDT/PENDLEUSDT-15m-2026-07-04.zip,downloaded_verified,f94f18dc96d2e8ecff27f688f835216a5a2117e33a467ac7690b64a4ce25cd4f,4216.0
PENDLEUSDT,2026-07-05,kline_daily,https://data.binance.vision/data/futures/um/daily/klines/PENDLEUSDT/15m/PENDLEUSDT-15m-2026-07-05.zip,.cache/binance-altcoin-trend-round34/kline_daily/PENDLEUSDT/PENDLEUSDT-15m-2026-07-05.zip,downloaded_verified,018e5eb51caccb49ee719e6185bf18b92b3ff81200cfac2661696035929b60db,4197.0
PENDLEUSDT,2026-07-06,kline_daily,https://data.binance.vision/data/futures/um/daily/klines/PENDLEUSDT/15m/PENDLEUSDT-15m-2026-07-06.zip,.cache/binance-altcoin-trend-round34/kline_daily/PENDLEUSDT/PENDLEUSDT-15m-2026-07-06.zip,downloaded_verified,5de7552830767c85b42569f273ed04d69604b99ea5e35b42c9e12e388a6bc88c,4280.0
PENDLEUSDT,2026-07-07,kline_daily,https://data.binance.vision/data/futures/um/daily/klines/PENDLEUSDT/15m/PENDLEUSDT-15m-2026-07-07.zip,.cache/binance-altcoin-trend-round34/kline_daily/PENDLEUSDT/PENDLEUSDT-15m-2026-07-07.zip,downloaded_verified,9f54ec6f3920dc9a74df05d7ed4477ddc7c98258716ecdbf132d0149fcfe344d,4264.0
PENDLEUSDT,2026-07-08,kline_daily,https://data.binance.vision/data/futures/um/daily/klines/PENDLEUSDT/15m/PENDLEUSDT-15m-2026-07-08.zip,.cache/binance-altcoin-trend-round34/kline_daily/PENDLEUSDT/PENDLEUSDT-15m-2026-07-08.zip,downloaded_verified,86701bfee66e47b0bb4344709b6c1da31d7b0752874919d1ff10680837862ddd,4343.0
PENDLEUSDT,2026-07-09,kline_daily,https://data.binance.vision/data/futures/um/daily/klines/PENDLEUSDT/15m/PENDLEUSDT-15m-2026-07-09.zip,.cache/binance-altcoin-trend-round34/kline_daily/PENDLEUSDT/PENDLEUSDT-15m-2026-07-09.zip,downloaded_verified,1e04a5832101a97b6040c79d695cc0b362f9fa583cd56e6f8d79f97595aace97,4308.0
PENDLEUSDT,2026-07-10,kline_daily,https://data.binance.vision/data/futures/um/daily/klines/PENDLEUSDT/15m/PENDLEUSDT-15m-2026-07-10.zip,.cache/binance-altcoin-trend-round34/kline_daily/PENDLEUSDT/PENDLEUSDT-15m-2026-07-10.zip,downloaded_verified,fc3b07cc175468f785eedf46cb7527f215b5b6ad099a6590894da9b9381eec27,4271.0
PENDLEUSDT,2026-07-11,kline_daily,https://data.binance.vision/data/futures/um/daily/klines/PENDLEUSDT/15m/PENDLEUSDT-15m-2026-07-11.zip,.cache/binance-altcoin-trend-round34/kline_daily/PENDLEUSDT/PENDLEUSDT-15m-2026-07-11.zip,downloaded_verified,d3d927a13d09c7e02608ea84dab3bed5256d5494b17e318989201d5314a40e41,4266.0
PENDLEUSDT,2026-07-12,kline_daily,https://data.binance.vision/data/futures/um/daily/klines/PENDLEUSDT/15m/PENDLEUSDT-15m-2026-07-12.zip,.cache/binance-altcoin-trend-round34/kline_daily/PENDLEUSDT/PENDLEUSDT-15m-2026-07-12.zip,downloaded_verified,d54ae44292f31bec785e2ff3968a0b089bf39fdffff0735c8eb01ccd8d0e05a7,4145.0
PENDLEUSDT,2026-07-13,kline_daily,https://data.binance.vision/data/futures/um/daily/klines/PENDLEUSDT/15m/PENDLEUSDT-15m-2026-07-13.zip,.cache/binance-altcoin-trend-round34/kline_daily/PENDLEUSDT/PENDLEUSDT-15m-2026-07-13.zip,downloaded_verified,fee1b95b3792b3b2548ba976369a692815b9c0134916e6597cc7666aab1c1403,4235.0
PENDLEUSDT,2026-07-14,kline_daily,https://data.binance.vision/data/futures/um/daily/klines/PENDLEUSDT/15m/PENDLEUSDT-15m-2026-07-14.zip,.cache/binance-altcoin-trend-round34/kline_daily/PENDLEUSDT/PENDLEUSDT-15m-2026-07-14.zip,downloaded_verified,1e53fb9e2b86fc7d8e0b62c73c611eae8f16ef081007afb59629f11ae8f20f77,4206.0
PENDLEUSDT,2026-07-15,kline_daily,https://data.binance.vision/data/futures/um/daily/klines/PENDLEUSDT/15m/PENDLEUSDT-15m-2026-07-15.zip,.cache/binance-altcoin-trend-round34/kline_daily/PENDLEUSDT/PENDLEUSDT-15m-2026-07-15.zip,downloaded_verified,b6164040bd537a9168817e334cdea8194a1d4d0bad0ef6b639cf65c0d2342bf8,4256.0
PENDLEUSDT,2026-07-16,kline_daily,https://data.binance.vision/data/futures/um/daily/klines/PENDLEUSDT/15m/PENDLEUSDT-15m-2026-07-16.zip,.cache/binance-altcoin-trend-round34/kline_daily/PENDLEUSDT/PENDLEUSDT-15m-2026-07-16.zip,downloaded_verified,6420030a0a3db650a9e37eac81c92264d89c2d9cb1126311e003ec9148ece885,4255.0
PENDLEUSDT,2026-07-17,kline_daily,https://data.binance.vision/data/futures/um/daily/klines/PENDLEUSDT/15m/PENDLEUSDT-15m-2026-07-17.zip,.cache/binance-altcoin-trend-round34/kline_daily/PENDLEUSDT/PENDLEUSDT-15m-2026-07-17.zip,downloaded_verified,40171b60b64732d6f5a78dae7b41d6dd1794674bca0e2ad7921ff8e2e7decfd4,4182.0
PENDLEUSDT,2026-07-18,kline_daily,https://data.binance.vision/data/futures/um/daily/klines/PENDLEUSDT/15m/PENDLEUSDT-15m-2026-07-18.zip,.cache/binance-altcoin-trend-round34/kline_daily/PENDLEUSDT/PENDLEUSDT-15m-2026-07-18.zip,downloaded_verified,0c52535e22fe4a6a1b46e5442e22f60a153dd8788bc91ba31afeee8205972b89,4121.0
PENDLEUSDT,2026-07-19,kline_daily,https://data.binance.vision/data/futures/um/daily/klines/PENDLEUSDT/15m/PENDLEUSDT-15m-2026-07-19.zip,.cache/binance-altcoin-trend-round34/kline_daily/PENDLEUSDT/PENDLEUSDT-15m-2026-07-19.zip,downloaded_verified,72c85177389f474b68487422122ffce5dd16ffc5fc9fec37bead86b4b77aeca3,4173.0
PENDLEUSDT,2026-07-20,kline_daily,https://data.binance.vision/data/futures/um/daily/klines/PENDLEUSDT/15m/PENDLEUSDT-15m-2026-07-20.zip,.cache/binance-altcoin-trend-round34/kline_daily/PENDLEUSDT/PENDLEUSDT-15m-2026-07-20.zip,downloaded_verified,500ef9b3c18884cd7d1f12256f1bb9b06c92dc959a1d7f695a779e250fb6a088,4247.0
PENDLEUSDT,2026-07-21,kline_daily,https://data.binance.vision/data/futures/um/daily/klines/PENDLEUSDT/15m/PENDLEUSDT-15m-2026-07-21.zip,.cache/binance-altcoin-trend-round34/kline_daily/PENDLEUSDT/PENDLEUSDT-15m-2026-07-21.zip,downloaded_verified,e4adea85738ae02bae79df820da868999caefaff72d973b08ac27636cef50670,4208.0
PENDLEUSDT,2026-07-22,kline_daily,https://data.binance.vision/data/futures/um/daily/klines/PENDLEUSDT/15m/PENDLEUSDT-15m-2026-07-22.zip,.cache/binance-altcoin-trend-round34/kline_daily/PENDLEUSDT/PENDLEUSDT-15m-2026-07-22.zip,downloaded_verified,447db797bebe20ef11c92a6f47fa2db5c2864eee273335e41f8432f379410107,4224.0
PENDLEUSDT,2026-07-23,kline_daily,https://data.binance.vision/data/futures/um/daily/klines/PENDLEUSDT/15m/PENDLEUSDT-15m-2026-07-23.zip,.cache/binance-altcoin-trend-round34/kline_daily/PENDLEUSDT/PENDLEUSDT-15m-2026-07-23.zip,downloaded_verified,32471d7e95ed2ca8df44ed6dc8d7a857d10afca3445949f39f2921b458d1ee32,4167.0
PENDLEUSDT,2026-07-24,kline_daily,https://data.binance.vision/data/futures/um/daily/klines/PENDLEUSDT/15m/PENDLEUSDT-15m-2026-07-24.zip,.cache/binance-altcoin-trend-round34/kline_daily/PENDLEUSDT/PENDLEUSDT-15m-2026-07-24.zip,downloaded_verified,857dcdf6fc5fa0715a7260cfabc46ef7fa035bc7527384c260a708ff2f9f1785,4193.0
PENDLEUSDT,2026-07-25,kline_daily,https://data.binance.vision/data/futures/um/daily/klines/PENDLEUSDT/15m/PENDLEUSDT-15m-2026-07-25.zip,.cache/binance-altcoin-trend-round34/kline_daily/PENDLEUSDT/PENDLEUSDT-15m-2026-07-25.zip,downloaded_verified,23d095cb304bdd27291324c9fec01332e386baedb2e476de5ca7d24050f090a2,4077.0
PENDLEUSDT,2026-07-26,kline_daily,https://data.binance.vision/data/futures/um/daily/klines/PENDLEUSDT/15m/PENDLEUSDT-15m-2026-07-26.zip,.cache/binance-altcoin-trend-round34/kline_daily/PENDLEUSDT/PENDLEUSDT-15m-2026-07-26.zip,downloaded_verified,ef73d18cf641d75a6beabe25ba58cd4d9cd208859099b401730d427752d37916,4110.0
TAOUSDT,2023-11,kline_monthly,https://data.binance.vision/data/futures/um/monthly/klines/TAOUSDT/15m/TAOUSDT-15m-2023-11.zip,.cache/binance-altcoin-trend-round34/kline_monthly/TAOUSDT/TAOUSDT-15m-2023-11.zip,missing,,
TAOUSDT,2023-11,funding_monthly,https://data.binance.vision/data/futures/um/monthly/fundingRate/TAOUSDT/TAOUSDT-fundingRate-2023-11.zip,.cache/binance-altcoin-trend-round34/funding_monthly/TAOUSDT/TAOUSDT-fundingRate-2023-11.zip,missing,,
TAOUSDT,2023-12,kline_monthly,https://data.binance.vision/data/futures/um/monthly/klines/TAOUSDT/15m/TAOUSDT-15m-2023-12.zip,.cache/binance-altcoin-trend-round34/kline_monthly/TAOUSDT/TAOUSDT-15m-2023-12.zip,missing,,
TAOUSDT,2023-12,funding_monthly,https://data.binance.vision/data/futures/um/monthly/fundingRate/TAOUSDT/TAOUSDT-fundingRate-2023-12.zip,.cache/binance-altcoin-trend-round34/funding_monthly/TAOUSDT/TAOUSDT-fundingRate-2023-12.zip,missing,,
TAOUSDT,2024-01,kline_monthly,https://data.binance.vision/data/futures/um/monthly/klines/TAOUSDT/15m/TAOUSDT-15m-2024-01.zip,.cache/binance-altcoin-trend-round34/kline_monthly/TAOUSDT/TAOUSDT-15m-2024-01.zip,missing,,
TAOUSDT,2024-01,funding_monthly,https://data.binance.vision/data/futures/um/monthly/fundingRate/TAOUSDT/TAOUSDT-fundingRate-2024-01.zip,.cache/binance-altcoin-trend-round34/funding_monthly/TAOUSDT/TAOUSDT-fundingRate-2024-01.zip,missing,,
TAOUSDT,2024-02,kline_monthly,https://data.binance.vision/data/futures/um/monthly/klines/TAOUSDT/15m/TAOUSDT-15m-2024-02.zip,.cache/binance-altcoin-trend-round34/kline_monthly/TAOUSDT/TAOUSDT-15m-2024-02.zip,missing,,
TAOUSDT,2024-02,funding_monthly,https://data.binance.vision/data/futures/um/monthly/fundingRate/TAOUSDT/TAOUSDT-fundingRate-2024-02.zip,.cache/binance-altcoin-trend-round34/funding_monthly/TAOUSDT/TAOUSDT-fundingRate-2024-02.zip,missing,,
TAOUSDT,2024-03,kline_monthly,https://data.binance.vision/data/futures/um/monthly/klines/TAOUSDT/15m/TAOUSDT-15m-2024-03.zip,.cache/binance-altcoin-trend-round34/kline_monthly/TAOUSDT/TAOUSDT-15m-2024-03.zip,missing,,
TAOUSDT,2024-03,funding_monthly,https://data.binance.vision/data/futures/um/monthly/fundingRate/TAOUSDT/TAOUSDT-fundingRate-2024-03.zip,.cache/binance-altcoin-trend-round34/funding_monthly/TAOUSDT/TAOUSDT-fundingRate-2024-03.zip,missing,,
TAOUSDT,2024-04,kline_monthly,https://data.binance.vision/data/futures/um/monthly/klines/TAOUSDT/15m/TAOUSDT-15m-2024-04.zip,.cache/binance-altcoin-trend-round34/kline_monthly/TAOUSDT/TAOUSDT-15m-2024-04.zip,downloaded_verified,52995342a6627a892cf96e8b084204d2c37ba7ef55091f269bea939adbcb144e,82442.0
TAOUSDT,2024-04,funding_monthly,https://data.binance.vision/data/futures/um/monthly/fundingRate/TAOUSDT/TAOUSDT-fundingRate-2024-04.zip,.cache/binance-altcoin-trend-round34/funding_monthly/TAOUSDT/TAOUSDT-fundingRate-2024-04.zip,downloaded_verified,d27854db4569814600be4817dae4ce4b86db57d5f5a13fb470d2b203cbe0d773,738.0
TAOUSDT,2024-05,kline_monthly,https://data.binance.vision/data/futures/um/monthly/klines/TAOUSDT/15m/TAOUSDT-15m-2024-05.zip,.cache/binance-altcoin-trend-round34/kline_monthly/TAOUSDT/TAOUSDT-15m-2024-05.zip,downloaded_verified,fbab1728874469294f1cf38cb1538a737883f7eecb6ba4db85b53bd1ba71fbfe,128236.0
TAOUSDT,2024-05,funding_monthly,https://data.binance.vision/data/futures/um/monthly/fundingRate/TAOUSDT/TAOUSDT-fundingRate-2024-05.zip,.cache/binance-altcoin-trend-round34/funding_monthly/TAOUSDT/TAOUSDT-fundingRate-2024-05.zip,downloaded_verified,c3ef5e9ad79994027817585527dbaedc059dac84c0e3beac5260875e93e347da,1091.0
TAOUSDT,2024-06,kline_monthly,https://data.binance.vision/data/futures/um/monthly/klines/TAOUSDT/15m/TAOUSDT-15m-2024-06.zip,.cache/binance-altcoin-trend-round34/kline_monthly/TAOUSDT/TAOUSDT-15m-2024-06.zip,downloaded_verified,0fe54c4c8fa8c50ec198b05669265d65e520ebff0aaea1ea2285bae012d3c3e9,123202.0
TAOUSDT,2024-06,funding_monthly,https://data.binance.vision/data/futures/um/monthly/fundingRate/TAOUSDT/TAOUSDT-fundingRate-2024-06.zip,.cache/binance-altcoin-trend-round34/funding_monthly/TAOUSDT/TAOUSDT-fundingRate-2024-06.zip,downloaded_verified,f0c0845a14f34f2645bbf2cc88570c7fa1787222bf22f77b860256cbdd0c7023,1089.0
TAOUSDT,2024-07,kline_monthly,https://data.binance.vision/data/futures/um/monthly/klines/TAOUSDT/15m/TAOUSDT-15m-2024-07.zip,.cache/binance-altcoin-trend-round34/kline_monthly/TAOUSDT/TAOUSDT-15m-2024-07.zip,downloaded_verified,6514d2c3bdf831cb3e92ca0ecf6277443c3927113b985e420c2f86aaa779106f,128865.0
TAOUSDT,2024-07,funding_monthly,https://data.binance.vision/data/futures/um/monthly/fundingRate/TAOUSDT/TAOUSDT-fundingRate-2024-07.zip,.cache/binance-altcoin-trend-round34/funding_monthly/TAOUSDT/TAOUSDT-fundingRate-2024-07.zip,downloaded_verified,6c4c6a04ef93080a057504fb474e6760ddb5313ff41fc63667178a2b64d3a6fd,1069.0
TAOUSDT,2024-08,kline_monthly,https://data.binance.vision/data/futures/um/monthly/klines/TAOUSDT/15m/TAOUSDT-15m-2024-08.zip,.cache/binance-altcoin-trend-round34/kline_monthly/TAOUSDT/TAOUSDT-15m-2024-08.zip,downloaded_verified,0d751c2f08ce6ae90a95ab0f79b6deaa446b343d73b3387685561e44afc9e6c9,130030.0
TAOUSDT,2024-08,funding_monthly,https://data.binance.vision/data/futures/um/monthly/fundingRate/TAOUSDT/TAOUSDT-fundingRate-2024-08.zip,.cache/binance-altcoin-trend-round34/funding_monthly/TAOUSDT/TAOUSDT-fundingRate-2024-08.zip,downloaded_verified,2977884a0e49f9283be031a10b2d2658f094f2b9f87e62541993d246113140bb,1142.0
TAOUSDT,2024-09,kline_monthly,https://data.binance.vision/data/futures/um/monthly/klines/TAOUSDT/15m/TAOUSDT-15m-2024-09.zip,.cache/binance-altcoin-trend-round34/kline_monthly/TAOUSDT/TAOUSDT-15m-2024-09.zip,downloaded_verified,23f7bae229b1242d57a395188b155efa9345c10a5317e0337efb129de790f509,128362.0
TAOUSDT,2024-09,funding_monthly,https://data.binance.vision/data/futures/um/monthly/fundingRate/TAOUSDT/TAOUSDT-fundingRate-2024-09.zip,.cache/binance-altcoin-trend-round34/funding_monthly/TAOUSDT/TAOUSDT-fundingRate-2024-09.zip,downloaded_verified,8dc81eac1c7dea8f4902b0b65b540c81cb8e3089c0639311113d8657027cbffb,1199.0
TAOUSDT,2024-10,kline_monthly,https://data.binance.vision/data/futures/um/monthly/klines/TAOUSDT/15m/TAOUSDT-15m-2024-10.zip,.cache/binance-altcoin-trend-round34/kline_monthly/TAOUSDT/TAOUSDT-15m-2024-10.zip,downloaded_verified,2a2931f619669cf3442762b78df4002ec6b5b3c86f6ba5413d7dbd512b335f24,134639.0
TAOUSDT,2024-10,funding_monthly,https://data.binance.vision/data/futures/um/monthly/fundingRate/TAOUSDT/TAOUSDT-fundingRate-2024-10.zip,.cache/binance-altcoin-trend-round34/funding_monthly/TAOUSDT/TAOUSDT-fundingRate-2024-10.zip,downloaded_verified,6807983d8849dd4abb67edef7d0cd3e68e8706452b6ded8bce8dd35761d99a93,994.0
TAOUSDT,2024-11,kline_monthly,https://data.binance.vision/data/futures/um/monthly/klines/TAOUSDT/15m/TAOUSDT-15m-2024-11.zip,.cache/binance-altcoin-trend-round34/kline_monthly/TAOUSDT/TAOUSDT-15m-2024-11.zip,downloaded_verified,caad6bbdc9e0e0cf2a326520e39fd3a72dc6abc5bb5db11ad74447610295688e,130504.0
TAOUSDT,2024-11,funding_monthly,https://data.binance.vision/data/futures/um/monthly/fundingRate/TAOUSDT/TAOUSDT-fundingRate-2024-11.zip,.cache/binance-altcoin-trend-round34/funding_monthly/TAOUSDT/TAOUSDT-fundingRate-2024-11.zip,downloaded_verified,1dcf98f1348959abb0f432467e05dca712265b2ff9115fd89d76bd0277b30571,1240.0
TAOUSDT,2024-12,kline_monthly,https://data.binance.vision/data/futures/um/monthly/klines/TAOUSDT/15m/TAOUSDT-15m-2024-12.zip,.cache/binance-altcoin-trend-round34/kline_monthly/TAOUSDT/TAOUSDT-15m-2024-12.zip,downloaded_verified,29e4168c9b6635aa200feb94c89df3372bd60c7e078172eb2613b66c4314e39a,133885.0
TAOUSDT,2024-12,funding_monthly,https://data.binance.vision/data/futures/um/monthly/fundingRate/TAOUSDT/TAOUSDT-fundingRate-2024-12.zip,.cache/binance-altcoin-trend-round34/funding_monthly/TAOUSDT/TAOUSDT-fundingRate-2024-12.zip,downloaded_verified,2a63cf6f5b06337b65988cbb3d50c2dd383fce07b6fd942c38b9e4c3e2b33cbd,1213.0
TAOUSDT,2025-01,kline_monthly,https://data.binance.vision/data/futures/um/monthly/klines/TAOUSDT/15m/TAOUSDT-15m-2025-01.zip,.cache/binance-altcoin-trend-round34/kline_monthly/TAOUSDT/TAOUSDT-15m-2025-01.zip,downloaded_verified,db672d1f743ef777553f8aaa633de70263473fade76f700edfbb08375b63bd2c,133838.0
TAOUSDT,2025-01,funding_monthly,https://data.binance.vision/data/futures/um/monthly/fundingRate/TAOUSDT/TAOUSDT-fundingRate-2025-01.zip,.cache/binance-altcoin-trend-round34/funding_monthly/TAOUSDT/TAOUSDT-fundingRate-2025-01.zip,downloaded_verified,7cde50b3b1bd8958dbd3086bdb1be7d630ed1cc4215bff6c7bac1fd70d7f242d,1056.0
TAOUSDT,2025-02,kline_monthly,https://data.binance.vision/data/futures/um/monthly/klines/TAOUSDT/15m/TAOUSDT-15m-2025-02.zip,.cache/binance-altcoin-trend-round34/kline_monthly/TAOUSDT/TAOUSDT-15m-2025-02.zip,downloaded_verified,96e5b6cb32f61132938a0d1c1809b862ac2f5b6adc7450ec6bc6ac0a84927682,122837.0
TAOUSDT,2025-02,funding_monthly,https://data.binance.vision/data/futures/um/monthly/fundingRate/TAOUSDT/TAOUSDT-fundingRate-2025-02.zip,.cache/binance-altcoin-trend-round34/funding_monthly/TAOUSDT/TAOUSDT-fundingRate-2025-02.zip,downloaded_verified,4377588b256c3b56123618b6e60beefb1dadb7fcc6512699acec89a6d98cb103,1242.0
TAOUSDT,2025-03,kline_monthly,https://data.binance.vision/data/futures/um/monthly/klines/TAOUSDT/15m/TAOUSDT-15m-2025-03.zip,.cache/binance-altcoin-trend-round34/kline_monthly/TAOUSDT/TAOUSDT-15m-2025-03.zip,downloaded_verified,e09b0c8f166b2e363b4be6b68bb90f6a91bbc7661b6629b7a227f3634b1607ca,132311.0
TAOUSDT,2025-03,funding_monthly,https://data.binance.vision/data/futures/um/monthly/fundingRate/TAOUSDT/TAOUSDT-fundingRate-2025-03.zip,.cache/binance-altcoin-trend-round34/funding_monthly/TAOUSDT/TAOUSDT-fundingRate-2025-03.zip,downloaded_verified,a4e7ba60afbe878d25d5338b6d9fd135f8cea4e398bb9a435a4a1219c5dd15a9,1414.0
TAOUSDT,2025-04,kline_monthly,https://data.binance.vision/data/futures/um/monthly/klines/TAOUSDT/15m/TAOUSDT-15m-2025-04.zip,.cache/binance-altcoin-trend-round34/kline_monthly/TAOUSDT/TAOUSDT-15m-2025-04.zip,downloaded_verified,96e9fa72a3388a89a1ca398ef6e799cc124378bb6c1b63812a1a0adf7952387c,129061.0
TAOUSDT,2025-04,funding_monthly,https://data.binance.vision/data/futures/um/monthly/fundingRate/TAOUSDT/TAOUSDT-fundingRate-2025-04.zip,.cache/binance-altcoin-trend-round34/funding_monthly/TAOUSDT/TAOUSDT-fundingRate-2025-04.zip,downloaded_verified,560747e7854d3e4d83b966a0a3e04e70c6ce33997c389e84560d61f32bc8d5a7,1549.0
TAOUSDT,2025-05,kline_monthly,https://data.binance.vision/data/futures/um/monthly/klines/TAOUSDT/15m/TAOUSDT-15m-2025-05.zip,.cache/binance-altcoin-trend-round34/kline_monthly/TAOUSDT/TAOUSDT-15m-2025-05.zip,downloaded_verified,77036fc01ed8a0188679f9040e02bd73c7136660243e4405c104e499286d686b,133366.0
TAOUSDT,2025-05,funding_monthly,https://data.binance.vision/data/futures/um/monthly/fundingRate/TAOUSDT/TAOUSDT-fundingRate-2025-05.zip,.cache/binance-altcoin-trend-round34/funding_monthly/TAOUSDT/TAOUSDT-fundingRate-2025-05.zip,downloaded_verified,6db30d99fcf2ad785808ced3949d0d43d57275e8de3f1ac5b1cb9512684dc5b9,1275.0
TAOUSDT,2025-06,kline_monthly,https://data.binance.vision/data/futures/um/monthly/klines/TAOUSDT/15m/TAOUSDT-15m-2025-06.zip,.cache/binance-altcoin-trend-round34/kline_monthly/TAOUSDT/TAOUSDT-15m-2025-06.zip,downloaded_verified,49a781ba1b59d01b93ff1e4d73cbdfcdf7456909fbf2daf1f3c8ba427deba514,128203.0
TAOUSDT,2025-06,funding_monthly,https://data.binance.vision/data/futures/um/monthly/fundingRate/TAOUSDT/TAOUSDT-fundingRate-2025-06.zip,.cache/binance-altcoin-trend-round34/funding_monthly/TAOUSDT/TAOUSDT-fundingRate-2025-06.zip,downloaded_verified,6ac6ba7891038b99a01d1119966432a0da32bb49b1888a225cf8d26d635affe9,1372.0
TAOUSDT,2025-07,kline_monthly,https://data.binance.vision/data/futures/um/monthly/klines/TAOUSDT/15m/TAOUSDT-15m-2025-07.zip,.cache/binance-altcoin-trend-round34/kline_monthly/TAOUSDT/TAOUSDT-15m-2025-07.zip,downloaded_verified,ccd2c4c0199a03e716104564edd035d494b0f06e9855f0b4bb3fd428974d9147,132195.0
TAOUSDT,2025-07,funding_monthly,https://data.binance.vision/data/futures/um/monthly/fundingRate/TAOUSDT/TAOUSDT-fundingRate-2025-07.zip,.cache/binance-altcoin-trend-round34/funding_monthly/TAOUSDT/TAOUSDT-fundingRate-2025-07.zip,downloaded_verified,9af33a026e1880c07eca0e9f7adb127682e151da06413f1b1e53224bd1b7f7dc,1169.0
TAOUSDT,2025-08,kline_monthly,https://data.binance.vision/data/futures/um/monthly/klines/TAOUSDT/15m/TAOUSDT-15m-2025-08.zip,.cache/binance-altcoin-trend-round34/kline_monthly/TAOUSDT/TAOUSDT-15m-2025-08.zip,downloaded_verified,dcc0075020007b67e15160d01f2ec8ae75b0a7f41ca9c61ac344d4ab3c9a9277,131044.0
TAOUSDT,2025-08,funding_monthly,https://data.binance.vision/data/futures/um/monthly/fundingRate/TAOUSDT/TAOUSDT-fundingRate-2025-08.zip,.cache/binance-altcoin-trend-round34/funding_monthly/TAOUSDT/TAOUSDT-fundingRate-2025-08.zip,downloaded_verified,e95e940a74bd5996cc2df32351da0c9b544086f253db431f0540a24decfad27a,1292.0
TAOUSDT,2025-09,kline_monthly,https://data.binance.vision/data/futures/um/monthly/klines/TAOUSDT/15m/TAOUSDT-15m-2025-09.zip,.cache/binance-altcoin-trend-round34/kline_monthly/TAOUSDT/TAOUSDT-15m-2025-09.zip,downloaded_verified,06cc6ffc4b895b02fecc9066c41b080d1fc9f820ca2a1035d06ac8bea98e98a4,125298.0
TAOUSDT,2025-09,funding_monthly,https://data.binance.vision/data/futures/um/monthly/fundingRate/TAOUSDT/TAOUSDT-fundingRate-2025-09.zip,.cache/binance-altcoin-trend-round34/funding_monthly/TAOUSDT/TAOUSDT-fundingRate-2025-09.zip,downloaded_verified,65121dffd107ebcb03474b31c412cd3d435b9dd6845aeceeadc905fd21109d19,1254.0
TAOUSDT,2025-10,kline_monthly,https://data.binance.vision/data/futures/um/monthly/klines/TAOUSDT/15m/TAOUSDT-15m-2025-10.zip,.cache/binance-altcoin-trend-round34/kline_monthly/TAOUSDT/TAOUSDT-15m-2025-10.zip,downloaded_verified,195bdd07076ea2c501399233c48ec6c065c42cc172de53b2703d7218b7fac0f9,135439.0
TAOUSDT,2025-10,funding_monthly,https://data.binance.vision/data/futures/um/monthly/fundingRate/TAOUSDT/TAOUSDT-fundingRate-2025-10.zip,.cache/binance-altcoin-trend-round34/funding_monthly/TAOUSDT/TAOUSDT-fundingRate-2025-10.zip,downloaded_verified,460cb15155ea88846e98c85e3b81902401e09e22b22d141ee77b7f6bfa7a575a,1399.0
TAOUSDT,2025-11,kline_monthly,https://data.binance.vision/data/futures/um/monthly/klines/TAOUSDT/15m/TAOUSDT-15m-2025-11.zip,.cache/binance-altcoin-trend-round34/kline_monthly/TAOUSDT/TAOUSDT-15m-2025-11.zip,downloaded_verified,1104e6b43e98e1a7319b7c1d4aae2cb53862878ae64ea8ea246877d3a67c4a59,131028.0
TAOUSDT,2025-11,funding_monthly,https://data.binance.vision/data/futures/um/monthly/fundingRate/TAOUSDT/TAOUSDT-fundingRate-2025-11.zip,.cache/binance-altcoin-trend-round34/funding_monthly/TAOUSDT/TAOUSDT-fundingRate-2025-11.zip,downloaded_verified,942ab44461da4274305f6a1f8d0ebfb513e7d063316b1d5366c94d56508d654e,1464.0
TAOUSDT,2025-12,kline_monthly,https://data.binance.vision/data/futures/um/monthly/klines/TAOUSDT/15m/TAOUSDT-15m-2025-12.zip,.cache/binance-altcoin-trend-round34/kline_monthly/TAOUSDT/TAOUSDT-15m-2025-12.zip,downloaded_verified,bb9c53100e89c43398ba00492b1e6103aba4a03af3eaed692e16b67e7fd698fa,130816.0
TAOUSDT,2025-12,funding_monthly,https://data.binance.vision/data/futures/um/monthly/fundingRate/TAOUSDT/TAOUSDT-fundingRate-2025-12.zip,.cache/binance-altcoin-trend-round34/funding_monthly/TAOUSDT/TAOUSDT-fundingRate-2025-12.zip,downloaded_verified,693553f80d8d364b6dccc9b795f3163da1bec0a82aa73d2bfe41ff1db4f4b188,1545.0
TAOUSDT,2026-01,kline_monthly,https://data.binance.vision/data/futures/um/monthly/klines/TAOUSDT/15m/TAOUSDT-15m-2026-01.zip,.cache/binance-altcoin-trend-round34/kline_monthly/TAOUSDT/TAOUSDT-15m-2026-01.zip,downloaded_verified,10377c48fc88a12a69f21f83b3ae033b3c48b47c0adbcb9e551bc86ef94d92bf,130909.0
TAOUSDT,2026-01,funding_monthly,https://data.binance.vision/data/futures/um/monthly/fundingRate/TAOUSDT/TAOUSDT-fundingRate-2026-01.zip,.cache/binance-altcoin-trend-round34/funding_monthly/TAOUSDT/TAOUSDT-fundingRate-2026-01.zip,downloaded_verified,2614a1b0301321d80748f8f3531d6dc3d4ec1519cebb0d90c578786a73b6a859,1558.0
TAOUSDT,2026-02,kline_monthly,https://data.binance.vision/data/futures/um/monthly/klines/TAOUSDT/15m/TAOUSDT-15m-2026-02.zip,.cache/binance-altcoin-trend-round34/kline_monthly/TAOUSDT/TAOUSDT-15m-2026-02.zip,downloaded_verified,47776e497731a3a7ab380e5b51dd7ca08f5ce8f97ff525ee6ab07f90cd6151ea,119036.0
TAOUSDT,2026-02,funding_monthly,https://data.binance.vision/data/futures/um/monthly/fundingRate/TAOUSDT/TAOUSDT-fundingRate-2026-02.zip,.cache/binance-altcoin-trend-round34/funding_monthly/TAOUSDT/TAOUSDT-fundingRate-2026-02.zip,downloaded_verified,27ddd23ad75779ac3b33b2deb5980bc030b8c7bb21abf4285c14bde6bd7e738a,1549.0
TAOUSDT,2026-03,kline_monthly,https://data.binance.vision/data/futures/um/monthly/klines/TAOUSDT/15m/TAOUSDT-15m-2026-03.zip,.cache/binance-altcoin-trend-round34/kline_monthly/TAOUSDT/TAOUSDT-15m-2026-03.zip,downloaded_verified,1b2c77a95e642aa1d7678022a90098befa1ce2f0be8231779b848e4f96822fe3,136002.0
TAOUSDT,2026-03,funding_monthly,https://data.binance.vision/data/futures/um/monthly/fundingRate/TAOUSDT/TAOUSDT-fundingRate-2026-03.zip,.cache/binance-altcoin-trend-round34/funding_monthly/TAOUSDT/TAOUSDT-fundingRate-2026-03.zip,downloaded_verified,9124f249bfcdeaa66b9538436625222afc0034838050fb815f31fd4e49f20259,1602.0
TAOUSDT,2026-04,kline_monthly,https://data.binance.vision/data/futures/um/monthly/klines/TAOUSDT/15m/TAOUSDT-15m-2026-04.zip,.cache/binance-altcoin-trend-round34/kline_monthly/TAOUSDT/TAOUSDT-15m-2026-04.zip,downloaded_verified,2e154afdbb31dd5c4e0b6c68307f21cb925e592f74c5dcb89982fc2d16b51f47,128939.0
TAOUSDT,2026-04,funding_monthly,https://data.binance.vision/data/futures/um/monthly/fundingRate/TAOUSDT/TAOUSDT-fundingRate-2026-04.zip,.cache/binance-altcoin-trend-round34/funding_monthly/TAOUSDT/TAOUSDT-fundingRate-2026-04.zip,downloaded_verified,6a3e44a63800f0141a068134314c33f85fbdb9c7c45cafbb3b16019a8c3c0e04,1519.0
TAOUSDT,2026-05,kline_monthly,https://data.binance.vision/data/futures/um/monthly/klines/TAOUSDT/15m/TAOUSDT-15m-2026-05.zip,.cache/binance-altcoin-trend-round34/kline_monthly/TAOUSDT/TAOUSDT-15m-2026-05.zip,downloaded_verified,357f53775ab6291d458768c080857c29c21244fdb21d0a1c81bd82f7efeecba1,132368.0
TAOUSDT,2026-05,funding_monthly,https://data.binance.vision/data/futures/um/monthly/fundingRate/TAOUSDT/TAOUSDT-fundingRate-2026-05.zip,.cache/binance-altcoin-trend-round34/funding_monthly/TAOUSDT/TAOUSDT-fundingRate-2026-05.zip,downloaded_verified,ad5118732d09142801ba0f547a5ef7d84fe619580336e2c43a28ace447fa2230,1467.0
TAOUSDT,2026-06,kline_monthly,https://data.binance.vision/data/futures/um/monthly/klines/TAOUSDT/15m/TAOUSDT-15m-2026-06.zip,.cache/binance-altcoin-trend-round34/kline_monthly/TAOUSDT/TAOUSDT-15m-2026-06.zip,downloaded_verified,3d91cce3066e9662e260396a945ffffd8b721eb4fe50e833100363393f1e2b99,128426.0
TAOUSDT,2026-06,funding_monthly,https://data.binance.vision/data/futures/um/monthly/fundingRate/TAOUSDT/TAOUSDT-fundingRate-2026-06.zip,.cache/binance-altcoin-trend-round34/funding_monthly/TAOUSDT/TAOUSDT-fundingRate-2026-06.zip,downloaded_verified,a8755852510cd00945d2b9eb12846b237adbda5e3b55cf7cb0e2148ec31f13be,1443.0
TAOUSDT,2026-07-01,kline_daily,https://data.binance.vision/data/futures/um/daily/klines/TAOUSDT/15m/TAOUSDT-15m-2026-07-01.zip,.cache/binance-altcoin-trend-round34/kline_daily/TAOUSDT/TAOUSDT-15m-2026-07-01.zip,downloaded_verified,7b92f319f951ed51d8ea8f7be3a014f23542898670ea1ef9c9d7a949207dc2de,4619.0
TAOUSDT,2026-07-02,kline_daily,https://data.binance.vision/data/futures/um/daily/klines/TAOUSDT/15m/TAOUSDT-15m-2026-07-02.zip,.cache/binance-altcoin-trend-round34/kline_daily/TAOUSDT/TAOUSDT-15m-2026-07-02.zip,downloaded_verified,438b3972f4d1548d5ab5b141e8f488df03b8b58b4e72a451d8d8b20aaf51a512,4658.0
TAOUSDT,2026-07-03,kline_daily,https://data.binance.vision/data/futures/um/daily/klines/TAOUSDT/15m/TAOUSDT-15m-2026-07-03.zip,.cache/binance-altcoin-trend-round34/kline_daily/TAOUSDT/TAOUSDT-15m-2026-07-03.zip,downloaded_verified,5f99bc9fc760d644584ba8a78d64128f6e8409e42df22b73462f63303970ddb2,4563.0
TAOUSDT,2026-07-04,kline_daily,https://data.binance.vision/data/futures/um/daily/klines/TAOUSDT/15m/TAOUSDT-15m-2026-07-04.zip,.cache/binance-altcoin-trend-round34/kline_daily/TAOUSDT/TAOUSDT-15m-2026-07-04.zip,downloaded_verified,feabe7120f842be7f5c48fdacdced053c4badfd414fc030612fe8d10da9fd2e1,4527.0
TAOUSDT,2026-07-05,kline_daily,https://data.binance.vision/data/futures/um/daily/klines/TAOUSDT/15m/TAOUSDT-15m-2026-07-05.zip,.cache/binance-altcoin-trend-round34/kline_daily/TAOUSDT/TAOUSDT-15m-2026-07-05.zip,downloaded_verified,616511ad57f76320b3963e9843270731975fd611d00b03eeb9639d617a6f4aff,4531.0
TAOUSDT,2026-07-06,kline_daily,https://data.binance.vision/data/futures/um/daily/klines/TAOUSDT/15m/TAOUSDT-15m-2026-07-06.zip,.cache/binance-altcoin-trend-round34/kline_daily/TAOUSDT/TAOUSDT-15m-2026-07-06.zip,downloaded_verified,adb77ffbc40b7e256636a4318650579afc60ecadfaba72c72939fd81b94864c1,4630.0
TAOUSDT,2026-07-07,kline_daily,https://data.binance.vision/data/futures/um/daily/klines/TAOUSDT/15m/TAOUSDT-15m-2026-07-07.zip,.cache/binance-altcoin-trend-round34/kline_daily/TAOUSDT/TAOUSDT-15m-2026-07-07.zip,downloaded_verified,c7f3eb999f6e480227fd1c19ecd049ab1715767e3754d49ed6899e6ea27e247e,4609.0
TAOUSDT,2026-07-08,kline_daily,https://data.binance.vision/data/futures/um/daily/klines/TAOUSDT/15m/TAOUSDT-15m-2026-07-08.zip,.cache/binance-altcoin-trend-round34/kline_daily/TAOUSDT/TAOUSDT-15m-2026-07-08.zip,downloaded_verified,7acee833f4f8ea4b57523eeca65828108d9f0537be8921b9a63bc445c0db115f,4591.0
TAOUSDT,2026-07-09,kline_daily,https://data.binance.vision/data/futures/um/daily/klines/TAOUSDT/15m/TAOUSDT-15m-2026-07-09.zip,.cache/binance-altcoin-trend-round34/kline_daily/TAOUSDT/TAOUSDT-15m-2026-07-09.zip,downloaded_verified,a0300d0f950f7cc660ab53d9a1caed4ce163960facb4022e5a306126e8196c83,4583.0
TAOUSDT,2026-07-10,kline_daily,https://data.binance.vision/data/futures/um/daily/klines/TAOUSDT/15m/TAOUSDT-15m-2026-07-10.zip,.cache/binance-altcoin-trend-round34/kline_daily/TAOUSDT/TAOUSDT-15m-2026-07-10.zip,downloaded_verified,8b9322e91df278c6fd9075b17ba7ad86f95ef42b3d0bc2067b5fa3015f8a0b7c,4495.0
TAOUSDT,2026-07-11,kline_daily,https://data.binance.vision/data/futures/um/daily/klines/TAOUSDT/15m/TAOUSDT-15m-2026-07-11.zip,.cache/binance-altcoin-trend-round34/kline_daily/TAOUSDT/TAOUSDT-15m-2026-07-11.zip,downloaded_verified,d38ba404567b8253f9189504ae23fabf82f383457c449a88d0a5ddf23d47ac72,4461.0
TAOUSDT,2026-07-12,kline_daily,https://data.binance.vision/data/futures/um/daily/klines/TAOUSDT/15m/TAOUSDT-15m-2026-07-12.zip,.cache/binance-altcoin-trend-round34/kline_daily/TAOUSDT/TAOUSDT-15m-2026-07-12.zip,downloaded_verified,b417a09e85bbba5688bf17598bffec435828a266a22791e04faf48e67c85b924,4502.0
TAOUSDT,2026-07-13,kline_daily,https://data.binance.vision/data/futures/um/daily/klines/TAOUSDT/15m/TAOUSDT-15m-2026-07-13.zip,.cache/binance-altcoin-trend-round34/kline_daily/TAOUSDT/TAOUSDT-15m-2026-07-13.zip,downloaded_verified,f85083a38794ea2547826e852418d6a3e7ee25ffd846612e5eb875cb4a0ddccc,4577.0
TAOUSDT,2026-07-14,kline_daily,https://data.binance.vision/data/futures/um/daily/klines/TAOUSDT/15m/TAOUSDT-15m-2026-07-14.zip,.cache/binance-altcoin-trend-round34/kline_daily/TAOUSDT/TAOUSDT-15m-2026-07-14.zip,downloaded_verified,09595b370843f185b53b29d524573caa31b49e90c268e64d22f6dfd59d736600,4613.0
TAOUSDT,2026-07-15,kline_daily,https://data.binance.vision/data/futures/um/daily/klines/TAOUSDT/15m/TAOUSDT-15m-2026-07-15.zip,.cache/binance-altcoin-trend-round34/kline_daily/TAOUSDT/TAOUSDT-15m-2026-07-15.zip,downloaded_verified,7607dc63d0030a9cc262d73fccf7c344816de1a6dca2a864245d496356c86b2a,4568.0
TAOUSDT,2026-07-16,kline_daily,https://data.binance.vision/data/futures/um/daily/klines/TAOUSDT/15m/TAOUSDT-15m-2026-07-16.zip,.cache/binance-altcoin-trend-round34/kline_daily/TAOUSDT/TAOUSDT-15m-2026-07-16.zip,downloaded_verified,3bc17b2dd9550b69a2dc0e2c28da6986c85b8c2f60bc97bf5c118a7635d2afc9,4589.0
TAOUSDT,2026-07-17,kline_daily,https://data.binance.vision/data/futures/um/daily/klines/TAOUSDT/15m/TAOUSDT-15m-2026-07-17.zip,.cache/binance-altcoin-trend-round34/kline_daily/TAOUSDT/TAOUSDT-15m-2026-07-17.zip,downloaded_verified,fc9c0ee3818faae6217a9f2b563cb1bbad0931b8b71e617e157369c32b54fd43,4551.0
TAOUSDT,2026-07-18,kline_daily,https://data.binance.vision/data/futures/um/daily/klines/TAOUSDT/15m/TAOUSDT-15m-2026-07-18.zip,.cache/binance-altcoin-trend-round34/kline_daily/TAOUSDT/TAOUSDT-15m-2026-07-18.zip,downloaded_verified,8dcf41a706220883308e9f9348ad60f7955826ee22d3ee07b387b2f4990f8d39,4429.0
TAOUSDT,2026-07-19,kline_daily,https://data.binance.vision/data/futures/um/daily/klines/TAOUSDT/15m/TAOUSDT-15m-2026-07-19.zip,.cache/binance-altcoin-trend-round34/kline_daily/TAOUSDT/TAOUSDT-15m-2026-07-19.zip,downloaded_verified,c8b03dc9fd5ba229f2accd0ffc697b2d9b9cf761d72a39d9d1e18ea4833609de,4453.0
TAOUSDT,2026-07-20,kline_daily,https://data.binance.vision/data/futures/um/daily/klines/TAOUSDT/15m/TAOUSDT-15m-2026-07-20.zip,.cache/binance-altcoin-trend-round34/kline_daily/TAOUSDT/TAOUSDT-15m-2026-07-20.zip,downloaded_verified,94464485020d86353905b91b89135262bcaaa738eca8f72d428edf41eccf3d5f,4508.0
TAOUSDT,2026-07-21,kline_daily,https://data.binance.vision/data/futures/um/daily/klines/TAOUSDT/15m/TAOUSDT-15m-2026-07-21.zip,.cache/binance-altcoin-trend-round34/kline_daily/TAOUSDT/TAOUSDT-15m-2026-07-21.zip,downloaded_verified,a1c4bce76c95bc14eec178b304fcb649800569462a36e40a7065ec38c7d51aef,4510.0
TAOUSDT,2026-07-22,kline_daily,https://data.binance.vision/data/futures/um/daily/klines/TAOUSDT/15m/TAOUSDT-15m-2026-07-22.zip,.cache/binance-altcoin-trend-round34/kline_daily/TAOUSDT/TAOUSDT-15m-2026-07-22.zip,downloaded_verified,5f97a385f42b9ac177cc71e0f383e7f545b6f8a06dcb3e7d84ca837d5a6d4867,4521.0
TAOUSDT,2026-07-23,kline_daily,https://data.binance.vision/data/futures/um/daily/klines/TAOUSDT/15m/TAOUSDT-15m-2026-07-23.zip,.cache/binance-altcoin-trend-round34/kline_daily/TAOUSDT/TAOUSDT-15m-2026-07-23.zip,downloaded_verified,e42ec3ddd3a1a81241dede97bb96ea665a352cdc1b77c1bed2feb9a773f67bce,4496.0
TAOUSDT,2026-07-24,kline_daily,https://data.binance.vision/data/futures/um/daily/klines/TAOUSDT/15m/TAOUSDT-15m-2026-07-24.zip,.cache/binance-altcoin-trend-round34/kline_daily/TAOUSDT/TAOUSDT-15m-2026-07-24.zip,downloaded_verified,a60a6732b79fa7015ec81dfade84a9ba0a3d21f5f1853351792800ee318ed37c,4503.0
TAOUSDT,2026-07-25,kline_daily,https://data.binance.vision/data/futures/um/daily/klines/TAOUSDT/15m/TAOUSDT-15m-2026-07-25.zip,.cache/binance-altcoin-trend-round34/kline_daily/TAOUSDT/TAOUSDT-15m-2026-07-25.zip,downloaded_verified,4dd917b179560bcacc9f4530b69f63a9a2c7ceb6ff9940c7c27db038b1db30e1,4402.0
TAOUSDT,2026-07-26,kline_daily,https://data.binance.vision/data/futures/um/daily/klines/TAOUSDT/15m/TAOUSDT-15m-2026-07-26.zip,.cache/binance-altcoin-trend-round34/kline_daily/TAOUSDT/TAOUSDT-15m-2026-07-26.zip,downloaded_verified,e2f8ce479306d88535b93da22fef6580cc1af52a8a7016bd99fbadb841f6b081,4516.0
APTUSDT,2023-11,kline_monthly,https://data.binance.vision/data/futures/um/monthly/klines/APTUSDT/15m/APTUSDT-15m-2023-11.zip,.cache/binance-altcoin-trend-round34/kline_monthly/APTUSDT/APTUSDT-15m-2023-11.zip,downloaded_verified,9951e31d1a5672d6380e4fef49029281d53a3e8e9b9c2c62fc13c7855945f0eb,121948.0
APTUSDT,2023-11,funding_monthly,https://data.binance.vision/data/futures/um/monthly/fundingRate/APTUSDT/APTUSDT-fundingRate-2023-11.zip,.cache/binance-altcoin-trend-round34/funding_monthly/APTUSDT/APTUSDT-fundingRate-2023-11.zip,downloaded_verified,1aced8cfb7623bef71135007b24f6e656396d64fa14ae2396594f40861f27f2f,743.0
APTUSDT,2023-12,kline_monthly,https://data.binance.vision/data/futures/um/monthly/klines/APTUSDT/15m/APTUSDT-15m-2023-12.zip,.cache/binance-altcoin-trend-round34/kline_monthly/APTUSDT/APTUSDT-15m-2023-12.zip,downloaded_verified,5de7bcbe5b01c025d23b0bbc59435e9ebd1510abc6fb0138369d59423b5296d8,127694.0
APTUSDT,2023-12,funding_monthly,https://data.binance.vision/data/futures/um/monthly/fundingRate/APTUSDT/APTUSDT-fundingRate-2023-12.zip,.cache/binance-altcoin-trend-round34/funding_monthly/APTUSDT/APTUSDT-fundingRate-2023-12.zip,downloaded_verified,e92dcf3350d0e8db0cfa6c14de438578b225c548d4d6272d2b1b17edcf4a0dbf,861.0
APTUSDT,2024-01,kline_monthly,https://data.binance.vision/data/futures/um/monthly/klines/APTUSDT/15m/APTUSDT-15m-2024-01.zip,.cache/binance-altcoin-trend-round34/kline_monthly/APTUSDT/APTUSDT-15m-2024-01.zip,downloaded_verified,e5bbb0bd1bbb91b1df386c6657687168ba06d14eceeee3615c748e1fd7420c21,128230.0
APTUSDT,2024-01,funding_monthly,https://data.binance.vision/data/futures/um/monthly/fundingRate/APTUSDT/APTUSDT-fundingRate-2024-01.zip,.cache/binance-altcoin-trend-round34/funding_monthly/APTUSDT/APTUSDT-fundingRate-2024-01.zip,downloaded_verified,010cab5f656d59f53e3d655fed8aac8d7470f06bdcc77f8831869f5d4c724bdb,674.0
APTUSDT,2024-02,kline_monthly,https://data.binance.vision/data/futures/um/monthly/klines/APTUSDT/15m/APTUSDT-15m-2024-02.zip,.cache/binance-altcoin-trend-round34/kline_monthly/APTUSDT/APTUSDT-15m-2024-02.zip,downloaded_verified,7aba272b5c923515fe0909fdb41616ed9102e2eeac78b0a58eed9788d91f740f,118779.0
APTUSDT,2024-02,funding_monthly,https://data.binance.vision/data/futures/um/monthly/fundingRate/APTUSDT/APTUSDT-fundingRate-2024-02.zip,.cache/binance-altcoin-trend-round34/funding_monthly/APTUSDT/APTUSDT-fundingRate-2024-02.zip,downloaded_verified,30256c194b80d974ec72425f78d67143ab8f73a43f9cfb5121a99be0d1488dee,791.0
APTUSDT,2024-03,kline_monthly,https://data.binance.vision/data/futures/um/monthly/klines/APTUSDT/15m/APTUSDT-15m-2024-03.zip,.cache/binance-altcoin-trend-round34/kline_monthly/APTUSDT/APTUSDT-15m-2024-03.zip,downloaded_verified,9a8f7a2006987462c785eb1d42d06973e735e6fa20b05f0510f26bf551f78a7d,132320.0
APTUSDT,2024-03,funding_monthly,https://data.binance.vision/data/futures/um/monthly/fundingRate/APTUSDT/APTUSDT-fundingRate-2024-03.zip,.cache/binance-altcoin-trend-round34/funding_monthly/APTUSDT/APTUSDT-fundingRate-2024-03.zip,downloaded_verified,d5da60bd44914953cec990716b6ad748f9ae48493368a6c1ea6bbddabaaa8cbc,946.0
APTUSDT,2024-04,kline_monthly,https://data.binance.vision/data/futures/um/monthly/klines/APTUSDT/15m/APTUSDT-15m-2024-04.zip,.cache/binance-altcoin-trend-round34/kline_monthly/APTUSDT/APTUSDT-15m-2024-04.zip,downloaded_verified,815f1475d39f1974b19e97cf10b7ce71f962e79c2be20df74b08d7ce14464417,125225.0
APTUSDT,2024-04,funding_monthly,https://data.binance.vision/data/futures/um/monthly/fundingRate/APTUSDT/APTUSDT-fundingRate-2024-04.zip,.cache/binance-altcoin-trend-round34/funding_monthly/APTUSDT/APTUSDT-fundingRate-2024-04.zip,downloaded_verified,4b18abe32a5cb8b717d32631000b194d4921e489b5d3df366d1f06d425aef0ce,864.0
APTUSDT,2024-05,kline_monthly,https://data.binance.vision/data/futures/um/monthly/klines/APTUSDT/15m/APTUSDT-15m-2024-05.zip,.cache/binance-altcoin-trend-round34/kline_monthly/APTUSDT/APTUSDT-15m-2024-05.zip,downloaded_verified,f5749c3e915d501cfcd4b831dd0e7f465131c4eea46d99cd9f77cfff1da7c04c,124323.0
APTUSDT,2024-05,funding_monthly,https://data.binance.vision/data/futures/um/monthly/fundingRate/APTUSDT/APTUSDT-fundingRate-2024-05.zip,.cache/binance-altcoin-trend-round34/funding_monthly/APTUSDT/APTUSDT-fundingRate-2024-05.zip,downloaded_verified,edb4f758284b2c27989cb84206238e0a7d0cc9c9a592e7ebddfb4ef25130a6fd,793.0
APTUSDT,2024-06,kline_monthly,https://data.binance.vision/data/futures/um/monthly/klines/APTUSDT/15m/APTUSDT-15m-2024-06.zip,.cache/binance-altcoin-trend-round34/kline_monthly/APTUSDT/APTUSDT-15m-2024-06.zip,downloaded_verified,a952c9f138a485da0c79eac4f262a33b73daf632b45bb7e65d49bd8fea5e0cd2,118249.0
APTUSDT,2024-06,funding_monthly,https://data.binance.vision/data/futures/um/monthly/fundingRate/APTUSDT/APTUSDT-fundingRate-2024-06.zip,.cache/binance-altcoin-trend-round34/funding_monthly/APTUSDT/APTUSDT-fundingRate-2024-06.zip,downloaded_verified,227aa24374f654093c213887004d47ff87f9c470869e5736fb6456aeb8b3d4de,790.0
APTUSDT,2024-07,kline_monthly,https://data.binance.vision/data/futures/um/monthly/klines/APTUSDT/15m/APTUSDT-15m-2024-07.zip,.cache/binance-altcoin-trend-round34/kline_monthly/APTUSDT/APTUSDT-15m-2024-07.zip,downloaded_verified,668afc658213c41e8770f01b1dd6543cbc019871d478522e59d5193801bb549e,122517.0
APTUSDT,2024-07,funding_monthly,https://data.binance.vision/data/futures/um/monthly/fundingRate/APTUSDT/APTUSDT-fundingRate-2024-07.zip,.cache/binance-altcoin-trend-round34/funding_monthly/APTUSDT/APTUSDT-fundingRate-2024-07.zip,downloaded_verified,a558ae4d76615251a15a86daf50f64a50949777cedcf2aba4a90a2a808793adb,795.0
APTUSDT,2024-08,kline_monthly,https://data.binance.vision/data/futures/um/monthly/klines/APTUSDT/15m/APTUSDT-15m-2024-08.zip,.cache/binance-altcoin-trend-round34/kline_monthly/APTUSDT/APTUSDT-15m-2024-08.zip,downloaded_verified,bf5bbe7c6f16cd70fe1c19599bd8b9c1c5429f7735ae3222114e18709e8673fb,125254.0
APTUSDT,2024-08,funding_monthly,https://data.binance.vision/data/futures/um/monthly/fundingRate/APTUSDT/APTUSDT-fundingRate-2024-08.zip,.cache/binance-altcoin-trend-round34/funding_monthly/APTUSDT/APTUSDT-fundingRate-2024-08.zip,downloaded_verified,2645002655845af3ccb3be392436060c9da7ece045b10604bde5c150037d7116,902.0
APTUSDT,2024-09,kline_monthly,https://data.binance.vision/data/futures/um/monthly/klines/APTUSDT/15m/APTUSDT-15m-2024-09.zip,.cache/binance-altcoin-trend-round34/kline_monthly/APTUSDT/APTUSDT-15m-2024-09.zip,downloaded_verified,84916da6b488c4d75a33e566090e07e1fcb5e97b06a55e0986e3564ecbc144e3,123922.0
APTUSDT,2024-09,funding_monthly,https://data.binance.vision/data/futures/um/monthly/fundingRate/APTUSDT/APTUSDT-fundingRate-2024-09.zip,.cache/binance-altcoin-trend-round34/funding_monthly/APTUSDT/APTUSDT-fundingRate-2024-09.zip,downloaded_verified,e8a7dd94a9501e4bc740967caf5fe17606d8c264b81d6327eeaf319f4a65e16f,779.0
APTUSDT,2024-10,kline_monthly,https://data.binance.vision/data/futures/um/monthly/klines/APTUSDT/15m/APTUSDT-15m-2024-10.zip,.cache/binance-altcoin-trend-round34/kline_monthly/APTUSDT/APTUSDT-15m-2024-10.zip,downloaded_verified,9e3578a7e14706564aa74f04912fe5da20314ab3f6afd97952f42bf115a47482,138798.0
APTUSDT,2024-10,funding_monthly,https://data.binance.vision/data/futures/um/monthly/fundingRate/APTUSDT/APTUSDT-fundingRate-2024-10.zip,.cache/binance-altcoin-trend-round34/funding_monthly/APTUSDT/APTUSDT-fundingRate-2024-10.zip,downloaded_verified,b166e0b84874059cbc3333bbaa872ea222eb13ae533dedbdfcc3cbb089100978,746.0
APTUSDT,2024-11,kline_monthly,https://data.binance.vision/data/futures/um/monthly/klines/APTUSDT/15m/APTUSDT-15m-2024-11.zip,.cache/binance-altcoin-trend-round34/kline_monthly/APTUSDT/APTUSDT-15m-2024-11.zip,downloaded_verified,7fecd701e760790461327393e91a9c2c7368c139f8aabaf2d122dfb4461ad035,135518.0
APTUSDT,2024-11,funding_monthly,https://data.binance.vision/data/futures/um/monthly/fundingRate/APTUSDT/APTUSDT-fundingRate-2024-11.zip,.cache/binance-altcoin-trend-round34/funding_monthly/APTUSDT/APTUSDT-fundingRate-2024-11.zip,downloaded_verified,14d301d1f5396d20c22ea1e079754114f0ec78edd48c40e46829f3b38a45b824,785.0
APTUSDT,2024-12,kline_monthly,https://data.binance.vision/data/futures/um/monthly/klines/APTUSDT/15m/APTUSDT-15m-2024-12.zip,.cache/binance-altcoin-trend-round34/kline_monthly/APTUSDT/APTUSDT-15m-2024-12.zip,downloaded_verified,97ec278b2b3a04b1162e9273a379065b0a6fa6a9043aeee3542d9b1ec4082f89,139712.0
APTUSDT,2024-12,funding_monthly,https://data.binance.vision/data/futures/um/monthly/fundingRate/APTUSDT/APTUSDT-fundingRate-2024-12.zip,.cache/binance-altcoin-trend-round34/funding_monthly/APTUSDT/APTUSDT-fundingRate-2024-12.zip,downloaded_verified,2e8ef3288b6318c58c34c1b5cf00561e0b15320f597012568e8147a54b7fd72d,828.0
APTUSDT,2025-01,kline_monthly,https://data.binance.vision/data/futures/um/monthly/klines/APTUSDT/15m/APTUSDT-15m-2025-01.zip,.cache/binance-altcoin-trend-round34/kline_monthly/APTUSDT/APTUSDT-15m-2025-01.zip,downloaded_verified,3c0581971d177d8d0d427e1bafe0a1fdc225d037f450806b44c230405dcd338d,135925.0
APTUSDT,2025-01,funding_monthly,https://data.binance.vision/data/futures/um/monthly/fundingRate/APTUSDT/APTUSDT-fundingRate-2025-01.zip,.cache/binance-altcoin-trend-round34/funding_monthly/APTUSDT/APTUSDT-fundingRate-2025-01.zip,downloaded_verified,e11865493584fdb6a8c580eefc581088b563fda8461c7322ec94e96fffa0e62f,745.0
APTUSDT,2025-02,kline_monthly,https://data.binance.vision/data/futures/um/monthly/klines/APTUSDT/15m/APTUSDT-15m-2025-02.zip,.cache/binance-altcoin-trend-round34/kline_monthly/APTUSDT/APTUSDT-15m-2025-02.zip,downloaded_verified,5606f698ff49e8853a2f3b5bf0d5281644a61a2ecac1f89b0ba7a2e531393949,123368.0
APTUSDT,2025-02,funding_monthly,https://data.binance.vision/data/futures/um/monthly/fundingRate/APTUSDT/APTUSDT-fundingRate-2025-02.zip,.cache/binance-altcoin-trend-round34/funding_monthly/APTUSDT/APTUSDT-fundingRate-2025-02.zip,downloaded_verified,2ecd6781ccb47957be04531bb8972b9160574db54f0350aad7a8971e98bfffae,877.0
APTUSDT,2025-03,kline_monthly,https://data.binance.vision/data/futures/um/monthly/klines/APTUSDT/15m/APTUSDT-15m-2025-03.zip,.cache/binance-altcoin-trend-round34/kline_monthly/APTUSDT/APTUSDT-15m-2025-03.zip,downloaded_verified,1e20ca85f91506eb790c528a9a2c823f651311a63cb45f1d14dc90fc3a43cdcd,133698.0
APTUSDT,2025-03,funding_monthly,https://data.binance.vision/data/futures/um/monthly/fundingRate/APTUSDT/APTUSDT-fundingRate-2025-03.zip,.cache/binance-altcoin-trend-round34/funding_monthly/APTUSDT/APTUSDT-fundingRate-2025-03.zip,downloaded_verified,07fb48cb2ace6313eca3c780a8ca290c41add845be6c4dd0aec1cdd12267c9ab,919.0
APTUSDT,2025-04,kline_monthly,https://data.binance.vision/data/futures/um/monthly/klines/APTUSDT/15m/APTUSDT-15m-2025-04.zip,.cache/binance-altcoin-trend-round34/kline_monthly/APTUSDT/APTUSDT-15m-2025-04.zip,downloaded_verified,bf38852b2889d2f78da12760f7b9c75d454663b0e189fe2831f8e84cd5db4f00,128029.0
APTUSDT,2025-04,funding_monthly,https://data.binance.vision/data/futures/um/monthly/fundingRate/APTUSDT/APTUSDT-fundingRate-2025-04.zip,.cache/binance-altcoin-trend-round34/funding_monthly/APTUSDT/APTUSDT-fundingRate-2025-04.zip,downloaded_verified,ecfb0eb2d8affc192f8123d6942e97b75ddf44f358622c18207c924623beeb10,943.0
APTUSDT,2025-05,kline_monthly,https://data.binance.vision/data/futures/um/monthly/klines/APTUSDT/15m/APTUSDT-15m-2025-05.zip,.cache/binance-altcoin-trend-round34/kline_monthly/APTUSDT/APTUSDT-15m-2025-05.zip,downloaded_verified,f21616ec459833e8e118d8a853751cfa587eae338a414d9c9db4a94e5ec90c74,133640.0
APTUSDT,2025-05,funding_monthly,https://data.binance.vision/data/futures/um/monthly/fundingRate/APTUSDT/APTUSDT-fundingRate-2025-05.zip,.cache/binance-altcoin-trend-round34/funding_monthly/APTUSDT/APTUSDT-fundingRate-2025-05.zip,downloaded_verified,4fed87776721221c7994db1d14a096b536814c3e3bd355c0f874e1fc6c51cc24,915.0
APTUSDT,2025-06,kline_monthly,https://data.binance.vision/data/futures/um/monthly/klines/APTUSDT/15m/APTUSDT-15m-2025-06.zip,.cache/binance-altcoin-trend-round34/kline_monthly/APTUSDT/APTUSDT-15m-2025-06.zip,downloaded_verified,c0586bb7ca5e16ce34e4726f512400605b0add9220d2bb349ee660dd4267ccd6,128440.0
APTUSDT,2025-06,funding_monthly,https://data.binance.vision/data/futures/um/monthly/fundingRate/APTUSDT/APTUSDT-fundingRate-2025-06.zip,.cache/binance-altcoin-trend-round34/funding_monthly/APTUSDT/APTUSDT-fundingRate-2025-06.zip,downloaded_verified,b2c11d03542e2801f16b60e5bdb8eff6a9b0e34b8ec7e277d51a9b0b11684855,925.0
APTUSDT,2025-07,kline_monthly,https://data.binance.vision/data/futures/um/monthly/klines/APTUSDT/15m/APTUSDT-15m-2025-07.zip,.cache/binance-altcoin-trend-round34/kline_monthly/APTUSDT/APTUSDT-15m-2025-07.zip,downloaded_verified,3ed908876338569eadc1b2da7d749a3c81416d184c1781670ccad1a7f2400887,134343.0
APTUSDT,2025-07,funding_monthly,https://data.binance.vision/data/futures/um/monthly/fundingRate/APTUSDT/APTUSDT-fundingRate-2025-07.zip,.cache/binance-altcoin-trend-round34/funding_monthly/APTUSDT/APTUSDT-fundingRate-2025-07.zip,downloaded_verified,279e8f3009fec09d0a0d97199aade3f3d2dcf44690a578569c9411b145361576,918.0
APTUSDT,2025-08,kline_monthly,https://data.binance.vision/data/futures/um/monthly/klines/APTUSDT/15m/APTUSDT-15m-2025-08.zip,.cache/binance-altcoin-trend-round34/kline_monthly/APTUSDT/APTUSDT-15m-2025-08.zip,downloaded_verified,81c571c3e757015531d89622174f684307bad9ec8617d8f763f610c62f99508a,133202.0
APTUSDT,2025-08,funding_monthly,https://data.binance.vision/data/futures/um/monthly/fundingRate/APTUSDT/APTUSDT-fundingRate-2025-08.zip,.cache/binance-altcoin-trend-round34/funding_monthly/APTUSDT/APTUSDT-fundingRate-2025-08.zip,downloaded_verified,6c35e311925d217abc9e53fdd6a634060f8165fba1195742b9035609e05e32df,929.0
APTUSDT,2025-09,kline_monthly,https://data.binance.vision/data/futures/um/monthly/klines/APTUSDT/15m/APTUSDT-15m-2025-09.zip,.cache/binance-altcoin-trend-round34/kline_monthly/APTUSDT/APTUSDT-15m-2025-09.zip,downloaded_verified,bd2b0e88835bfc7a30c7327b30fbc42e6366f3b0b8af9dbb348ebc2c9ef5cd7e,127206.0
APTUSDT,2025-09,funding_monthly,https://data.binance.vision/data/futures/um/monthly/fundingRate/APTUSDT/APTUSDT-fundingRate-2025-09.zip,.cache/binance-altcoin-trend-round34/funding_monthly/APTUSDT/APTUSDT-fundingRate-2025-09.zip,downloaded_verified,0ff4a18a175a0eb357c625f76e85926df9edcfcf3f0aa2a711eae727228f345a,864.0
APTUSDT,2025-10,kline_monthly,https://data.binance.vision/data/futures/um/monthly/klines/APTUSDT/15m/APTUSDT-15m-2025-10.zip,.cache/binance-altcoin-trend-round34/kline_monthly/APTUSDT/APTUSDT-15m-2025-10.zip,downloaded_verified,2c185775f4f9aaafe7f2bec9bac933e3f418623f6e5b257577f2472976f475c3,135339.0
APTUSDT,2025-10,funding_monthly,https://data.binance.vision/data/futures/um/monthly/fundingRate/APTUSDT/APTUSDT-fundingRate-2025-10.zip,.cache/binance-altcoin-trend-round34/funding_monthly/APTUSDT/APTUSDT-fundingRate-2025-10.zip,downloaded_verified,f4a7c2cecf6968ab0bba4dd554a6f88f27d02ef023bb0256e1429e528bf8c08d,1027.0
APTUSDT,2025-11,kline_monthly,https://data.binance.vision/data/futures/um/monthly/klines/APTUSDT/15m/APTUSDT-15m-2025-11.zip,.cache/binance-altcoin-trend-round34/kline_monthly/APTUSDT/APTUSDT-15m-2025-11.zip,downloaded_verified,b7d5d61ab8eb9e20cfb0addde1e5cff968116d1f23b1e907224490bed9abcec2,129471.0
APTUSDT,2025-11,funding_monthly,https://data.binance.vision/data/futures/um/monthly/fundingRate/APTUSDT/APTUSDT-fundingRate-2025-11.zip,.cache/binance-altcoin-trend-round34/funding_monthly/APTUSDT/APTUSDT-fundingRate-2025-11.zip,downloaded_verified,6c79dd84ba8dbe37ec0e0764e95cfd6afb4a4e805a3dab108819f7668a78c26e,1009.0
APTUSDT,2025-12,kline_monthly,https://data.binance.vision/data/futures/um/monthly/klines/APTUSDT/15m/APTUSDT-15m-2025-12.zip,.cache/binance-altcoin-trend-round34/kline_monthly/APTUSDT/APTUSDT-15m-2025-12.zip,downloaded_verified,c34acd9c0047a149b0c1c4ceac9f9c7195b59059c28bf0c1e17d227fd8a3ccc7,130908.0
APTUSDT,2025-12,funding_monthly,https://data.binance.vision/data/futures/um/monthly/fundingRate/APTUSDT/APTUSDT-fundingRate-2025-12.zip,.cache/binance-altcoin-trend-round34/funding_monthly/APTUSDT/APTUSDT-fundingRate-2025-12.zip,downloaded_verified,145ccc647ac89d9ec920454171f38867fbad05a487a8c1484462db11ccd4ab66,1014.0
APTUSDT,2026-01,kline_monthly,https://data.binance.vision/data/futures/um/monthly/klines/APTUSDT/15m/APTUSDT-15m-2026-01.zip,.cache/binance-altcoin-trend-round34/kline_monthly/APTUSDT/APTUSDT-15m-2026-01.zip,downloaded_verified,e5ceae7999dfb7d27e8d3a9293571f9ed1b8adb0b9558d8462c487fb35547b71,129510.0
APTUSDT,2026-01,funding_monthly,https://data.binance.vision/data/futures/um/monthly/fundingRate/APTUSDT/APTUSDT-fundingRate-2026-01.zip,.cache/binance-altcoin-trend-round34/funding_monthly/APTUSDT/APTUSDT-fundingRate-2026-01.zip,downloaded_verified,020aeb9c6b99ba8e45afdb684a0ca50e6ceb09f4c24d1c8c57b828ebc92f0dd4,986.0
APTUSDT,2026-02,kline_monthly,https://data.binance.vision/data/futures/um/monthly/klines/APTUSDT/15m/APTUSDT-15m-2026-02.zip,.cache/binance-altcoin-trend-round34/kline_monthly/APTUSDT/APTUSDT-15m-2026-02.zip,downloaded_verified,117a7bc1ecf4a83f5effa1dcc6a750b9b7a4a34622291e25531832d4f083437d,117346.0
APTUSDT,2026-02,funding_monthly,https://data.binance.vision/data/futures/um/monthly/fundingRate/APTUSDT/APTUSDT-fundingRate-2026-02.zip,.cache/binance-altcoin-trend-round34/funding_monthly/APTUSDT/APTUSDT-fundingRate-2026-02.zip,downloaded_verified,12525b9110d1537b195511f242fb34a14f3fda78ce995ee963d32b37bf675ca1,943.0
APTUSDT,2026-03,kline_monthly,https://data.binance.vision/data/futures/um/monthly/klines/APTUSDT/15m/APTUSDT-15m-2026-03.zip,.cache/binance-altcoin-trend-round34/kline_monthly/APTUSDT/APTUSDT-15m-2026-03.zip,downloaded_verified,1a98c24bfbeea87df9fbf6329030ae75b39c4c0290dff2a7c2ce63286a8e31f6,128623.0
APTUSDT,2026-03,funding_monthly,https://data.binance.vision/data/futures/um/monthly/fundingRate/APTUSDT/APTUSDT-fundingRate-2026-03.zip,.cache/binance-altcoin-trend-round34/funding_monthly/APTUSDT/APTUSDT-fundingRate-2026-03.zip,downloaded_verified,2b5520c5adf0ece4c012789c89c691c80ae5bced35f19227f2185c57eab3c84f,1012.0
APTUSDT,2026-04,kline_monthly,https://data.binance.vision/data/futures/um/monthly/klines/APTUSDT/15m/APTUSDT-15m-2026-04.zip,.cache/binance-altcoin-trend-round34/kline_monthly/APTUSDT/APTUSDT-15m-2026-04.zip,downloaded_verified,21986cc12ee6d79dde18357f76e27b6d8d72243e738343a34a2a81fb4c341297,122664.0
APTUSDT,2026-04,funding_monthly,https://data.binance.vision/data/futures/um/monthly/fundingRate/APTUSDT/APTUSDT-fundingRate-2026-04.zip,.cache/binance-altcoin-trend-round34/funding_monthly/APTUSDT/APTUSDT-fundingRate-2026-04.zip,downloaded_verified,839b913a686ef5e10e1265704b99f44316fb7c7fc06dbcaffc449c98f572937c,958.0
APTUSDT,2026-05,kline_monthly,https://data.binance.vision/data/futures/um/monthly/klines/APTUSDT/15m/APTUSDT-15m-2026-05.zip,.cache/binance-altcoin-trend-round34/kline_monthly/APTUSDT/APTUSDT-15m-2026-05.zip,downloaded_verified,8e309817af6136024d9ad8c269902c6e253b055ddc1b55fa733353c14918e6c1,127807.0
APTUSDT,2026-05,funding_monthly,https://data.binance.vision/data/futures/um/monthly/fundingRate/APTUSDT/APTUSDT-fundingRate-2026-05.zip,.cache/binance-altcoin-trend-round34/funding_monthly/APTUSDT/APTUSDT-fundingRate-2026-05.zip,downloaded_verified,b9e056ce01113476819c8bd97dda489b19131e863d1b7c6126022b50b3f01257,988.0
APTUSDT,2026-06,kline_monthly,https://data.binance.vision/data/futures/um/monthly/klines/APTUSDT/15m/APTUSDT-15m-2026-06.zip,.cache/binance-altcoin-trend-round34/kline_monthly/APTUSDT/APTUSDT-15m-2026-06.zip,downloaded_verified,c3e853df21a5650fe690925e47385d6e9d6daefb592cab1deb9b211427efb517,123542.0
APTUSDT,2026-06,funding_monthly,https://data.binance.vision/data/futures/um/monthly/fundingRate/APTUSDT/APTUSDT-fundingRate-2026-06.zip,.cache/binance-altcoin-trend-round34/funding_monthly/APTUSDT/APTUSDT-fundingRate-2026-06.zip,downloaded_verified,88dd2f33dcd8388509800badf358dccdf3eea0a185c27eb69ffa608930884b4a,984.0
APTUSDT,2026-07-01,kline_daily,https://data.binance.vision/data/futures/um/daily/klines/APTUSDT/15m/APTUSDT-15m-2026-07-01.zip,.cache/binance-altcoin-trend-round34/kline_daily/APTUSDT/APTUSDT-15m-2026-07-01.zip,downloaded_verified,b0fcfc1d651675aef0e861593d7182e0b020d5ed4703cf71899cea318d79b0a8,4461.0
APTUSDT,2026-07-02,kline_daily,https://data.binance.vision/data/futures/um/daily/klines/APTUSDT/15m/APTUSDT-15m-2026-07-02.zip,.cache/binance-altcoin-trend-round34/kline_daily/APTUSDT/APTUSDT-15m-2026-07-02.zip,downloaded_verified,5523eece82affe078694af9e336de48734db992a5a5e9503acd01c2aa55df941,4405.0
APTUSDT,2026-07-03,kline_daily,https://data.binance.vision/data/futures/um/daily/klines/APTUSDT/15m/APTUSDT-15m-2026-07-03.zip,.cache/binance-altcoin-trend-round34/kline_daily/APTUSDT/APTUSDT-15m-2026-07-03.zip,downloaded_verified,37c8224a60a47652298ecc527d0a5b0117d5bfd91a4099d1feb06a12a9330c9b,4389.0
APTUSDT,2026-07-04,kline_daily,https://data.binance.vision/data/futures/um/daily/klines/APTUSDT/15m/APTUSDT-15m-2026-07-04.zip,.cache/binance-altcoin-trend-round34/kline_daily/APTUSDT/APTUSDT-15m-2026-07-04.zip,downloaded_verified,0d144865baec8eaf2d7d13ef0942a01034bb405d1b6793ab02f5ce0e524c9824,4365.0
APTUSDT,2026-07-05,kline_daily,https://data.binance.vision/data/futures/um/daily/klines/APTUSDT/15m/APTUSDT-15m-2026-07-05.zip,.cache/binance-altcoin-trend-round34/kline_daily/APTUSDT/APTUSDT-15m-2026-07-05.zip,downloaded_verified,1b922379ce611bc91532b37b702f0b8679a5811eccf42412744bc7e7aedaf999,4390.0
APTUSDT,2026-07-06,kline_daily,https://data.binance.vision/data/futures/um/daily/klines/APTUSDT/15m/APTUSDT-15m-2026-07-06.zip,.cache/binance-altcoin-trend-round34/kline_daily/APTUSDT/APTUSDT-15m-2026-07-06.zip,downloaded_verified,bd47e03543958d45b5171488d5c2bf2083c2f62d80e14a2aaf5917604dabe42b,4442.0
APTUSDT,2026-07-07,kline_daily,https://data.binance.vision/data/futures/um/daily/klines/APTUSDT/15m/APTUSDT-15m-2026-07-07.zip,.cache/binance-altcoin-trend-round34/kline_daily/APTUSDT/APTUSDT-15m-2026-07-07.zip,downloaded_verified,00213c8cb4e5df7bc5363c53a434c9c0e043875355ea439cce39a8b3c98817d6,4501.0
APTUSDT,2026-07-08,kline_daily,https://data.binance.vision/data/futures/um/daily/klines/APTUSDT/15m/APTUSDT-15m-2026-07-08.zip,.cache/binance-altcoin-trend-round34/kline_daily/APTUSDT/APTUSDT-15m-2026-07-08.zip,downloaded_verified,e3edb680b7c5b0c15a2d439c0de9244ab223a3731278e5661073b6dcf63646b4,4511.0
APTUSDT,2026-07-09,kline_daily,https://data.binance.vision/data/futures/um/daily/klines/APTUSDT/15m/APTUSDT-15m-2026-07-09.zip,.cache/binance-altcoin-trend-round34/kline_daily/APTUSDT/APTUSDT-15m-2026-07-09.zip,downloaded_verified,6a9cd0f074831282a242efc26fb7ee5ce6851f550107f9d8e402509ff07957b7,4376.0
APTUSDT,2026-07-10,kline_daily,https://data.binance.vision/data/futures/um/daily/klines/APTUSDT/15m/APTUSDT-15m-2026-07-10.zip,.cache/binance-altcoin-trend-round34/kline_daily/APTUSDT/APTUSDT-15m-2026-07-10.zip,downloaded_verified,881e993e8bff0cf9484b0fe82f3773555d2b867bbb999c4e171a3ce87b2ae24b,4337.0
APTUSDT,2026-07-11,kline_daily,https://data.binance.vision/data/futures/um/daily/klines/APTUSDT/15m/APTUSDT-15m-2026-07-11.zip,.cache/binance-altcoin-trend-round34/kline_daily/APTUSDT/APTUSDT-15m-2026-07-11.zip,downloaded_verified,094db4d8fc98414077791af4807e9687ee1055130d39043d94a6882e72e14651,4336.0
APTUSDT,2026-07-12,kline_daily,https://data.binance.vision/data/futures/um/daily/klines/APTUSDT/15m/APTUSDT-15m-2026-07-12.zip,.cache/binance-altcoin-trend-round34/kline_daily/APTUSDT/APTUSDT-15m-2026-07-12.zip,downloaded_verified,6251a374f1e8961c9a32b0f5af2f62fa439f16435403b3d65b106e5e221faee6,4325.0
APTUSDT,2026-07-13,kline_daily,https://data.binance.vision/data/futures/um/daily/klines/APTUSDT/15m/APTUSDT-15m-2026-07-13.zip,.cache/binance-altcoin-trend-round34/kline_daily/APTUSDT/APTUSDT-15m-2026-07-13.zip,downloaded_verified,84beab6dde9ef0eaadd5454fb0853c48779faa96b5d07831d84b4a26c87001f3,4420.0
APTUSDT,2026-07-14,kline_daily,https://data.binance.vision/data/futures/um/daily/klines/APTUSDT/15m/APTUSDT-15m-2026-07-14.zip,.cache/binance-altcoin-trend-round34/kline_daily/APTUSDT/APTUSDT-15m-2026-07-14.zip,downloaded_verified,13ea376b3d770dfe172e5d523a0e89718d27c4a16c0a9d803c9dc42d9f7742da,4410.0
APTUSDT,2026-07-15,kline_daily,https://data.binance.vision/data/futures/um/daily/klines/APTUSDT/15m/APTUSDT-15m-2026-07-15.zip,.cache/binance-altcoin-trend-round34/kline_daily/APTUSDT/APTUSDT-15m-2026-07-15.zip,downloaded_verified,467b0089e54064c085afebd1322727a22a1bd0e56af5f1a28df6d1bf06abb591,4342.0
APTUSDT,2026-07-16,kline_daily,https://data.binance.vision/data/futures/um/daily/klines/APTUSDT/15m/APTUSDT-15m-2026-07-16.zip,.cache/binance-altcoin-trend-round34/kline_daily/APTUSDT/APTUSDT-15m-2026-07-16.zip,downloaded_verified,8c0b6266a43d24c9820f8b64d14a9ad29ba3f6f188d9d11e75214b5798f8f9e8,4376.0
APTUSDT,2026-07-17,kline_daily,https://data.binance.vision/data/futures/um/daily/klines/APTUSDT/15m/APTUSDT-15m-2026-07-17.zip,.cache/binance-altcoin-trend-round34/kline_daily/APTUSDT/APTUSDT-15m-2026-07-17.zip,downloaded_verified,4ed8399c6824c02ea0c1f222c0ca9213ef2bad9b782b9777fdf2f10ee06f5a1f,4435.0
APTUSDT,2026-07-18,kline_daily,https://data.binance.vision/data/futures/um/daily/klines/APTUSDT/15m/APTUSDT-15m-2026-07-18.zip,.cache/binance-altcoin-trend-round34/kline_daily/APTUSDT/APTUSDT-15m-2026-07-18.zip,downloaded_verified,bb25bf6e2000b6231b6f8b10e394bce6562a651285fe72cea1349d27ec17ea83,4322.0
APTUSDT,2026-07-19,kline_daily,https://data.binance.vision/data/futures/um/daily/klines/APTUSDT/15m/APTUSDT-15m-2026-07-19.zip,.cache/binance-altcoin-trend-round34/kline_daily/APTUSDT/APTUSDT-15m-2026-07-19.zip,downloaded_verified,28f44980bff2ebad5a01b7a87fadefd2e64ee2cc6faf8a3598fca4c9873445ff,4267.0
APTUSDT,2026-07-20,kline_daily,https://data.binance.vision/data/futures/um/daily/klines/APTUSDT/15m/APTUSDT-15m-2026-07-20.zip,.cache/binance-altcoin-trend-round34/kline_daily/APTUSDT/APTUSDT-15m-2026-07-20.zip,downloaded_verified,dd7319962f9cb015b825b2a83f5c5ec7d2ee694da79d3425dc5e5860dfb36cba,4452.0
APTUSDT,2026-07-21,kline_daily,https://data.binance.vision/data/futures/um/daily/klines/APTUSDT/15m/APTUSDT-15m-2026-07-21.zip,.cache/binance-altcoin-trend-round34/kline_daily/APTUSDT/APTUSDT-15m-2026-07-21.zip,downloaded_verified,d10fa3021d634905bf1c8f436f76e6a8fef067deea52d4a1245b609eab448950,4407.0
APTUSDT,2026-07-22,kline_daily,https://data.binance.vision/data/futures/um/daily/klines/APTUSDT/15m/APTUSDT-15m-2026-07-22.zip,.cache/binance-altcoin-trend-round34/kline_daily/APTUSDT/APTUSDT-15m-2026-07-22.zip,downloaded_verified,8506b93b413a7920464006fcfd5d93ca345c266b01d65e06963fdc7af7e1a13a,4403.0
APTUSDT,2026-07-23,kline_daily,https://data.binance.vision/data/futures/um/daily/klines/APTUSDT/15m/APTUSDT-15m-2026-07-23.zip,.cache/binance-altcoin-trend-round34/kline_daily/APTUSDT/APTUSDT-15m-2026-07-23.zip,downloaded_verified,d4faf34c14b4034d643a77c5a61a5633346cf9b5855ebb2d477f7fb2091d8c71,4409.0
APTUSDT,2026-07-24,kline_daily,https://data.binance.vision/data/futures/um/daily/klines/APTUSDT/15m/APTUSDT-15m-2026-07-24.zip,.cache/binance-altcoin-trend-round34/kline_daily/APTUSDT/APTUSDT-15m-2026-07-24.zip,downloaded_verified,eec4ed3feee2b3160098eeec51877fc15fb133f3a13a3f996d058ce18b5e4f52,4396.0
APTUSDT,2026-07-25,kline_daily,https://data.binance.vision/data/futures/um/daily/klines/APTUSDT/15m/APTUSDT-15m-2026-07-25.zip,.cache/binance-altcoin-trend-round34/kline_daily/APTUSDT/APTUSDT-15m-2026-07-25.zip,downloaded_verified,559e267dca811719207ce4be0f7fed7f362e4d0c53bf64638099f04543b72047,4289.0
APTUSDT,2026-07-26,kline_daily,https://data.binance.vision/data/futures/um/daily/klines/APTUSDT/15m/APTUSDT-15m-2026-07-26.zip,.cache/binance-altcoin-trend-round34/kline_daily/APTUSDT/APTUSDT-15m-2026-07-26.zip,downloaded_verified,78b692c73a2263011744614fab4e745b1aac2a3d9faf503741cf416f8939cc1b,4404.0
ENAUSDT,2023-11,kline_monthly,https://data.binance.vision/data/futures/um/monthly/klines/ENAUSDT/15m/ENAUSDT-15m-2023-11.zip,.cache/binance-altcoin-trend-round34/kline_monthly/ENAUSDT/ENAUSDT-15m-2023-11.zip,missing,,
ENAUSDT,2023-11,funding_monthly,https://data.binance.vision/data/futures/um/monthly/fundingRate/ENAUSDT/ENAUSDT-fundingRate-2023-11.zip,.cache/binance-altcoin-trend-round34/funding_monthly/ENAUSDT/ENAUSDT-fundingRate-2023-11.zip,missing,,
ENAUSDT,2023-12,kline_monthly,https://data.binance.vision/data/futures/um/monthly/klines/ENAUSDT/15m/ENAUSDT-15m-2023-12.zip,.cache/binance-altcoin-trend-round34/kline_monthly/ENAUSDT/ENAUSDT-15m-2023-12.zip,missing,,
ENAUSDT,2023-12,funding_monthly,https://data.binance.vision/data/futures/um/monthly/fundingRate/ENAUSDT/ENAUSDT-fundingRate-2023-12.zip,.cache/binance-altcoin-trend-round34/funding_monthly/ENAUSDT/ENAUSDT-fundingRate-2023-12.zip,missing,,
ENAUSDT,2024-01,kline_monthly,https://data.binance.vision/data/futures/um/monthly/klines/ENAUSDT/15m/ENAUSDT-15m-2024-01.zip,.cache/binance-altcoin-trend-round34/kline_monthly/ENAUSDT/ENAUSDT-15m-2024-01.zip,missing,,
ENAUSDT,2024-01,funding_monthly,https://data.binance.vision/data/futures/um/monthly/fundingRate/ENAUSDT/ENAUSDT-fundingRate-2024-01.zip,.cache/binance-altcoin-trend-round34/funding_monthly/ENAUSDT/ENAUSDT-fundingRate-2024-01.zip,missing,,
ENAUSDT,2024-02,kline_monthly,https://data.binance.vision/data/futures/um/monthly/klines/ENAUSDT/15m/ENAUSDT-15m-2024-02.zip,.cache/binance-altcoin-trend-round34/kline_monthly/ENAUSDT/ENAUSDT-15m-2024-02.zip,missing,,
ENAUSDT,2024-02,funding_monthly,https://data.binance.vision/data/futures/um/monthly/fundingRate/ENAUSDT/ENAUSDT-fundingRate-2024-02.zip,.cache/binance-altcoin-trend-round34/funding_monthly/ENAUSDT/ENAUSDT-fundingRate-2024-02.zip,missing,,
ENAUSDT,2024-03,kline_monthly,https://data.binance.vision/data/futures/um/monthly/klines/ENAUSDT/15m/ENAUSDT-15m-2024-03.zip,.cache/binance-altcoin-trend-round34/kline_monthly/ENAUSDT/ENAUSDT-15m-2024-03.zip,missing,,
ENAUSDT,2024-03,funding_monthly,https://data.binance.vision/data/futures/um/monthly/fundingRate/ENAUSDT/ENAUSDT-fundingRate-2024-03.zip,.cache/binance-altcoin-trend-round34/funding_monthly/ENAUSDT/ENAUSDT-fundingRate-2024-03.zip,missing,,
ENAUSDT,2024-04,kline_monthly,https://data.binance.vision/data/futures/um/monthly/klines/ENAUSDT/15m/ENAUSDT-15m-2024-04.zip,.cache/binance-altcoin-trend-round34/kline_monthly/ENAUSDT/ENAUSDT-15m-2024-04.zip,downloaded_verified,0829fea196fd6ee4e8946a3fd0873876b6b56a8f5876b9a77fe10b84267556e2,115763.0
ENAUSDT,2024-04,funding_monthly,https://data.binance.vision/data/futures/um/monthly/fundingRate/ENAUSDT/ENAUSDT-fundingRate-2024-04.zip,.cache/binance-altcoin-trend-round34/funding_monthly/ENAUSDT/ENAUSDT-fundingRate-2024-04.zip,downloaded_verified,6947d7f7430a57d988ad4913a7c8ee8ceb8d610b8c96b2671a200573614b5da7,1257.0
ENAUSDT,2024-05,kline_monthly,https://data.binance.vision/data/futures/um/monthly/klines/ENAUSDT/15m/ENAUSDT-15m-2024-05.zip,.cache/binance-altcoin-trend-round34/kline_monthly/ENAUSDT/ENAUSDT-15m-2024-05.zip,downloaded_verified,9d7ba49e9e1f1901c262e98e84a66e50463f202b40f33d84dc32bb1647c9dc60,129229.0
ENAUSDT,2024-05,funding_monthly,https://data.binance.vision/data/futures/um/monthly/fundingRate/ENAUSDT/ENAUSDT-fundingRate-2024-05.zip,.cache/binance-altcoin-trend-round34/funding_monthly/ENAUSDT/ENAUSDT-fundingRate-2024-05.zip,downloaded_verified,22a4a50f4148bebf1b7104bcc7534ccf8a769ecb05990c8c0611e892f6012f7e,1327.0
ENAUSDT,2024-06,kline_monthly,https://data.binance.vision/data/futures/um/monthly/klines/ENAUSDT/15m/ENAUSDT-15m-2024-06.zip,.cache/binance-altcoin-trend-round34/kline_monthly/ENAUSDT/ENAUSDT-15m-2024-06.zip,downloaded_verified,b5c43c5ab7c81ca24bedcf1dab4c9b870f40255f5173a67e5006869246b2817f,124772.0
ENAUSDT,2024-06,funding_monthly,https://data.binance.vision/data/futures/um/monthly/fundingRate/ENAUSDT/ENAUSDT-fundingRate-2024-06.zip,.cache/binance-altcoin-trend-round34/funding_monthly/ENAUSDT/ENAUSDT-fundingRate-2024-06.zip,downloaded_verified,44cf7ac06cbddd870dc9c1efd7138afb987437e470d3372896709f954797fb22,1429.0
ENAUSDT,2024-07,kline_monthly,https://data.binance.vision/data/futures/um/monthly/klines/ENAUSDT/15m/ENAUSDT-15m-2024-07.zip,.cache/binance-altcoin-trend-round34/kline_monthly/ENAUSDT/ENAUSDT-15m-2024-07.zip,downloaded_verified,c2eb5f17bff6059ca82257190e0d458217a467c88dbc8490e79ae4704d9aa966,128459.0
ENAUSDT,2024-07,funding_monthly,https://data.binance.vision/data/futures/um/monthly/fundingRate/ENAUSDT/ENAUSDT-fundingRate-2024-07.zip,.cache/binance-altcoin-trend-round34/funding_monthly/ENAUSDT/ENAUSDT-fundingRate-2024-07.zip,downloaded_verified,a8054bbc966960bfc1373a41510839898dccdb13e60ec1b55ba5c1db1de93a44,1575.0
ENAUSDT,2024-08,kline_monthly,https://data.binance.vision/data/futures/um/monthly/klines/ENAUSDT/15m/ENAUSDT-15m-2024-08.zip,.cache/binance-altcoin-trend-round34/kline_monthly/ENAUSDT/ENAUSDT-15m-2024-08.zip,downloaded_verified,85fc1735613fcff02b2ec25f0417e81e68efac0945506b7d2616820b2a9f2bbf,126508.0
ENAUSDT,2024-08,funding_monthly,https://data.binance.vision/data/futures/um/monthly/fundingRate/ENAUSDT/ENAUSDT-fundingRate-2024-08.zip,.cache/binance-altcoin-trend-round34/funding_monthly/ENAUSDT/ENAUSDT-fundingRate-2024-08.zip,downloaded_verified,79ff8c89fea7312c5c94c122e6ffdfbd9cebc7e2e8e3c6cb6ae417fc2ec2fe61,1520.0
ENAUSDT,2024-09,kline_monthly,https://data.binance.vision/data/futures/um/monthly/klines/ENAUSDT/15m/ENAUSDT-15m-2024-09.zip,.cache/binance-altcoin-trend-round34/kline_monthly/ENAUSDT/ENAUSDT-15m-2024-09.zip,downloaded_verified,6fe63eb1cf8bd0a7296768eee91666dd9776b8f6afd45e29474fbe91faf2035b,122448.0
ENAUSDT,2024-09,funding_monthly,https://data.binance.vision/data/futures/um/monthly/fundingRate/ENAUSDT/ENAUSDT-fundingRate-2024-09.zip,.cache/binance-altcoin-trend-round34/funding_monthly/ENAUSDT/ENAUSDT-fundingRate-2024-09.zip,downloaded_verified,07dfd4ab821e3d77a15cb6c9cf2984fe49645ff6e6c607a2d180d0b89ece073b,1226.0
ENAUSDT,2024-10,kline_monthly,https://data.binance.vision/data/futures/um/monthly/klines/ENAUSDT/15m/ENAUSDT-15m-2024-10.zip,.cache/binance-altcoin-trend-round34/kline_monthly/ENAUSDT/ENAUSDT-15m-2024-10.zip,downloaded_verified,37ba9c108fab55b06ecfb6dab0c660ea6f33754e3690de7680cff2967598cef0,129545.0
ENAUSDT,2024-10,funding_monthly,https://data.binance.vision/data/futures/um/monthly/fundingRate/ENAUSDT/ENAUSDT-fundingRate-2024-10.zip,.cache/binance-altcoin-trend-round34/funding_monthly/ENAUSDT/ENAUSDT-fundingRate-2024-10.zip,downloaded_verified,ec77d808b08a9f3a16f5231d5e8d637d316c9ca8c497910f7631e97d92f09c43,1422.0
ENAUSDT,2024-11,kline_monthly,https://data.binance.vision/data/futures/um/monthly/klines/ENAUSDT/15m/ENAUSDT-15m-2024-11.zip,.cache/binance-altcoin-trend-round34/kline_monthly/ENAUSDT/ENAUSDT-15m-2024-11.zip,downloaded_verified,00353e3b163416adeac6a92d812991df103d6ec8656cf328280b6efa610f3d03,128135.0
ENAUSDT,2024-11,funding_monthly,https://data.binance.vision/data/futures/um/monthly/fundingRate/ENAUSDT/ENAUSDT-fundingRate-2024-11.zip,.cache/binance-altcoin-trend-round34/funding_monthly/ENAUSDT/ENAUSDT-fundingRate-2024-11.zip,downloaded_verified,0d5cd5606ceda102f335ebf28878f6d346e3742d3358229362e2e708022f9006,1346.0
ENAUSDT,2024-12,kline_monthly,https://data.binance.vision/data/futures/um/monthly/klines/ENAUSDT/15m/ENAUSDT-15m-2024-12.zip,.cache/binance-altcoin-trend-round34/kline_monthly/ENAUSDT/ENAUSDT-15m-2024-12.zip,downloaded_verified,ae694aa4b4b10654c8dd4c392afec329d17bcbbf74f4b6fc5c01e64db7908c5f,134451.0
ENAUSDT,2024-12,funding_monthly,https://data.binance.vision/data/futures/um/monthly/fundingRate/ENAUSDT/ENAUSDT-fundingRate-2024-12.zip,.cache/binance-altcoin-trend-round34/funding_monthly/ENAUSDT/ENAUSDT-fundingRate-2024-12.zip,downloaded_verified,031994dc77c3c99cbbcbbd6874a1005189e429176ee7f412ce35b189322dad9f,1423.0
ENAUSDT,2025-01,kline_monthly,https://data.binance.vision/data/futures/um/monthly/klines/ENAUSDT/15m/ENAUSDT-15m-2025-01.zip,.cache/binance-altcoin-trend-round34/kline_monthly/ENAUSDT/ENAUSDT-15m-2025-01.zip,downloaded_verified,bdf17ac941c170d1d8a0cb34e301c8b1a8bd722e60433814d807c7b824deaf45,134487.0
ENAUSDT,2025-01,funding_monthly,https://data.binance.vision/data/futures/um/monthly/fundingRate/ENAUSDT/ENAUSDT-fundingRate-2025-01.zip,.cache/binance-altcoin-trend-round34/funding_monthly/ENAUSDT/ENAUSDT-fundingRate-2025-01.zip,downloaded_verified,b73bc6dd03fed6ce5dbef4a057f329a97939184c120e85acf740b2cc3365a0cc,1425.0
ENAUSDT,2025-02,kline_monthly,https://data.binance.vision/data/futures/um/monthly/klines/ENAUSDT/15m/ENAUSDT-15m-2025-02.zip,.cache/binance-altcoin-trend-round34/kline_monthly/ENAUSDT/ENAUSDT-15m-2025-02.zip,downloaded_verified,ee56dde592a653889d7525a3dea6a8c4cd3ef749a5f1cd8200585b5159452193,120137.0
ENAUSDT,2025-02,funding_monthly,https://data.binance.vision/data/futures/um/monthly/fundingRate/ENAUSDT/ENAUSDT-fundingRate-2025-02.zip,.cache/binance-altcoin-trend-round34/funding_monthly/ENAUSDT/ENAUSDT-fundingRate-2025-02.zip,downloaded_verified,cf47ccc6e8d1e441d1f4b2ce038098c77cb8b1928a60004549aaf73cb28dd058,1497.0
ENAUSDT,2025-03,kline_monthly,https://data.binance.vision/data/futures/um/monthly/klines/ENAUSDT/15m/ENAUSDT-15m-2025-03.zip,.cache/binance-altcoin-trend-round34/kline_monthly/ENAUSDT/ENAUSDT-15m-2025-03.zip,downloaded_verified,743a41f29fe9cc586bc019565a2af8ad6de3ac61b004333daef91fefc6dc5eec,130476.0
ENAUSDT,2025-03,funding_monthly,https://data.binance.vision/data/futures/um/monthly/fundingRate/ENAUSDT/ENAUSDT-fundingRate-2025-03.zip,.cache/binance-altcoin-trend-round34/funding_monthly/ENAUSDT/ENAUSDT-fundingRate-2025-03.zip,downloaded_verified,ac6a46d6b223f715254ff1a8051a8fd78fe63d44df538e23808e8883aee787d6,1282.0
ENAUSDT,2025-04,kline_monthly,https://data.binance.vision/data/futures/um/monthly/klines/ENAUSDT/15m/ENAUSDT-15m-2025-04.zip,.cache/binance-altcoin-trend-round34/kline_monthly/ENAUSDT/ENAUSDT-15m-2025-04.zip,downloaded_verified,ad742a6f395013431b2964c5f7a866233d391b9e9397b1f613e4cdac066bb222,124856.0
ENAUSDT,2025-04,funding_monthly,https://data.binance.vision/data/futures/um/monthly/fundingRate/ENAUSDT/ENAUSDT-fundingRate-2025-04.zip,.cache/binance-altcoin-trend-round34/funding_monthly/ENAUSDT/ENAUSDT-fundingRate-2025-04.zip,downloaded_verified,2edab50fd0c78efeaf3b4d825e5b5e3dbbe6b71cb910d4456b00326b443b2dcd,1328.0
ENAUSDT,2025-05,kline_monthly,https://data.binance.vision/data/futures/um/monthly/klines/ENAUSDT/15m/ENAUSDT-15m-2025-05.zip,.cache/binance-altcoin-trend-round34/kline_monthly/ENAUSDT/ENAUSDT-15m-2025-05.zip,downloaded_verified,3f1989e77bbbb846eb110eb2b1b0a5468b03ebad3624febc6a66dfd880c836a6,131354.0
ENAUSDT,2025-05,funding_monthly,https://data.binance.vision/data/futures/um/monthly/fundingRate/ENAUSDT/ENAUSDT-fundingRate-2025-05.zip,.cache/binance-altcoin-trend-round34/funding_monthly/ENAUSDT/ENAUSDT-fundingRate-2025-05.zip,downloaded_verified,f8eec3cc2dda556dcf440872d18ce332174c50e9338406b884a0baf9f0216e38,1365.0
ENAUSDT,2025-06,kline_monthly,https://data.binance.vision/data/futures/um/monthly/klines/ENAUSDT/15m/ENAUSDT-15m-2025-06.zip,.cache/binance-altcoin-trend-round34/kline_monthly/ENAUSDT/ENAUSDT-15m-2025-06.zip,downloaded_verified,19d9055ade013b237659edd03ad908f9b757f1e4719b06a6bfdbb305df1a06f6,124974.0
ENAUSDT,2025-06,funding_monthly,https://data.binance.vision/data/futures/um/monthly/fundingRate/ENAUSDT/ENAUSDT-fundingRate-2025-06.zip,.cache/binance-altcoin-trend-round34/funding_monthly/ENAUSDT/ENAUSDT-fundingRate-2025-06.zip,downloaded_verified,2a7236f992abbbbf178a4bc40be27a234fc839fcb0f6b28e4dbb7fcb7a7cb36e,1330.0
ENAUSDT,2025-07,kline_monthly,https://data.binance.vision/data/futures/um/monthly/klines/ENAUSDT/15m/ENAUSDT-15m-2025-07.zip,.cache/binance-altcoin-trend-round34/kline_monthly/ENAUSDT/ENAUSDT-15m-2025-07.zip,downloaded_verified,763c861bce8dda16d58dab1a4d35fe5314d9051f684261df1f2c88eb8dacf729,132294.0
ENAUSDT,2025-07,funding_monthly,https://data.binance.vision/data/futures/um/monthly/fundingRate/ENAUSDT/ENAUSDT-fundingRate-2025-07.zip,.cache/binance-altcoin-trend-round34/funding_monthly/ENAUSDT/ENAUSDT-fundingRate-2025-07.zip,downloaded_verified,279529ec141d29d12e16c0242c47950a3c13eebc1cbfbd346f0e0d59252f3c2d,1307.0
ENAUSDT,2025-08,kline_monthly,https://data.binance.vision/data/futures/um/monthly/klines/ENAUSDT/15m/ENAUSDT-15m-2025-08.zip,.cache/binance-altcoin-trend-round34/kline_monthly/ENAUSDT/ENAUSDT-15m-2025-08.zip,downloaded_verified,e4c8691f4078019ef149d4b4d296777bf2d03abd5eba21f1b4db710a8bbc0b2d,134827.0
ENAUSDT,2025-08,funding_monthly,https://data.binance.vision/data/futures/um/monthly/fundingRate/ENAUSDT/ENAUSDT-fundingRate-2025-08.zip,.cache/binance-altcoin-trend-round34/funding_monthly/ENAUSDT/ENAUSDT-fundingRate-2025-08.zip,downloaded_verified,52dc8c54a6b7ca617c815c1f78ddb4fb0dfa8b623be65e894e002dbeeee3405b,1348.0
ENAUSDT,2025-09,kline_monthly,https://data.binance.vision/data/futures/um/monthly/klines/ENAUSDT/15m/ENAUSDT-15m-2025-09.zip,.cache/binance-altcoin-trend-round34/kline_monthly/ENAUSDT/ENAUSDT-15m-2025-09.zip,downloaded_verified,03999bb06b1eb435de1c2128c3011b1455eda41772e4eeb8b3047aad7460a731,128340.0
ENAUSDT,2025-09,funding_monthly,https://data.binance.vision/data/futures/um/monthly/fundingRate/ENAUSDT/ENAUSDT-fundingRate-2025-09.zip,.cache/binance-altcoin-trend-round34/funding_monthly/ENAUSDT/ENAUSDT-fundingRate-2025-09.zip,downloaded_verified,9be0de50d5d6d9994a4dbcf5ab46403fd1ec0cbe37bc329c728c027ea96ed41b,1541.0
ENAUSDT,2025-10,kline_monthly,https://data.binance.vision/data/futures/um/monthly/klines/ENAUSDT/15m/ENAUSDT-15m-2025-10.zip,.cache/binance-altcoin-trend-round34/kline_monthly/ENAUSDT/ENAUSDT-15m-2025-10.zip,downloaded_verified,a89157b0a023f99f2f931a994cb0b308cc52a0c50620bb5b9ba6f82217c301b4,132209.0
ENAUSDT,2025-10,funding_monthly,https://data.binance.vision/data/futures/um/monthly/fundingRate/ENAUSDT/ENAUSDT-fundingRate-2025-10.zip,.cache/binance-altcoin-trend-round34/funding_monthly/ENAUSDT/ENAUSDT-fundingRate-2025-10.zip,downloaded_verified,aad5130ae1bf5e56cff595e8c64d55513fdf6318d9bb98b2084683be5c079618,1618.0
ENAUSDT,2025-11,kline_monthly,https://data.binance.vision/data/futures/um/monthly/klines/ENAUSDT/15m/ENAUSDT-15m-2025-11.zip,.cache/binance-altcoin-trend-round34/kline_monthly/ENAUSDT/ENAUSDT-15m-2025-11.zip,downloaded_verified,e7218bfe720badf43ebaba1ea9e1e4ad1a7e80a3e8597ce2780062cb8d7a85a5,124689.0
ENAUSDT,2025-11,funding_monthly,https://data.binance.vision/data/futures/um/monthly/fundingRate/ENAUSDT/ENAUSDT-fundingRate-2025-11.zip,.cache/binance-altcoin-trend-round34/funding_monthly/ENAUSDT/ENAUSDT-fundingRate-2025-11.zip,downloaded_verified,186cff3c468b91102adbf21722555af8333fdba6084e1e48d2745ffc32df10bf,1639.0
ENAUSDT,2025-12,kline_monthly,https://data.binance.vision/data/futures/um/monthly/klines/ENAUSDT/15m/ENAUSDT-15m-2025-12.zip,.cache/binance-altcoin-trend-round34/kline_monthly/ENAUSDT/ENAUSDT-15m-2025-12.zip,downloaded_verified,9d1c67ecedbbe258cd1ca5001589e2cb7fd6dfa4c09fb702dd47192f6f17c993,125062.0
ENAUSDT,2025-12,funding_monthly,https://data.binance.vision/data/futures/um/monthly/fundingRate/ENAUSDT/ENAUSDT-fundingRate-2025-12.zip,.cache/binance-altcoin-trend-round34/funding_monthly/ENAUSDT/ENAUSDT-fundingRate-2025-12.zip,downloaded_verified,fe514d5142c121c7abf163d77debcbf73e9fc0e7b83f0a715e80989626344ddf,1601.0
ENAUSDT,2026-01,kline_monthly,https://data.binance.vision/data/futures/um/monthly/klines/ENAUSDT/15m/ENAUSDT-15m-2026-01.zip,.cache/binance-altcoin-trend-round34/kline_monthly/ENAUSDT/ENAUSDT-15m-2026-01.zip,downloaded_verified,553d99ee73ffb2ad4f64e013dc495e36f7ed77fdb9c29916bc88ecc69c884ad1,124828.0
ENAUSDT,2026-01,funding_monthly,https://data.binance.vision/data/futures/um/monthly/fundingRate/ENAUSDT/ENAUSDT-fundingRate-2026-01.zip,.cache/binance-altcoin-trend-round34/funding_monthly/ENAUSDT/ENAUSDT-fundingRate-2026-01.zip,downloaded_verified,c467673a8afae3abebb2ba9d81df6d627c70582b1cab943f160ec046eb268250,1466.0
ENAUSDT,2026-02,kline_monthly,https://data.binance.vision/data/futures/um/monthly/klines/ENAUSDT/15m/ENAUSDT-15m-2026-02.zip,.cache/binance-altcoin-trend-round34/kline_monthly/ENAUSDT/ENAUSDT-15m-2026-02.zip,downloaded_verified,465aad84bf11f0686aebfdaeb45848b529edfeac30ac0cb67aaf2d465a6c92c9,110696.0
ENAUSDT,2026-02,funding_monthly,https://data.binance.vision/data/futures/um/monthly/fundingRate/ENAUSDT/ENAUSDT-fundingRate-2026-02.zip,.cache/binance-altcoin-trend-round34/funding_monthly/ENAUSDT/ENAUSDT-fundingRate-2026-02.zip,downloaded_verified,0d22aeaf3726d5861a0f9056a13a58057bd49421c99a48d3ff5592b6172c30db,1480.0
ENAUSDT,2026-03,kline_monthly,https://data.binance.vision/data/futures/um/monthly/klines/ENAUSDT/15m/ENAUSDT-15m-2026-03.zip,.cache/binance-altcoin-trend-round34/kline_monthly/ENAUSDT/ENAUSDT-15m-2026-03.zip,downloaded_verified,95f420318a6864f0d1e268880c6d4075b9147c468b15e563ff0ddad7d09ac8a7,120828.0
ENAUSDT,2026-03,funding_monthly,https://data.binance.vision/data/futures/um/monthly/fundingRate/ENAUSDT/ENAUSDT-fundingRate-2026-03.zip,.cache/binance-altcoin-trend-round34/funding_monthly/ENAUSDT/ENAUSDT-fundingRate-2026-03.zip,downloaded_verified,b7667913424a87681c543a4e1fd16d5cdcb5564206fc830c75378bab7769f232,1519.0
ENAUSDT,2026-04,kline_monthly,https://data.binance.vision/data/futures/um/monthly/klines/ENAUSDT/15m/ENAUSDT-15m-2026-04.zip,.cache/binance-altcoin-trend-round34/kline_monthly/ENAUSDT/ENAUSDT-15m-2026-04.zip,downloaded_verified,8888f5fcf7a5433da181741b977eea98ec5abfbce288cee36d8e08c99652a260,124497.0
ENAUSDT,2026-04,funding_monthly,https://data.binance.vision/data/futures/um/monthly/fundingRate/ENAUSDT/ENAUSDT-fundingRate-2026-04.zip,.cache/binance-altcoin-trend-round34/funding_monthly/ENAUSDT/ENAUSDT-fundingRate-2026-04.zip,downloaded_verified,d4129bb3f8321b9bb376e87844ff6304e3d4545266bdc1b1afdb6cf2e00638c6,1508.0
ENAUSDT,2026-05,kline_monthly,https://data.binance.vision/data/futures/um/monthly/klines/ENAUSDT/15m/ENAUSDT-15m-2026-05.zip,.cache/binance-altcoin-trend-round34/kline_monthly/ENAUSDT/ENAUSDT-15m-2026-05.zip,downloaded_verified,b8b94d46048a9b9334cd603b2be970bd300b6dae863fc83aadbb1ce5e9e084e8,133269.0
ENAUSDT,2026-05,funding_monthly,https://data.binance.vision/data/futures/um/monthly/fundingRate/ENAUSDT/ENAUSDT-fundingRate-2026-05.zip,.cache/binance-altcoin-trend-round34/funding_monthly/ENAUSDT/ENAUSDT-fundingRate-2026-05.zip,downloaded_verified,abe59034b39c201327dc4a68e5dabc7c2fbdf9d97320e8dbbaa63284e11e7bf7,1512.0
ENAUSDT,2026-06,kline_monthly,https://data.binance.vision/data/futures/um/monthly/klines/ENAUSDT/15m/ENAUSDT-15m-2026-06.zip,.cache/binance-altcoin-trend-round34/kline_monthly/ENAUSDT/ENAUSDT-15m-2026-06.zip,downloaded_verified,c2e2fc0ab15d1fbed19b49579ef3d80d9d7fa2d2889f1173375ed335ee9ba429,131477.0
ENAUSDT,2026-06,funding_monthly,https://data.binance.vision/data/futures/um/monthly/fundingRate/ENAUSDT/ENAUSDT-fundingRate-2026-06.zip,.cache/binance-altcoin-trend-round34/funding_monthly/ENAUSDT/ENAUSDT-fundingRate-2026-06.zip,downloaded_verified,a20d557e58b13555d24bb48b40f7059ea70e63288fa78a2f3e405a8b1c981761,1500.0
ENAUSDT,2026-07-01,kline_daily,https://data.binance.vision/data/futures/um/daily/klines/ENAUSDT/15m/ENAUSDT-15m-2026-07-01.zip,.cache/binance-altcoin-trend-round34/kline_daily/ENAUSDT/ENAUSDT-15m-2026-07-01.zip,downloaded_verified,cb945c263d06816d57696b64ab1821524a9098472a7595bf264bd1efd357ec19,4673.0
ENAUSDT,2026-07-02,kline_daily,https://data.binance.vision/data/futures/um/daily/klines/ENAUSDT/15m/ENAUSDT-15m-2026-07-02.zip,.cache/binance-altcoin-trend-round34/kline_daily/ENAUSDT/ENAUSDT-15m-2026-07-02.zip,downloaded_verified,c98c12a21d8ad87f31740f1f3f3db5ff48970db8620495476083d162eaabc3ab,4740.0
ENAUSDT,2026-07-03,kline_daily,https://data.binance.vision/data/futures/um/daily/klines/ENAUSDT/15m/ENAUSDT-15m-2026-07-03.zip,.cache/binance-altcoin-trend-round34/kline_daily/ENAUSDT/ENAUSDT-15m-2026-07-03.zip,downloaded_verified,b5a091e7d611687446b8cf7672181bb25636b01f520793d0f802bbff6ac096b7,4628.0
ENAUSDT,2026-07-04,kline_daily,https://data.binance.vision/data/futures/um/daily/klines/ENAUSDT/15m/ENAUSDT-15m-2026-07-04.zip,.cache/binance-altcoin-trend-round34/kline_daily/ENAUSDT/ENAUSDT-15m-2026-07-04.zip,downloaded_verified,2fec42631627be2167008054d98a886df2ccad8207c1305098c785b20c5f5c75,4623.0
ENAUSDT,2026-07-05,kline_daily,https://data.binance.vision/data/futures/um/daily/klines/ENAUSDT/15m/ENAUSDT-15m-2026-07-05.zip,.cache/binance-altcoin-trend-round34/kline_daily/ENAUSDT/ENAUSDT-15m-2026-07-05.zip,downloaded_verified,0962c38acd0d12d1cd4c25a4245e10d7d0e946e1fe1882a2edf5980eebbfefd5,4618.0
ENAUSDT,2026-07-06,kline_daily,https://data.binance.vision/data/futures/um/daily/klines/ENAUSDT/15m/ENAUSDT-15m-2026-07-06.zip,.cache/binance-altcoin-trend-round34/kline_daily/ENAUSDT/ENAUSDT-15m-2026-07-06.zip,downloaded_verified,4a580b067168a29c168f9da0e4babb2b926bcffe3b4917ad12711706477e90aa,4676.0
ENAUSDT,2026-07-07,kline_daily,https://data.binance.vision/data/futures/um/daily/klines/ENAUSDT/15m/ENAUSDT-15m-2026-07-07.zip,.cache/binance-altcoin-trend-round34/kline_daily/ENAUSDT/ENAUSDT-15m-2026-07-07.zip,downloaded_verified,3b02351a2df8bc76c115a6a5ebfdc6e5b507552fe929ea506d8ba796cc72b1b5,4657.0
ENAUSDT,2026-07-08,kline_daily,https://data.binance.vision/data/futures/um/daily/klines/ENAUSDT/15m/ENAUSDT-15m-2026-07-08.zip,.cache/binance-altcoin-trend-round34/kline_daily/ENAUSDT/ENAUSDT-15m-2026-07-08.zip,downloaded_verified,4a1694e574523314852ed0a429ef042521886b2781c477fa9ac6dc0eef395390,4626.0
ENAUSDT,2026-07-09,kline_daily,https://data.binance.vision/data/futures/um/daily/klines/ENAUSDT/15m/ENAUSDT-15m-2026-07-09.zip,.cache/binance-altcoin-trend-round34/kline_daily/ENAUSDT/ENAUSDT-15m-2026-07-09.zip,downloaded_verified,2c29adf11f14efc2ab478be24d1c6293dea187b60c5b610212ae82592f85f82c,4609.0
ENAUSDT,2026-07-10,kline_daily,https://data.binance.vision/data/futures/um/daily/klines/ENAUSDT/15m/ENAUSDT-15m-2026-07-10.zip,.cache/binance-altcoin-trend-round34/kline_daily/ENAUSDT/ENAUSDT-15m-2026-07-10.zip,downloaded_verified,5a998cd1f1c231768551aea52ef471a62662db908d903a82af88e76f1494a82a,4656.0
ENAUSDT,2026-07-11,kline_daily,https://data.binance.vision/data/futures/um/daily/klines/ENAUSDT/15m/ENAUSDT-15m-2026-07-11.zip,.cache/binance-altcoin-trend-round34/kline_daily/ENAUSDT/ENAUSDT-15m-2026-07-11.zip,downloaded_verified,5a88c0d0ac90e4047d10e771f1f3a793ececec7e85acf5c8d31a309e2a7dd788,4611.0
ENAUSDT,2026-07-12,kline_daily,https://data.binance.vision/data/futures/um/daily/klines/ENAUSDT/15m/ENAUSDT-15m-2026-07-12.zip,.cache/binance-altcoin-trend-round34/kline_daily/ENAUSDT/ENAUSDT-15m-2026-07-12.zip,downloaded_verified,42ff93c0c5422aefec7b33732e2ad0f47f8becb31a5dc25dcddde07e794ee0d9,4587.0
ENAUSDT,2026-07-13,kline_daily,https://data.binance.vision/data/futures/um/daily/klines/ENAUSDT/15m/ENAUSDT-15m-2026-07-13.zip,.cache/binance-altcoin-trend-round34/kline_daily/ENAUSDT/ENAUSDT-15m-2026-07-13.zip,downloaded_verified,ac302fa09ac582da2c2d3452ccdcd3d9307d7750253433befda6a523afafb2ef,4603.0
ENAUSDT,2026-07-14,kline_daily,https://data.binance.vision/data/futures/um/daily/klines/ENAUSDT/15m/ENAUSDT-15m-2026-07-14.zip,.cache/binance-altcoin-trend-round34/kline_daily/ENAUSDT/ENAUSDT-15m-2026-07-14.zip,downloaded_verified,99361ece733793ac75a42799e03e7867c3db54acadb5c01c24812681ac699cfd,4647.0
ENAUSDT,2026-07-15,kline_daily,https://data.binance.vision/data/futures/um/daily/klines/ENAUSDT/15m/ENAUSDT-15m-2026-07-15.zip,.cache/binance-altcoin-trend-round34/kline_daily/ENAUSDT/ENAUSDT-15m-2026-07-15.zip,downloaded_verified,4d9f4eed339cd786e93ad6c0a88cfcc57c0b33305eca934533d95254be339099,4603.0
ENAUSDT,2026-07-16,kline_daily,https://data.binance.vision/data/futures/um/daily/klines/ENAUSDT/15m/ENAUSDT-15m-2026-07-16.zip,.cache/binance-altcoin-trend-round34/kline_daily/ENAUSDT/ENAUSDT-15m-2026-07-16.zip,downloaded_verified,ce9530aa3a0953ab9aded9f0c14864cf54b7a8ffcb8282a4f81880bbeeabd2e3,4645.0
ENAUSDT,2026-07-17,kline_daily,https://data.binance.vision/data/futures/um/daily/klines/ENAUSDT/15m/ENAUSDT-15m-2026-07-17.zip,.cache/binance-altcoin-trend-round34/kline_daily/ENAUSDT/ENAUSDT-15m-2026-07-17.zip,downloaded_verified,f72c157ef18d1caaba0df7ad2d2c4bb5313905e71ba5847ba0e6344103ee869b,4620.0
ENAUSDT,2026-07-18,kline_daily,https://data.binance.vision/data/futures/um/daily/klines/ENAUSDT/15m/ENAUSDT-15m-2026-07-18.zip,.cache/binance-altcoin-trend-round34/kline_daily/ENAUSDT/ENAUSDT-15m-2026-07-18.zip,downloaded_verified,7742918553e7d22dbdc61f62aea4c541ff1420a3c913088e8a00de96e08e8841,4528.0
ENAUSDT,2026-07-19,kline_daily,https://data.binance.vision/data/futures/um/daily/klines/ENAUSDT/15m/ENAUSDT-15m-2026-07-19.zip,.cache/binance-altcoin-trend-round34/kline_daily/ENAUSDT/ENAUSDT-15m-2026-07-19.zip,downloaded_verified,d53ba0cada385e3d093528717953ce0cbfbb16b77546e106f645cf2400713ca2,4460.0
ENAUSDT,2026-07-20,kline_daily,https://data.binance.vision/data/futures/um/daily/klines/ENAUSDT/15m/ENAUSDT-15m-2026-07-20.zip,.cache/binance-altcoin-trend-round34/kline_daily/ENAUSDT/ENAUSDT-15m-2026-07-20.zip,downloaded_verified,fdd1e5e098d19573b14b42767477785604df316c3b2f415fbccefa20f6072d21,4658.0
ENAUSDT,2026-07-21,kline_daily,https://data.binance.vision/data/futures/um/daily/klines/ENAUSDT/15m/ENAUSDT-15m-2026-07-21.zip,.cache/binance-altcoin-trend-round34/kline_daily/ENAUSDT/ENAUSDT-15m-2026-07-21.zip,downloaded_verified,1019b58087aabed715928d9d42c7d1dabb3d560518ee45d69660f8a164c9cd4c,4651.0
ENAUSDT,2026-07-22,kline_daily,https://data.binance.vision/data/futures/um/daily/klines/ENAUSDT/15m/ENAUSDT-15m-2026-07-22.zip,.cache/binance-altcoin-trend-round34/kline_daily/ENAUSDT/ENAUSDT-15m-2026-07-22.zip,downloaded_verified,35efd3c183f9a1d128aeee50e65743ed337d3754a1b88b5c095ae18b96da96ec,4723.0
ENAUSDT,2026-07-23,kline_daily,https://data.binance.vision/data/futures/um/daily/klines/ENAUSDT/15m/ENAUSDT-15m-2026-07-23.zip,.cache/binance-altcoin-trend-round34/kline_daily/ENAUSDT/ENAUSDT-15m-2026-07-23.zip,downloaded_verified,dc64d01f1b7e43d26ad3b5188e1736f631099a03d3eb3936451ec649583f8ad8,4652.0
ENAUSDT,2026-07-24,kline_daily,https://data.binance.vision/data/futures/um/daily/klines/ENAUSDT/15m/ENAUSDT-15m-2026-07-24.zip,.cache/binance-altcoin-trend-round34/kline_daily/ENAUSDT/ENAUSDT-15m-2026-07-24.zip,downloaded_verified,9e1f3887732a2eb92da4ab293f4d3836bbaf8c33c7c14d6f201462dcf8b903d2,4609.0
ENAUSDT,2026-07-25,kline_daily,https://data.binance.vision/data/futures/um/daily/klines/ENAUSDT/15m/ENAUSDT-15m-2026-07-25.zip,.cache/binance-altcoin-trend-round34/kline_daily/ENAUSDT/ENAUSDT-15m-2026-07-25.zip,downloaded_verified,9a6973afc3bd4522dd2da9843e59af93af4a03cd3cf393bd1472c6e0b0e53896,4453.0
ENAUSDT,2026-07-26,kline_daily,https://data.binance.vision/data/futures/um/daily/klines/ENAUSDT/15m/ENAUSDT-15m-2026-07-26.zip,.cache/binance-altcoin-trend-round34/kline_daily/ENAUSDT/ENAUSDT-15m-2026-07-26.zip,downloaded_verified,ddb10ff1bd93f50d9b339cf2eac5fff41c8a93ba84c9c7f1913f39a4846badf2,4555.0
FETUSDT,2023-11,kline_monthly,https://data.binance.vision/data/futures/um/monthly/klines/FETUSDT/15m/FETUSDT-15m-2023-11.zip,.cache/binance-altcoin-trend-round34/kline_monthly/FETUSDT/FETUSDT-15m-2023-11.zip,downloaded_verified,ca9124e24e30db5ee262773269b4fc1ffdd867f193e0ba3ce4be767e335f25dc,123303.0
FETUSDT,2023-11,funding_monthly,https://data.binance.vision/data/futures/um/monthly/fundingRate/FETUSDT/FETUSDT-fundingRate-2023-11.zip,.cache/binance-altcoin-trend-round34/funding_monthly/FETUSDT/FETUSDT-fundingRate-2023-11.zip,downloaded_verified,3dcbf08552285eda9a6156b7ddaad89ca714ce853ac90d0c38017fb79f6bf7c7,732.0
FETUSDT,2023-12,kline_monthly,https://data.binance.vision/data/futures/um/monthly/klines/FETUSDT/15m/FETUSDT-15m-2023-12.zip,.cache/binance-altcoin-trend-round34/kline_monthly/FETUSDT/FETUSDT-15m-2023-12.zip,downloaded_verified,03c5ff75bee122f54792f49802a6cdfd9b6e6070d733dbd5c9a53e3239be7ec9,127654.0
FETUSDT,2023-12,funding_monthly,https://data.binance.vision/data/futures/um/monthly/fundingRate/FETUSDT/FETUSDT-fundingRate-2023-12.zip,.cache/binance-altcoin-trend-round34/funding_monthly/FETUSDT/FETUSDT-fundingRate-2023-12.zip,downloaded_verified,4b839a4843072af30e6bd39404b4c43ed0136afe7b8db72b4b894e1beb6897cf,921.0
FETUSDT,2024-01,kline_monthly,https://data.binance.vision/data/futures/um/monthly/klines/FETUSDT/15m/FETUSDT-15m-2024-01.zip,.cache/binance-altcoin-trend-round34/kline_monthly/FETUSDT/FETUSDT-15m-2024-01.zip,downloaded_verified,f15544b752a57e254dadfa458bd38231644d6adde08f4fa4f7357623f7bd0d33,124578.0
FETUSDT,2024-01,funding_monthly,https://data.binance.vision/data/futures/um/monthly/fundingRate/FETUSDT/FETUSDT-fundingRate-2024-01.zip,.cache/binance-altcoin-trend-round34/funding_monthly/FETUSDT/FETUSDT-fundingRate-2024-01.zip,downloaded_verified,e7fce0ddc9c8f4c83368ce1e245920eaca2c9df686ff5607138ac041559bae54,672.0
FETUSDT,2024-02,kline_monthly,https://data.binance.vision/data/futures/um/monthly/klines/FETUSDT/15m/FETUSDT-15m-2024-02.zip,.cache/binance-altcoin-trend-round34/kline_monthly/FETUSDT/FETUSDT-15m-2024-02.zip,downloaded_verified,95cebe9da659e9ccf32f621024cf4b32db2206c805703838b53482787228d399,118985.0
FETUSDT,2024-02,funding_monthly,https://data.binance.vision/data/futures/um/monthly/fundingRate/FETUSDT/FETUSDT-fundingRate-2024-02.zip,.cache/binance-altcoin-trend-round34/funding_monthly/FETUSDT/FETUSDT-fundingRate-2024-02.zip,downloaded_verified,799becb812f58a1d040c449750a9b57d632ea8e8eee2a081b0d52ec70d221701,782.0
FETUSDT,2024-03,kline_monthly,https://data.binance.vision/data/futures/um/monthly/klines/FETUSDT/15m/FETUSDT-15m-2024-03.zip,.cache/binance-altcoin-trend-round34/kline_monthly/FETUSDT/FETUSDT-15m-2024-03.zip,downloaded_verified,70b68592a8811ee9913af672b20a741efe6bc3f65e5d6bdcee2b13f302ad5759,134242.0
FETUSDT,2024-03,funding_monthly,https://data.binance.vision/data/futures/um/monthly/fundingRate/FETUSDT/FETUSDT-fundingRate-2024-03.zip,.cache/binance-altcoin-trend-round34/funding_monthly/FETUSDT/FETUSDT-fundingRate-2024-03.zip,downloaded_verified,5e1c7f4411006d6e5b28f09c2771c9ea09c5d91b4730a6b0cabc728870351388,954.0
FETUSDT,2024-04,kline_monthly,https://data.binance.vision/data/futures/um/monthly/klines/FETUSDT/15m/FETUSDT-15m-2024-04.zip,.cache/binance-altcoin-trend-round34/kline_monthly/FETUSDT/FETUSDT-15m-2024-04.zip,downloaded_verified,f6d16c234ba62b40bef384bda82704050b281a8929eeb80502ab4d3c9d1fa686,126564.0
FETUSDT,2024-04,funding_monthly,https://data.binance.vision/data/futures/um/monthly/fundingRate/FETUSDT/FETUSDT-fundingRate-2024-04.zip,.cache/binance-altcoin-trend-round34/funding_monthly/FETUSDT/FETUSDT-fundingRate-2024-04.zip,downloaded_verified,c74fe286ab4bc498a2b9870d68b246340b1a1e8352cebb055262a83c52ca5423,882.0
FETUSDT,2024-05,kline_monthly,https://data.binance.vision/data/futures/um/monthly/klines/FETUSDT/15m/FETUSDT-15m-2024-05.zip,.cache/binance-altcoin-trend-round34/kline_monthly/FETUSDT/FETUSDT-15m-2024-05.zip,downloaded_verified,95f22addd4744eebd7151d80ec98453f7800f794ef5b2d338007fc4f1cdd3295,129179.0
FETUSDT,2024-05,funding_monthly,https://data.binance.vision/data/futures/um/monthly/fundingRate/FETUSDT/FETUSDT-fundingRate-2024-05.zip,.cache/binance-altcoin-trend-round34/funding_monthly/FETUSDT/FETUSDT-fundingRate-2024-05.zip,downloaded_verified,d39c1b12c43c71f20e797eb8485f9bd2532e2670e3033cb783d259e97fedde01,779.0
FETUSDT,2024-06,kline_monthly,https://data.binance.vision/data/futures/um/monthly/klines/FETUSDT/15m/FETUSDT-15m-2024-06.zip,.cache/binance-altcoin-trend-round34/kline_monthly/FETUSDT/FETUSDT-15m-2024-06.zip,downloaded_verified,c0f5942dc33facc89f0b4b20beb67a6c4cc660eedbfc946aa6f9e4c51a4bb3a9,125139.0
FETUSDT,2024-06,funding_monthly,https://data.binance.vision/data/futures/um/monthly/fundingRate/FETUSDT/FETUSDT-fundingRate-2024-06.zip,.cache/binance-altcoin-trend-round34/funding_monthly/FETUSDT/FETUSDT-fundingRate-2024-06.zip,downloaded_verified,b9945fa6e3fb5c790040adc00e7d189defaece8f61dd44253aa00005c76bfa1f,840.0
FETUSDT,2024-07,kline_monthly,https://data.binance.vision/data/futures/um/monthly/klines/FETUSDT/15m/FETUSDT-15m-2024-07.zip,.cache/binance-altcoin-trend-round34/kline_monthly/FETUSDT/FETUSDT-15m-2024-07.zip,downloaded_verified,63c87455cedacb0ab430313d848fd2e714ee0cf5fdd70caa92e79398e3832d93,127205.0
FETUSDT,2024-07,funding_monthly,https://data.binance.vision/data/futures/um/monthly/fundingRate/FETUSDT/FETUSDT-fundingRate-2024-07.zip,.cache/binance-altcoin-trend-round34/funding_monthly/FETUSDT/FETUSDT-fundingRate-2024-07.zip,downloaded_verified,b77d7aa0946e7504b68cd3849def9e4f475d3ce49c2042847f954ce3e66d9347,735.0
FETUSDT,2024-08,kline_monthly,https://data.binance.vision/data/futures/um/monthly/klines/FETUSDT/15m/FETUSDT-15m-2024-08.zip,.cache/binance-altcoin-trend-round34/kline_monthly/FETUSDT/FETUSDT-15m-2024-08.zip,downloaded_verified,7538968cc9759a7f0d78e33c79c1235522554055ad8bac7b931bd3d22417b2ea,128519.0
FETUSDT,2024-08,funding_monthly,https://data.binance.vision/data/futures/um/monthly/fundingRate/FETUSDT/FETUSDT-fundingRate-2024-08.zip,.cache/binance-altcoin-trend-round34/funding_monthly/FETUSDT/FETUSDT-fundingRate-2024-08.zip,downloaded_verified,3eb0a63f55dbd96b2dae0d2ae5b184fe45986da5a49e1cb222bd6874243051bf,838.0
FETUSDT,2024-09,kline_monthly,https://data.binance.vision/data/futures/um/monthly/klines/FETUSDT/15m/FETUSDT-15m-2024-09.zip,.cache/binance-altcoin-trend-round34/kline_monthly/FETUSDT/FETUSDT-15m-2024-09.zip,downloaded_verified,932afcb571f44c1340fa7df950907a8c7feab1629a4fd2607f4ab91809c11fc1,125723.0
FETUSDT,2024-09,funding_monthly,https://data.binance.vision/data/futures/um/monthly/fundingRate/FETUSDT/FETUSDT-fundingRate-2024-09.zip,.cache/binance-altcoin-trend-round34/funding_monthly/FETUSDT/FETUSDT-fundingRate-2024-09.zip,downloaded_verified,4b6a625958c476aa2a68436c7cf843cb10ed3e03d5f1aa0654b1d84a7b2c6536,823.0
FETUSDT,2024-10,kline_monthly,https://data.binance.vision/data/futures/um/monthly/klines/FETUSDT/15m/FETUSDT-15m-2024-10.zip,.cache/binance-altcoin-trend-round34/kline_monthly/FETUSDT/FETUSDT-15m-2024-10.zip,downloaded_verified,4d4a2037cba3fdc1e5fe12a1b3fcfe6eb03c40333faf4652fb464a19bdad257b,128253.0
FETUSDT,2024-10,funding_monthly,https://data.binance.vision/data/futures/um/monthly/fundingRate/FETUSDT/FETUSDT-fundingRate-2024-10.zip,.cache/binance-altcoin-trend-round34/funding_monthly/FETUSDT/FETUSDT-fundingRate-2024-10.zip,downloaded_verified,f48215a9d1c81c01c89ed1760adc8d87464a457ce23a174c2c5b7d1324eacd78,703.0
FETUSDT,2024-11,kline_monthly,https://data.binance.vision/data/futures/um/monthly/klines/FETUSDT/15m/FETUSDT-15m-2024-11.zip,.cache/binance-altcoin-trend-round34/kline_monthly/FETUSDT/FETUSDT-15m-2024-11.zip,downloaded_verified,afc8fa8b8e468ab2b22ad2f38057f02e731028ca4cee86dd1e09c27d1f22065d,126744.0
FETUSDT,2024-11,funding_monthly,https://data.binance.vision/data/futures/um/monthly/fundingRate/FETUSDT/FETUSDT-fundingRate-2024-11.zip,.cache/binance-altcoin-trend-round34/funding_monthly/FETUSDT/FETUSDT-fundingRate-2024-11.zip,downloaded_verified,48b2e827b5b4673fe9f9f0675611473059a52a3525d25ff72b113cd384c21136,803.0
FETUSDT,2024-12,kline_monthly,https://data.binance.vision/data/futures/um/monthly/klines/FETUSDT/15m/FETUSDT-15m-2024-12.zip,.cache/binance-altcoin-trend-round34/kline_monthly/FETUSDT/FETUSDT-15m-2024-12.zip,downloaded_verified,468a1f8461d7a68c1bb75a5647b91351f55c98e9acd4110c71f4e67375bc352c,130666.0
FETUSDT,2024-12,funding_monthly,https://data.binance.vision/data/futures/um/monthly/fundingRate/FETUSDT/FETUSDT-fundingRate-2024-12.zip,.cache/binance-altcoin-trend-round34/funding_monthly/FETUSDT/FETUSDT-fundingRate-2024-12.zip,downloaded_verified,566d885d4e9daadb46e3a77cdf94573b4d20a673ddeb2e0fdee369d0ee34e0bb,811.0
FETUSDT,2025-01,kline_monthly,https://data.binance.vision/data/futures/um/monthly/klines/FETUSDT/15m/FETUSDT-15m-2025-01.zip,.cache/binance-altcoin-trend-round34/kline_monthly/FETUSDT/FETUSDT-15m-2025-01.zip,downloaded_verified,019a921a4a2a2354c1d38c5f21dc8363ded0f7b89ee568495ba1896b16409094,128418.0
FETUSDT,2025-01,funding_monthly,https://data.binance.vision/data/futures/um/monthly/fundingRate/FETUSDT/FETUSDT-fundingRate-2025-01.zip,.cache/binance-altcoin-trend-round34/funding_monthly/FETUSDT/FETUSDT-fundingRate-2025-01.zip,downloaded_verified,b35a3191c1c0df6f826063e75a2f5daa51b371d7e125f7caf3c65b17fb289ae1,719.0
FETUSDT,2025-02,kline_monthly,https://data.binance.vision/data/futures/um/monthly/klines/FETUSDT/15m/FETUSDT-15m-2025-02.zip,.cache/binance-altcoin-trend-round34/kline_monthly/FETUSDT/FETUSDT-15m-2025-02.zip,downloaded_verified,0c273d7a39399e7a505deefb08f3974ffaecadc04b8444b40e065a1262bcd586,114964.0
FETUSDT,2025-02,funding_monthly,https://data.binance.vision/data/futures/um/monthly/fundingRate/FETUSDT/FETUSDT-fundingRate-2025-02.zip,.cache/binance-altcoin-trend-round34/funding_monthly/FETUSDT/FETUSDT-fundingRate-2025-02.zip,downloaded_verified,978794bfebc21b6de4f35ddd2b46eeacdf6bc468b5911a5a8ef55eb78c346cbb,801.0
FETUSDT,2025-03,kline_monthly,https://data.binance.vision/data/futures/um/monthly/klines/FETUSDT/15m/FETUSDT-15m-2025-03.zip,.cache/binance-altcoin-trend-round34/kline_monthly/FETUSDT/FETUSDT-15m-2025-03.zip,downloaded_verified,7baaedb9e6e6bbf84fe91352eedb1c40d76fb24f04d9bd8b2f90b08ac23e396c,124992.0
FETUSDT,2025-03,funding_monthly,https://data.binance.vision/data/futures/um/monthly/fundingRate/FETUSDT/FETUSDT-fundingRate-2025-03.zip,.cache/binance-altcoin-trend-round34/funding_monthly/FETUSDT/FETUSDT-fundingRate-2025-03.zip,downloaded_verified,11c0513b49d75c6dcc50fc5f4089ba6a0c14dc7ae55f94ace576c0d936dc8a69,878.0
FETUSDT,2025-04,kline_monthly,https://data.binance.vision/data/futures/um/monthly/klines/FETUSDT/15m/FETUSDT-15m-2025-04.zip,.cache/binance-altcoin-trend-round34/kline_monthly/FETUSDT/FETUSDT-15m-2025-04.zip,downloaded_verified,93e3eb08d59c161a74c0957486b98fe1fd4a0f1b4d6b4c9f2627109c55403e2f,122248.0
FETUSDT,2025-04,funding_monthly,https://data.binance.vision/data/futures/um/monthly/fundingRate/FETUSDT/FETUSDT-fundingRate-2025-04.zip,.cache/binance-altcoin-trend-round34/funding_monthly/FETUSDT/FETUSDT-fundingRate-2025-04.zip,downloaded_verified,b8922ba69fa1f52ddac16ffec0201305fc22852514308b7350902d90d475daa1,917.0
FETUSDT,2025-05,kline_monthly,https://data.binance.vision/data/futures/um/monthly/klines/FETUSDT/15m/FETUSDT-15m-2025-05.zip,.cache/binance-altcoin-trend-round34/kline_monthly/FETUSDT/FETUSDT-15m-2025-05.zip,downloaded_verified,2e2073d0fc3078602fa7cc0eca67cea7875d2b9021d13f60bef4e7f444649874,128141.0
FETUSDT,2025-05,funding_monthly,https://data.binance.vision/data/futures/um/monthly/fundingRate/FETUSDT/FETUSDT-fundingRate-2025-05.zip,.cache/binance-altcoin-trend-round34/funding_monthly/FETUSDT/FETUSDT-fundingRate-2025-05.zip,downloaded_verified,d8f289429eb04ab4f0974c05ca13d4c298e81e7616cc886c21aad98248494a91,911.0
FETUSDT,2025-06,kline_monthly,https://data.binance.vision/data/futures/um/monthly/klines/FETUSDT/15m/FETUSDT-15m-2025-06.zip,.cache/binance-altcoin-trend-round34/kline_monthly/FETUSDT/FETUSDT-15m-2025-06.zip,downloaded_verified,753608099a7ee0895dc910126fbbfaf87deea853a5900b8daee6578c264db0b3,122515.0
FETUSDT,2025-06,funding_monthly,https://data.binance.vision/data/futures/um/monthly/fundingRate/FETUSDT/FETUSDT-fundingRate-2025-06.zip,.cache/binance-altcoin-trend-round34/funding_monthly/FETUSDT/FETUSDT-fundingRate-2025-06.zip,downloaded_verified,f085b99cbb5abdfdcb81b25267353b0f9b6d69790cc9db8099e9b508686c45e7,939.0
FETUSDT,2025-07,kline_monthly,https://data.binance.vision/data/futures/um/monthly/klines/FETUSDT/15m/FETUSDT-15m-2025-07.zip,.cache/binance-altcoin-trend-round34/kline_monthly/FETUSDT/FETUSDT-15m-2025-07.zip,downloaded_verified,c0d52e5d0833604917d6b692fe1d92ca8c5afa61ca98fdd739f31fca7d8544a9,126680.0
FETUSDT,2025-07,funding_monthly,https://data.binance.vision/data/futures/um/monthly/fundingRate/FETUSDT/FETUSDT-fundingRate-2025-07.zip,.cache/binance-altcoin-trend-round34/funding_monthly/FETUSDT/FETUSDT-fundingRate-2025-07.zip,downloaded_verified,c3924dc58fe630bcecd637098f0fa592ebe4f429201fa41158b06144f72547b0,888.0
FETUSDT,2025-08,kline_monthly,https://data.binance.vision/data/futures/um/monthly/klines/FETUSDT/15m/FETUSDT-15m-2025-08.zip,.cache/binance-altcoin-trend-round34/kline_monthly/FETUSDT/FETUSDT-15m-2025-08.zip,downloaded_verified,958a5dd9c4216cb9ace72c3f170d4567498c0d210a06215d29f9db4dd7b39844,123852.0
FETUSDT,2025-08,funding_monthly,https://data.binance.vision/data/futures/um/monthly/fundingRate/FETUSDT/FETUSDT-fundingRate-2025-08.zip,.cache/binance-altcoin-trend-round34/funding_monthly/FETUSDT/FETUSDT-fundingRate-2025-08.zip,downloaded_verified,b0882250c59db091fd8b469a6da2cdc04768fa284c997f4b85bba5bd667cdd09,867.0
FETUSDT,2025-09,kline_monthly,https://data.binance.vision/data/futures/um/monthly/klines/FETUSDT/15m/FETUSDT-15m-2025-09.zip,.cache/binance-altcoin-trend-round34/kline_monthly/FETUSDT/FETUSDT-15m-2025-09.zip,downloaded_verified,4248dd516e965990efa0a30b88682532bc64e37e73eece475f9b9f3f549cdc15,118403.0
FETUSDT,2025-09,funding_monthly,https://data.binance.vision/data/futures/um/monthly/fundingRate/FETUSDT/FETUSDT-fundingRate-2025-09.zip,.cache/binance-altcoin-trend-round34/funding_monthly/FETUSDT/FETUSDT-fundingRate-2025-09.zip,downloaded_verified,ebf82fa39e49c9450e455c4c156f613b47551adce56884f5ea374e952a2aa5fa,702.0
FETUSDT,2025-10,kline_monthly,https://data.binance.vision/data/futures/um/monthly/klines/FETUSDT/15m/FETUSDT-15m-2025-10.zip,.cache/binance-altcoin-trend-round34/kline_monthly/FETUSDT/FETUSDT-15m-2025-10.zip,downloaded_verified,77cdd3660e050b5e096bb26eecf5733301f597ecace7147002b4aee27cea2c3b,125094.0
FETUSDT,2025-10,funding_monthly,https://data.binance.vision/data/futures/um/monthly/fundingRate/FETUSDT/FETUSDT-fundingRate-2025-10.zip,.cache/binance-altcoin-trend-round34/funding_monthly/FETUSDT/FETUSDT-fundingRate-2025-10.zip,downloaded_verified,83ff42c4de92a7fce61e92b056a4e64d2cd1510975f12d6f5c068aea5cd51194,829.0
FETUSDT,2025-11,kline_monthly,https://data.binance.vision/data/futures/um/monthly/klines/FETUSDT/15m/FETUSDT-15m-2025-11.zip,.cache/binance-altcoin-trend-round34/kline_monthly/FETUSDT/FETUSDT-15m-2025-11.zip,downloaded_verified,cb512696f9ae7cfe81113825f884cbcf99035e11d6ff016906eecf85259f1545,122676.0
FETUSDT,2025-11,funding_monthly,https://data.binance.vision/data/futures/um/monthly/fundingRate/FETUSDT/FETUSDT-fundingRate-2025-11.zip,.cache/binance-altcoin-trend-round34/funding_monthly/FETUSDT/FETUSDT-fundingRate-2025-11.zip,downloaded_verified,fa037b9c76daf3d1a301b8853e5385d4945262871cb83128deb14bb688da1f32,934.0
FETUSDT,2025-12,kline_monthly,https://data.binance.vision/data/futures/um/monthly/klines/FETUSDT/15m/FETUSDT-15m-2025-12.zip,.cache/binance-altcoin-trend-round34/kline_monthly/FETUSDT/FETUSDT-15m-2025-12.zip,downloaded_verified,8f5a0b15e15b893780b6625aca59d9bf262811776a26c216f25362a8f5f191fe,120545.0
FETUSDT,2025-12,funding_monthly,https://data.binance.vision/data/futures/um/monthly/fundingRate/FETUSDT/FETUSDT-fundingRate-2025-12.zip,.cache/binance-altcoin-trend-round34/funding_monthly/FETUSDT/FETUSDT-fundingRate-2025-12.zip,downloaded_verified,77a77941148ff03199d636ee97627b3cad7ffd61c6dbc8f7f766306da7d8aff3,992.0
FETUSDT,2026-01,kline_monthly,https://data.binance.vision/data/futures/um/monthly/klines/FETUSDT/15m/FETUSDT-15m-2026-01.zip,.cache/binance-altcoin-trend-round34/kline_monthly/FETUSDT/FETUSDT-15m-2026-01.zip,downloaded_verified,87914f89e5fec5548b16c484bdd44d6cef050a97af762d0a590940908ce7b75d,121841.0
FETUSDT,2026-01,funding_monthly,https://data.binance.vision/data/futures/um/monthly/fundingRate/FETUSDT/FETUSDT-fundingRate-2026-01.zip,.cache/binance-altcoin-trend-round34/funding_monthly/FETUSDT/FETUSDT-fundingRate-2026-01.zip,downloaded_verified,82c80f4f7698eaa4cbaf64b4e56150943b2bab7fad4330acdb275dca55986d53,998.0
FETUSDT,2026-02,kline_monthly,https://data.binance.vision/data/futures/um/monthly/klines/FETUSDT/15m/FETUSDT-15m-2026-02.zip,.cache/binance-altcoin-trend-round34/kline_monthly/FETUSDT/FETUSDT-15m-2026-02.zip,downloaded_verified,d242b0e0351f12c6ddef19cc8d09ae1d8da0702022a8807d3f6bc681346366a0,106388.0
FETUSDT,2026-02,funding_monthly,https://data.binance.vision/data/futures/um/monthly/fundingRate/FETUSDT/FETUSDT-fundingRate-2026-02.zip,.cache/binance-altcoin-trend-round34/funding_monthly/FETUSDT/FETUSDT-fundingRate-2026-02.zip,downloaded_verified,f82ee9a85bbf1ce0b7b91406453ce41b7131d407b4f9e1bd97beb9066ef681cc,956.0
FETUSDT,2026-03,kline_monthly,https://data.binance.vision/data/futures/um/monthly/klines/FETUSDT/15m/FETUSDT-15m-2026-03.zip,.cache/binance-altcoin-trend-round34/kline_monthly/FETUSDT/FETUSDT-15m-2026-03.zip,downloaded_verified,70cdfc88b1768520467d4ab6097b4c3455ae4a0bc424f3cdc1703a9d9a4ef314,122459.0
FETUSDT,2026-03,funding_monthly,https://data.binance.vision/data/futures/um/monthly/fundingRate/FETUSDT/FETUSDT-fundingRate-2026-03.zip,.cache/binance-altcoin-trend-round34/funding_monthly/FETUSDT/FETUSDT-fundingRate-2026-03.zip,downloaded_verified,eec686e5a6e9124517362f7a92040062e5d2f95e0f3841b8fe9beee1cfe7f50f,1031.0
FETUSDT,2026-04,kline_monthly,https://data.binance.vision/data/futures/um/monthly/klines/FETUSDT/15m/FETUSDT-15m-2026-04.zip,.cache/binance-altcoin-trend-round34/kline_monthly/FETUSDT/FETUSDT-15m-2026-04.zip,downloaded_verified,5e0dd56d6e473dac9de3fb6bdccca4dc7bc69bdbca3eca22e7fa913d16fa81b8,116298.0
FETUSDT,2026-04,funding_monthly,https://data.binance.vision/data/futures/um/monthly/fundingRate/FETUSDT/FETUSDT-fundingRate-2026-04.zip,.cache/binance-altcoin-trend-round34/funding_monthly/FETUSDT/FETUSDT-fundingRate-2026-04.zip,downloaded_verified,3e3a2e4213a3e7c8f519cd65a635dc1c691e6a5f049bf21d5b674814f3068dd5,1004.0
FETUSDT,2026-05,kline_monthly,https://data.binance.vision/data/futures/um/monthly/klines/FETUSDT/15m/FETUSDT-15m-2026-05.zip,.cache/binance-altcoin-trend-round34/kline_monthly/FETUSDT/FETUSDT-15m-2026-05.zip,downloaded_verified,38fa26368d975352be01e68f4baeed3352d2d6fe655feaefba9a1f176d16f95c,120996.0
FETUSDT,2026-05,funding_monthly,https://data.binance.vision/data/futures/um/monthly/fundingRate/FETUSDT/FETUSDT-fundingRate-2026-05.zip,.cache/binance-altcoin-trend-round34/funding_monthly/FETUSDT/FETUSDT-fundingRate-2026-05.zip,downloaded_verified,67e889a40aea68a279dd6d6ce0a8c21d2f3a418f14b193b293843e5be00b1c37,1001.0
FETUSDT,2026-06,kline_monthly,https://data.binance.vision/data/futures/um/monthly/klines/FETUSDT/15m/FETUSDT-15m-2026-06.zip,.cache/binance-altcoin-trend-round34/kline_monthly/FETUSDT/FETUSDT-15m-2026-06.zip,downloaded_verified,a0d7ad51040bbedd317f09df4fd4bb8a8b9ca62a69a58028af6d80f0a7a97157,118244.0
FETUSDT,2026-06,funding_monthly,https://data.binance.vision/data/futures/um/monthly/fundingRate/FETUSDT/FETUSDT-fundingRate-2026-06.zip,.cache/binance-altcoin-trend-round34/funding_monthly/FETUSDT/FETUSDT-fundingRate-2026-06.zip,downloaded_verified,92b6c9cacd8b4508d5485db3dd4ea1fb73d01c840c198af2043a46c56e960d7f,961.0
FETUSDT,2026-07-01,kline_daily,https://data.binance.vision/data/futures/um/daily/klines/FETUSDT/15m/FETUSDT-15m-2026-07-01.zip,.cache/binance-altcoin-trend-round34/kline_daily/FETUSDT/FETUSDT-15m-2026-07-01.zip,downloaded_verified,dbb1427fc53cb72088221db2c093a808c7cef5d06fd3355a03b0ba7cb0d854e0,4239.0
FETUSDT,2026-07-02,kline_daily,https://data.binance.vision/data/futures/um/daily/klines/FETUSDT/15m/FETUSDT-15m-2026-07-02.zip,.cache/binance-altcoin-trend-round34/kline_daily/FETUSDT/FETUSDT-15m-2026-07-02.zip,downloaded_verified,f4aacf87308fab64295c073a05ac6c5097cb81bc6169c715b46b1f0692c6ac49,4243.0
FETUSDT,2026-07-03,kline_daily,https://data.binance.vision/data/futures/um/daily/klines/FETUSDT/15m/FETUSDT-15m-2026-07-03.zip,.cache/binance-altcoin-trend-round34/kline_daily/FETUSDT/FETUSDT-15m-2026-07-03.zip,downloaded_verified,b317bd548cb2766da1a2adba7110b596b78f1e5988d554c112c9a160cd3c42a2,4153.0
FETUSDT,2026-07-04,kline_daily,https://data.binance.vision/data/futures/um/daily/klines/FETUSDT/15m/FETUSDT-15m-2026-07-04.zip,.cache/binance-altcoin-trend-round34/kline_daily/FETUSDT/FETUSDT-15m-2026-07-04.zip,downloaded_verified,40b6c50f7c6409932f26dee8a85ccb9f4ef98bc9bee2bdb328995f7b4b3ccac9,4172.0
FETUSDT,2026-07-05,kline_daily,https://data.binance.vision/data/futures/um/daily/klines/FETUSDT/15m/FETUSDT-15m-2026-07-05.zip,.cache/binance-altcoin-trend-round34/kline_daily/FETUSDT/FETUSDT-15m-2026-07-05.zip,downloaded_verified,5033565304ae898fb1716fc1225f3345fb94c966263b614e3f524edde727321d,4151.0
FETUSDT,2026-07-06,kline_daily,https://data.binance.vision/data/futures/um/daily/klines/FETUSDT/15m/FETUSDT-15m-2026-07-06.zip,.cache/binance-altcoin-trend-round34/kline_daily/FETUSDT/FETUSDT-15m-2026-07-06.zip,downloaded_verified,20a2dd749c5687d5f8686ac80e5a6bc66049019d57df45bd0bbce3a648ed94ac,4239.0
FETUSDT,2026-07-07,kline_daily,https://data.binance.vision/data/futures/um/daily/klines/FETUSDT/15m/FETUSDT-15m-2026-07-07.zip,.cache/binance-altcoin-trend-round34/kline_daily/FETUSDT/FETUSDT-15m-2026-07-07.zip,downloaded_verified,6708fa54870b5f3dcc4d7dc1183913060ff2c6da0bd31244fe321ca26c26f9e8,4151.0
FETUSDT,2026-07-08,kline_daily,https://data.binance.vision/data/futures/um/daily/klines/FETUSDT/15m/FETUSDT-15m-2026-07-08.zip,.cache/binance-altcoin-trend-round34/kline_daily/FETUSDT/FETUSDT-15m-2026-07-08.zip,downloaded_verified,f6599707a98906be649951e6adbf31378c242e1f4eb7a8b16c21c7966d5ecbad,4197.0
FETUSDT,2026-07-09,kline_daily,https://data.binance.vision/data/futures/um/daily/klines/FETUSDT/15m/FETUSDT-15m-2026-07-09.zip,.cache/binance-altcoin-trend-round34/kline_daily/FETUSDT/FETUSDT-15m-2026-07-09.zip,downloaded_verified,b5dc1c254f21cb89a32ef3e16a147660f986e4406cb4b3b55afb75050a404a87,4104.0
FETUSDT,2026-07-10,kline_daily,https://data.binance.vision/data/futures/um/daily/klines/FETUSDT/15m/FETUSDT-15m-2026-07-10.zip,.cache/binance-altcoin-trend-round34/kline_daily/FETUSDT/FETUSDT-15m-2026-07-10.zip,downloaded_verified,c83d65f58190d60ce48c026e1348072bfc0137499b3c1d678a8968d2e84f08d9,4067.0
FETUSDT,2026-07-11,kline_daily,https://data.binance.vision/data/futures/um/daily/klines/FETUSDT/15m/FETUSDT-15m-2026-07-11.zip,.cache/binance-altcoin-trend-round34/kline_daily/FETUSDT/FETUSDT-15m-2026-07-11.zip,downloaded_verified,dfd8d86a3fc66766a0e893a92b122585fdeef15e2f01bedaf5be4cf4237bdf67,3967.0
FETUSDT,2026-07-12,kline_daily,https://data.binance.vision/data/futures/um/daily/klines/FETUSDT/15m/FETUSDT-15m-2026-07-12.zip,.cache/binance-altcoin-trend-round34/kline_daily/FETUSDT/FETUSDT-15m-2026-07-12.zip,downloaded_verified,bcc964ece506107aec63fd3ff1ce2e66a1e0d526c330780a8c42ec6218bff57f,4002.0
FETUSDT,2026-07-13,kline_daily,https://data.binance.vision/data/futures/um/daily/klines/FETUSDT/15m/FETUSDT-15m-2026-07-13.zip,.cache/binance-altcoin-trend-round34/kline_daily/FETUSDT/FETUSDT-15m-2026-07-13.zip,downloaded_verified,7c32ed76f7e2f6cb82497994d5d547be139e4fb08818758aab3f8eabc8c78303,4086.0
FETUSDT,2026-07-14,kline_daily,https://data.binance.vision/data/futures/um/daily/klines/FETUSDT/15m/FETUSDT-15m-2026-07-14.zip,.cache/binance-altcoin-trend-round34/kline_daily/FETUSDT/FETUSDT-15m-2026-07-14.zip,downloaded_verified,ffa9893797c6c50d68aeef823a1c8e498045d73139625c5d82af82d7ff1aa942,4030.0
FETUSDT,2026-07-15,kline_daily,https://data.binance.vision/data/futures/um/daily/klines/FETUSDT/15m/FETUSDT-15m-2026-07-15.zip,.cache/binance-altcoin-trend-round34/kline_daily/FETUSDT/FETUSDT-15m-2026-07-15.zip,downloaded_verified,45c541974c8fad21ed3484c33c88ebe07bf16b226047bd97ce910eea75e09923,4013.0
FETUSDT,2026-07-16,kline_daily,https://data.binance.vision/data/futures/um/daily/klines/FETUSDT/15m/FETUSDT-15m-2026-07-16.zip,.cache/binance-altcoin-trend-round34/kline_daily/FETUSDT/FETUSDT-15m-2026-07-16.zip,downloaded_verified,fe819ce1be39e4b535e6556641bca1858e8d5c8c6dbe727ed47ff90e9fb21f24,4029.0
FETUSDT,2026-07-17,kline_daily,https://data.binance.vision/data/futures/um/daily/klines/FETUSDT/15m/FETUSDT-15m-2026-07-17.zip,.cache/binance-altcoin-trend-round34/kline_daily/FETUSDT/FETUSDT-15m-2026-07-17.zip,downloaded_verified,35866ba3834689389675d98f11e02382b5266c85668a7d3cb7c9552ba5de109d,4026.0
FETUSDT,2026-07-18,kline_daily,https://data.binance.vision/data/futures/um/daily/klines/FETUSDT/15m/FETUSDT-15m-2026-07-18.zip,.cache/binance-altcoin-trend-round34/kline_daily/FETUSDT/FETUSDT-15m-2026-07-18.zip,downloaded_verified,e2fe0c22ba69a339e5b1f9d2a8af1306264289f06967dc15f319269bde8bf484,3884.0
FETUSDT,2026-07-19,kline_daily,https://data.binance.vision/data/futures/um/daily/klines/FETUSDT/15m/FETUSDT-15m-2026-07-19.zip,.cache/binance-altcoin-trend-round34/kline_daily/FETUSDT/FETUSDT-15m-2026-07-19.zip,downloaded_verified,14bf3cd3f6ad094b7979f228ee0ea1e99594452814170da88fcaf7cc46be584a,3878.0
FETUSDT,2026-07-20,kline_daily,https://data.binance.vision/data/futures/um/daily/klines/FETUSDT/15m/FETUSDT-15m-2026-07-20.zip,.cache/binance-altcoin-trend-round34/kline_daily/FETUSDT/FETUSDT-15m-2026-07-20.zip,downloaded_verified,019d0f00ace3da073d410c65a12a455bac1fd8d1be4a4593bc07ee439c6f58a9,4102.0
FETUSDT,2026-07-21,kline_daily,https://data.binance.vision/data/futures/um/daily/klines/FETUSDT/15m/FETUSDT-15m-2026-07-21.zip,.cache/binance-altcoin-trend-round34/kline_daily/FETUSDT/FETUSDT-15m-2026-07-21.zip,downloaded_verified,abc324583f7e23928b52743a037d99c0d60b59d6ba8a5449a67df0c0d84bcfaf,4028.0
FETUSDT,2026-07-22,kline_daily,https://data.binance.vision/data/futures/um/daily/klines/FETUSDT/15m/FETUSDT-15m-2026-07-22.zip,.cache/binance-altcoin-trend-round34/kline_daily/FETUSDT/FETUSDT-15m-2026-07-22.zip,downloaded_verified,449fce5be99d37308c0942b583041a96be0d2ab36415a563c0a3712a21d17713,4002.0
FETUSDT,2026-07-23,kline_daily,https://data.binance.vision/data/futures/um/daily/klines/FETUSDT/15m/FETUSDT-15m-2026-07-23.zip,.cache/binance-altcoin-trend-round34/kline_daily/FETUSDT/FETUSDT-15m-2026-07-23.zip,downloaded_verified,a8cf4ba49a73ebc5f262170d12e711a4c1b0298b27ad5cd3eeb14b6666a7528b,4001.0
FETUSDT,2026-07-24,kline_daily,https://data.binance.vision/data/futures/um/daily/klines/FETUSDT/15m/FETUSDT-15m-2026-07-24.zip,.cache/binance-altcoin-trend-round34/kline_daily/FETUSDT/FETUSDT-15m-2026-07-24.zip,downloaded_verified,d45027f10455c117e2d8e377e66aabba41bd798ddb63a03aad4e25ea088c1e51,4001.0
FETUSDT,2026-07-25,kline_daily,https://data.binance.vision/data/futures/um/daily/klines/FETUSDT/15m/FETUSDT-15m-2026-07-25.zip,.cache/binance-altcoin-trend-round34/kline_daily/FETUSDT/FETUSDT-15m-2026-07-25.zip,downloaded_verified,d25670309cc6ce2b508097e65e06ff5c054791f5d7d3f912666ffd2fdaabcda6,3989.0
FETUSDT,2026-07-26,kline_daily,https://data.binance.vision/data/futures/um/daily/klines/FETUSDT/15m/FETUSDT-15m-2026-07-26.zip,.cache/binance-altcoin-trend-round34/kline_daily/FETUSDT/FETUSDT-15m-2026-07-26.zip,downloaded_verified,3d71aec4b0bdd70c1cb17d71cd2ab1d51e6a6b58c58b9543c43362c38f21f229,4009.0
RENDERUSDT,2023-11,kline_monthly,https://data.binance.vision/data/futures/um/monthly/klines/RENDERUSDT/15m/RENDERUSDT-15m-2023-11.zip,.cache/binance-altcoin-trend-round34/kline_monthly/RENDERUSDT/RENDERUSDT-15m-2023-11.zip,missing,,
RENDERUSDT,2023-11,funding_monthly,https://data.binance.vision/data/futures/um/monthly/fundingRate/RENDERUSDT/RENDERUSDT-fundingRate-2023-11.zip,.cache/binance-altcoin-trend-round34/funding_monthly/RENDERUSDT/RENDERUSDT-fundingRate-2023-11.zip,missing,,
RENDERUSDT,2023-12,kline_monthly,https://data.binance.vision/data/futures/um/monthly/klines/RENDERUSDT/15m/RENDERUSDT-15m-2023-12.zip,.cache/binance-altcoin-trend-round34/kline_monthly/RENDERUSDT/RENDERUSDT-15m-2023-12.zip,missing,,
RENDERUSDT,2023-12,funding_monthly,https://data.binance.vision/data/futures/um/monthly/fundingRate/RENDERUSDT/RENDERUSDT-fundingRate-2023-12.zip,.cache/binance-altcoin-trend-round34/funding_monthly/RENDERUSDT/RENDERUSDT-fundingRate-2023-12.zip,missing,,
RENDERUSDT,2024-01,kline_monthly,https://data.binance.vision/data/futures/um/monthly/klines/RENDERUSDT/15m/RENDERUSDT-15m-2024-01.zip,.cache/binance-altcoin-trend-round34/kline_monthly/RENDERUSDT/RENDERUSDT-15m-2024-01.zip,missing,,
RENDERUSDT,2024-01,funding_monthly,https://data.binance.vision/data/futures/um/monthly/fundingRate/RENDERUSDT/RENDERUSDT-fundingRate-2024-01.zip,.cache/binance-altcoin-trend-round34/funding_monthly/RENDERUSDT/RENDERUSDT-fundingRate-2024-01.zip,missing,,
RENDERUSDT,2024-02,kline_monthly,https://data.binance.vision/data/futures/um/monthly/klines/RENDERUSDT/15m/RENDERUSDT-15m-2024-02.zip,.cache/binance-altcoin-trend-round34/kline_monthly/RENDERUSDT/RENDERUSDT-15m-2024-02.zip,missing,,
RENDERUSDT,2024-02,funding_monthly,https://data.binance.vision/data/futures/um/monthly/fundingRate/RENDERUSDT/RENDERUSDT-fundingRate-2024-02.zip,.cache/binance-altcoin-trend-round34/funding_monthly/RENDERUSDT/RENDERUSDT-fundingRate-2024-02.zip,missing,,
RENDERUSDT,2024-03,kline_monthly,https://data.binance.vision/data/futures/um/monthly/klines/RENDERUSDT/15m/RENDERUSDT-15m-2024-03.zip,.cache/binance-altcoin-trend-round34/kline_monthly/RENDERUSDT/RENDERUSDT-15m-2024-03.zip,missing,,
RENDERUSDT,2024-03,funding_monthly,https://data.binance.vision/data/futures/um/monthly/fundingRate/RENDERUSDT/RENDERUSDT-fundingRate-2024-03.zip,.cache/binance-altcoin-trend-round34/funding_monthly/RENDERUSDT/RENDERUSDT-fundingRate-2024-03.zip,missing,,
RENDERUSDT,2024-04,kline_monthly,https://data.binance.vision/data/futures/um/monthly/klines/RENDERUSDT/15m/RENDERUSDT-15m-2024-04.zip,.cache/binance-altcoin-trend-round34/kline_monthly/RENDERUSDT/RENDERUSDT-15m-2024-04.zip,missing,,
RENDERUSDT,2024-04,funding_monthly,https://data.binance.vision/data/futures/um/monthly/fundingRate/RENDERUSDT/RENDERUSDT-fundingRate-2024-04.zip,.cache/binance-altcoin-trend-round34/funding_monthly/RENDERUSDT/RENDERUSDT-fundingRate-2024-04.zip,missing,,
RENDERUSDT,2024-05,kline_monthly,https://data.binance.vision/data/futures/um/monthly/klines/RENDERUSDT/15m/RENDERUSDT-15m-2024-05.zip,.cache/binance-altcoin-trend-round34/kline_monthly/RENDERUSDT/RENDERUSDT-15m-2024-05.zip,missing,,
RENDERUSDT,2024-05,funding_monthly,https://data.binance.vision/data/futures/um/monthly/fundingRate/RENDERUSDT/RENDERUSDT-fundingRate-2024-05.zip,.cache/binance-altcoin-trend-round34/funding_monthly/RENDERUSDT/RENDERUSDT-fundingRate-2024-05.zip,missing,,
RENDERUSDT,2024-06,kline_monthly,https://data.binance.vision/data/futures/um/monthly/klines/RENDERUSDT/15m/RENDERUSDT-15m-2024-06.zip,.cache/binance-altcoin-trend-round34/kline_monthly/RENDERUSDT/RENDERUSDT-15m-2024-06.zip,missing,,
RENDERUSDT,2024-06,funding_monthly,https://data.binance.vision/data/futures/um/monthly/fundingRate/RENDERUSDT/RENDERUSDT-fundingRate-2024-06.zip,.cache/binance-altcoin-trend-round34/funding_monthly/RENDERUSDT/RENDERUSDT-fundingRate-2024-06.zip,missing,,
RENDERUSDT,2024-07,kline_monthly,https://data.binance.vision/data/futures/um/monthly/klines/RENDERUSDT/15m/RENDERUSDT-15m-2024-07.zip,.cache/binance-altcoin-trend-round34/kline_monthly/RENDERUSDT/RENDERUSDT-15m-2024-07.zip,downloaded_verified,cbc612e065160b2fbf8b8d39a10d657b0605e2c496480e0c2cb69f03f2aabaac,22384.0
RENDERUSDT,2024-07,funding_monthly,https://data.binance.vision/data/futures/um/monthly/fundingRate/RENDERUSDT/RENDERUSDT-fundingRate-2024-07.zip,.cache/binance-altcoin-trend-round34/funding_monthly/RENDERUSDT/RENDERUSDT-fundingRate-2024-07.zip,downloaded_verified,9dc35982db32f5ea4fdad41d927f469a0037cfb37ed97436fd6c75772172a7a1,424.0
RENDERUSDT,2024-08,kline_monthly,https://data.binance.vision/data/futures/um/monthly/klines/RENDERUSDT/15m/RENDERUSDT-15m-2024-08.zip,.cache/binance-altcoin-trend-round34/kline_monthly/RENDERUSDT/RENDERUSDT-15m-2024-08.zip,downloaded_verified,de69076a99ad5c846c1cb0c1bb1cf19b0345e0f28e71719de5c8ebb1edd283ef,124497.0
RENDERUSDT,2024-08,funding_monthly,https://data.binance.vision/data/futures/um/monthly/fundingRate/RENDERUSDT/RENDERUSDT-fundingRate-2024-08.zip,.cache/binance-altcoin-trend-round34/funding_monthly/RENDERUSDT/RENDERUSDT-fundingRate-2024-08.zip,downloaded_verified,ff82b61d35637e94109c63e59e78242cb2aac1100f5387b37873cfc06f69c4e0,1229.0
RENDERUSDT,2024-09,kline_monthly,https://data.binance.vision/data/futures/um/monthly/klines/RENDERUSDT/15m/RENDERUSDT-15m-2024-09.zip,.cache/binance-altcoin-trend-round34/kline_monthly/RENDERUSDT/RENDERUSDT-15m-2024-09.zip,downloaded_verified,6f226ef418d9a8bee7180e7ecb8c490806dc354a5e248bff1f2e72a23791ebad,120298.0
RENDERUSDT,2024-09,funding_monthly,https://data.binance.vision/data/futures/um/monthly/fundingRate/RENDERUSDT/RENDERUSDT-fundingRate-2024-09.zip,.cache/binance-altcoin-trend-round34/funding_monthly/RENDERUSDT/RENDERUSDT-fundingRate-2024-09.zip,downloaded_verified,d0f03128494ac2fa83aee80c9ec6dcfe51bf184fa3c290b5784d85b66e58f57b,1128.0
RENDERUSDT,2024-10,kline_monthly,https://data.binance.vision/data/futures/um/monthly/klines/RENDERUSDT/15m/RENDERUSDT-15m-2024-10.zip,.cache/binance-altcoin-trend-round34/kline_monthly/RENDERUSDT/RENDERUSDT-15m-2024-10.zip,downloaded_verified,6ab55672fa0129028a809615d4a4ba4de838cd689e109df3b9782bab9092349c,123537.0
RENDERUSDT,2024-10,funding_monthly,https://data.binance.vision/data/futures/um/monthly/fundingRate/RENDERUSDT/RENDERUSDT-fundingRate-2024-10.zip,.cache/binance-altcoin-trend-round34/funding_monthly/RENDERUSDT/RENDERUSDT-fundingRate-2024-10.zip,downloaded_verified,6877f465825d9ab4469c25aecb589125ed016f540ba3c3acfd7c7d1cdb52ca58,1108.0
RENDERUSDT,2024-11,kline_monthly,https://data.binance.vision/data/futures/um/monthly/klines/RENDERUSDT/15m/RENDERUSDT-15m-2024-11.zip,.cache/binance-altcoin-trend-round34/kline_monthly/RENDERUSDT/RENDERUSDT-15m-2024-11.zip,downloaded_verified,1d440c77d584b4ca2420b4a1ca4e65daa8dc435e29f7ab7cbb767cc11ca97daa,123810.0
RENDERUSDT,2024-11,funding_monthly,https://data.binance.vision/data/futures/um/monthly/fundingRate/RENDERUSDT/RENDERUSDT-fundingRate-2024-11.zip,.cache/binance-altcoin-trend-round34/funding_monthly/RENDERUSDT/RENDERUSDT-fundingRate-2024-11.zip,downloaded_verified,aec5abf160e255a55eb71013f64478bebc12c49fc5339e98737c1ff475744cb2,1268.0
RENDERUSDT,2024-12,kline_monthly,https://data.binance.vision/data/futures/um/monthly/klines/RENDERUSDT/15m/RENDERUSDT-15m-2024-12.zip,.cache/binance-altcoin-trend-round34/kline_monthly/RENDERUSDT/RENDERUSDT-15m-2024-12.zip,downloaded_verified,22e8a11a4bd1b0af0e3c77b854af19df7bf203d5bf7e6f1a08add4a965a6cad4,127969.0
RENDERUSDT,2024-12,funding_monthly,https://data.binance.vision/data/futures/um/monthly/fundingRate/RENDERUSDT/RENDERUSDT-fundingRate-2024-12.zip,.cache/binance-altcoin-trend-round34/funding_monthly/RENDERUSDT/RENDERUSDT-fundingRate-2024-12.zip,downloaded_verified,027c86dbbb2bc96cbbf9ae260a26d8eb4502d494dfc11b049a87abe9a3209400,1220.0
RENDERUSDT,2025-01,kline_monthly,https://data.binance.vision/data/futures/um/monthly/klines/RENDERUSDT/15m/RENDERUSDT-15m-2025-01.zip,.cache/binance-altcoin-trend-round34/kline_monthly/RENDERUSDT/RENDERUSDT-15m-2025-01.zip,downloaded_verified,8a20c4cdaaddec3d59849b436059db1f80e4823bec9348aed33c376ddad80f6a,126459.0
RENDERUSDT,2025-01,funding_monthly,https://data.binance.vision/data/futures/um/monthly/fundingRate/RENDERUSDT/RENDERUSDT-fundingRate-2025-01.zip,.cache/binance-altcoin-trend-round34/funding_monthly/RENDERUSDT/RENDERUSDT-fundingRate-2025-01.zip,downloaded_verified,a26ec3fb5e888a34a9a0cc1a45b2f5bbe7f04b2329ed6b737cfd724eefc75fb9,1065.0
RENDERUSDT,2025-02,kline_monthly,https://data.binance.vision/data/futures/um/monthly/klines/RENDERUSDT/15m/RENDERUSDT-15m-2025-02.zip,.cache/binance-altcoin-trend-round34/kline_monthly/RENDERUSDT/RENDERUSDT-15m-2025-02.zip,downloaded_verified,d948b6da4f0d65fa67b9b5c2c5d297e563cf8c18d9b047451e8038d6a79dc1cd,112394.0
RENDERUSDT,2025-02,funding_monthly,https://data.binance.vision/data/futures/um/monthly/fundingRate/RENDERUSDT/RENDERUSDT-fundingRate-2025-02.zip,.cache/binance-altcoin-trend-round34/funding_monthly/RENDERUSDT/RENDERUSDT-fundingRate-2025-02.zip,downloaded_verified,356b25943f530dcf16deb7489b022ee2a188cd232cbcf257f54d4ccc7cbe86d1,1232.0
RENDERUSDT,2025-03,kline_monthly,https://data.binance.vision/data/futures/um/monthly/klines/RENDERUSDT/15m/RENDERUSDT-15m-2025-03.zip,.cache/binance-altcoin-trend-round34/kline_monthly/RENDERUSDT/RENDERUSDT-15m-2025-03.zip,downloaded_verified,2dd1387dc54897e7157d374d64b6b92ae688e4d3e7ec4feaf0a74b9e7e4a956c,123528.0
RENDERUSDT,2025-03,funding_monthly,https://data.binance.vision/data/futures/um/monthly/fundingRate/RENDERUSDT/RENDERUSDT-fundingRate-2025-03.zip,.cache/binance-altcoin-trend-round34/funding_monthly/RENDERUSDT/RENDERUSDT-fundingRate-2025-03.zip,downloaded_verified,9ebee80314af0584fa60f78369514ca9e05e97e4c3856b6b24a1a2418229e994,1439.0
RENDERUSDT,2025-04,kline_monthly,https://data.binance.vision/data/futures/um/monthly/klines/RENDERUSDT/15m/RENDERUSDT-15m-2025-04.zip,.cache/binance-altcoin-trend-round34/kline_monthly/RENDERUSDT/RENDERUSDT-15m-2025-04.zip,downloaded_verified,f96184c10cd5bee936787e992507f2981ca09d1d249d82ebb3963d20a0026c31,121093.0
RENDERUSDT,2025-04,funding_monthly,https://data.binance.vision/data/futures/um/monthly/fundingRate/RENDERUSDT/RENDERUSDT-fundingRate-2025-04.zip,.cache/binance-altcoin-trend-round34/funding_monthly/RENDERUSDT/RENDERUSDT-fundingRate-2025-04.zip,downloaded_verified,a56fdacd9b5ab4738536685f540b48113d2cdfc948327c4a6b628a34db8909f3,1281.0
RENDERUSDT,2025-05,kline_monthly,https://data.binance.vision/data/futures/um/monthly/klines/RENDERUSDT/15m/RENDERUSDT-15m-2025-05.zip,.cache/binance-altcoin-trend-round34/kline_monthly/RENDERUSDT/RENDERUSDT-15m-2025-05.zip,downloaded_verified,09cd2f52b466a0747187de3956533b2a205bfeb5898cd40627d1196e2b286e76,124729.0
RENDERUSDT,2025-05,funding_monthly,https://data.binance.vision/data/futures/um/monthly/fundingRate/RENDERUSDT/RENDERUSDT-fundingRate-2025-05.zip,.cache/binance-altcoin-trend-round34/funding_monthly/RENDERUSDT/RENDERUSDT-fundingRate-2025-05.zip,downloaded_verified,477e040643ec359c64dc54da6b57d6bf91f89ab350961edbb87e5b15237d23c8,1357.0
RENDERUSDT,2025-06,kline_monthly,https://data.binance.vision/data/futures/um/monthly/klines/RENDERUSDT/15m/RENDERUSDT-15m-2025-06.zip,.cache/binance-altcoin-trend-round34/kline_monthly/RENDERUSDT/RENDERUSDT-15m-2025-06.zip,downloaded_verified,56e72ed393aaee63a9bd4de956941aea6400f0d0edee79a2e98fa08aa7c480b6,117994.0
RENDERUSDT,2025-06,funding_monthly,https://data.binance.vision/data/futures/um/monthly/fundingRate/RENDERUSDT/RENDERUSDT-fundingRate-2025-06.zip,.cache/binance-altcoin-trend-round34/funding_monthly/RENDERUSDT/RENDERUSDT-fundingRate-2025-06.zip,downloaded_verified,6313aa2c3304aa3d54333d062ff07283675fecfce3abbec997fb354bafec8761,1373.0
RENDERUSDT,2025-07,kline_monthly,https://data.binance.vision/data/futures/um/monthly/klines/RENDERUSDT/15m/RENDERUSDT-15m-2025-07.zip,.cache/binance-altcoin-trend-round34/kline_monthly/RENDERUSDT/RENDERUSDT-15m-2025-07.zip,downloaded_verified,bbae434905eef88b52024e9a481c591704403431244f76ce3fdff68cd2e2bef3,122721.0
RENDERUSDT,2025-07,funding_monthly,https://data.binance.vision/data/futures/um/monthly/fundingRate/RENDERUSDT/RENDERUSDT-fundingRate-2025-07.zip,.cache/binance-altcoin-trend-round34/funding_monthly/RENDERUSDT/RENDERUSDT-fundingRate-2025-07.zip,downloaded_verified,c394d3d067cda6f8469c51b34b883fea48976d03b38e554df6339ea1dedb27d4,1224.0
RENDERUSDT,2025-08,kline_monthly,https://data.binance.vision/data/futures/um/monthly/klines/RENDERUSDT/15m/RENDERUSDT-15m-2025-08.zip,.cache/binance-altcoin-trend-round34/kline_monthly/RENDERUSDT/RENDERUSDT-15m-2025-08.zip,downloaded_verified,ae0703ba108db9f111eb00cf7840a9510ca4504a7e3320b6212446a505e6f5e9,122109.0
RENDERUSDT,2025-08,funding_monthly,https://data.binance.vision/data/futures/um/monthly/fundingRate/RENDERUSDT/RENDERUSDT-fundingRate-2025-08.zip,.cache/binance-altcoin-trend-round34/funding_monthly/RENDERUSDT/RENDERUSDT-fundingRate-2025-08.zip,downloaded_verified,47d89267b7986affd1d7b03d9302aa687812892827dd7543a4d527fdc15b13d1,1302.0
RENDERUSDT,2025-09,kline_monthly,https://data.binance.vision/data/futures/um/monthly/klines/RENDERUSDT/15m/RENDERUSDT-15m-2025-09.zip,.cache/binance-altcoin-trend-round34/kline_monthly/RENDERUSDT/RENDERUSDT-15m-2025-09.zip,downloaded_verified,a88226ecb2b74cd644c976b32ee1cf90be2b6f388c4f74e2d0a71f19f2e6beac,116970.0
RENDERUSDT,2025-09,funding_monthly,https://data.binance.vision/data/futures/um/monthly/fundingRate/RENDERUSDT/RENDERUSDT-fundingRate-2025-09.zip,.cache/binance-altcoin-trend-round34/funding_monthly/RENDERUSDT/RENDERUSDT-fundingRate-2025-09.zip,downloaded_verified,ccc852fc7be901fcebb6cc92e40d303deb9e96b0b8ed0bbb6e0395ebbd777459,1220.0
RENDERUSDT,2025-10,kline_monthly,https://data.binance.vision/data/futures/um/monthly/klines/RENDERUSDT/15m/RENDERUSDT-15m-2025-10.zip,.cache/binance-altcoin-trend-round34/kline_monthly/RENDERUSDT/RENDERUSDT-15m-2025-10.zip,downloaded_verified,361ed6f45fa9dd51778abbbf75a5416c2ba3185964412486078f21e70a19fd7b,121628.0
RENDERUSDT,2025-10,funding_monthly,https://data.binance.vision/data/futures/um/monthly/fundingRate/RENDERUSDT/RENDERUSDT-fundingRate-2025-10.zip,.cache/binance-altcoin-trend-round34/funding_monthly/RENDERUSDT/RENDERUSDT-fundingRate-2025-10.zip,downloaded_verified,27ed2475c9ebe7d6d32bcccb9f1f3cd4b1bed09db76377d4b7ba22a2af1ec3a1,1549.0
RENDERUSDT,2025-11,kline_monthly,https://data.binance.vision/data/futures/um/monthly/klines/RENDERUSDT/15m/RENDERUSDT-15m-2025-11.zip,.cache/binance-altcoin-trend-round34/kline_monthly/RENDERUSDT/RENDERUSDT-15m-2025-11.zip,downloaded_verified,2dece4522f7ee1c8c75c0ef8ce4ab0b545c5f8bc92527a76454cdcba657fab11,117858.0
RENDERUSDT,2025-11,funding_monthly,https://data.binance.vision/data/futures/um/monthly/fundingRate/RENDERUSDT/RENDERUSDT-fundingRate-2025-11.zip,.cache/binance-altcoin-trend-round34/funding_monthly/RENDERUSDT/RENDERUSDT-fundingRate-2025-11.zip,downloaded_verified,42e33b1540e55571f8cea44f660e99c3ac6317eaadae6aae34580fea3375dbc9,1527.0
RENDERUSDT,2025-12,kline_monthly,https://data.binance.vision/data/futures/um/monthly/klines/RENDERUSDT/15m/RENDERUSDT-15m-2025-12.zip,.cache/binance-altcoin-trend-round34/kline_monthly/RENDERUSDT/RENDERUSDT-15m-2025-12.zip,downloaded_verified,69835aab7a6c156d6e99830d09c3216c62840bccbb964cee31e38481fb5f0ea3,115952.0
RENDERUSDT,2025-12,funding_monthly,https://data.binance.vision/data/futures/um/monthly/fundingRate/RENDERUSDT/RENDERUSDT-fundingRate-2025-12.zip,.cache/binance-altcoin-trend-round34/funding_monthly/RENDERUSDT/RENDERUSDT-fundingRate-2025-12.zip,downloaded_verified,767398a654b5385f0ce16c949bbe3878c050c6bb08303326e7c5ec1d40aa9cfb,1552.0
RENDERUSDT,2026-01,kline_monthly,https://data.binance.vision/data/futures/um/monthly/klines/RENDERUSDT/15m/RENDERUSDT-15m-2026-01.zip,.cache/binance-altcoin-trend-round34/kline_monthly/RENDERUSDT/RENDERUSDT-15m-2026-01.zip,downloaded_verified,4e6b6ae3f1c0863d6fbdf497fc1c97611bf6fe76430e0be408c67bad190a9536,123686.0
RENDERUSDT,2026-01,funding_monthly,https://data.binance.vision/data/futures/um/monthly/fundingRate/RENDERUSDT/RENDERUSDT-fundingRate-2026-01.zip,.cache/binance-altcoin-trend-round34/funding_monthly/RENDERUSDT/RENDERUSDT-fundingRate-2026-01.zip,downloaded_verified,ace2c789aa44f2dbdee5530717586d76b3bca26966cce2de720115f8827ae30a,1639.0
RENDERUSDT,2026-02,kline_monthly,https://data.binance.vision/data/futures/um/monthly/klines/RENDERUSDT/15m/RENDERUSDT-15m-2026-02.zip,.cache/binance-altcoin-trend-round34/kline_monthly/RENDERUSDT/RENDERUSDT-15m-2026-02.zip,downloaded_verified,eddb257cc191efeed644b56eba21876d6cb7e9c89e9d4466392b739f52ec9b19,107822.0
RENDERUSDT,2026-02,funding_monthly,https://data.binance.vision/data/futures/um/monthly/fundingRate/RENDERUSDT/RENDERUSDT-fundingRate-2026-02.zip,.cache/binance-altcoin-trend-round34/funding_monthly/RENDERUSDT/RENDERUSDT-fundingRate-2026-02.zip,downloaded_verified,bc7ce1c9db45dadf6a2fd1af9bb9e00a202a77b33ac554826e8605b90b1fe8e4,1503.0
RENDERUSDT,2026-03,kline_monthly,https://data.binance.vision/data/futures/um/monthly/klines/RENDERUSDT/15m/RENDERUSDT-15m-2026-03.zip,.cache/binance-altcoin-trend-round34/kline_monthly/RENDERUSDT/RENDERUSDT-15m-2026-03.zip,downloaded_verified,116af5d6a4b42b198fbf6d9e9648daf6c9ae08dcd5b46bf4fa6afa3525c193e6,120545.0
RENDERUSDT,2026-03,funding_monthly,https://data.binance.vision/data/futures/um/monthly/fundingRate/RENDERUSDT/RENDERUSDT-fundingRate-2026-03.zip,.cache/binance-altcoin-trend-round34/funding_monthly/RENDERUSDT/RENDERUSDT-fundingRate-2026-03.zip,downloaded_verified,ba4c4eb2ddc91683500828ff610877005da7dc8449777af75a535b5e88d80cf1,1577.0
RENDERUSDT,2026-04,kline_monthly,https://data.binance.vision/data/futures/um/monthly/klines/RENDERUSDT/15m/RENDERUSDT-15m-2026-04.zip,.cache/binance-altcoin-trend-round34/kline_monthly/RENDERUSDT/RENDERUSDT-15m-2026-04.zip,downloaded_verified,633393b6c3aa2ae8d0c020fc90cfc68ad2692374adefd4071ee7b545b5c24b78,114520.0
RENDERUSDT,2026-04,funding_monthly,https://data.binance.vision/data/futures/um/monthly/fundingRate/RENDERUSDT/RENDERUSDT-fundingRate-2026-04.zip,.cache/binance-altcoin-trend-round34/funding_monthly/RENDERUSDT/RENDERUSDT-fundingRate-2026-04.zip,downloaded_verified,417615e990fd606551a592b0c1a31af4a35d583f051f054386fd9521aef060f0,1561.0
RENDERUSDT,2026-05,kline_monthly,https://data.binance.vision/data/futures/um/monthly/klines/RENDERUSDT/15m/RENDERUSDT-15m-2026-05.zip,.cache/binance-altcoin-trend-round34/kline_monthly/RENDERUSDT/RENDERUSDT-15m-2026-05.zip,downloaded_verified,86bfa90dab06d6822b6f717cf340a6d5e01f6340a48228ea0096dbc8088ae9eb,120201.0
RENDERUSDT,2026-05,funding_monthly,https://data.binance.vision/data/futures/um/monthly/fundingRate/RENDERUSDT/RENDERUSDT-fundingRate-2026-05.zip,.cache/binance-altcoin-trend-round34/funding_monthly/RENDERUSDT/RENDERUSDT-fundingRate-2026-05.zip,downloaded_verified,01636515a609408d0473e77395acac1262242e261d81fa099845f156e3de682d,1468.0
RENDERUSDT,2026-06,kline_monthly,https://data.binance.vision/data/futures/um/monthly/klines/RENDERUSDT/15m/RENDERUSDT-15m-2026-06.zip,.cache/binance-altcoin-trend-round34/kline_monthly/RENDERUSDT/RENDERUSDT-15m-2026-06.zip,downloaded_verified,ece22a2d4eccdce3964f1931780af1038f1e8aba8c5794b77e0caa7b821a0780,116407.0
RENDERUSDT,2026-06,funding_monthly,https://data.binance.vision/data/futures/um/monthly/fundingRate/RENDERUSDT/RENDERUSDT-fundingRate-2026-06.zip,.cache/binance-altcoin-trend-round34/funding_monthly/RENDERUSDT/RENDERUSDT-fundingRate-2026-06.zip,downloaded_verified,ea83d197007b248bbf629b4a9cf74746fcba0b3709d8d0ddf43be26989f3558a,1500.0
RENDERUSDT,2026-07-01,kline_daily,https://data.binance.vision/data/futures/um/daily/klines/RENDERUSDT/15m/RENDERUSDT-15m-2026-07-01.zip,.cache/binance-altcoin-trend-round34/kline_daily/RENDERUSDT/RENDERUSDT-15m-2026-07-01.zip,downloaded_verified,e0cc41f6bdf22049964c1c78083e164bff8931242feab2ee762c9b3861d63164,4151.0
RENDERUSDT,2026-07-02,kline_daily,https://data.binance.vision/data/futures/um/daily/klines/RENDERUSDT/15m/RENDERUSDT-15m-2026-07-02.zip,.cache/binance-altcoin-trend-round34/kline_daily/RENDERUSDT/RENDERUSDT-15m-2026-07-02.zip,downloaded_verified,77b33e854aab742bf4121b45e6f820a76c502deceac3e6576987045163de4f53,4171.0
RENDERUSDT,2026-07-03,kline_daily,https://data.binance.vision/data/futures/um/daily/klines/RENDERUSDT/15m/RENDERUSDT-15m-2026-07-03.zip,.cache/binance-altcoin-trend-round34/kline_daily/RENDERUSDT/RENDERUSDT-15m-2026-07-03.zip,downloaded_verified,0c0d3e9f0e929fe8ca157177016b39e2086e8e2610e658aa54c14d3960dc3e88,4093.0
RENDERUSDT,2026-07-04,kline_daily,https://data.binance.vision/data/futures/um/daily/klines/RENDERUSDT/15m/RENDERUSDT-15m-2026-07-04.zip,.cache/binance-altcoin-trend-round34/kline_daily/RENDERUSDT/RENDERUSDT-15m-2026-07-04.zip,downloaded_verified,73de811d0134f80354d43140a276d51593c198c3a905f9b500e5fba6550fd206,4086.0
RENDERUSDT,2026-07-05,kline_daily,https://data.binance.vision/data/futures/um/daily/klines/RENDERUSDT/15m/RENDERUSDT-15m-2026-07-05.zip,.cache/binance-altcoin-trend-round34/kline_daily/RENDERUSDT/RENDERUSDT-15m-2026-07-05.zip,downloaded_verified,a22744d0b077f284a9df6d7cc1d508e61fae13b6ee2f55444b0c8bda42990236,4043.0
RENDERUSDT,2026-07-06,kline_daily,https://data.binance.vision/data/futures/um/daily/klines/RENDERUSDT/15m/RENDERUSDT-15m-2026-07-06.zip,.cache/binance-altcoin-trend-round34/kline_daily/RENDERUSDT/RENDERUSDT-15m-2026-07-06.zip,downloaded_verified,6eef29fc1c61374910113773abdd94b26cb3c4c9bd1e541fe61d8ea78a183d11,4102.0
RENDERUSDT,2026-07-07,kline_daily,https://data.binance.vision/data/futures/um/daily/klines/RENDERUSDT/15m/RENDERUSDT-15m-2026-07-07.zip,.cache/binance-altcoin-trend-round34/kline_daily/RENDERUSDT/RENDERUSDT-15m-2026-07-07.zip,downloaded_verified,c1dad262e63c36547483064757fad62ca9dc135d10cb410cfb8ce94f6a31b369,4100.0
RENDERUSDT,2026-07-08,kline_daily,https://data.binance.vision/data/futures/um/daily/klines/RENDERUSDT/15m/RENDERUSDT-15m-2026-07-08.zip,.cache/binance-altcoin-trend-round34/kline_daily/RENDERUSDT/RENDERUSDT-15m-2026-07-08.zip,downloaded_verified,eddf14083680cecd2c22116bd184d742666f16221597873d20192a3ea78f44c5,4065.0
RENDERUSDT,2026-07-09,kline_daily,https://data.binance.vision/data/futures/um/daily/klines/RENDERUSDT/15m/RENDERUSDT-15m-2026-07-09.zip,.cache/binance-altcoin-trend-round34/kline_daily/RENDERUSDT/RENDERUSDT-15m-2026-07-09.zip,downloaded_verified,0d03bb5b848a00897dff2a7bea419277e7f7903ee33e47b3d707fcef3803e046,3980.0
RENDERUSDT,2026-07-10,kline_daily,https://data.binance.vision/data/futures/um/daily/klines/RENDERUSDT/15m/RENDERUSDT-15m-2026-07-10.zip,.cache/binance-altcoin-trend-round34/kline_daily/RENDERUSDT/RENDERUSDT-15m-2026-07-10.zip,downloaded_verified,f4ccb70ec0a96da03bac5153654be37c37d556c3093af743a5d6f85c888d4ee7,4006.0
RENDERUSDT,2026-07-11,kline_daily,https://data.binance.vision/data/futures/um/daily/klines/RENDERUSDT/15m/RENDERUSDT-15m-2026-07-11.zip,.cache/binance-altcoin-trend-round34/kline_daily/RENDERUSDT/RENDERUSDT-15m-2026-07-11.zip,downloaded_verified,a36ae408df6f49378c8f643fadbbe35eb328f1d1a190ebf7086bba5ad0251716,3919.0
RENDERUSDT,2026-07-12,kline_daily,https://data.binance.vision/data/futures/um/daily/klines/RENDERUSDT/15m/RENDERUSDT-15m-2026-07-12.zip,.cache/binance-altcoin-trend-round34/kline_daily/RENDERUSDT/RENDERUSDT-15m-2026-07-12.zip,downloaded_verified,93e6b104da55c107490e85f029ed65927fa9062f2d3f3494a14fe2a3d98d0c0d,3911.0
RENDERUSDT,2026-07-13,kline_daily,https://data.binance.vision/data/futures/um/daily/klines/RENDERUSDT/15m/RENDERUSDT-15m-2026-07-13.zip,.cache/binance-altcoin-trend-round34/kline_daily/RENDERUSDT/RENDERUSDT-15m-2026-07-13.zip,downloaded_verified,ff9f67cd30a48db7b18da3631d3075e7390fa23feeb246819adda36edceed1d4,4037.0
RENDERUSDT,2026-07-14,kline_daily,https://data.binance.vision/data/futures/um/daily/klines/RENDERUSDT/15m/RENDERUSDT-15m-2026-07-14.zip,.cache/binance-altcoin-trend-round34/kline_daily/RENDERUSDT/RENDERUSDT-15m-2026-07-14.zip,downloaded_verified,59b90e892de31f49657ca6afb13b9e2f553093c78f15fc089bc47aff7771bd25,4035.0
RENDERUSDT,2026-07-15,kline_daily,https://data.binance.vision/data/futures/um/daily/klines/RENDERUSDT/15m/RENDERUSDT-15m-2026-07-15.zip,.cache/binance-altcoin-trend-round34/kline_daily/RENDERUSDT/RENDERUSDT-15m-2026-07-15.zip,downloaded_verified,82d824169c8d97b44d29fd0d57b2b2017b19f4a25351cc1448e1ee596cea136d,4015.0
RENDERUSDT,2026-07-16,kline_daily,https://data.binance.vision/data/futures/um/daily/klines/RENDERUSDT/15m/RENDERUSDT-15m-2026-07-16.zip,.cache/binance-altcoin-trend-round34/kline_daily/RENDERUSDT/RENDERUSDT-15m-2026-07-16.zip,downloaded_verified,c41296fa01de3f256b98b1f30ef5d8c7a8b1732f6f8e5e5a7e54b685f9763036,4020.0
RENDERUSDT,2026-07-17,kline_daily,https://data.binance.vision/data/futures/um/daily/klines/RENDERUSDT/15m/RENDERUSDT-15m-2026-07-17.zip,.cache/binance-altcoin-trend-round34/kline_daily/RENDERUSDT/RENDERUSDT-15m-2026-07-17.zip,downloaded_verified,c5bfb87c24f4f2de83687611f2d95b85763c72ea823e35d3d68e05bfccb5c2cf,4023.0
RENDERUSDT,2026-07-18,kline_daily,https://data.binance.vision/data/futures/um/daily/klines/RENDERUSDT/15m/RENDERUSDT-15m-2026-07-18.zip,.cache/binance-altcoin-trend-round34/kline_daily/RENDERUSDT/RENDERUSDT-15m-2026-07-18.zip,downloaded_verified,3e4d1486a593dc7dace830214ae444f6c340ff0b0914bbf1f1824aaf4a7a5be7,3859.0
RENDERUSDT,2026-07-19,kline_daily,https://data.binance.vision/data/futures/um/daily/klines/RENDERUSDT/15m/RENDERUSDT-15m-2026-07-19.zip,.cache/binance-altcoin-trend-round34/kline_daily/RENDERUSDT/RENDERUSDT-15m-2026-07-19.zip,downloaded_verified,cd36038ae85b0b512d0e9c8ae3d1151dc5521885e913d95e54c3de537b1a002c,3893.0
RENDERUSDT,2026-07-20,kline_daily,https://data.binance.vision/data/futures/um/daily/klines/RENDERUSDT/15m/RENDERUSDT-15m-2026-07-20.zip,.cache/binance-altcoin-trend-round34/kline_daily/RENDERUSDT/RENDERUSDT-15m-2026-07-20.zip,downloaded_verified,723520d374d94313105a5fd97e6b37d8e0d6ac2726c0ab45ff9271d1824a2d49,4026.0
RENDERUSDT,2026-07-21,kline_daily,https://data.binance.vision/data/futures/um/daily/klines/RENDERUSDT/15m/RENDERUSDT-15m-2026-07-21.zip,.cache/binance-altcoin-trend-round34/kline_daily/RENDERUSDT/RENDERUSDT-15m-2026-07-21.zip,downloaded_verified,c4b28db6eb6285a14afdd0f43e07707aff9c0296e4a201e57235e4f4d2824464,4013.0
RENDERUSDT,2026-07-22,kline_daily,https://data.binance.vision/data/futures/um/daily/klines/RENDERUSDT/15m/RENDERUSDT-15m-2026-07-22.zip,.cache/binance-altcoin-trend-round34/kline_daily/RENDERUSDT/RENDERUSDT-15m-2026-07-22.zip,downloaded_verified,9b3b11e410c1139f4f0b35d28c41b481c8fe3afbb42c47145ea641669182942c,3993.0
RENDERUSDT,2026-07-23,kline_daily,https://data.binance.vision/data/futures/um/daily/klines/RENDERUSDT/15m/RENDERUSDT-15m-2026-07-23.zip,.cache/binance-altcoin-trend-round34/kline_daily/RENDERUSDT/RENDERUSDT-15m-2026-07-23.zip,downloaded_verified,9cc69b1e6b10faa42fdf65e606a6fbaf2ed4a6e4eaebf410df038d9e6ed9d562,3990.0
RENDERUSDT,2026-07-24,kline_daily,https://data.binance.vision/data/futures/um/daily/klines/RENDERUSDT/15m/RENDERUSDT-15m-2026-07-24.zip,.cache/binance-altcoin-trend-round34/kline_daily/RENDERUSDT/RENDERUSDT-15m-2026-07-24.zip,downloaded_verified,91df048f002caf3cd9f24a739b6a2bbc54a5a9ee47e0d3738b864ae7ab75adbe,4025.0
RENDERUSDT,2026-07-25,kline_daily,https://data.binance.vision/data/futures/um/daily/klines/RENDERUSDT/15m/RENDERUSDT-15m-2026-07-25.zip,.cache/binance-altcoin-trend-round34/kline_daily/RENDERUSDT/RENDERUSDT-15m-2026-07-25.zip,downloaded_verified,ca1b61822bc96880b9a6c6d20dbfff77f444babe72d237c554f037a1ed9b30f8,3888.0
RENDERUSDT,2026-07-26,kline_daily,https://data.binance.vision/data/futures/um/daily/klines/RENDERUSDT/15m/RENDERUSDT-15m-2026-07-26.zip,.cache/binance-altcoin-trend-round34/kline_daily/RENDERUSDT/RENDERUSDT-15m-2026-07-26.zip,downloaded_verified,8048a8c2491f878bc12289a0768538ceace80c548d925bd2c7b4387afd84ed2e,3912.0
TONUSDT,2023-11,kline_monthly,https://data.binance.vision/data/futures/um/monthly/klines/TONUSDT/15m/TONUSDT-15m-2023-11.zip,.cache/binance-altcoin-trend-round34/kline_monthly/TONUSDT/TONUSDT-15m-2023-11.zip,missing,,
TONUSDT,2023-11,funding_monthly,https://data.binance.vision/data/futures/um/monthly/fundingRate/TONUSDT/TONUSDT-fundingRate-2023-11.zip,.cache/binance-altcoin-trend-round34/funding_monthly/TONUSDT/TONUSDT-fundingRate-2023-11.zip,missing,,
TONUSDT,2023-12,kline_monthly,https://data.binance.vision/data/futures/um/monthly/klines/TONUSDT/15m/TONUSDT-15m-2023-12.zip,.cache/binance-altcoin-trend-round34/kline_monthly/TONUSDT/TONUSDT-15m-2023-12.zip,missing,,
TONUSDT,2023-12,funding_monthly,https://data.binance.vision/data/futures/um/monthly/fundingRate/TONUSDT/TONUSDT-fundingRate-2023-12.zip,.cache/binance-altcoin-trend-round34/funding_monthly/TONUSDT/TONUSDT-fundingRate-2023-12.zip,missing,,
TONUSDT,2024-01,kline_monthly,https://data.binance.vision/data/futures/um/monthly/klines/TONUSDT/15m/TONUSDT-15m-2024-01.zip,.cache/binance-altcoin-trend-round34/kline_monthly/TONUSDT/TONUSDT-15m-2024-01.zip,missing,,
TONUSDT,2024-01,funding_monthly,https://data.binance.vision/data/futures/um/monthly/fundingRate/TONUSDT/TONUSDT-fundingRate-2024-01.zip,.cache/binance-altcoin-trend-round34/funding_monthly/TONUSDT/TONUSDT-fundingRate-2024-01.zip,missing,,
TONUSDT,2024-02,kline_monthly,https://data.binance.vision/data/futures/um/monthly/klines/TONUSDT/15m/TONUSDT-15m-2024-02.zip,.cache/binance-altcoin-trend-round34/kline_monthly/TONUSDT/TONUSDT-15m-2024-02.zip,missing,,
TONUSDT,2024-02,funding_monthly,https://data.binance.vision/data/futures/um/monthly/fundingRate/TONUSDT/TONUSDT-fundingRate-2024-02.zip,.cache/binance-altcoin-trend-round34/funding_monthly/TONUSDT/TONUSDT-fundingRate-2024-02.zip,missing,,
TONUSDT,2024-03,kline_monthly,https://data.binance.vision/data/futures/um/monthly/klines/TONUSDT/15m/TONUSDT-15m-2024-03.zip,.cache/binance-altcoin-trend-round34/kline_monthly/TONUSDT/TONUSDT-15m-2024-03.zip,downloaded_verified,70a2661f4adb69fef19fa13406ef935b27b85ca108b51bcd20e44268468f2972,132478.0
TONUSDT,2024-03,funding_monthly,https://data.binance.vision/data/futures/um/monthly/fundingRate/TONUSDT/TONUSDT-fundingRate-2024-03.zip,.cache/binance-altcoin-trend-round34/funding_monthly/TONUSDT/TONUSDT-fundingRate-2024-03.zip,downloaded_verified,e7a774d425035006b225b868c06d615360a86e07012bcfb73e910e002de38882,1540.0
TONUSDT,2024-04,kline_monthly,https://data.binance.vision/data/futures/um/monthly/klines/TONUSDT/15m/TONUSDT-15m-2024-04.zip,.cache/binance-altcoin-trend-round34/kline_monthly/TONUSDT/TONUSDT-15m-2024-04.zip,downloaded_verified,9a54a49ba26b343eb3a59779784432c6ab36f7de7dc3a66045cda9405a810811,133974.0
TONUSDT,2024-04,funding_monthly,https://data.binance.vision/data/futures/um/monthly/fundingRate/TONUSDT/TONUSDT-fundingRate-2024-04.zip,.cache/binance-altcoin-trend-round34/funding_monthly/TONUSDT/TONUSDT-fundingRate-2024-04.zip,downloaded_verified,7f2156eb783bffd0fc4c801677ded4baa7b0f9896109a155a5818f99be00f759,1253.0
TONUSDT,2024-05,kline_monthly,https://data.binance.vision/data/futures/um/monthly/klines/TONUSDT/15m/TONUSDT-15m-2024-05.zip,.cache/binance-altcoin-trend-round34/kline_monthly/TONUSDT/TONUSDT-15m-2024-05.zip,downloaded_verified,016b0c7364d93348cce37f0d6262dced818d3a0f8b6d46732640c046713f98af,136518.0
TONUSDT,2024-05,funding_monthly,https://data.binance.vision/data/futures/um/monthly/fundingRate/TONUSDT/TONUSDT-fundingRate-2024-05.zip,.cache/binance-altcoin-trend-round34/funding_monthly/TONUSDT/TONUSDT-fundingRate-2024-05.zip,downloaded_verified,a2eb0ff3d774712f81f65a8ee60270a788402a90bbe33e924c7600675e209048,1239.0
TONUSDT,2024-06,kline_monthly,https://data.binance.vision/data/futures/um/monthly/klines/TONUSDT/15m/TONUSDT-15m-2024-06.zip,.cache/binance-altcoin-trend-round34/kline_monthly/TONUSDT/TONUSDT-15m-2024-06.zip,downloaded_verified,a976d697b5433f13391149607de6d20cf92176589d0cd6791382109fa3b8aa56,133108.0
TONUSDT,2024-06,funding_monthly,https://data.binance.vision/data/futures/um/monthly/fundingRate/TONUSDT/TONUSDT-fundingRate-2024-06.zip,.cache/binance-altcoin-trend-round34/funding_monthly/TONUSDT/TONUSDT-fundingRate-2024-06.zip,downloaded_verified,08e2d2f15afcf7894d85bb8f2723f14f40d837965e77babcfc07372f883517f5,1381.0
TONUSDT,2024-07,kline_monthly,https://data.binance.vision/data/futures/um/monthly/klines/TONUSDT/15m/TONUSDT-15m-2024-07.zip,.cache/binance-altcoin-trend-round34/kline_monthly/TONUSDT/TONUSDT-15m-2024-07.zip,downloaded_verified,60f9b50ed6f2f1a1c033b3dda392d90ea281321da6046a63bd7dc54af63046d8,134912.0
TONUSDT,2024-07,funding_monthly,https://data.binance.vision/data/futures/um/monthly/fundingRate/TONUSDT/TONUSDT-fundingRate-2024-07.zip,.cache/binance-altcoin-trend-round34/funding_monthly/TONUSDT/TONUSDT-fundingRate-2024-07.zip,downloaded_verified,86b46942d7c38c1637be6e7598965c4fda2f9c5da6be70cbfc2b4de88424ab0f,1530.0
TONUSDT,2024-08,kline_monthly,https://data.binance.vision/data/futures/um/monthly/klines/TONUSDT/15m/TONUSDT-15m-2024-08.zip,.cache/binance-altcoin-trend-round34/kline_monthly/TONUSDT/TONUSDT-15m-2024-08.zip,downloaded_verified,fb27ff43ba5c51c59e144136f350b6d64467d0191a305ad3bbd07e464198ea9a,139426.0
TONUSDT,2024-08,funding_monthly,https://data.binance.vision/data/futures/um/monthly/fundingRate/TONUSDT/TONUSDT-fundingRate-2024-08.zip,.cache/binance-altcoin-trend-round34/funding_monthly/TONUSDT/TONUSDT-fundingRate-2024-08.zip,downloaded_verified,87f3125eb011e6575d07cc884e8d9733e4cbbc8fad1f1e1a72679545ab0823ea,1417.0
TONUSDT,2024-09,kline_monthly,https://data.binance.vision/data/futures/um/monthly/klines/TONUSDT/15m/TONUSDT-15m-2024-09.zip,.cache/binance-altcoin-trend-round34/kline_monthly/TONUSDT/TONUSDT-15m-2024-09.zip,downloaded_verified,a76a951b8a84bedbdfa0582decab704407d744c71a53ce20959f3c2587d78c43,133167.0
TONUSDT,2024-09,funding_monthly,https://data.binance.vision/data/futures/um/monthly/fundingRate/TONUSDT/TONUSDT-fundingRate-2024-09.zip,.cache/binance-altcoin-trend-round34/funding_monthly/TONUSDT/TONUSDT-fundingRate-2024-09.zip,downloaded_verified,6d71e59afedda47bc52e84f20029c26d9c53c0d4eb4b9340d0f7ae2aa0fd7563,1304.0
TONUSDT,2024-10,kline_monthly,https://data.binance.vision/data/futures/um/monthly/klines/TONUSDT/15m/TONUSDT-15m-2024-10.zip,.cache/binance-altcoin-trend-round34/kline_monthly/TONUSDT/TONUSDT-15m-2024-10.zip,downloaded_verified,abb3532611ee12981a4eae75f6c48ddaf23d040f1ec4ca5f7ec99fde94b00c83,133208.0
TONUSDT,2024-10,funding_monthly,https://data.binance.vision/data/futures/um/monthly/fundingRate/TONUSDT/TONUSDT-fundingRate-2024-10.zip,.cache/binance-altcoin-trend-round34/funding_monthly/TONUSDT/TONUSDT-fundingRate-2024-10.zip,downloaded_verified,25dc4334603cc1f6a9dd30d3cfa0869fc3a121f339f779a6273023e0083d8579,1200.0
TONUSDT,2024-11,kline_monthly,https://data.binance.vision/data/futures/um/monthly/klines/TONUSDT/15m/TONUSDT-15m-2024-11.zip,.cache/binance-altcoin-trend-round34/kline_monthly/TONUSDT/TONUSDT-15m-2024-11.zip,downloaded_verified,a306f0398c754b1780cd69f55e30a036d29d3a03b639eb788a2f1f2cc710a049,133336.0
TONUSDT,2024-11,funding_monthly,https://data.binance.vision/data/futures/um/monthly/fundingRate/TONUSDT/TONUSDT-fundingRate-2024-11.zip,.cache/binance-altcoin-trend-round34/funding_monthly/TONUSDT/TONUSDT-fundingRate-2024-11.zip,downloaded_verified,1dcc5e5399ec5e5d14d5b30431dce4b4d206360356024f824ae858b109d83471,1242.0
TONUSDT,2024-12,kline_monthly,https://data.binance.vision/data/futures/um/monthly/klines/TONUSDT/15m/TONUSDT-15m-2024-12.zip,.cache/binance-altcoin-trend-round34/kline_monthly/TONUSDT/TONUSDT-15m-2024-12.zip,downloaded_verified,a5cbde00e2b8a5e83bf19fe3ef21892436a1cdd1f4d31d1b26d574fe1cb3be0b,137245.0
TONUSDT,2024-12,funding_monthly,https://data.binance.vision/data/futures/um/monthly/fundingRate/TONUSDT/TONUSDT-fundingRate-2024-12.zip,.cache/binance-altcoin-trend-round34/funding_monthly/TONUSDT/TONUSDT-fundingRate-2024-12.zip,downloaded_verified,4259b78fa66f96cb0c17079f5374ab03fafe693c3f62de5473176af1ba871b06,1293.0
TONUSDT,2025-01,kline_monthly,https://data.binance.vision/data/futures/um/monthly/klines/TONUSDT/15m/TONUSDT-15m-2025-01.zip,.cache/binance-altcoin-trend-round34/kline_monthly/TONUSDT/TONUSDT-15m-2025-01.zip,downloaded_verified,3f56e51f1aa506b575e2a93f9c1d9c740bc8d4935b17cab990d0ecb546fef250,133610.0
TONUSDT,2025-01,funding_monthly,https://data.binance.vision/data/futures/um/monthly/fundingRate/TONUSDT/TONUSDT-fundingRate-2025-01.zip,.cache/binance-altcoin-trend-round34/funding_monthly/TONUSDT/TONUSDT-fundingRate-2025-01.zip,downloaded_verified,6260f7f96bef47e86b522ba7ee0d76ccbe9ce73c56a50fdf6e4197ff35dd53b8,1026.0
TONUSDT,2025-02,kline_monthly,https://data.binance.vision/data/futures/um/monthly/klines/TONUSDT/15m/TONUSDT-15m-2025-02.zip,.cache/binance-altcoin-trend-round34/kline_monthly/TONUSDT/TONUSDT-15m-2025-02.zip,downloaded_verified,323c4d868c8f49f1101cc1a402f5c15f5443131ac5dfb8ac178ce71e5027ebc8,120850.0
TONUSDT,2025-02,funding_monthly,https://data.binance.vision/data/futures/um/monthly/fundingRate/TONUSDT/TONUSDT-fundingRate-2025-02.zip,.cache/binance-altcoin-trend-round34/funding_monthly/TONUSDT/TONUSDT-fundingRate-2025-02.zip,downloaded_verified,d9cb7e7e2b046815e989ac984a19db75b1184353c69b8f9f917d5bcfe8db6716,1255.0
TONUSDT,2025-03,kline_monthly,https://data.binance.vision/data/futures/um/monthly/klines/TONUSDT/15m/TONUSDT-15m-2025-03.zip,.cache/binance-altcoin-trend-round34/kline_monthly/TONUSDT/TONUSDT-15m-2025-03.zip,downloaded_verified,2e8dd65192fc9ab2a946b2723e9013dc4a2a12cdd616e2d5c92d9f434f10475a,135525.0
TONUSDT,2025-03,funding_monthly,https://data.binance.vision/data/futures/um/monthly/fundingRate/TONUSDT/TONUSDT-fundingRate-2025-03.zip,.cache/binance-altcoin-trend-round34/funding_monthly/TONUSDT/TONUSDT-fundingRate-2025-03.zip,downloaded_verified,74175df25232c2e4e97213aedd6d88d53a9d92f4c2c0a9e958f8a580cf13e5d3,1401.0
TONUSDT,2025-04,kline_monthly,https://data.binance.vision/data/futures/um/monthly/klines/TONUSDT/15m/TONUSDT-15m-2025-04.zip,.cache/binance-altcoin-trend-round34/kline_monthly/TONUSDT/TONUSDT-15m-2025-04.zip,downloaded_verified,3cd2d48bd0a37f1b5ae777f266f13a67da42aa7bb3143d57d464ecf1fac5ae59,130423.0
TONUSDT,2025-04,funding_monthly,https://data.binance.vision/data/futures/um/monthly/fundingRate/TONUSDT/TONUSDT-fundingRate-2025-04.zip,.cache/binance-altcoin-trend-round34/funding_monthly/TONUSDT/TONUSDT-fundingRate-2025-04.zip,downloaded_verified,41cb2cfe11fc27d58e84236478f69850208e1c3365a11bfa890458be705ee217,1314.0
TONUSDT,2025-05,kline_monthly,https://data.binance.vision/data/futures/um/monthly/klines/TONUSDT/15m/TONUSDT-15m-2025-05.zip,.cache/binance-altcoin-trend-round34/kline_monthly/TONUSDT/TONUSDT-15m-2025-05.zip,downloaded_verified,3e0a5dddb6a63d0ad103fe08c21a119027937858462c57d192a5dcffae16ac83,134019.0
TONUSDT,2025-05,funding_monthly,https://data.binance.vision/data/futures/um/monthly/fundingRate/TONUSDT/TONUSDT-fundingRate-2025-05.zip,.cache/binance-altcoin-trend-round34/funding_monthly/TONUSDT/TONUSDT-fundingRate-2025-05.zip,downloaded_verified,b0490acf905457db90f115f4e45a7f3e38de60f7af8f718e4083faa45a15d564,1346.0
TONUSDT,2025-06,kline_monthly,https://data.binance.vision/data/futures/um/monthly/klines/TONUSDT/15m/TONUSDT-15m-2025-06.zip,.cache/binance-altcoin-trend-round34/kline_monthly/TONUSDT/TONUSDT-15m-2025-06.zip,downloaded_verified,75d1d1b53cb0518728d1498c50d2c5f8108e176166adabd825553a0b552388d4,128044.0
TONUSDT,2025-06,funding_monthly,https://data.binance.vision/data/futures/um/monthly/fundingRate/TONUSDT/TONUSDT-fundingRate-2025-06.zip,.cache/binance-altcoin-trend-round34/funding_monthly/TONUSDT/TONUSDT-fundingRate-2025-06.zip,downloaded_verified,63c868e59db314bb2acaca6d58636a042894b650938458ddb71dca9757fe5373,1361.0
TONUSDT,2025-07,kline_monthly,https://data.binance.vision/data/futures/um/monthly/klines/TONUSDT/15m/TONUSDT-15m-2025-07.zip,.cache/binance-altcoin-trend-round34/kline_monthly/TONUSDT/TONUSDT-15m-2025-07.zip,downloaded_verified,0e843394a6f159c98a0a0304ff4df9495a3afe6ba5e79cc51cfcb67a1e6c2df2,134725.0
TONUSDT,2025-07,funding_monthly,https://data.binance.vision/data/futures/um/monthly/fundingRate/TONUSDT/TONUSDT-fundingRate-2025-07.zip,.cache/binance-altcoin-trend-round34/funding_monthly/TONUSDT/TONUSDT-fundingRate-2025-07.zip,downloaded_verified,f6d77cd3de16ef7afbb63df39fb4d32435125bbfe38c81156c6c40f531a4ed91,1210.0
TONUSDT,2025-08,kline_monthly,https://data.binance.vision/data/futures/um/monthly/klines/TONUSDT/15m/TONUSDT-15m-2025-08.zip,.cache/binance-altcoin-trend-round34/kline_monthly/TONUSDT/TONUSDT-15m-2025-08.zip,downloaded_verified,c840ed5fcd131bcd7df0522fba377d8144e076adcad3758d371125105536c163,135153.0
TONUSDT,2025-08,funding_monthly,https://data.binance.vision/data/futures/um/monthly/fundingRate/TONUSDT/TONUSDT-fundingRate-2025-08.zip,.cache/binance-altcoin-trend-round34/funding_monthly/TONUSDT/TONUSDT-fundingRate-2025-08.zip,downloaded_verified,c3e45a68794cc1b44f048add9f54f67372aa8e2fe40e717b1c14eb6dd778762a,1338.0
TONUSDT,2025-09,kline_monthly,https://data.binance.vision/data/futures/um/monthly/klines/TONUSDT/15m/TONUSDT-15m-2025-09.zip,.cache/binance-altcoin-trend-round34/kline_monthly/TONUSDT/TONUSDT-15m-2025-09.zip,downloaded_verified,f188c591001f55eec6a941ab9b1118e925fa712044d895a05d8bf270e41163d8,127375.0
TONUSDT,2025-09,funding_monthly,https://data.binance.vision/data/futures/um/monthly/fundingRate/TONUSDT/TONUSDT-fundingRate-2025-09.zip,.cache/binance-altcoin-trend-round34/funding_monthly/TONUSDT/TONUSDT-fundingRate-2025-09.zip,downloaded_verified,cbf0a4a4dc839ebba339fb7df483145e7d34220d4973c617b7d5fb1e56e417da,1288.0
TONUSDT,2025-10,kline_monthly,https://data.binance.vision/data/futures/um/monthly/klines/TONUSDT/15m/TONUSDT-15m-2025-10.zip,.cache/binance-altcoin-trend-round34/kline_monthly/TONUSDT/TONUSDT-15m-2025-10.zip,downloaded_verified,d8da0ec1570b1dec1bb1bbc71382ee61582b7933e329e0a700b25d6eb4a87669,132927.0
TONUSDT,2025-10,funding_monthly,https://data.binance.vision/data/futures/um/monthly/fundingRate/TONUSDT/TONUSDT-fundingRate-2025-10.zip,.cache/binance-altcoin-trend-round34/funding_monthly/TONUSDT/TONUSDT-fundingRate-2025-10.zip,downloaded_verified,a491033b23fc6a287446d05d2b8bea54de5befa4c2107ae56a787cf69e1052a0,1479.0
TONUSDT,2025-11,kline_monthly,https://data.binance.vision/data/futures/um/monthly/klines/TONUSDT/15m/TONUSDT-15m-2025-11.zip,.cache/binance-altcoin-trend-round34/kline_monthly/TONUSDT/TONUSDT-15m-2025-11.zip,downloaded_verified,4d9141c80949ba4cb49ff69eceb1a7f2218ad69f8747add70c6029e6d3d8ac48,128777.0
TONUSDT,2025-11,funding_monthly,https://data.binance.vision/data/futures/um/monthly/fundingRate/TONUSDT/TONUSDT-fundingRate-2025-11.zip,.cache/binance-altcoin-trend-round34/funding_monthly/TONUSDT/TONUSDT-fundingRate-2025-11.zip,downloaded_verified,97138a8c113cf9422c2ac6df06bd4527fcb1b00086124b0cdd1902a247d505df,1497.0
TONUSDT,2025-12,kline_monthly,https://data.binance.vision/data/futures/um/monthly/klines/TONUSDT/15m/TONUSDT-15m-2025-12.zip,.cache/binance-altcoin-trend-round34/kline_monthly/TONUSDT/TONUSDT-15m-2025-12.zip,downloaded_verified,87e04fa38dfc84be4e49c7def088f9bd9869d3920cedf341029e80d2e9f5acfc,130479.0
TONUSDT,2025-12,funding_monthly,https://data.binance.vision/data/futures/um/monthly/fundingRate/TONUSDT/TONUSDT-fundingRate-2025-12.zip,.cache/binance-altcoin-trend-round34/funding_monthly/TONUSDT/TONUSDT-fundingRate-2025-12.zip,downloaded_verified,cdf679bb08f0b3371e500dc0439b670c283e3240a32fd9710e43605a02bc9452,1492.0
TONUSDT,2026-01,kline_monthly,https://data.binance.vision/data/futures/um/monthly/klines/TONUSDT/15m/TONUSDT-15m-2026-01.zip,.cache/binance-altcoin-trend-round34/kline_monthly/TONUSDT/TONUSDT-15m-2026-01.zip,downloaded_verified,2d653a4955fa8ae1240757486f2519f259fa5eae113b8b395cf2d9874b34f9b3,130326.0
TONUSDT,2026-01,funding_monthly,https://data.binance.vision/data/futures/um/monthly/fundingRate/TONUSDT/TONUSDT-fundingRate-2026-01.zip,.cache/binance-altcoin-trend-round34/funding_monthly/TONUSDT/TONUSDT-fundingRate-2026-01.zip,downloaded_verified,a261115ed53515804245b82c52c8e5cbad6003ac54360c951fcdc6558348fbb8,1617.0
TONUSDT,2026-02,kline_monthly,https://data.binance.vision/data/futures/um/monthly/klines/TONUSDT/15m/TONUSDT-15m-2026-02.zip,.cache/binance-altcoin-trend-round34/kline_monthly/TONUSDT/TONUSDT-15m-2026-02.zip,downloaded_verified,6783645bd75f5c9a255a6ee21c05bb06d9598c264e5bd9248b684ec2cb2b41c2,118126.0
TONUSDT,2026-02,funding_monthly,https://data.binance.vision/data/futures/um/monthly/fundingRate/TONUSDT/TONUSDT-fundingRate-2026-02.zip,.cache/binance-altcoin-trend-round34/funding_monthly/TONUSDT/TONUSDT-fundingRate-2026-02.zip,downloaded_verified,afabda9b02983ad98665ff170e3fe5dc06b8eda9571f09ece0b6d62474747d9a,1545.0
TONUSDT,2026-03,kline_monthly,https://data.binance.vision/data/futures/um/monthly/klines/TONUSDT/15m/TONUSDT-15m-2026-03.zip,.cache/binance-altcoin-trend-round34/kline_monthly/TONUSDT/TONUSDT-15m-2026-03.zip,downloaded_verified,7033365cec2618f27ae07e186f0226cea52c102475fce57c8f79606bcc4a53ae,128461.0
TONUSDT,2026-03,funding_monthly,https://data.binance.vision/data/futures/um/monthly/fundingRate/TONUSDT/TONUSDT-fundingRate-2026-03.zip,.cache/binance-altcoin-trend-round34/funding_monthly/TONUSDT/TONUSDT-fundingRate-2026-03.zip,downloaded_verified,9785de31496bcdde4bb3a070defe90cad5c489663f6e24029fd2ef1c549d6f0a,1594.0
TONUSDT,2026-04,kline_monthly,https://data.binance.vision/data/futures/um/monthly/klines/TONUSDT/15m/TONUSDT-15m-2026-04.zip,.cache/binance-altcoin-trend-round34/kline_monthly/TONUSDT/TONUSDT-15m-2026-04.zip,downloaded_verified,66b77c7b98376816e5afbe04f375639d8fe696df3a02269d01fcbea659af224f,124931.0
TONUSDT,2026-04,funding_monthly,https://data.binance.vision/data/futures/um/monthly/fundingRate/TONUSDT/TONUSDT-fundingRate-2026-04.zip,.cache/binance-altcoin-trend-round34/funding_monthly/TONUSDT/TONUSDT-fundingRate-2026-04.zip,downloaded_verified,36960e6e2d452ef4bfacf561d96dc395b9b745a03cba5142df1e5e7ec2595939,1530.0
TONUSDT,2026-05,kline_monthly,https://data.binance.vision/data/futures/um/monthly/klines/TONUSDT/15m/TONUSDT-15m-2026-05.zip,.cache/binance-altcoin-trend-round34/kline_monthly/TONUSDT/TONUSDT-15m-2026-05.zip,downloaded_verified,c26d45c73a0008751f949e5070cafd42013ffbf355f24c48d054126a70650abb,138989.0
TONUSDT,2026-05,funding_monthly,https://data.binance.vision/data/futures/um/monthly/fundingRate/TONUSDT/TONUSDT-fundingRate-2026-05.zip,.cache/binance-altcoin-trend-round34/funding_monthly/TONUSDT/TONUSDT-fundingRate-2026-05.zip,downloaded_verified,dbf332f1e924503034827009db74e2871b4214ae6e0375730a7c4ae9252fcf74,1650.0
TONUSDT,2026-06,kline_monthly,https://data.binance.vision/data/futures/um/monthly/klines/TONUSDT/15m/TONUSDT-15m-2026-06.zip,.cache/binance-altcoin-trend-round34/kline_monthly/TONUSDT/TONUSDT-15m-2026-06.zip,downloaded_verified,a65a5d68e33da42b7fc1fc679aa1f1d0e13977811bd79cf22836ba86e97dd08b,104048.0
TONUSDT,2026-06,funding_monthly,https://data.binance.vision/data/futures/um/monthly/fundingRate/TONUSDT/TONUSDT-fundingRate-2026-06.zip,.cache/binance-altcoin-trend-round34/funding_monthly/TONUSDT/TONUSDT-fundingRate-2026-06.zip,downloaded_verified,a448d82d042e77fc17511b18db555e5d1c66df8b9c4d2a61630219eb31110a1a,1247.0
TONUSDT,2026-07-01,kline_daily,https://data.binance.vision/data/futures/um/daily/klines/TONUSDT/15m/TONUSDT-15m-2026-07-01.zip,.cache/binance-altcoin-trend-round34/kline_daily/TONUSDT/TONUSDT-15m-2026-07-01.zip,downloaded_verified,caed20138f615d09fdd5042fc648bfdb9562cc2dd7916ac7c8db572a75aa9ed6,904.0
TONUSDT,2026-07-02,kline_daily,https://data.binance.vision/data/futures/um/daily/klines/TONUSDT/15m/TONUSDT-15m-2026-07-02.zip,.cache/binance-altcoin-trend-round34/kline_daily/TONUSDT/TONUSDT-15m-2026-07-02.zip,downloaded_verified,d0d9525db452c4a409ca710dc38f2ade52c31e24f2be624808354e599002edb2,914.0
TONUSDT,2026-07-03,kline_daily,https://data.binance.vision/data/futures/um/daily/klines/TONUSDT/15m/TONUSDT-15m-2026-07-03.zip,.cache/binance-altcoin-trend-round34/kline_daily/TONUSDT/TONUSDT-15m-2026-07-03.zip,downloaded_verified,be2c334a004363649c1bc507f77e0dea96cf22f8974c0d854890a563a2b938bc,903.0
TONUSDT,2026-07-04,kline_daily,https://data.binance.vision/data/futures/um/daily/klines/TONUSDT/15m/TONUSDT-15m-2026-07-04.zip,.cache/binance-altcoin-trend-round34/kline_daily/TONUSDT/TONUSDT-15m-2026-07-04.zip,downloaded_verified,d78271b6b63d429491c797567626770f04b57b693562eb17a280ac173fa8a4c3,888.0
TONUSDT,2026-07-05,kline_daily,https://data.binance.vision/data/futures/um/daily/klines/TONUSDT/15m/TONUSDT-15m-2026-07-05.zip,.cache/binance-altcoin-trend-round34/kline_daily/TONUSDT/TONUSDT-15m-2026-07-05.zip,downloaded_verified,d09d5c4514c77748886f86107c9a704bb6080d8af23b64476f1a2ca063b99ac3,881.0
TONUSDT,2026-07-06,kline_daily,https://data.binance.vision/data/futures/um/daily/klines/TONUSDT/15m/TONUSDT-15m-2026-07-06.zip,.cache/binance-altcoin-trend-round34/kline_daily/TONUSDT/TONUSDT-15m-2026-07-06.zip,downloaded_verified,b461e151ae6421c9b02861d7e91d6b1e76d70377db3e32cf0025e5561581535b,900.0
TONUSDT,2026-07-07,kline_daily,https://data.binance.vision/data/futures/um/daily/klines/TONUSDT/15m/TONUSDT-15m-2026-07-07.zip,.cache/binance-altcoin-trend-round34/kline_daily/TONUSDT/TONUSDT-15m-2026-07-07.zip,downloaded_verified,411128c2160f409d7343a55e89b852633d989104764cbae9c0529cac6a8a290b,908.0
TONUSDT,2026-07-08,kline_daily,https://data.binance.vision/data/futures/um/daily/klines/TONUSDT/15m/TONUSDT-15m-2026-07-08.zip,.cache/binance-altcoin-trend-round34/kline_daily/TONUSDT/TONUSDT-15m-2026-07-08.zip,downloaded_verified,406a0ec54e2286b83155dff11ed597d42493afd5d394cb99c42f35df75ab64dc,906.0
TONUSDT,2026-07-09,kline_daily,https://data.binance.vision/data/futures/um/daily/klines/TONUSDT/15m/TONUSDT-15m-2026-07-09.zip,.cache/binance-altcoin-trend-round34/kline_daily/TONUSDT/TONUSDT-15m-2026-07-09.zip,downloaded_verified,a1e35b3c1445b83c97dd4a34996f0a0f620e1e25c3d6274d6ffad025b80e6af8,902.0
TONUSDT,2026-07-10,kline_daily,https://data.binance.vision/data/futures/um/daily/klines/TONUSDT/15m/TONUSDT-15m-2026-07-10.zip,.cache/binance-altcoin-trend-round34/kline_daily/TONUSDT/TONUSDT-15m-2026-07-10.zip,downloaded_verified,c82b0ed371fe70d94c0e8fd7b306efedd5d4be0d9b11dacaabd98e09d5e47114,896.0
TONUSDT,2026-07-11,kline_daily,https://data.binance.vision/data/futures/um/daily/klines/TONUSDT/15m/TONUSDT-15m-2026-07-11.zip,.cache/binance-altcoin-trend-round34/kline_daily/TONUSDT/TONUSDT-15m-2026-07-11.zip,downloaded_verified,7a4702b2a3ca2c7f4677ebe5067122893cbfe546fdc57e2e90713bca809dcfdd,894.0
TONUSDT,2026-07-12,kline_daily,https://data.binance.vision/data/futures/um/daily/klines/TONUSDT/15m/TONUSDT-15m-2026-07-12.zip,.cache/binance-altcoin-trend-round34/kline_daily/TONUSDT/TONUSDT-15m-2026-07-12.zip,downloaded_verified,44115a182b303a8a7567079575a4caef8289e42462d928032be5911602acccad,889.0
TONUSDT,2026-07-13,kline_daily,https://data.binance.vision/data/futures/um/daily/klines/TONUSDT/15m/TONUSDT-15m-2026-07-13.zip,.cache/binance-altcoin-trend-round34/kline_daily/TONUSDT/TONUSDT-15m-2026-07-13.zip,downloaded_verified,14a71d27bc78849357d59dae35c4a9aab9e1ae31601dff66d2a524444aa8a7b7,896.0
TONUSDT,2026-07-14,kline_daily,https://data.binance.vision/data/futures/um/daily/klines/TONUSDT/15m/TONUSDT-15m-2026-07-14.zip,.cache/binance-altcoin-trend-round34/kline_daily/TONUSDT/TONUSDT-15m-2026-07-14.zip,downloaded_verified,47411aa26d58737e0ff4b9b7d94c6b3b16767bf4bc006c4e9b4605e246964333,914.0
TONUSDT,2026-07-15,kline_daily,https://data.binance.vision/data/futures/um/daily/klines/TONUSDT/15m/TONUSDT-15m-2026-07-15.zip,.cache/binance-altcoin-trend-round34/kline_daily/TONUSDT/TONUSDT-15m-2026-07-15.zip,downloaded_verified,9a009c0a01af67695313ac4af2600b3a460660e1b28c6b524e7955a2a13b06d5,903.0
TONUSDT,2026-07-16,kline_daily,https://data.binance.vision/data/futures/um/daily/klines/TONUSDT/15m/TONUSDT-15m-2026-07-16.zip,.cache/binance-altcoin-trend-round34/kline_daily/TONUSDT/TONUSDT-15m-2026-07-16.zip,downloaded_verified,3bb40cfc89229cf1ca5c2b69a697e2de06895fff88a8c967a03fb9dbb0f2a8f9,900.0
TONUSDT,2026-07-17,kline_daily,https://data.binance.vision/data/futures/um/daily/klines/TONUSDT/15m/TONUSDT-15m-2026-07-17.zip,.cache/binance-altcoin-trend-round34/kline_daily/TONUSDT/TONUSDT-15m-2026-07-17.zip,downloaded_verified,630180165e69023eda65ca304dfb8cd2cf233bde4594340c9b49644b646a6dd6,899.0
TONUSDT,2026-07-18,kline_daily,https://data.binance.vision/data/futures/um/daily/klines/TONUSDT/15m/TONUSDT-15m-2026-07-18.zip,.cache/binance-altcoin-trend-round34/kline_daily/TONUSDT/TONUSDT-15m-2026-07-18.zip,downloaded_verified,4902f77cfdc081497bf3e426b524c1578111b16a62963eef3c1b197b20676e17,887.0
TONUSDT,2026-07-19,kline_daily,https://data.binance.vision/data/futures/um/daily/klines/TONUSDT/15m/TONUSDT-15m-2026-07-19.zip,.cache/binance-altcoin-trend-round34/kline_daily/TONUSDT/TONUSDT-15m-2026-07-19.zip,downloaded_verified,aaa693b573925cdad09b404dcb15535f603964dd3aac4b645af56bd9c71ab89f,885.0
TONUSDT,2026-07-20,kline_daily,https://data.binance.vision/data/futures/um/daily/klines/TONUSDT/15m/TONUSDT-15m-2026-07-20.zip,.cache/binance-altcoin-trend-round34/kline_daily/TONUSDT/TONUSDT-15m-2026-07-20.zip,downloaded_verified,04f85e9e27c6cf0da00f9b88c6c00c86dfed4f5bfc945bb88695118f2feea672,899.0
TONUSDT,2026-07-21,kline_daily,https://data.binance.vision/data/futures/um/daily/klines/TONUSDT/15m/TONUSDT-15m-2026-07-21.zip,.cache/binance-altcoin-trend-round34/kline_daily/TONUSDT/TONUSDT-15m-2026-07-21.zip,downloaded_verified,fa6f9d0890f4b0434bae6c28433521930bd5cd6a261514266dabd7815b438acd,905.0
TONUSDT,2026-07-22,kline_daily,https://data.binance.vision/data/futures/um/daily/klines/TONUSDT/15m/TONUSDT-15m-2026-07-22.zip,.cache/binance-altcoin-trend-round34/kline_daily/TONUSDT/TONUSDT-15m-2026-07-22.zip,downloaded_verified,0c588c7eda86b16ac0af32440462e0b76b416e5cac63b6ec6142b3ef6b36c36d,911.0
TONUSDT,2026-07-23,kline_daily,https://data.binance.vision/data/futures/um/daily/klines/TONUSDT/15m/TONUSDT-15m-2026-07-23.zip,.cache/binance-altcoin-trend-round34/kline_daily/TONUSDT/TONUSDT-15m-2026-07-23.zip,downloaded_verified,2bb650d7b0c0e951f98b1bc94a06dc8d11794be78833b8bb2a890e4440249b76,905.0
TONUSDT,2026-07-24,kline_daily,https://data.binance.vision/data/futures/um/daily/klines/TONUSDT/15m/TONUSDT-15m-2026-07-24.zip,.cache/binance-altcoin-trend-round34/kline_daily/TONUSDT/TONUSDT-15m-2026-07-24.zip,downloaded_verified,05ac313d00725f5652255e4567d37d94a5e5ae10193b71df866a3c4be45c7ba5,903.0
TONUSDT,2026-07-25,kline_daily,https://data.binance.vision/data/futures/um/daily/klines/TONUSDT/15m/TONUSDT-15m-2026-07-25.zip,.cache/binance-altcoin-trend-round34/kline_daily/TONUSDT/TONUSDT-15m-2026-07-25.zip,downloaded_verified,f9abe65f9b24c76169014505c3fd8c55119022d4dce32ff44a02470ee5abc3ba,912.0
TONUSDT,2026-07-26,kline_daily,https://data.binance.vision/data/futures/um/daily/klines/TONUSDT/15m/TONUSDT-15m-2026-07-26.zip,.cache/binance-altcoin-trend-round34/kline_daily/TONUSDT/TONUSDT-15m-2026-07-26.zip,downloaded_verified,f5442dd323b5f6d48744fe9cb5d3b19677528a4c485fef885c955d6ce07234f7,894.0
HBARUSDT,2023-11,kline_monthly,https://data.binance.vision/data/futures/um/monthly/klines/HBARUSDT/15m/HBARUSDT-15m-2023-11.zip,.cache/binance-altcoin-trend-round34/kline_monthly/HBARUSDT/HBARUSDT-15m-2023-11.zip,downloaded_verified,311d49590fcc68ddc26c2ab2c761c521bdb91a235575948f2fb5bc249005cc5a,119036.0
HBARUSDT,2023-11,funding_monthly,https://data.binance.vision/data/futures/um/monthly/fundingRate/HBARUSDT/HBARUSDT-fundingRate-2023-11.zip,.cache/binance-altcoin-trend-round34/funding_monthly/HBARUSDT/HBARUSDT-fundingRate-2023-11.zip,downloaded_verified,acd690bfda355ca649a781f2811fdd9299bc0fd4ce2bda12fb55788c31a15503,699.0
HBARUSDT,2023-12,kline_monthly,https://data.binance.vision/data/futures/um/monthly/klines/HBARUSDT/15m/HBARUSDT-15m-2023-12.zip,.cache/binance-altcoin-trend-round34/kline_monthly/HBARUSDT/HBARUSDT-15m-2023-12.zip,downloaded_verified,b2e0ce9cf6e592eed886075f222824b1e93edaadf0d53f3b2ef5938c462d9656,124734.0
HBARUSDT,2023-12,funding_monthly,https://data.binance.vision/data/futures/um/monthly/fundingRate/HBARUSDT/HBARUSDT-fundingRate-2023-12.zip,.cache/binance-altcoin-trend-round34/funding_monthly/HBARUSDT/HBARUSDT-fundingRate-2023-12.zip,downloaded_verified,a26804b84edc3e45ea53ce2e3734322baeba0643c5251123abadbab0d17acacc,832.0
HBARUSDT,2024-01,kline_monthly,https://data.binance.vision/data/futures/um/monthly/klines/HBARUSDT/15m/HBARUSDT-15m-2024-01.zip,.cache/binance-altcoin-trend-round34/kline_monthly/HBARUSDT/HBARUSDT-15m-2024-01.zip,downloaded_verified,99aa83c7badb277fde8b109307cb80045902f271e492cadc95c579fcd624aab2,122784.0
HBARUSDT,2024-01,funding_monthly,https://data.binance.vision/data/futures/um/monthly/fundingRate/HBARUSDT/HBARUSDT-fundingRate-2024-01.zip,.cache/binance-altcoin-trend-round34/funding_monthly/HBARUSDT/HBARUSDT-fundingRate-2024-01.zip,downloaded_verified,0a1676011fecd098170fc9e5266c37b34dc342fc261106e0990f8f6c856deb02,701.0
HBARUSDT,2024-02,kline_monthly,https://data.binance.vision/data/futures/um/monthly/klines/HBARUSDT/15m/HBARUSDT-15m-2024-02.zip,.cache/binance-altcoin-trend-round34/kline_monthly/HBARUSDT/HBARUSDT-15m-2024-02.zip,downloaded_verified,96ad12d137d24712e36f3282a5f2cbff33b2ba0f4f673d2ddaa5b39306ad0b38,117050.0
HBARUSDT,2024-02,funding_monthly,https://data.binance.vision/data/futures/um/monthly/fundingRate/HBARUSDT/HBARUSDT-fundingRate-2024-02.zip,.cache/binance-altcoin-trend-round34/funding_monthly/HBARUSDT/HBARUSDT-fundingRate-2024-02.zip,downloaded_verified,34059c46828944ed18f6478eb45dc09060e6fc50f3049119ad2263f81444a963,802.0
HBARUSDT,2024-03,kline_monthly,https://data.binance.vision/data/futures/um/monthly/klines/HBARUSDT/15m/HBARUSDT-15m-2024-03.zip,.cache/binance-altcoin-trend-round34/kline_monthly/HBARUSDT/HBARUSDT-15m-2024-03.zip,downloaded_verified,f8690fe101238cb1e34073af7835b6cd414abe5d1292ff082cbb280337da4264,126895.0
HBARUSDT,2024-03,funding_monthly,https://data.binance.vision/data/futures/um/monthly/fundingRate/HBARUSDT/HBARUSDT-fundingRate-2024-03.zip,.cache/binance-altcoin-trend-round34/funding_monthly/HBARUSDT/HBARUSDT-fundingRate-2024-03.zip,downloaded_verified,2a4bc9edae32777c914b77523192c880e5aae3482dce871cd6ab348c509cd24c,850.0
HBARUSDT,2024-04,kline_monthly,https://data.binance.vision/data/futures/um/monthly/klines/HBARUSDT/15m/HBARUSDT-15m-2024-04.zip,.cache/binance-altcoin-trend-round34/kline_monthly/HBARUSDT/HBARUSDT-15m-2024-04.zip,downloaded_verified,48b291c7f19ec7caf461dc04cf18228b37051df2374e89f3438327c3afc87760,123565.0
HBARUSDT,2024-04,funding_monthly,https://data.binance.vision/data/futures/um/monthly/fundingRate/HBARUSDT/HBARUSDT-fundingRate-2024-04.zip,.cache/binance-altcoin-trend-round34/funding_monthly/HBARUSDT/HBARUSDT-fundingRate-2024-04.zip,downloaded_verified,0257f9e199e3bd7827adb79116b4f23d527240a05df860f3003b1707f22f038f,881.0
HBARUSDT,2024-05,kline_monthly,https://data.binance.vision/data/futures/um/monthly/klines/HBARUSDT/15m/HBARUSDT-15m-2024-05.zip,.cache/binance-altcoin-trend-round34/kline_monthly/HBARUSDT/HBARUSDT-15m-2024-05.zip,downloaded_verified,faa46de58d14961c4a23700e35da23c6bf43604ddcd469affdc34db430a5a907,126451.0
HBARUSDT,2024-05,funding_monthly,https://data.binance.vision/data/futures/um/monthly/fundingRate/HBARUSDT/HBARUSDT-fundingRate-2024-05.zip,.cache/binance-altcoin-trend-round34/funding_monthly/HBARUSDT/HBARUSDT-fundingRate-2024-05.zip,downloaded_verified,12dff9e0b9edacb381c63da7162bf9cb66bda40600d67f9605fbaff0cf85d22d,758.0
HBARUSDT,2024-06,kline_monthly,https://data.binance.vision/data/futures/um/monthly/klines/HBARUSDT/15m/HBARUSDT-15m-2024-06.zip,.cache/binance-altcoin-trend-round34/kline_monthly/HBARUSDT/HBARUSDT-15m-2024-06.zip,downloaded_verified,adbf6f0d10eee17f402e3b3425643ed5f084d92e7ab395a01b9252610661bb06,117576.0
HBARUSDT,2024-06,funding_monthly,https://data.binance.vision/data/futures/um/monthly/fundingRate/HBARUSDT/HBARUSDT-fundingRate-2024-06.zip,.cache/binance-altcoin-trend-round34/funding_monthly/HBARUSDT/HBARUSDT-fundingRate-2024-06.zip,downloaded_verified,f13084cd39890990f22e070ae8929b4b657a7105be446d649d8334fc5e038732,779.0
HBARUSDT,2024-07,kline_monthly,https://data.binance.vision/data/futures/um/monthly/klines/HBARUSDT/15m/HBARUSDT-15m-2024-07.zip,.cache/binance-altcoin-trend-round34/kline_monthly/HBARUSDT/HBARUSDT-15m-2024-07.zip,downloaded_verified,109dbb9f5a8f2db0ee88a68a5db7a2e74ba4857aac62d965e9ac5cec6770b49f,121809.0
HBARUSDT,2024-07,funding_monthly,https://data.binance.vision/data/futures/um/monthly/fundingRate/HBARUSDT/HBARUSDT-fundingRate-2024-07.zip,.cache/binance-altcoin-trend-round34/funding_monthly/HBARUSDT/HBARUSDT-fundingRate-2024-07.zip,downloaded_verified,903ad75d2aee1a60c5eaf0a32e1a11ce2f1858d1d4a8be82cc4e02acf441760a,826.0
HBARUSDT,2024-08,kline_monthly,https://data.binance.vision/data/futures/um/monthly/klines/HBARUSDT/15m/HBARUSDT-15m-2024-08.zip,.cache/binance-altcoin-trend-round34/kline_monthly/HBARUSDT/HBARUSDT-15m-2024-08.zip,downloaded_verified,d6fe03c605f1ca0396ecaba0ec717a559e2d64c29f22b1404bd9c45befb17bdf,120734.0
HBARUSDT,2024-08,funding_monthly,https://data.binance.vision/data/futures/um/monthly/fundingRate/HBARUSDT/HBARUSDT-fundingRate-2024-08.zip,.cache/binance-altcoin-trend-round34/funding_monthly/HBARUSDT/HBARUSDT-fundingRate-2024-08.zip,downloaded_verified,1a467179d20ebbbf0eec88237409f1c88f476f167a73db7e2f5f0d698e48fe57,863.0
HBARUSDT,2024-09,kline_monthly,https://data.binance.vision/data/futures/um/monthly/klines/HBARUSDT/15m/HBARUSDT-15m-2024-09.zip,.cache/binance-altcoin-trend-round34/kline_monthly/HBARUSDT/HBARUSDT-15m-2024-09.zip,downloaded_verified,0770b9a709b8642a9233f30d661550ca57562c557c2c72f18e3f8a07f415c077,115402.0
HBARUSDT,2024-09,funding_monthly,https://data.binance.vision/data/futures/um/monthly/fundingRate/HBARUSDT/HBARUSDT-fundingRate-2024-09.zip,.cache/binance-altcoin-trend-round34/funding_monthly/HBARUSDT/HBARUSDT-fundingRate-2024-09.zip,downloaded_verified,42d5a058cc682cd7845db25d6e799423cca982c3c51c7895ce0c2dbcce8ce135,803.0
HBARUSDT,2024-10,kline_monthly,https://data.binance.vision/data/futures/um/monthly/klines/HBARUSDT/15m/HBARUSDT-15m-2024-10.zip,.cache/binance-altcoin-trend-round34/kline_monthly/HBARUSDT/HBARUSDT-15m-2024-10.zip,downloaded_verified,d6cbfe72b65edf9201e6549c4f12ce6acfc71a59dac5cf634b72d0dd0ec67c5a,120278.0
HBARUSDT,2024-10,funding_monthly,https://data.binance.vision/data/futures/um/monthly/fundingRate/HBARUSDT/HBARUSDT-fundingRate-2024-10.zip,.cache/binance-altcoin-trend-round34/funding_monthly/HBARUSDT/HBARUSDT-fundingRate-2024-10.zip,downloaded_verified,eb0fb4f09d9a9723dcc0e2e9e1b91b0c636992a6923f504b0be48d4598a2364c,713.0
HBARUSDT,2024-11,kline_monthly,https://data.binance.vision/data/futures/um/monthly/klines/HBARUSDT/15m/HBARUSDT-15m-2024-11.zip,.cache/binance-altcoin-trend-round34/kline_monthly/HBARUSDT/HBARUSDT-15m-2024-11.zip,downloaded_verified,07e2d2a1dec55566ffc988ba7109d9801ea2e61bc4b78d91b123b3a84ee8dfb2,127008.0
HBARUSDT,2024-11,funding_monthly,https://data.binance.vision/data/futures/um/monthly/fundingRate/HBARUSDT/HBARUSDT-fundingRate-2024-11.zip,.cache/binance-altcoin-trend-round34/funding_monthly/HBARUSDT/HBARUSDT-fundingRate-2024-11.zip,downloaded_verified,ed179b6d9b3429eac09b8a4d92914191712ecd90bfab0deafe1b72b7d6d45515,750.0
HBARUSDT,2024-12,kline_monthly,https://data.binance.vision/data/futures/um/monthly/klines/HBARUSDT/15m/HBARUSDT-15m-2024-12.zip,.cache/binance-altcoin-trend-round34/kline_monthly/HBARUSDT/HBARUSDT-15m-2024-12.zip,downloaded_verified,de74cb12a7293ed82507f3b13682b690a37a416328d05de7f1c6d9bcf68d7b10,138184.0
HBARUSDT,2024-12,funding_monthly,https://data.binance.vision/data/futures/um/monthly/fundingRate/HBARUSDT/HBARUSDT-fundingRate-2024-12.zip,.cache/binance-altcoin-trend-round34/funding_monthly/HBARUSDT/HBARUSDT-fundingRate-2024-12.zip,downloaded_verified,fccc7499f93e96fa3917d06ec38db4b101d6369f4108c8d8deafc1f087f1b2ec,828.0
HBARUSDT,2025-01,kline_monthly,https://data.binance.vision/data/futures/um/monthly/klines/HBARUSDT/15m/HBARUSDT-15m-2025-01.zip,.cache/binance-altcoin-trend-round34/kline_monthly/HBARUSDT/HBARUSDT-15m-2025-01.zip,downloaded_verified,ad46d4c3628875242a58f6263ff7abd299e3c075100e91c55463c54ecff37ca6,135134.0
HBARUSDT,2025-01,funding_monthly,https://data.binance.vision/data/futures/um/monthly/fundingRate/HBARUSDT/HBARUSDT-fundingRate-2025-01.zip,.cache/binance-altcoin-trend-round34/funding_monthly/HBARUSDT/HBARUSDT-fundingRate-2025-01.zip,downloaded_verified,4b4c1b78bbb6bea2275dd28135525141ba4db2f9e895ce14fea0a0308fe8f232,777.0
HBARUSDT,2025-02,kline_monthly,https://data.binance.vision/data/futures/um/monthly/klines/HBARUSDT/15m/HBARUSDT-15m-2025-02.zip,.cache/binance-altcoin-trend-round34/kline_monthly/HBARUSDT/HBARUSDT-15m-2025-02.zip,downloaded_verified,defc9be5b68aff4d81c599b248a1229b91b0e324249f05ff8456a94fb574061a,119958.0
HBARUSDT,2025-02,funding_monthly,https://data.binance.vision/data/futures/um/monthly/fundingRate/HBARUSDT/HBARUSDT-fundingRate-2025-02.zip,.cache/binance-altcoin-trend-round34/funding_monthly/HBARUSDT/HBARUSDT-fundingRate-2025-02.zip,downloaded_verified,285543d22518bf6cecf7fa631a93e4c1cdc4ac04fba574eb3bfef5efd7b4e8bd,856.0
HBARUSDT,2025-03,kline_monthly,https://data.binance.vision/data/futures/um/monthly/klines/HBARUSDT/15m/HBARUSDT-15m-2025-03.zip,.cache/binance-altcoin-trend-round34/kline_monthly/HBARUSDT/HBARUSDT-15m-2025-03.zip,downloaded_verified,e05db286fc17b2143649f3ee5bc6584588b5b24184e0ad4006d5451492746e20,131496.0
HBARUSDT,2025-03,funding_monthly,https://data.binance.vision/data/futures/um/monthly/fundingRate/HBARUSDT/HBARUSDT-fundingRate-2025-03.zip,.cache/binance-altcoin-trend-round34/funding_monthly/HBARUSDT/HBARUSDT-fundingRate-2025-03.zip,downloaded_verified,971017cc7c97c43c05dff9390b483a327d0d1a70664b6292258b0120cd63c407,920.0
HBARUSDT,2025-04,kline_monthly,https://data.binance.vision/data/futures/um/monthly/klines/HBARUSDT/15m/HBARUSDT-15m-2025-04.zip,.cache/binance-altcoin-trend-round34/kline_monthly/HBARUSDT/HBARUSDT-15m-2025-04.zip,downloaded_verified,daddead85526672071bf50f5e70014ae4359207050550f4ef3cbb67e7c5378bb,125349.0
HBARUSDT,2025-04,funding_monthly,https://data.binance.vision/data/futures/um/monthly/fundingRate/HBARUSDT/HBARUSDT-fundingRate-2025-04.zip,.cache/binance-altcoin-trend-round34/funding_monthly/HBARUSDT/HBARUSDT-fundingRate-2025-04.zip,downloaded_verified,25a76a624c41d05ad6df98292cd6289d8cd783a4ee808650555c8e7fc52ff91d,914.0
HBARUSDT,2025-05,kline_monthly,https://data.binance.vision/data/futures/um/monthly/klines/HBARUSDT/15m/HBARUSDT-15m-2025-05.zip,.cache/binance-altcoin-trend-round34/kline_monthly/HBARUSDT/HBARUSDT-15m-2025-05.zip,downloaded_verified,f9e0557ad0944792b8d76a73716e4c80bb17386d41ef7b4700ecbc02e803a1c6,128419.0
HBARUSDT,2025-05,funding_monthly,https://data.binance.vision/data/futures/um/monthly/fundingRate/HBARUSDT/HBARUSDT-fundingRate-2025-05.zip,.cache/binance-altcoin-trend-round34/funding_monthly/HBARUSDT/HBARUSDT-fundingRate-2025-05.zip,downloaded_verified,81ef169c666dc43f9437b5439f051ddcd6cce598b0535a5e3fccdedebc4c1632,887.0
HBARUSDT,2025-06,kline_monthly,https://data.binance.vision/data/futures/um/monthly/klines/HBARUSDT/15m/HBARUSDT-15m-2025-06.zip,.cache/binance-altcoin-trend-round34/kline_monthly/HBARUSDT/HBARUSDT-15m-2025-06.zip,downloaded_verified,234041654b28e03fac7a8c8b79da65068ac5b6b1012c9adf3309e0a61c275516,122089.0
HBARUSDT,2025-06,funding_monthly,https://data.binance.vision/data/futures/um/monthly/fundingRate/HBARUSDT/HBARUSDT-fundingRate-2025-06.zip,.cache/binance-altcoin-trend-round34/funding_monthly/HBARUSDT/HBARUSDT-fundingRate-2025-06.zip,downloaded_verified,800dda68aded2b42663bdc3cf1c2cc62c93d9d08ece788d83662f870000c5c6c,952.0
HBARUSDT,2025-07,kline_monthly,https://data.binance.vision/data/futures/um/monthly/klines/HBARUSDT/15m/HBARUSDT-15m-2025-07.zip,.cache/binance-altcoin-trend-round34/kline_monthly/HBARUSDT/HBARUSDT-15m-2025-07.zip,downloaded_verified,2830d18b739068ec9444e34dc5aca357b82fc39d5367cb6caf45a126eab066ff,132685.0
HBARUSDT,2025-07,funding_monthly,https://data.binance.vision/data/futures/um/monthly/fundingRate/HBARUSDT/HBARUSDT-fundingRate-2025-07.zip,.cache/binance-altcoin-trend-round34/funding_monthly/HBARUSDT/HBARUSDT-fundingRate-2025-07.zip,downloaded_verified,14f05aa7b4b3f079892e9b9c9442d8b7c848ced58503fb36de80428b86488fe7,843.0
HBARUSDT,2025-08,kline_monthly,https://data.binance.vision/data/futures/um/monthly/klines/HBARUSDT/15m/HBARUSDT-15m-2025-08.zip,.cache/binance-altcoin-trend-round34/kline_monthly/HBARUSDT/HBARUSDT-15m-2025-08.zip,downloaded_verified,f48e82ea6ed05614d0a6f335c098c85c675bdc9d26f46f6f5a69347e071ae0f7,130860.0
HBARUSDT,2025-08,funding_monthly,https://data.binance.vision/data/futures/um/monthly/fundingRate/HBARUSDT/HBARUSDT-fundingRate-2025-08.zip,.cache/binance-altcoin-trend-round34/funding_monthly/HBARUSDT/HBARUSDT-fundingRate-2025-08.zip,downloaded_verified,0c7a15a8ecffd1d712f030c571e4ee54047c38cca238a28923f1fd99fbe0ab1f,925.0
HBARUSDT,2025-09,kline_monthly,https://data.binance.vision/data/futures/um/monthly/klines/HBARUSDT/15m/HBARUSDT-15m-2025-09.zip,.cache/binance-altcoin-trend-round34/kline_monthly/HBARUSDT/HBARUSDT-15m-2025-09.zip,downloaded_verified,45242722f88e7cff6fe4be9266df2cf3048c2237c301c13333201c0d79726155,124165.0
HBARUSDT,2025-09,funding_monthly,https://data.binance.vision/data/futures/um/monthly/fundingRate/HBARUSDT/HBARUSDT-fundingRate-2025-09.zip,.cache/binance-altcoin-trend-round34/funding_monthly/HBARUSDT/HBARUSDT-fundingRate-2025-09.zip,downloaded_verified,c1687d9117c7ff14803d48d7be5341d8143c20ac5cd5de7f3d43af186ae21a64,846.0
HBARUSDT,2025-10,kline_monthly,https://data.binance.vision/data/futures/um/monthly/klines/HBARUSDT/15m/HBARUSDT-15m-2025-10.zip,.cache/binance-altcoin-trend-round34/kline_monthly/HBARUSDT/HBARUSDT-15m-2025-10.zip,downloaded_verified,37a8f1c8e7941dc40ac2760fd921ef8bb3b014d3b220df90ece3ddf8eaf6bff1,129858.0
HBARUSDT,2025-10,funding_monthly,https://data.binance.vision/data/futures/um/monthly/fundingRate/HBARUSDT/HBARUSDT-fundingRate-2025-10.zip,.cache/binance-altcoin-trend-round34/funding_monthly/HBARUSDT/HBARUSDT-fundingRate-2025-10.zip,downloaded_verified,127c37f92e7eedf8210f4b885b400d9a8d13c0a274080daccf188919e8fe4c25,930.0
HBARUSDT,2025-11,kline_monthly,https://data.binance.vision/data/futures/um/monthly/klines/HBARUSDT/15m/HBARUSDT-15m-2025-11.zip,.cache/binance-altcoin-trend-round34/kline_monthly/HBARUSDT/HBARUSDT-15m-2025-11.zip,downloaded_verified,11c1669f8040ee592d35ea8b3b6bbef9eaaa52c2627e3b82fa11ce4d809a90c5,125181.0
HBARUSDT,2025-11,funding_monthly,https://data.binance.vision/data/futures/um/monthly/fundingRate/HBARUSDT/HBARUSDT-fundingRate-2025-11.zip,.cache/binance-altcoin-trend-round34/funding_monthly/HBARUSDT/HBARUSDT-fundingRate-2025-11.zip,downloaded_verified,b941447b3a5bf862d1e2a2df1dce612a413bd65cdf6a76b52cee50f6d622bfa4,981.0
HBARUSDT,2025-12,kline_monthly,https://data.binance.vision/data/futures/um/monthly/klines/HBARUSDT/15m/HBARUSDT-15m-2025-12.zip,.cache/binance-altcoin-trend-round34/kline_monthly/HBARUSDT/HBARUSDT-15m-2025-12.zip,downloaded_verified,b4a706e684d1086fddbf303a2acc99776c6468bc9fc9b64758e160b462a5e031,125564.0
HBARUSDT,2025-12,funding_monthly,https://data.binance.vision/data/futures/um/monthly/fundingRate/HBARUSDT/HBARUSDT-fundingRate-2025-12.zip,.cache/binance-altcoin-trend-round34/funding_monthly/HBARUSDT/HBARUSDT-fundingRate-2025-12.zip,downloaded_verified,ac80968da21fdb5d9768ad149b9922f8e9e6c260d69a55f6b6bac5dc8cf42040,982.0
HBARUSDT,2026-01,kline_monthly,https://data.binance.vision/data/futures/um/monthly/klines/HBARUSDT/15m/HBARUSDT-15m-2026-01.zip,.cache/binance-altcoin-trend-round34/kline_monthly/HBARUSDT/HBARUSDT-15m-2026-01.zip,downloaded_verified,4cf8ddd66131720a6c1f39a1c8838b4a0f63144b0c21997cd1c8cf11f0f494c3,125786.0
HBARUSDT,2026-01,funding_monthly,https://data.binance.vision/data/futures/um/monthly/fundingRate/HBARUSDT/HBARUSDT-fundingRate-2026-01.zip,.cache/binance-altcoin-trend-round34/funding_monthly/HBARUSDT/HBARUSDT-fundingRate-2026-01.zip,downloaded_verified,f2cb1f20d966aeaaf94927995646e9cfa1a17f145f8f38ee46ad248ca2aa88a8,961.0
HBARUSDT,2026-02,kline_monthly,https://data.binance.vision/data/futures/um/monthly/klines/HBARUSDT/15m/HBARUSDT-15m-2026-02.zip,.cache/binance-altcoin-trend-round34/kline_monthly/HBARUSDT/HBARUSDT-15m-2026-02.zip,downloaded_verified,e6c60080c38d0c7e80e56b4ca1c0106948e9a9c7735e971498bdaa0148ce91c3,113756.0
HBARUSDT,2026-02,funding_monthly,https://data.binance.vision/data/futures/um/monthly/fundingRate/HBARUSDT/HBARUSDT-fundingRate-2026-02.zip,.cache/binance-altcoin-trend-round34/funding_monthly/HBARUSDT/HBARUSDT-fundingRate-2026-02.zip,downloaded_verified,d50e9c69832ec4b58119dc0ff8ba71f3099ea74d45c1632f1994de38ff70a92e,944.0
HBARUSDT,2026-03,kline_monthly,https://data.binance.vision/data/futures/um/monthly/klines/HBARUSDT/15m/HBARUSDT-15m-2026-03.zip,.cache/binance-altcoin-trend-round34/kline_monthly/HBARUSDT/HBARUSDT-15m-2026-03.zip,downloaded_verified,ff2ec1aca267122394deb2a4104cdc6a1d256edb3b4dcf375bd4826f1efaa8c2,123223.0
HBARUSDT,2026-03,funding_monthly,https://data.binance.vision/data/futures/um/monthly/fundingRate/HBARUSDT/HBARUSDT-fundingRate-2026-03.zip,.cache/binance-altcoin-trend-round34/funding_monthly/HBARUSDT/HBARUSDT-fundingRate-2026-03.zip,downloaded_verified,dedfcd5b68976f38bf3aec8047a1c446c2a69d1f0350fb526373d2d4ce9d4651,998.0
HBARUSDT,2026-04,kline_monthly,https://data.binance.vision/data/futures/um/monthly/klines/HBARUSDT/15m/HBARUSDT-15m-2026-04.zip,.cache/binance-altcoin-trend-round34/kline_monthly/HBARUSDT/HBARUSDT-15m-2026-04.zip,downloaded_verified,b28499cc7481ace5b282b53594b722139e23bf8f51d8ccc435ebb45a3083897f,117252.0
HBARUSDT,2026-04,funding_monthly,https://data.binance.vision/data/futures/um/monthly/fundingRate/HBARUSDT/HBARUSDT-fundingRate-2026-04.zip,.cache/binance-altcoin-trend-round34/funding_monthly/HBARUSDT/HBARUSDT-fundingRate-2026-04.zip,downloaded_verified,9d7f66d3a3aeca4bea80badb520a540b19e09975fd3647504ed2e192c335069f,944.0
HBARUSDT,2026-05,kline_monthly,https://data.binance.vision/data/futures/um/monthly/klines/HBARUSDT/15m/HBARUSDT-15m-2026-05.zip,.cache/binance-altcoin-trend-round34/kline_monthly/HBARUSDT/HBARUSDT-15m-2026-05.zip,downloaded_verified,c3348856e9f6c63ed53ebc2d3356d7d2cbeb60760d6ae77cc49190a198e45d7b,122317.0
HBARUSDT,2026-05,funding_monthly,https://data.binance.vision/data/futures/um/monthly/fundingRate/HBARUSDT/HBARUSDT-fundingRate-2026-05.zip,.cache/binance-altcoin-trend-round34/funding_monthly/HBARUSDT/HBARUSDT-fundingRate-2026-05.zip,downloaded_verified,0c6deadb39cc0299b1e008d1c953ee1cc641f5895814ffe08413832378c5a900,976.0
HBARUSDT,2026-06,kline_monthly,https://data.binance.vision/data/futures/um/monthly/klines/HBARUSDT/15m/HBARUSDT-15m-2026-06.zip,.cache/binance-altcoin-trend-round34/kline_monthly/HBARUSDT/HBARUSDT-15m-2026-06.zip,downloaded_verified,c88c461542da3f2c443fcdc74654b75b6f74b5b22b170050e45e916a46699ae4,118246.0
HBARUSDT,2026-06,funding_monthly,https://data.binance.vision/data/futures/um/monthly/fundingRate/HBARUSDT/HBARUSDT-fundingRate-2026-06.zip,.cache/binance-altcoin-trend-round34/funding_monthly/HBARUSDT/HBARUSDT-fundingRate-2026-06.zip,downloaded_verified,e05161a47cf13b9faa70000d5924b2427658fe377485b1602ed0f6f540df8e45,962.0
HBARUSDT,2026-07-01,kline_daily,https://data.binance.vision/data/futures/um/daily/klines/HBARUSDT/15m/HBARUSDT-15m-2026-07-01.zip,.cache/binance-altcoin-trend-round34/kline_daily/HBARUSDT/HBARUSDT-15m-2026-07-01.zip,downloaded_verified,fa9590f2a52538cd47b5e17abaf21b131ab4086a283b892ab3cf8d7dd0641f81,4359.0
HBARUSDT,2026-07-02,kline_daily,https://data.binance.vision/data/futures/um/daily/klines/HBARUSDT/15m/HBARUSDT-15m-2026-07-02.zip,.cache/binance-altcoin-trend-round34/kline_daily/HBARUSDT/HBARUSDT-15m-2026-07-02.zip,downloaded_verified,1e85c3668247f6033ac51e678381883560cdcf1b5777fb5d1412e4a2223e663d,4387.0
HBARUSDT,2026-07-03,kline_daily,https://data.binance.vision/data/futures/um/daily/klines/HBARUSDT/15m/HBARUSDT-15m-2026-07-03.zip,.cache/binance-altcoin-trend-round34/kline_daily/HBARUSDT/HBARUSDT-15m-2026-07-03.zip,downloaded_verified,5255b7345cc05ae67bf38cd3fe3817450b10dc7fce8842d99cc42abb6c9e2fec,4395.0
HBARUSDT,2026-07-04,kline_daily,https://data.binance.vision/data/futures/um/daily/klines/HBARUSDT/15m/HBARUSDT-15m-2026-07-04.zip,.cache/binance-altcoin-trend-round34/kline_daily/HBARUSDT/HBARUSDT-15m-2026-07-04.zip,downloaded_verified,75a1e49da6d330b805256247ed15fb6103e8309a8e04b3c519c53836c8459f65,4386.0
HBARUSDT,2026-07-05,kline_daily,https://data.binance.vision/data/futures/um/daily/klines/HBARUSDT/15m/HBARUSDT-15m-2026-07-05.zip,.cache/binance-altcoin-trend-round34/kline_daily/HBARUSDT/HBARUSDT-15m-2026-07-05.zip,downloaded_verified,2aded5e458c3daecb9470988ffcf11d55dc09bb420e064e700a799ec5e8aba6b,4312.0
HBARUSDT,2026-07-06,kline_daily,https://data.binance.vision/data/futures/um/daily/klines/HBARUSDT/15m/HBARUSDT-15m-2026-07-06.zip,.cache/binance-altcoin-trend-round34/kline_daily/HBARUSDT/HBARUSDT-15m-2026-07-06.zip,downloaded_verified,1e637835d166255d992d7894d783ecc09f47a6b3e5e02d4dff2287e8391856ec,4328.0
HBARUSDT,2026-07-07,kline_daily,https://data.binance.vision/data/futures/um/daily/klines/HBARUSDT/15m/HBARUSDT-15m-2026-07-07.zip,.cache/binance-altcoin-trend-round34/kline_daily/HBARUSDT/HBARUSDT-15m-2026-07-07.zip,downloaded_verified,7a3f93e89accf2ce808fe1cd8d6b7951ad11a8bde149d1f64d9be52ad80c9678,4350.0
HBARUSDT,2026-07-08,kline_daily,https://data.binance.vision/data/futures/um/daily/klines/HBARUSDT/15m/HBARUSDT-15m-2026-07-08.zip,.cache/binance-altcoin-trend-round34/kline_daily/HBARUSDT/HBARUSDT-15m-2026-07-08.zip,downloaded_verified,14562bf612a1bf055e8caee4ae1679c013508030a1cff1246557475b8243a1c0,4260.0
HBARUSDT,2026-07-09,kline_daily,https://data.binance.vision/data/futures/um/daily/klines/HBARUSDT/15m/HBARUSDT-15m-2026-07-09.zip,.cache/binance-altcoin-trend-round34/kline_daily/HBARUSDT/HBARUSDT-15m-2026-07-09.zip,downloaded_verified,4cee4381c697947faec9a87064c3ce748480af5968742496a640cce88619c46b,4297.0
HBARUSDT,2026-07-10,kline_daily,https://data.binance.vision/data/futures/um/daily/klines/HBARUSDT/15m/HBARUSDT-15m-2026-07-10.zip,.cache/binance-altcoin-trend-round34/kline_daily/HBARUSDT/HBARUSDT-15m-2026-07-10.zip,downloaded_verified,9858cc0f80f4f8688a9e6eb2c8186f0776d4170fb4f5276f940d0964067f4377,4227.0
HBARUSDT,2026-07-11,kline_daily,https://data.binance.vision/data/futures/um/daily/klines/HBARUSDT/15m/HBARUSDT-15m-2026-07-11.zip,.cache/binance-altcoin-trend-round34/kline_daily/HBARUSDT/HBARUSDT-15m-2026-07-11.zip,downloaded_verified,90af52bc66a9970e4932fd13e9c8453d8bc1157a4c633af6e463af0b8f03010f,4389.0
HBARUSDT,2026-07-12,kline_daily,https://data.binance.vision/data/futures/um/daily/klines/HBARUSDT/15m/HBARUSDT-15m-2026-07-12.zip,.cache/binance-altcoin-trend-round34/kline_daily/HBARUSDT/HBARUSDT-15m-2026-07-12.zip,downloaded_verified,9067eee18b2a9f6a64c92818028905e204cdd32a82c448b76334202d9ad76116,4238.0
HBARUSDT,2026-07-13,kline_daily,https://data.binance.vision/data/futures/um/daily/klines/HBARUSDT/15m/HBARUSDT-15m-2026-07-13.zip,.cache/binance-altcoin-trend-round34/kline_daily/HBARUSDT/HBARUSDT-15m-2026-07-13.zip,downloaded_verified,daaacdf25beba30291e4b043304f80402dccd1dfab6042f89c9fba9694125852,4297.0
HBARUSDT,2026-07-14,kline_daily,https://data.binance.vision/data/futures/um/daily/klines/HBARUSDT/15m/HBARUSDT-15m-2026-07-14.zip,.cache/binance-altcoin-trend-round34/kline_daily/HBARUSDT/HBARUSDT-15m-2026-07-14.zip,downloaded_verified,5d8081616c447dfd54d9e3b03b64c61ed38aa91b97edc38fb9a8f4d1029cb790,4241.0
HBARUSDT,2026-07-15,kline_daily,https://data.binance.vision/data/futures/um/daily/klines/HBARUSDT/15m/HBARUSDT-15m-2026-07-15.zip,.cache/binance-altcoin-trend-round34/kline_daily/HBARUSDT/HBARUSDT-15m-2026-07-15.zip,downloaded_verified,a48c2b32908ca873dc7aa36c281e684d7379499fe9722f11655a51693eba37fd,4197.0
HBARUSDT,2026-07-16,kline_daily,https://data.binance.vision/data/futures/um/daily/klines/HBARUSDT/15m/HBARUSDT-15m-2026-07-16.zip,.cache/binance-altcoin-trend-round34/kline_daily/HBARUSDT/HBARUSDT-15m-2026-07-16.zip,downloaded_verified,b1229f719de4da2c95d100ab79f41746168f3a13a23d60cbd3a68dfba83b3c9c,4237.0
HBARUSDT,2026-07-17,kline_daily,https://data.binance.vision/data/futures/um/daily/klines/HBARUSDT/15m/HBARUSDT-15m-2026-07-17.zip,.cache/binance-altcoin-trend-round34/kline_daily/HBARUSDT/HBARUSDT-15m-2026-07-17.zip,downloaded_verified,2d6cf5ca379547909c6bc835a49d894f21b435e8454254651cd0510c2b62b057,4198.0
HBARUSDT,2026-07-18,kline_daily,https://data.binance.vision/data/futures/um/daily/klines/HBARUSDT/15m/HBARUSDT-15m-2026-07-18.zip,.cache/binance-altcoin-trend-round34/kline_daily/HBARUSDT/HBARUSDT-15m-2026-07-18.zip,downloaded_verified,e9d9de20d825a2802812901be1ab9843636998895a4f37e604618c688486769a,4094.0
HBARUSDT,2026-07-19,kline_daily,https://data.binance.vision/data/futures/um/daily/klines/HBARUSDT/15m/HBARUSDT-15m-2026-07-19.zip,.cache/binance-altcoin-trend-round34/kline_daily/HBARUSDT/HBARUSDT-15m-2026-07-19.zip,downloaded_verified,3980057c90ecea88fa30fcd0d0708183b376315254b8e89d4f4d88a82c3475ec,4088.0
HBARUSDT,2026-07-20,kline_daily,https://data.binance.vision/data/futures/um/daily/klines/HBARUSDT/15m/HBARUSDT-15m-2026-07-20.zip,.cache/binance-altcoin-trend-round34/kline_daily/HBARUSDT/HBARUSDT-15m-2026-07-20.zip,downloaded_verified,972a12187cf9bc5a9b0628d8a943991f07a656f36cc1e80f6b71b849aaa7411c,4215.0
HBARUSDT,2026-07-21,kline_daily,https://data.binance.vision/data/futures/um/daily/klines/HBARUSDT/15m/HBARUSDT-15m-2026-07-21.zip,.cache/binance-altcoin-trend-round34/kline_daily/HBARUSDT/HBARUSDT-15m-2026-07-21.zip,downloaded_verified,0e27d8aab73389d9011360c3703b0045db2b7d74b737c999d1fbb48244d6c0fb,4300.0
HBARUSDT,2026-07-22,kline_daily,https://data.binance.vision/data/futures/um/daily/klines/HBARUSDT/15m/HBARUSDT-15m-2026-07-22.zip,.cache/binance-altcoin-trend-round34/kline_daily/HBARUSDT/HBARUSDT-15m-2026-07-22.zip,downloaded_verified,4e2aec2cdf2ce84e9d9b1f822a17523909c8ccbdd58fdf232da6fb43f2accf1d,4387.0
HBARUSDT,2026-07-23,kline_daily,https://data.binance.vision/data/futures/um/daily/klines/HBARUSDT/15m/HBARUSDT-15m-2026-07-23.zip,.cache/binance-altcoin-trend-round34/kline_daily/HBARUSDT/HBARUSDT-15m-2026-07-23.zip,downloaded_verified,6a11a464b17b8ae65d1f19dc4915552ff58286cc62ea01362fff0b86c50119c9,4360.0
HBARUSDT,2026-07-24,kline_daily,https://data.binance.vision/data/futures/um/daily/klines/HBARUSDT/15m/HBARUSDT-15m-2026-07-24.zip,.cache/binance-altcoin-trend-round34/kline_daily/HBARUSDT/HBARUSDT-15m-2026-07-24.zip,downloaded_verified,972da9aa7731ecf0d2cc44b52277c2104cc3a6db7b93280f6b84c40d0b5cecd1,4282.0
HBARUSDT,2026-07-25,kline_daily,https://data.binance.vision/data/futures/um/daily/klines/HBARUSDT/15m/HBARUSDT-15m-2026-07-25.zip,.cache/binance-altcoin-trend-round34/kline_daily/HBARUSDT/HBARUSDT-15m-2026-07-25.zip,downloaded_verified,4882734c7113ab9425d4db5bae55c2c1bd20beecf45ea58aba1ed73f5c57b829,4198.0
HBARUSDT,2026-07-26,kline_daily,https://data.binance.vision/data/futures/um/daily/klines/HBARUSDT/15m/HBARUSDT-15m-2026-07-26.zip,.cache/binance-altcoin-trend-round34/kline_daily/HBARUSDT/HBARUSDT-15m-2026-07-26.zip,downloaded_verified,4a727cc684f4bb36a855f0062f9df3577ff4851185dc8fad24f8f2ec0b0657c1,4157.0
XLMUSDT,2023-11,kline_monthly,https://data.binance.vision/data/futures/um/monthly/klines/XLMUSDT/15m/XLMUSDT-15m-2023-11.zip,.cache/binance-altcoin-trend-round34/kline_monthly/XLMUSDT/XLMUSDT-15m-2023-11.zip,downloaded_verified,02e9fd677ccceb87840e001b2e577f2cd55656ffc9f84fe113232850fb8e23a5,119776.0
XLMUSDT,2023-11,funding_monthly,https://data.binance.vision/data/futures/um/monthly/fundingRate/XLMUSDT/XLMUSDT-fundingRate-2023-11.zip,.cache/binance-altcoin-trend-round34/funding_monthly/XLMUSDT/XLMUSDT-fundingRate-2023-11.zip,downloaded_verified,02c25d35c473e3f43270c3ca4ca339bae6ba2b73dd13acc4fe003f5348b09e62,716.0
XLMUSDT,2023-12,kline_monthly,https://data.binance.vision/data/futures/um/monthly/klines/XLMUSDT/15m/XLMUSDT-15m-2023-12.zip,.cache/binance-altcoin-trend-round34/kline_monthly/XLMUSDT/XLMUSDT-15m-2023-12.zip,downloaded_verified,7151d4540f26c1525d1f7c249bedbb786894ee683d213c6cc20daea24dafacf1,123303.0
XLMUSDT,2023-12,funding_monthly,https://data.binance.vision/data/futures/um/monthly/fundingRate/XLMUSDT/XLMUSDT-fundingRate-2023-12.zip,.cache/binance-altcoin-trend-round34/funding_monthly/XLMUSDT/XLMUSDT-fundingRate-2023-12.zip,downloaded_verified,7473970c200043830208d68663daff266fb6c5137a4da6cc6444db6145033d5a,839.0
XLMUSDT,2024-01,kline_monthly,https://data.binance.vision/data/futures/um/monthly/klines/XLMUSDT/15m/XLMUSDT-15m-2024-01.zip,.cache/binance-altcoin-trend-round34/kline_monthly/XLMUSDT/XLMUSDT-15m-2024-01.zip,downloaded_verified,044509fae9c3f0e5f92231feb0243e20dc04d7e643b8885e95a7cbb8aa386202,121949.0
XLMUSDT,2024-01,funding_monthly,https://data.binance.vision/data/futures/um/monthly/fundingRate/XLMUSDT/XLMUSDT-fundingRate-2024-01.zip,.cache/binance-altcoin-trend-round34/funding_monthly/XLMUSDT/XLMUSDT-fundingRate-2024-01.zip,downloaded_verified,e389282bf00f6f436adf75af35f74ae445d6ee774715db7800909941bbb2b17c,717.0
XLMUSDT,2024-02,kline_monthly,https://data.binance.vision/data/futures/um/monthly/klines/XLMUSDT/15m/XLMUSDT-15m-2024-02.zip,.cache/binance-altcoin-trend-round34/kline_monthly/XLMUSDT/XLMUSDT-15m-2024-02.zip,downloaded_verified,588016586e8ec868d0a12fc044b194a6f3b93b0e2b7ff0bc62d98b22f0b0c052,114007.0
XLMUSDT,2024-02,funding_monthly,https://data.binance.vision/data/futures/um/monthly/fundingRate/XLMUSDT/XLMUSDT-fundingRate-2024-02.zip,.cache/binance-altcoin-trend-round34/funding_monthly/XLMUSDT/XLMUSDT-fundingRate-2024-02.zip,downloaded_verified,4b245c0a546f55e4d3c4874e2966e8261417889747ff1fb19c10b1f53ab1aba8,726.0
XLMUSDT,2024-03,kline_monthly,https://data.binance.vision/data/futures/um/monthly/klines/XLMUSDT/15m/XLMUSDT-15m-2024-03.zip,.cache/binance-altcoin-trend-round34/kline_monthly/XLMUSDT/XLMUSDT-15m-2024-03.zip,downloaded_verified,ebce198c031bac8c1573aacc1514b1b6c901aca3c7e75a2a994f01d220d454d2,127832.0
XLMUSDT,2024-03,funding_monthly,https://data.binance.vision/data/futures/um/monthly/fundingRate/XLMUSDT/XLMUSDT-fundingRate-2024-03.zip,.cache/binance-altcoin-trend-round34/funding_monthly/XLMUSDT/XLMUSDT-fundingRate-2024-03.zip,downloaded_verified,1971d81e7e3b7d451f19d38cb1e081b1207c9bd035aba305d65e68f5cf3d033a,918.0
XLMUSDT,2024-04,kline_monthly,https://data.binance.vision/data/futures/um/monthly/klines/XLMUSDT/15m/XLMUSDT-15m-2024-04.zip,.cache/binance-altcoin-trend-round34/kline_monthly/XLMUSDT/XLMUSDT-15m-2024-04.zip,downloaded_verified,1dbe402a356b29c4ce2146a495bc4b2196f65ca7e7760a6e30c7f21aa41c9093,120529.0
XLMUSDT,2024-04,funding_monthly,https://data.binance.vision/data/futures/um/monthly/fundingRate/XLMUSDT/XLMUSDT-fundingRate-2024-04.zip,.cache/binance-altcoin-trend-round34/funding_monthly/XLMUSDT/XLMUSDT-fundingRate-2024-04.zip,downloaded_verified,ed8598e8b244e3610ab0198481e4eb38eb32066274c10c8641ee2e6112f13900,876.0
XLMUSDT,2024-05,kline_monthly,https://data.binance.vision/data/futures/um/monthly/klines/XLMUSDT/15m/XLMUSDT-15m-2024-05.zip,.cache/binance-altcoin-trend-round34/kline_monthly/XLMUSDT/XLMUSDT-15m-2024-05.zip,downloaded_verified,14d439e9a31d0abe29bf4bd3f88927ca8ccc5a2f36c2315ee68a3149172f5e77,120738.0
XLMUSDT,2024-05,funding_monthly,https://data.binance.vision/data/futures/um/monthly/fundingRate/XLMUSDT/XLMUSDT-fundingRate-2024-05.zip,.cache/binance-altcoin-trend-round34/funding_monthly/XLMUSDT/XLMUSDT-fundingRate-2024-05.zip,downloaded_verified,8489075efd2cd51ca5a8fc12819c8d03de8d044d753dc36db41acdd36f4169d0,821.0
XLMUSDT,2024-06,kline_monthly,https://data.binance.vision/data/futures/um/monthly/klines/XLMUSDT/15m/XLMUSDT-15m-2024-06.zip,.cache/binance-altcoin-trend-round34/kline_monthly/XLMUSDT/XLMUSDT-15m-2024-06.zip,downloaded_verified,cf66f343d5f8f175bcf81babf33364cc7395c9a76b206f406cfa22e954702684,115161.0
XLMUSDT,2024-06,funding_monthly,https://data.binance.vision/data/futures/um/monthly/fundingRate/XLMUSDT/XLMUSDT-fundingRate-2024-06.zip,.cache/binance-altcoin-trend-round34/funding_monthly/XLMUSDT/XLMUSDT-fundingRate-2024-06.zip,downloaded_verified,f5a3aa1536218ca8d604884fa22243ba270ad1491ede952a32531d192d6fba3e,759.0
XLMUSDT,2024-07,kline_monthly,https://data.binance.vision/data/futures/um/monthly/klines/XLMUSDT/15m/XLMUSDT-15m-2024-07.zip,.cache/binance-altcoin-trend-round34/kline_monthly/XLMUSDT/XLMUSDT-15m-2024-07.zip,downloaded_verified,5ae55f0e207a9b84dfde0dcfb4635a13342f0a9e7d22d8e9b2dba72ab2f389f0,122898.0
XLMUSDT,2024-07,funding_monthly,https://data.binance.vision/data/futures/um/monthly/fundingRate/XLMUSDT/XLMUSDT-fundingRate-2024-07.zip,.cache/binance-altcoin-trend-round34/funding_monthly/XLMUSDT/XLMUSDT-fundingRate-2024-07.zip,downloaded_verified,93a3e70ae75cd667bb0bf7b0ae34ec78366973daf69641ed91d385f68a8067df,836.0
XLMUSDT,2024-08,kline_monthly,https://data.binance.vision/data/futures/um/monthly/klines/XLMUSDT/15m/XLMUSDT-15m-2024-08.zip,.cache/binance-altcoin-trend-round34/kline_monthly/XLMUSDT/XLMUSDT-15m-2024-08.zip,downloaded_verified,43be7937c8c3095bd53e76ab4b87406997fca4d6c19ef9ee51ca96b9a941117d,122366.0
XLMUSDT,2024-08,funding_monthly,https://data.binance.vision/data/futures/um/monthly/fundingRate/XLMUSDT/XLMUSDT-fundingRate-2024-08.zip,.cache/binance-altcoin-trend-round34/funding_monthly/XLMUSDT/XLMUSDT-fundingRate-2024-08.zip,downloaded_verified,a1ff44a1d6a11c7a666348ed467c1031364950f48a58a762a2f36af075204919,869.0
XLMUSDT,2024-09,kline_monthly,https://data.binance.vision/data/futures/um/monthly/klines/XLMUSDT/15m/XLMUSDT-15m-2024-09.zip,.cache/binance-altcoin-trend-round34/kline_monthly/XLMUSDT/XLMUSDT-15m-2024-09.zip,downloaded_verified,b7ae6237c07090a5dcd31dff1c5ddd72e22537a4163c61fbd0ef07c3957539f2,115490.0
XLMUSDT,2024-09,funding_monthly,https://data.binance.vision/data/futures/um/monthly/fundingRate/XLMUSDT/XLMUSDT-fundingRate-2024-09.zip,.cache/binance-altcoin-trend-round34/funding_monthly/XLMUSDT/XLMUSDT-fundingRate-2024-09.zip,downloaded_verified,a8d54748ca385e84ee6027ac0776939c42089967440eb8fc585d6ec3324c02a4,853.0
XLMUSDT,2024-10,kline_monthly,https://data.binance.vision/data/futures/um/monthly/klines/XLMUSDT/15m/XLMUSDT-15m-2024-10.zip,.cache/binance-altcoin-trend-round34/kline_monthly/XLMUSDT/XLMUSDT-15m-2024-10.zip,downloaded_verified,d79c78d789d3957c9afb561130ae8221393c6d76f2ce6ccf64a78d733bc91eef,118672.0
XLMUSDT,2024-10,funding_monthly,https://data.binance.vision/data/futures/um/monthly/fundingRate/XLMUSDT/XLMUSDT-fundingRate-2024-10.zip,.cache/binance-altcoin-trend-round34/funding_monthly/XLMUSDT/XLMUSDT-fundingRate-2024-10.zip,downloaded_verified,41d01280bb4b887ca65d2821ed151994cbb0b4fe6a2bde9b2ae330c41835a049,795.0
XLMUSDT,2024-11,kline_monthly,https://data.binance.vision/data/futures/um/monthly/klines/XLMUSDT/15m/XLMUSDT-15m-2024-11.zip,.cache/binance-altcoin-trend-round34/kline_monthly/XLMUSDT/XLMUSDT-15m-2024-11.zip,downloaded_verified,63ee317835aeb97f676bbc9a4de24e76a0b8491f9c2c6c5b3c1a1a11e1de7a0e,129456.0
XLMUSDT,2024-11,funding_monthly,https://data.binance.vision/data/futures/um/monthly/fundingRate/XLMUSDT/XLMUSDT-fundingRate-2024-11.zip,.cache/binance-altcoin-trend-round34/funding_monthly/XLMUSDT/XLMUSDT-fundingRate-2024-11.zip,downloaded_verified,2c2a496928eed9bc041b98eb9912c8ee6c712b7878eb5b5087ad77b86bd1b756,767.0
XLMUSDT,2024-12,kline_monthly,https://data.binance.vision/data/futures/um/monthly/klines/XLMUSDT/15m/XLMUSDT-15m-2024-12.zip,.cache/binance-altcoin-trend-round34/kline_monthly/XLMUSDT/XLMUSDT-15m-2024-12.zip,downloaded_verified,e0c1d1f1563a0fb8b9ab92e009677981a244a92da4a50fa4f683d206d49dd920,135838.0
XLMUSDT,2024-12,funding_monthly,https://data.binance.vision/data/futures/um/monthly/fundingRate/XLMUSDT/XLMUSDT-fundingRate-2024-12.zip,.cache/binance-altcoin-trend-round34/funding_monthly/XLMUSDT/XLMUSDT-fundingRate-2024-12.zip,downloaded_verified,c22f2509dc837f3737e523230b1fd9aefd29557e7da5aece5817b36e769d57be,805.0
XLMUSDT,2025-01,kline_monthly,https://data.binance.vision/data/futures/um/monthly/klines/XLMUSDT/15m/XLMUSDT-15m-2025-01.zip,.cache/binance-altcoin-trend-round34/kline_monthly/XLMUSDT/XLMUSDT-15m-2025-01.zip,downloaded_verified,895037faa7be181356cd7a2bdfa307f6cffbf31a5fc32e575b3efc74ad658aef,135557.0
XLMUSDT,2025-01,funding_monthly,https://data.binance.vision/data/futures/um/monthly/fundingRate/XLMUSDT/XLMUSDT-fundingRate-2025-01.zip,.cache/binance-altcoin-trend-round34/funding_monthly/XLMUSDT/XLMUSDT-fundingRate-2025-01.zip,downloaded_verified,963df11d232ceac1d785adcd55f782b30ef063070d6a134f356304cdadba8a79,836.0
XLMUSDT,2025-02,kline_monthly,https://data.binance.vision/data/futures/um/monthly/klines/XLMUSDT/15m/XLMUSDT-15m-2025-02.zip,.cache/binance-altcoin-trend-round34/kline_monthly/XLMUSDT/XLMUSDT-15m-2025-02.zip,downloaded_verified,44a972c2f91ce7cac70e602fc99ead22e98ce767ca6de4bba1f89d992348334a,119188.0
XLMUSDT,2025-02,funding_monthly,https://data.binance.vision/data/futures/um/monthly/fundingRate/XLMUSDT/XLMUSDT-fundingRate-2025-02.zip,.cache/binance-altcoin-trend-round34/funding_monthly/XLMUSDT/XLMUSDT-fundingRate-2025-02.zip,downloaded_verified,0b7f7e19297e2277f3a690ec6554f50e53bdddc26b0d70ce2039e7fa93740d8d,891.0
XLMUSDT,2025-03,kline_monthly,https://data.binance.vision/data/futures/um/monthly/klines/XLMUSDT/15m/XLMUSDT-15m-2025-03.zip,.cache/binance-altcoin-trend-round34/kline_monthly/XLMUSDT/XLMUSDT-15m-2025-03.zip,downloaded_verified,0e0974b0d290e542fc1894b65128c59dcc2fa54aa45a1d9ebca791fb355791fc,130110.0
XLMUSDT,2025-03,funding_monthly,https://data.binance.vision/data/futures/um/monthly/fundingRate/XLMUSDT/XLMUSDT-fundingRate-2025-03.zip,.cache/binance-altcoin-trend-round34/funding_monthly/XLMUSDT/XLMUSDT-fundingRate-2025-03.zip,downloaded_verified,41655ccdcb49a9223f64c9f907766c92767e2ad164ccd56e6b457a9c1345b023,950.0
XLMUSDT,2025-04,kline_monthly,https://data.binance.vision/data/futures/um/monthly/klines/XLMUSDT/15m/XLMUSDT-15m-2025-04.zip,.cache/binance-altcoin-trend-round34/kline_monthly/XLMUSDT/XLMUSDT-15m-2025-04.zip,downloaded_verified,7730ba672164b434209cee3fa78ad6e79c1be89c31962aed08d7a4bfee75571a,124171.0
XLMUSDT,2025-04,funding_monthly,https://data.binance.vision/data/futures/um/monthly/fundingRate/XLMUSDT/XLMUSDT-fundingRate-2025-04.zip,.cache/binance-altcoin-trend-round34/funding_monthly/XLMUSDT/XLMUSDT-fundingRate-2025-04.zip,downloaded_verified,00449b97f4bd279e81cf46b90951d9796dd132dec78c4dd7c4ee374e609c634f,925.0
XLMUSDT,2025-05,kline_monthly,https://data.binance.vision/data/futures/um/monthly/klines/XLMUSDT/15m/XLMUSDT-15m-2025-05.zip,.cache/binance-altcoin-trend-round34/kline_monthly/XLMUSDT/XLMUSDT-15m-2025-05.zip,downloaded_verified,2f277dc15fd816ba3226f11fd45c1ca96cb453971acb08c479dfded1ca024cfb,128236.0
XLMUSDT,2025-05,funding_monthly,https://data.binance.vision/data/futures/um/monthly/fundingRate/XLMUSDT/XLMUSDT-fundingRate-2025-05.zip,.cache/binance-altcoin-trend-round34/funding_monthly/XLMUSDT/XLMUSDT-fundingRate-2025-05.zip,downloaded_verified,2a768294c42d2461531ba61ef9049bcee6b1410c41423ddcaf8fa654afd4c0de,948.0
XLMUSDT,2025-06,kline_monthly,https://data.binance.vision/data/futures/um/monthly/klines/XLMUSDT/15m/XLMUSDT-15m-2025-06.zip,.cache/binance-altcoin-trend-round34/kline_monthly/XLMUSDT/XLMUSDT-15m-2025-06.zip,downloaded_verified,7a4b83be9cc11e08068237a4989390ad7e3c03d66ec61bb102eea73b82681bfd,121738.0
XLMUSDT,2025-06,funding_monthly,https://data.binance.vision/data/futures/um/monthly/fundingRate/XLMUSDT/XLMUSDT-fundingRate-2025-06.zip,.cache/binance-altcoin-trend-round34/funding_monthly/XLMUSDT/XLMUSDT-fundingRate-2025-06.zip,downloaded_verified,cec85e080b3dec864876f2a2bdbfa6420dfa2fbeb24b6714dd50b0d7b68d349c,977.0
XLMUSDT,2025-07,kline_monthly,https://data.binance.vision/data/futures/um/monthly/klines/XLMUSDT/15m/XLMUSDT-15m-2025-07.zip,.cache/binance-altcoin-trend-round34/kline_monthly/XLMUSDT/XLMUSDT-15m-2025-07.zip,downloaded_verified,7c70d25d6df0ac2d4dd2f3c4596e96ee8bf93884ed2d4de6511dd14a30fd78a4,133697.0
XLMUSDT,2025-07,funding_monthly,https://data.binance.vision/data/futures/um/monthly/fundingRate/XLMUSDT/XLMUSDT-fundingRate-2025-07.zip,.cache/binance-altcoin-trend-round34/funding_monthly/XLMUSDT/XLMUSDT-fundingRate-2025-07.zip,downloaded_verified,eb7cf920f81218af79378b9c7de055ef2da307ec0cab89cb0f6caf41bbd865d1,878.0
XLMUSDT,2025-08,kline_monthly,https://data.binance.vision/data/futures/um/monthly/klines/XLMUSDT/15m/XLMUSDT-15m-2025-08.zip,.cache/binance-altcoin-trend-round34/kline_monthly/XLMUSDT/XLMUSDT-15m-2025-08.zip,downloaded_verified,37f02384d4c1f8fad97f0d87318e99fc22b9c2cbdb1dd992b81db9d38987684a,131586.0
XLMUSDT,2025-08,funding_monthly,https://data.binance.vision/data/futures/um/monthly/fundingRate/XLMUSDT/XLMUSDT-fundingRate-2025-08.zip,.cache/binance-altcoin-trend-round34/funding_monthly/XLMUSDT/XLMUSDT-fundingRate-2025-08.zip,downloaded_verified,943e20982c867b483b4ab51891c236c360fea932f45b15bbe292493957a142b3,952.0
XLMUSDT,2025-09,kline_monthly,https://data.binance.vision/data/futures/um/monthly/klines/XLMUSDT/15m/XLMUSDT-15m-2025-09.zip,.cache/binance-altcoin-trend-round34/kline_monthly/XLMUSDT/XLMUSDT-15m-2025-09.zip,downloaded_verified,7eb55496f21f977b2b9764a6f8badc81e01c09c0c40cb3464b2efe3974aabf9e,124789.0
XLMUSDT,2025-09,funding_monthly,https://data.binance.vision/data/futures/um/monthly/fundingRate/XLMUSDT/XLMUSDT-fundingRate-2025-09.zip,.cache/binance-altcoin-trend-round34/funding_monthly/XLMUSDT/XLMUSDT-fundingRate-2025-09.zip,downloaded_verified,9040477f5b79c0e9d2a1e3cd7458cc06d78e139c1f03e2a06f3b2db6f3d5c4f0,897.0
XLMUSDT,2025-10,kline_monthly,https://data.binance.vision/data/futures/um/monthly/klines/XLMUSDT/15m/XLMUSDT-15m-2025-10.zip,.cache/binance-altcoin-trend-round34/kline_monthly/XLMUSDT/XLMUSDT-15m-2025-10.zip,downloaded_verified,78e57477a42494007cceb647bc9b97dca9c451eec601d49b2325e8229c3cca3b,129805.0
XLMUSDT,2025-10,funding_monthly,https://data.binance.vision/data/futures/um/monthly/fundingRate/XLMUSDT/XLMUSDT-fundingRate-2025-10.zip,.cache/binance-altcoin-trend-round34/funding_monthly/XLMUSDT/XLMUSDT-fundingRate-2025-10.zip,downloaded_verified,e5ae37630babffd1c33259723d48dde9e2a0950aeccc54d3194c8eb79470ed5e,927.0
XLMUSDT,2025-11,kline_monthly,https://data.binance.vision/data/futures/um/monthly/klines/XLMUSDT/15m/XLMUSDT-15m-2025-11.zip,.cache/binance-altcoin-trend-round34/kline_monthly/XLMUSDT/XLMUSDT-15m-2025-11.zip,downloaded_verified,b277852f6140eee1ca38fa4b9c3c950320b25911ac38ab0b60467bae06262a31,124887.0
XLMUSDT,2025-11,funding_monthly,https://data.binance.vision/data/futures/um/monthly/fundingRate/XLMUSDT/XLMUSDT-fundingRate-2025-11.zip,.cache/binance-altcoin-trend-round34/funding_monthly/XLMUSDT/XLMUSDT-fundingRate-2025-11.zip,downloaded_verified,d632dc7c1b20f8e1186ab1ad43d91964a6ad47bb86776a9a81f963960eeee4db,966.0
XLMUSDT,2025-12,kline_monthly,https://data.binance.vision/data/futures/um/monthly/klines/XLMUSDT/15m/XLMUSDT-15m-2025-12.zip,.cache/binance-altcoin-trend-round34/kline_monthly/XLMUSDT/XLMUSDT-15m-2025-12.zip,downloaded_verified,9c03f9f7e40759e6649227702220427ff4c728087040e7c56b60832e3cc72fbf,126101.0
XLMUSDT,2025-12,funding_monthly,https://data.binance.vision/data/futures/um/monthly/fundingRate/XLMUSDT/XLMUSDT-fundingRate-2025-12.zip,.cache/binance-altcoin-trend-round34/funding_monthly/XLMUSDT/XLMUSDT-fundingRate-2025-12.zip,downloaded_verified,ab8a93399549f40f22d276e88d439795399237f96572226a3309f0ec46463daf,954.0
XLMUSDT,2026-01,kline_monthly,https://data.binance.vision/data/futures/um/monthly/klines/XLMUSDT/15m/XLMUSDT-15m-2026-01.zip,.cache/binance-altcoin-trend-round34/kline_monthly/XLMUSDT/XLMUSDT-15m-2026-01.zip,downloaded_verified,c9f396ddd69baa38c3944406f33ace4dc42f7a395ac2760378ae17aec46f45f2,126816.0
XLMUSDT,2026-01,funding_monthly,https://data.binance.vision/data/futures/um/monthly/fundingRate/XLMUSDT/XLMUSDT-fundingRate-2026-01.zip,.cache/binance-altcoin-trend-round34/funding_monthly/XLMUSDT/XLMUSDT-fundingRate-2026-01.zip,downloaded_verified,7e383f185d0989572bafade863f47b6eedd4dab671c03f070e60f209573568bd,959.0
XLMUSDT,2026-02,kline_monthly,https://data.binance.vision/data/futures/um/monthly/klines/XLMUSDT/15m/XLMUSDT-15m-2026-02.zip,.cache/binance-altcoin-trend-round34/kline_monthly/XLMUSDT/XLMUSDT-15m-2026-02.zip,downloaded_verified,2227b14a63dfba54fb2f3016ff621561a11ffeb4d3c10b8f396f5a8e007ee0bf,114697.0
XLMUSDT,2026-02,funding_monthly,https://data.binance.vision/data/futures/um/monthly/fundingRate/XLMUSDT/XLMUSDT-fundingRate-2026-02.zip,.cache/binance-altcoin-trend-round34/funding_monthly/XLMUSDT/XLMUSDT-fundingRate-2026-02.zip,downloaded_verified,4979039980ae5cbe3d93f488fa892d35f32c3e46d4a725c2555a03d3ab962879,939.0
XLMUSDT,2026-03,kline_monthly,https://data.binance.vision/data/futures/um/monthly/klines/XLMUSDT/15m/XLMUSDT-15m-2026-03.zip,.cache/binance-altcoin-trend-round34/kline_monthly/XLMUSDT/XLMUSDT-15m-2026-03.zip,downloaded_verified,c7196d0c9be6d7c20609487f2c9fab1261c1613c654f4bc79fdd9697a37d83d6,125180.0
XLMUSDT,2026-03,funding_monthly,https://data.binance.vision/data/futures/um/monthly/fundingRate/XLMUSDT/XLMUSDT-fundingRate-2026-03.zip,.cache/binance-altcoin-trend-round34/funding_monthly/XLMUSDT/XLMUSDT-fundingRate-2026-03.zip,downloaded_verified,c24f839a55b10592381554901a7e7a7972c8626b22b00fc2dc79ca520f656d81,973.0
XLMUSDT,2026-04,kline_monthly,https://data.binance.vision/data/futures/um/monthly/klines/XLMUSDT/15m/XLMUSDT-15m-2026-04.zip,.cache/binance-altcoin-trend-round34/kline_monthly/XLMUSDT/XLMUSDT-15m-2026-04.zip,downloaded_verified,f83c104ce977321aa4fb2e1e20c51d478d0bfba2536515ec7dfc21d442423374,120034.0
XLMUSDT,2026-04,funding_monthly,https://data.binance.vision/data/futures/um/monthly/fundingRate/XLMUSDT/XLMUSDT-fundingRate-2026-04.zip,.cache/binance-altcoin-trend-round34/funding_monthly/XLMUSDT/XLMUSDT-fundingRate-2026-04.zip,downloaded_verified,eb44bbf49c89c0276c1c709cc02c0360a30a08f30414dc3db5b6783f2db5e878,950.0
XLMUSDT,2026-05,kline_monthly,https://data.binance.vision/data/futures/um/monthly/klines/XLMUSDT/15m/XLMUSDT-15m-2026-05.zip,.cache/binance-altcoin-trend-round34/kline_monthly/XLMUSDT/XLMUSDT-15m-2026-05.zip,downloaded_verified,4e48668abf93396bcc515f54c9687760209b2cd77fc80b296beae4b66da1a05a,126210.0
XLMUSDT,2026-05,funding_monthly,https://data.binance.vision/data/futures/um/monthly/fundingRate/XLMUSDT/XLMUSDT-fundingRate-2026-05.zip,.cache/binance-altcoin-trend-round34/funding_monthly/XLMUSDT/XLMUSDT-fundingRate-2026-05.zip,downloaded_verified,b4c80be3ff68baa77a6ea9cf50a1f70d62acc7187d4bb5efe024f2c92e363903,980.0
XLMUSDT,2026-06,kline_monthly,https://data.binance.vision/data/futures/um/monthly/klines/XLMUSDT/15m/XLMUSDT-15m-2026-06.zip,.cache/binance-altcoin-trend-round34/kline_monthly/XLMUSDT/XLMUSDT-15m-2026-06.zip,downloaded_verified,abb8d5dd21298d9ad9474649c0b4538c0264c32fcbe977ad38bcfccde2f63e94,127595.0
XLMUSDT,2026-06,funding_monthly,https://data.binance.vision/data/futures/um/monthly/fundingRate/XLMUSDT/XLMUSDT-fundingRate-2026-06.zip,.cache/binance-altcoin-trend-round34/funding_monthly/XLMUSDT/XLMUSDT-fundingRate-2026-06.zip,downloaded_verified,30c6198a78f21800638fd3412876fa6774db940fe6b297bd15c63d2e651456db,972.0
XLMUSDT,2026-07-01,kline_daily,https://data.binance.vision/data/futures/um/daily/klines/XLMUSDT/15m/XLMUSDT-15m-2026-07-01.zip,.cache/binance-altcoin-trend-round34/kline_daily/XLMUSDT/XLMUSDT-15m-2026-07-01.zip,downloaded_verified,b297ad72220edaa10c58b14a4f5117a6f73848fc974b73125ada31eca2280032,4701.0
XLMUSDT,2026-07-02,kline_daily,https://data.binance.vision/data/futures/um/daily/klines/XLMUSDT/15m/XLMUSDT-15m-2026-07-02.zip,.cache/binance-altcoin-trend-round34/kline_daily/XLMUSDT/XLMUSDT-15m-2026-07-02.zip,downloaded_verified,f8374d9a2a1f07aca193edcd52063cefa58b0c6dbbd38a58ac97b9470bc79ba8,4601.0
XLMUSDT,2026-07-03,kline_daily,https://data.binance.vision/data/futures/um/daily/klines/XLMUSDT/15m/XLMUSDT-15m-2026-07-03.zip,.cache/binance-altcoin-trend-round34/kline_daily/XLMUSDT/XLMUSDT-15m-2026-07-03.zip,downloaded_verified,f50f4061a3c8a03996ffa4e4d6e4213f6ee226cf527b770390276e11d5fc5831,4546.0
XLMUSDT,2026-07-04,kline_daily,https://data.binance.vision/data/futures/um/daily/klines/XLMUSDT/15m/XLMUSDT-15m-2026-07-04.zip,.cache/binance-altcoin-trend-round34/kline_daily/XLMUSDT/XLMUSDT-15m-2026-07-04.zip,downloaded_verified,b844e9aa83dd18b4d3e5e6e28f057c0602e584b51efd1703ae140def1a7b0ce8,4608.0
XLMUSDT,2026-07-05,kline_daily,https://data.binance.vision/data/futures/um/daily/klines/XLMUSDT/15m/XLMUSDT-15m-2026-07-05.zip,.cache/binance-altcoin-trend-round34/kline_daily/XLMUSDT/XLMUSDT-15m-2026-07-05.zip,downloaded_verified,3f052e7d6d78e6db51c697c8eb7ffe3992733868a5c53ccda22bbe8fa1961f49,4503.0
XLMUSDT,2026-07-06,kline_daily,https://data.binance.vision/data/futures/um/daily/klines/XLMUSDT/15m/XLMUSDT-15m-2026-07-06.zip,.cache/binance-altcoin-trend-round34/kline_daily/XLMUSDT/XLMUSDT-15m-2026-07-06.zip,downloaded_verified,334063877882847501aec8428f2c59579b33957d66a4bae43b58a9450e165aad,4595.0
XLMUSDT,2026-07-07,kline_daily,https://data.binance.vision/data/futures/um/daily/klines/XLMUSDT/15m/XLMUSDT-15m-2026-07-07.zip,.cache/binance-altcoin-trend-round34/kline_daily/XLMUSDT/XLMUSDT-15m-2026-07-07.zip,downloaded_verified,f4ce622a89032c3b9f11d1b19c56e170f83027576fed216d8c9e1e2fcbc7221b,4541.0
XLMUSDT,2026-07-08,kline_daily,https://data.binance.vision/data/futures/um/daily/klines/XLMUSDT/15m/XLMUSDT-15m-2026-07-08.zip,.cache/binance-altcoin-trend-round34/kline_daily/XLMUSDT/XLMUSDT-15m-2026-07-08.zip,downloaded_verified,69cde93bbe3f406f1fd150b451eacb865bb543d9109c2b978665905b53be3f77,4446.0
XLMUSDT,2026-07-09,kline_daily,https://data.binance.vision/data/futures/um/daily/klines/XLMUSDT/15m/XLMUSDT-15m-2026-07-09.zip,.cache/binance-altcoin-trend-round34/kline_daily/XLMUSDT/XLMUSDT-15m-2026-07-09.zip,downloaded_verified,1adf7fb3f89bd01f051a4f647b8bb690af744845255e0bb2f9aeec6ac6abf387,4470.0
XLMUSDT,2026-07-10,kline_daily,https://data.binance.vision/data/futures/um/daily/klines/XLMUSDT/15m/XLMUSDT-15m-2026-07-10.zip,.cache/binance-altcoin-trend-round34/kline_daily/XLMUSDT/XLMUSDT-15m-2026-07-10.zip,downloaded_verified,4b86687020964fc5c801f769e8d41c3611be5da06947d37361770b08cf06f6cd,4490.0
XLMUSDT,2026-07-11,kline_daily,https://data.binance.vision/data/futures/um/daily/klines/XLMUSDT/15m/XLMUSDT-15m-2026-07-11.zip,.cache/binance-altcoin-trend-round34/kline_daily/XLMUSDT/XLMUSDT-15m-2026-07-11.zip,downloaded_verified,466e62d80183d084f8b30edf8af78fc04096a5478cfa31860c5ca4f19966641d,4383.0
XLMUSDT,2026-07-12,kline_daily,https://data.binance.vision/data/futures/um/daily/klines/XLMUSDT/15m/XLMUSDT-15m-2026-07-12.zip,.cache/binance-altcoin-trend-round34/kline_daily/XLMUSDT/XLMUSDT-15m-2026-07-12.zip,downloaded_verified,ba76ff07a7321e64f91080c28fa97bb9a73eadb6aadebda0f58bdcba47d170de,4412.0
XLMUSDT,2026-07-13,kline_daily,https://data.binance.vision/data/futures/um/daily/klines/XLMUSDT/15m/XLMUSDT-15m-2026-07-13.zip,.cache/binance-altcoin-trend-round34/kline_daily/XLMUSDT/XLMUSDT-15m-2026-07-13.zip,downloaded_verified,0f39b516822aea8cd544f5ae4b8923a10a9a19ec0531eb6486e5a0570415d166,4470.0
XLMUSDT,2026-07-14,kline_daily,https://data.binance.vision/data/futures/um/daily/klines/XLMUSDT/15m/XLMUSDT-15m-2026-07-14.zip,.cache/binance-altcoin-trend-round34/kline_daily/XLMUSDT/XLMUSDT-15m-2026-07-14.zip,downloaded_verified,98b52f8d17367505daf86ec70f3b0563f606f80cc61dc4ec2afd1fd2e083b9bc,4459.0
XLMUSDT,2026-07-15,kline_daily,https://data.binance.vision/data/futures/um/daily/klines/XLMUSDT/15m/XLMUSDT-15m-2026-07-15.zip,.cache/binance-altcoin-trend-round34/kline_daily/XLMUSDT/XLMUSDT-15m-2026-07-15.zip,downloaded_verified,a0791c5399716f69279d1643dbcb809105cd9931384605c791c4d0cacaebfc45,4482.0
XLMUSDT,2026-07-16,kline_daily,https://data.binance.vision/data/futures/um/daily/klines/XLMUSDT/15m/XLMUSDT-15m-2026-07-16.zip,.cache/binance-altcoin-trend-round34/kline_daily/XLMUSDT/XLMUSDT-15m-2026-07-16.zip,downloaded_verified,269b9827c923a015ec0052cc6da89e3472be8275334612fc306c220331c23d4e,4528.0
XLMUSDT,2026-07-17,kline_daily,https://data.binance.vision/data/futures/um/daily/klines/XLMUSDT/15m/XLMUSDT-15m-2026-07-17.zip,.cache/binance-altcoin-trend-round34/kline_daily/XLMUSDT/XLMUSDT-15m-2026-07-17.zip,downloaded_verified,28d35607328d6887ffa1fd0e95cc0661102b4b2a634137c35d20fd04c9df7243,4445.0
XLMUSDT,2026-07-18,kline_daily,https://data.binance.vision/data/futures/um/daily/klines/XLMUSDT/15m/XLMUSDT-15m-2026-07-18.zip,.cache/binance-altcoin-trend-round34/kline_daily/XLMUSDT/XLMUSDT-15m-2026-07-18.zip,downloaded_verified,53dca0a7e6f52251a59f0e5df1f49f3058dec7d4333657c72b18f25fc4ba34c5,4391.0
XLMUSDT,2026-07-19,kline_daily,https://data.binance.vision/data/futures/um/daily/klines/XLMUSDT/15m/XLMUSDT-15m-2026-07-19.zip,.cache/binance-altcoin-trend-round34/kline_daily/XLMUSDT/XLMUSDT-15m-2026-07-19.zip,downloaded_verified,9e77fa1d404cfc61ed6477a78dea675c33dd0ac2102ed8a26494363f3d32cc19,4405.0
XLMUSDT,2026-07-20,kline_daily,https://data.binance.vision/data/futures/um/daily/klines/XLMUSDT/15m/XLMUSDT-15m-2026-07-20.zip,.cache/binance-altcoin-trend-round34/kline_daily/XLMUSDT/XLMUSDT-15m-2026-07-20.zip,downloaded_verified,54ada6827cfd110769e040fdd4128c8b2ae8afa50840029593c4558466d7e18c,4472.0
XLMUSDT,2026-07-21,kline_daily,https://data.binance.vision/data/futures/um/daily/klines/XLMUSDT/15m/XLMUSDT-15m-2026-07-21.zip,.cache/binance-altcoin-trend-round34/kline_daily/XLMUSDT/XLMUSDT-15m-2026-07-21.zip,downloaded_verified,dc830c094d711ee45b7a86725f88ce9fae8ee73ea57771c4949da6a0ea8e4051,4464.0
XLMUSDT,2026-07-22,kline_daily,https://data.binance.vision/data/futures/um/daily/klines/XLMUSDT/15m/XLMUSDT-15m-2026-07-22.zip,.cache/binance-altcoin-trend-round34/kline_daily/XLMUSDT/XLMUSDT-15m-2026-07-22.zip,downloaded_verified,a6706ec755dcecc7cfd52a1364a908c3bdbf5afc1252e189f632cfc1407f90ea,4476.0
XLMUSDT,2026-07-23,kline_daily,https://data.binance.vision/data/futures/um/daily/klines/XLMUSDT/15m/XLMUSDT-15m-2026-07-23.zip,.cache/binance-altcoin-trend-round34/kline_daily/XLMUSDT/XLMUSDT-15m-2026-07-23.zip,downloaded_verified,123f94d311416e6a4ddf4cc6c6db8df074c1b27c73a2fdb312aa1403e0d82a7a,4412.0
XLMUSDT,2026-07-24,kline_daily,https://data.binance.vision/data/futures/um/daily/klines/XLMUSDT/15m/XLMUSDT-15m-2026-07-24.zip,.cache/binance-altcoin-trend-round34/kline_daily/XLMUSDT/XLMUSDT-15m-2026-07-24.zip,downloaded_verified,e7b38ce981f8879a73441028abc1b55cdde4c43f8ab343cd5d59528f7104fe31,4417.0
XLMUSDT,2026-07-25,kline_daily,https://data.binance.vision/data/futures/um/daily/klines/XLMUSDT/15m/XLMUSDT-15m-2026-07-25.zip,.cache/binance-altcoin-trend-round34/kline_daily/XLMUSDT/XLMUSDT-15m-2026-07-25.zip,downloaded_verified,fc9d6b808db75ac042c1b1eb38ef8faa4f5732cb13ede48c249bd1599a7a676f,4316.0
XLMUSDT,2026-07-26,kline_daily,https://data.binance.vision/data/futures/um/daily/klines/XLMUSDT/15m/XLMUSDT-15m-2026-07-26.zip,.cache/binance-altcoin-trend-round34/kline_daily/XLMUSDT/XLMUSDT-15m-2026-07-26.zip,downloaded_verified,71bc62aa179ef08fb33c53c5c25ebf109a83605c0f5bf5815cc19da49a57b939,4318.0
JUPUSDT,2023-11,kline_monthly,https://data.binance.vision/data/futures/um/monthly/klines/JUPUSDT/15m/JUPUSDT-15m-2023-11.zip,.cache/binance-altcoin-trend-round34/kline_monthly/JUPUSDT/JUPUSDT-15m-2023-11.zip,missing,,
JUPUSDT,2023-11,funding_monthly,https://data.binance.vision/data/futures/um/monthly/fundingRate/JUPUSDT/JUPUSDT-fundingRate-2023-11.zip,.cache/binance-altcoin-trend-round34/funding_monthly/JUPUSDT/JUPUSDT-fundingRate-2023-11.zip,missing,,
JUPUSDT,2023-12,kline_monthly,https://data.binance.vision/data/futures/um/monthly/klines/JUPUSDT/15m/JUPUSDT-15m-2023-12.zip,.cache/binance-altcoin-trend-round34/kline_monthly/JUPUSDT/JUPUSDT-15m-2023-12.zip,missing,,
JUPUSDT,2023-12,funding_monthly,https://data.binance.vision/data/futures/um/monthly/fundingRate/JUPUSDT/JUPUSDT-fundingRate-2023-12.zip,.cache/binance-altcoin-trend-round34/funding_monthly/JUPUSDT/JUPUSDT-fundingRate-2023-12.zip,missing,,
JUPUSDT,2024-01,kline_monthly,https://data.binance.vision/data/futures/um/monthly/klines/JUPUSDT/15m/JUPUSDT-15m-2024-01.zip,.cache/binance-altcoin-trend-round34/kline_monthly/JUPUSDT/JUPUSDT-15m-2024-01.zip,downloaded_verified,33bf376240de8df0c6b9175e1096a9a1c9a18dbe1613013552e817b576a3f63e,1307.0
JUPUSDT,2024-01,funding_monthly,https://data.binance.vision/data/futures/um/monthly/fundingRate/JUPUSDT/JUPUSDT-fundingRate-2024-01.zip,.cache/binance-altcoin-trend-round34/funding_monthly/JUPUSDT/JUPUSDT-fundingRate-2024-01.zip,missing,,
JUPUSDT,2024-02,kline_monthly,https://data.binance.vision/data/futures/um/monthly/klines/JUPUSDT/15m/JUPUSDT-15m-2024-02.zip,.cache/binance-altcoin-trend-round34/kline_monthly/JUPUSDT/JUPUSDT-15m-2024-02.zip,downloaded_verified,4bde03b57b07a4f5f8fe19a127b6b8bfa0f854758ac15e429ada6d14254f2ee6,120372.0
JUPUSDT,2024-02,funding_monthly,https://data.binance.vision/data/futures/um/monthly/fundingRate/JUPUSDT/JUPUSDT-fundingRate-2024-02.zip,.cache/binance-altcoin-trend-round34/funding_monthly/JUPUSDT/JUPUSDT-fundingRate-2024-02.zip,downloaded_verified,f9ac796ba315778e7136363b4540f20a977d71c88ea59890713e50c71cffd05f,1408.0
JUPUSDT,2024-03,kline_monthly,https://data.binance.vision/data/futures/um/monthly/klines/JUPUSDT/15m/JUPUSDT-15m-2024-03.zip,.cache/binance-altcoin-trend-round34/kline_monthly/JUPUSDT/JUPUSDT-15m-2024-03.zip,downloaded_verified,884301c29eaef5fbd369811b866be3f6550bf9820fb0766b175771c3f8488517,132412.0
JUPUSDT,2024-03,funding_monthly,https://data.binance.vision/data/futures/um/monthly/fundingRate/JUPUSDT/JUPUSDT-fundingRate-2024-03.zip,.cache/binance-altcoin-trend-round34/funding_monthly/JUPUSDT/JUPUSDT-fundingRate-2024-03.zip,downloaded_verified,99d712123d96ea5d5c3d8f9524287047bb52fcdf960a4d3e9bf10dbb0724dabb,1524.0
JUPUSDT,2024-04,kline_monthly,https://data.binance.vision/data/futures/um/monthly/klines/JUPUSDT/15m/JUPUSDT-15m-2024-04.zip,.cache/binance-altcoin-trend-round34/kline_monthly/JUPUSDT/JUPUSDT-15m-2024-04.zip,downloaded_verified,e3051cda617058a9025d7c76f2831073455b37c6b532e97b732affd389b89e11,125307.0
JUPUSDT,2024-04,funding_monthly,https://data.binance.vision/data/futures/um/monthly/fundingRate/JUPUSDT/JUPUSDT-fundingRate-2024-04.zip,.cache/binance-altcoin-trend-round34/funding_monthly/JUPUSDT/JUPUSDT-fundingRate-2024-04.zip,downloaded_verified,dbafda1744d1bf5efcf9706cc33553c9704b66d7153b8a91643e99e55b6726db,1290.0
JUPUSDT,2024-05,kline_monthly,https://data.binance.vision/data/futures/um/monthly/klines/JUPUSDT/15m/JUPUSDT-15m-2024-05.zip,.cache/binance-altcoin-trend-round34/kline_monthly/JUPUSDT/JUPUSDT-15m-2024-05.zip,downloaded_verified,38b5d87953fa851955da5750f49708f11912722e1425480ec6f56ec18a5cdde7,125544.0
JUPUSDT,2024-05,funding_monthly,https://data.binance.vision/data/futures/um/monthly/fundingRate/JUPUSDT/JUPUSDT-fundingRate-2024-05.zip,.cache/binance-altcoin-trend-round34/funding_monthly/JUPUSDT/JUPUSDT-fundingRate-2024-05.zip,downloaded_verified,e589f5c91e110df0becaa6f09d5daa60a66110e20fb900bdf45fb6150fa5f4f9,1136.0
JUPUSDT,2024-06,kline_monthly,https://data.binance.vision/data/futures/um/monthly/klines/JUPUSDT/15m/JUPUSDT-15m-2024-06.zip,.cache/binance-altcoin-trend-round34/kline_monthly/JUPUSDT/JUPUSDT-15m-2024-06.zip,downloaded_verified,51912e228ef7a4958d57ffff6baffa1e08c052bfa415368cde4ef3c394d97385,119050.0
JUPUSDT,2024-06,funding_monthly,https://data.binance.vision/data/futures/um/monthly/fundingRate/JUPUSDT/JUPUSDT-fundingRate-2024-06.zip,.cache/binance-altcoin-trend-round34/funding_monthly/JUPUSDT/JUPUSDT-fundingRate-2024-06.zip,downloaded_verified,b573a4fa489a8cd5a5aa70219b37a5dd6e2b7f81fa2034fab18cfc1ec6c654b1,1217.0
JUPUSDT,2024-07,kline_monthly,https://data.binance.vision/data/futures/um/monthly/klines/JUPUSDT/15m/JUPUSDT-15m-2024-07.zip,.cache/binance-altcoin-trend-round34/kline_monthly/JUPUSDT/JUPUSDT-15m-2024-07.zip,downloaded_verified,375ad3a40c99217c1456bde5ae723a219608fbe81154e262f13dadfdedee5e71,126544.0
JUPUSDT,2024-07,funding_monthly,https://data.binance.vision/data/futures/um/monthly/fundingRate/JUPUSDT/JUPUSDT-fundingRate-2024-07.zip,.cache/binance-altcoin-trend-round34/funding_monthly/JUPUSDT/JUPUSDT-fundingRate-2024-07.zip,downloaded_verified,7b344817ffd9ae443a5f76ddb7447af73d845ca1180e1823b9cb8f8ad62ddc30,1343.0
JUPUSDT,2024-08,kline_monthly,https://data.binance.vision/data/futures/um/monthly/klines/JUPUSDT/15m/JUPUSDT-15m-2024-08.zip,.cache/binance-altcoin-trend-round34/kline_monthly/JUPUSDT/JUPUSDT-15m-2024-08.zip,downloaded_verified,47dc38884977b260dbe841be2ff4ca22a8dfd1faed811995b4c17507cab3eb07,125121.0
JUPUSDT,2024-08,funding_monthly,https://data.binance.vision/data/futures/um/monthly/fundingRate/JUPUSDT/JUPUSDT-fundingRate-2024-08.zip,.cache/binance-altcoin-trend-round34/funding_monthly/JUPUSDT/JUPUSDT-fundingRate-2024-08.zip,downloaded_verified,278ed4547f06b33acbfeb74b3c23e58cc735528267753d06358d8b3283078c93,1479.0
JUPUSDT,2024-09,kline_monthly,https://data.binance.vision/data/futures/um/monthly/klines/JUPUSDT/15m/JUPUSDT-15m-2024-09.zip,.cache/binance-altcoin-trend-round34/kline_monthly/JUPUSDT/JUPUSDT-15m-2024-09.zip,downloaded_verified,b5945b68aee534914e338415fa9b7d430f8348c07ee43d8f9494efdf5a492fa1,118379.0
JUPUSDT,2024-09,funding_monthly,https://data.binance.vision/data/futures/um/monthly/fundingRate/JUPUSDT/JUPUSDT-fundingRate-2024-09.zip,.cache/binance-altcoin-trend-round34/funding_monthly/JUPUSDT/JUPUSDT-fundingRate-2024-09.zip,downloaded_verified,c7ed3415815b4cf9e346875fc9a3f2b691d49c204fcb456e3b9d419b4dca1338,1416.0
JUPUSDT,2024-10,kline_monthly,https://data.binance.vision/data/futures/um/monthly/klines/JUPUSDT/15m/JUPUSDT-15m-2024-10.zip,.cache/binance-altcoin-trend-round34/kline_monthly/JUPUSDT/JUPUSDT-15m-2024-10.zip,downloaded_verified,541fc14b240853a53e526fffbdb2f2bc5da3c3dd83f48cc7e8017da9be8c68b3,124995.0
JUPUSDT,2024-10,funding_monthly,https://data.binance.vision/data/futures/um/monthly/fundingRate/JUPUSDT/JUPUSDT-fundingRate-2024-10.zip,.cache/binance-altcoin-trend-round34/funding_monthly/JUPUSDT/JUPUSDT-fundingRate-2024-10.zip,downloaded_verified,a1ea129d272cced488224c492e402d4a05634256da554e40ffc94c683d40eec7,1588.0
JUPUSDT,2024-11,kline_monthly,https://data.binance.vision/data/futures/um/monthly/klines/JUPUSDT/15m/JUPUSDT-15m-2024-11.zip,.cache/binance-altcoin-trend-round34/kline_monthly/JUPUSDT/JUPUSDT-15m-2024-11.zip,downloaded_verified,9738858d84e799c7d2914eb46c3cc8c4357c6464127cc67528e3b9da34070ca9,124006.0
JUPUSDT,2024-11,funding_monthly,https://data.binance.vision/data/futures/um/monthly/fundingRate/JUPUSDT/JUPUSDT-fundingRate-2024-11.zip,.cache/binance-altcoin-trend-round34/funding_monthly/JUPUSDT/JUPUSDT-fundingRate-2024-11.zip,downloaded_verified,3c47c141c4425d029c4f7082947934df53e02d2b8ac4ee678d2abc229edc312a,1324.0
JUPUSDT,2024-12,kline_monthly,https://data.binance.vision/data/futures/um/monthly/klines/JUPUSDT/15m/JUPUSDT-15m-2024-12.zip,.cache/binance-altcoin-trend-round34/kline_monthly/JUPUSDT/JUPUSDT-15m-2024-12.zip,downloaded_verified,ff309aa0b8c6e7fde8a1dabd5669ee7ec32f8907b0d321adcff420ce3b687e0f,126664.0
JUPUSDT,2024-12,funding_monthly,https://data.binance.vision/data/futures/um/monthly/fundingRate/JUPUSDT/JUPUSDT-fundingRate-2024-12.zip,.cache/binance-altcoin-trend-round34/funding_monthly/JUPUSDT/JUPUSDT-fundingRate-2024-12.zip,downloaded_verified,a84db001423a8ff17de0d9a74b9fb5d1b58d14f46cb43715fc597a98738073c3,1471.0
JUPUSDT,2025-01,kline_monthly,https://data.binance.vision/data/futures/um/monthly/klines/JUPUSDT/15m/JUPUSDT-15m-2025-01.zip,.cache/binance-altcoin-trend-round34/kline_monthly/JUPUSDT/JUPUSDT-15m-2025-01.zip,downloaded_verified,6bb7edcc28167d22918f234a473649f487c2f424bf206acc5dbf997b37821acc,128537.0
JUPUSDT,2025-01,funding_monthly,https://data.binance.vision/data/futures/um/monthly/fundingRate/JUPUSDT/JUPUSDT-fundingRate-2025-01.zip,.cache/binance-altcoin-trend-round34/funding_monthly/JUPUSDT/JUPUSDT-fundingRate-2025-01.zip,downloaded_verified,8152b2d57136d9ee4752b5b6372c0d4d5e6ce4a33502c051a0bb78efbbad1f48,1278.0
JUPUSDT,2025-02,kline_monthly,https://data.binance.vision/data/futures/um/monthly/klines/JUPUSDT/15m/JUPUSDT-15m-2025-02.zip,.cache/binance-altcoin-trend-round34/kline_monthly/JUPUSDT/JUPUSDT-15m-2025-02.zip,downloaded_verified,1f9ab33f0394014ef08247411ffc2cffbeaf4d43a1f20bc03f690cd9edf61b85,117869.0
JUPUSDT,2025-02,funding_monthly,https://data.binance.vision/data/futures/um/monthly/fundingRate/JUPUSDT/JUPUSDT-fundingRate-2025-02.zip,.cache/binance-altcoin-trend-round34/funding_monthly/JUPUSDT/JUPUSDT-fundingRate-2025-02.zip,downloaded_verified,445b430c32b4b7f98ac16ffb2ca5620da65d376bb944e28b5a14b2747e21e8a7,1312.0
JUPUSDT,2025-03,kline_monthly,https://data.binance.vision/data/futures/um/monthly/klines/JUPUSDT/15m/JUPUSDT-15m-2025-03.zip,.cache/binance-altcoin-trend-round34/kline_monthly/JUPUSDT/JUPUSDT-15m-2025-03.zip,downloaded_verified,cf6f5a2ce626a2592b5ab6967a4e544e474ebe12f8c6ee379bd41c9932960edc,125379.0
JUPUSDT,2025-03,funding_monthly,https://data.binance.vision/data/futures/um/monthly/fundingRate/JUPUSDT/JUPUSDT-fundingRate-2025-03.zip,.cache/binance-altcoin-trend-round34/funding_monthly/JUPUSDT/JUPUSDT-fundingRate-2025-03.zip,downloaded_verified,3690230548dbe9d1f547bb71d1508046f480bd39551dc1373f7d0712ecfe8732,1513.0
JUPUSDT,2025-04,kline_monthly,https://data.binance.vision/data/futures/um/monthly/klines/JUPUSDT/15m/JUPUSDT-15m-2025-04.zip,.cache/binance-altcoin-trend-round34/kline_monthly/JUPUSDT/JUPUSDT-15m-2025-04.zip,downloaded_verified,a92494970b51a10af9b07d382ec5b728003b457a6e48b4621b5d41529949386b,119597.0
JUPUSDT,2025-04,funding_monthly,https://data.binance.vision/data/futures/um/monthly/fundingRate/JUPUSDT/JUPUSDT-fundingRate-2025-04.zip,.cache/binance-altcoin-trend-round34/funding_monthly/JUPUSDT/JUPUSDT-fundingRate-2025-04.zip,downloaded_verified,87c20cc32c715cc69e26d1f6b1a53ed6463e006c83d55d4f4063e5b39caf80f1,1386.0
JUPUSDT,2025-05,kline_monthly,https://data.binance.vision/data/futures/um/monthly/klines/JUPUSDT/15m/JUPUSDT-15m-2025-05.zip,.cache/binance-altcoin-trend-round34/kline_monthly/JUPUSDT/JUPUSDT-15m-2025-05.zip,downloaded_verified,b1d1d1f679e65993f232c2d9bb57dfcc6f2438710226b1004ef6ce34fc2f715c,125454.0
JUPUSDT,2025-05,funding_monthly,https://data.binance.vision/data/futures/um/monthly/fundingRate/JUPUSDT/JUPUSDT-fundingRate-2025-05.zip,.cache/binance-altcoin-trend-round34/funding_monthly/JUPUSDT/JUPUSDT-fundingRate-2025-05.zip,downloaded_verified,e70f3ca42ac4f89e4ff92b9410cd1eb3b3b60356d1d637c682f533e86884b810,1555.0
JUPUSDT,2025-06,kline_monthly,https://data.binance.vision/data/futures/um/monthly/klines/JUPUSDT/15m/JUPUSDT-15m-2025-06.zip,.cache/binance-altcoin-trend-round34/kline_monthly/JUPUSDT/JUPUSDT-15m-2025-06.zip,downloaded_verified,401e6575ee7a33e3aaba0e87582bd68f849d8f6d0f0927db641a9c7779c4bd9c,119719.0
JUPUSDT,2025-06,funding_monthly,https://data.binance.vision/data/futures/um/monthly/fundingRate/JUPUSDT/JUPUSDT-fundingRate-2025-06.zip,.cache/binance-altcoin-trend-round34/funding_monthly/JUPUSDT/JUPUSDT-fundingRate-2025-06.zip,downloaded_verified,bc7e63b452ac37e1b92a2b4a4bd0a7afc032db0382e55f153447fe8707e84ef0,1609.0
JUPUSDT,2025-07,kline_monthly,https://data.binance.vision/data/futures/um/monthly/klines/JUPUSDT/15m/JUPUSDT-15m-2025-07.zip,.cache/binance-altcoin-trend-round34/kline_monthly/JUPUSDT/JUPUSDT-15m-2025-07.zip,downloaded_verified,cd1176ff36ea204d186bcdd245b6d340f9e234c7d023f2c3a57d3174fc584d5c,124891.0
JUPUSDT,2025-07,funding_monthly,https://data.binance.vision/data/futures/um/monthly/fundingRate/JUPUSDT/JUPUSDT-fundingRate-2025-07.zip,.cache/binance-altcoin-trend-round34/funding_monthly/JUPUSDT/JUPUSDT-fundingRate-2025-07.zip,downloaded_verified,b50cdc683b3c7a5e42a3fefe9497ef707cf09637cc313619df6876d12163a0c5,1351.0
JUPUSDT,2025-08,kline_monthly,https://data.binance.vision/data/futures/um/monthly/klines/JUPUSDT/15m/JUPUSDT-15m-2025-08.zip,.cache/binance-altcoin-trend-round34/kline_monthly/JUPUSDT/JUPUSDT-15m-2025-08.zip,downloaded_verified,f48d919963b966aa2a39a0141fc516e016d6958487cde4ba55f5f1ea57bf8dd3,124139.0
JUPUSDT,2025-08,funding_monthly,https://data.binance.vision/data/futures/um/monthly/fundingRate/JUPUSDT/JUPUSDT-fundingRate-2025-08.zip,.cache/binance-altcoin-trend-round34/funding_monthly/JUPUSDT/JUPUSDT-fundingRate-2025-08.zip,downloaded_verified,afc76d9d5bea41cd95b0f7bf16a0a0126a18bb8d04b309bbc3074a593af791d6,1500.0
JUPUSDT,2025-09,kline_monthly,https://data.binance.vision/data/futures/um/monthly/klines/JUPUSDT/15m/JUPUSDT-15m-2025-09.zip,.cache/binance-altcoin-trend-round34/kline_monthly/JUPUSDT/JUPUSDT-15m-2025-09.zip,downloaded_verified,74e9165e57627ac66113cf17c03469c482665ce40860b8120d34f448cec1d19a,117951.0
JUPUSDT,2025-09,funding_monthly,https://data.binance.vision/data/futures/um/monthly/fundingRate/JUPUSDT/JUPUSDT-fundingRate-2025-09.zip,.cache/binance-altcoin-trend-round34/funding_monthly/JUPUSDT/JUPUSDT-fundingRate-2025-09.zip,downloaded_verified,5f3db5e6f8f3d1c0feba663b0f08330efa7f924772e9e5a6ee85926ca4d0080c,1350.0
JUPUSDT,2025-10,kline_monthly,https://data.binance.vision/data/futures/um/monthly/klines/JUPUSDT/15m/JUPUSDT-15m-2025-10.zip,.cache/binance-altcoin-trend-round34/kline_monthly/JUPUSDT/JUPUSDT-15m-2025-10.zip,downloaded_verified,c8dfb9f76929d61a15b5964fedc629f02ed5cb4cf5921a48e32bbfe42e8e8d16,121875.0
JUPUSDT,2025-10,funding_monthly,https://data.binance.vision/data/futures/um/monthly/fundingRate/JUPUSDT/JUPUSDT-fundingRate-2025-10.zip,.cache/binance-altcoin-trend-round34/funding_monthly/JUPUSDT/JUPUSDT-fundingRate-2025-10.zip,downloaded_verified,7f9c130916ea7f09671a4519e1243628368e6a71a93bd98df539a6598df6aec3,1666.0
JUPUSDT,2025-11,kline_monthly,https://data.binance.vision/data/futures/um/monthly/klines/JUPUSDT/15m/JUPUSDT-15m-2025-11.zip,.cache/binance-altcoin-trend-round34/kline_monthly/JUPUSDT/JUPUSDT-15m-2025-11.zip,downloaded_verified,c300362631fb2dfe0f46693b00d71e71b95719eca705ef6c5a7b396276cbc7e3,116343.0
JUPUSDT,2025-11,funding_monthly,https://data.binance.vision/data/futures/um/monthly/fundingRate/JUPUSDT/JUPUSDT-fundingRate-2025-11.zip,.cache/binance-altcoin-trend-round34/funding_monthly/JUPUSDT/JUPUSDT-fundingRate-2025-11.zip,downloaded_verified,4322db440a5ede65ea589e468e6f76cb3cbb699f8442c902b865350fe188f9df,1601.0
JUPUSDT,2025-12,kline_monthly,https://data.binance.vision/data/futures/um/monthly/klines/JUPUSDT/15m/JUPUSDT-15m-2025-12.zip,.cache/binance-altcoin-trend-round34/kline_monthly/JUPUSDT/JUPUSDT-15m-2025-12.zip,downloaded_verified,065b4decb16d21d49a54b780b4504e093abe7b9dc848082930bd56e3b2c6dc5f,116122.0
JUPUSDT,2025-12,funding_monthly,https://data.binance.vision/data/futures/um/monthly/fundingRate/JUPUSDT/JUPUSDT-fundingRate-2025-12.zip,.cache/binance-altcoin-trend-round34/funding_monthly/JUPUSDT/JUPUSDT-fundingRate-2025-12.zip,downloaded_verified,98d64200182ff8fb62ce3d7f0c324d5fa34d5a1db09b509f9df69e1ea18d609d,1611.0
JUPUSDT,2026-01,kline_monthly,https://data.binance.vision/data/futures/um/monthly/klines/JUPUSDT/15m/JUPUSDT-15m-2026-01.zip,.cache/binance-altcoin-trend-round34/kline_monthly/JUPUSDT/JUPUSDT-15m-2026-01.zip,downloaded_verified,a45c4fd9e4c96005a4ef1e9aa78b4d146dbee4697293a0f74ed00511f626454d,116831.0
JUPUSDT,2026-01,funding_monthly,https://data.binance.vision/data/futures/um/monthly/fundingRate/JUPUSDT/JUPUSDT-fundingRate-2026-01.zip,.cache/binance-altcoin-trend-round34/funding_monthly/JUPUSDT/JUPUSDT-fundingRate-2026-01.zip,downloaded_verified,4e4913529a7c9d7cc8fed7df0dee782c36754b37cb368f04dd1ce3204ff6ce13,1590.0
JUPUSDT,2026-02,kline_monthly,https://data.binance.vision/data/futures/um/monthly/klines/JUPUSDT/15m/JUPUSDT-15m-2026-02.zip,.cache/binance-altcoin-trend-round34/kline_monthly/JUPUSDT/JUPUSDT-15m-2026-02.zip,downloaded_verified,1b20ae3ed2e36373d5aa008c55d81f1cf45eb6944343d0c3f37ea6e6bff23805,106729.0
JUPUSDT,2026-02,funding_monthly,https://data.binance.vision/data/futures/um/monthly/fundingRate/JUPUSDT/JUPUSDT-fundingRate-2026-02.zip,.cache/binance-altcoin-trend-round34/funding_monthly/JUPUSDT/JUPUSDT-fundingRate-2026-02.zip,downloaded_verified,84b679814d6284b3ed4dc32436c3f3df34e51e2a40511dc23dc3e2ebef4f4fc4,1547.0
JUPUSDT,2026-03,kline_monthly,https://data.binance.vision/data/futures/um/monthly/klines/JUPUSDT/15m/JUPUSDT-15m-2026-03.zip,.cache/binance-altcoin-trend-round34/kline_monthly/JUPUSDT/JUPUSDT-15m-2026-03.zip,downloaded_verified,33e10f66b5d2d2764b1e72b8054b7c32496f4564751003148f2222bda72df51f,115265.0
JUPUSDT,2026-03,funding_monthly,https://data.binance.vision/data/futures/um/monthly/fundingRate/JUPUSDT/JUPUSDT-fundingRate-2026-03.zip,.cache/binance-altcoin-trend-round34/funding_monthly/JUPUSDT/JUPUSDT-fundingRate-2026-03.zip,downloaded_verified,293817a493b34092f0ccb08bc0555ac8d5d83266a456b8544056d52ce6196e69,1526.0
JUPUSDT,2026-04,kline_monthly,https://data.binance.vision/data/futures/um/monthly/klines/JUPUSDT/15m/JUPUSDT-15m-2026-04.zip,.cache/binance-altcoin-trend-round34/kline_monthly/JUPUSDT/JUPUSDT-15m-2026-04.zip,downloaded_verified,5c8069269c06d1be2fa7639a3274208fd287412678c86749d21d8f780da60f5b,109815.0
JUPUSDT,2026-04,funding_monthly,https://data.binance.vision/data/futures/um/monthly/fundingRate/JUPUSDT/JUPUSDT-fundingRate-2026-04.zip,.cache/binance-altcoin-trend-round34/funding_monthly/JUPUSDT/JUPUSDT-fundingRate-2026-04.zip,downloaded_verified,4139b45819b0e4203b34c365308946113a88c6148f50f96e2d9395853661f65e,1491.0
JUPUSDT,2026-05,kline_monthly,https://data.binance.vision/data/futures/um/monthly/klines/JUPUSDT/15m/JUPUSDT-15m-2026-05.zip,.cache/binance-altcoin-trend-round34/kline_monthly/JUPUSDT/JUPUSDT-15m-2026-05.zip,downloaded_verified,386c113e5d4cb1f557596e66cbbc5972605f756ca5512486db8ae3212189d498,116865.0
JUPUSDT,2026-05,funding_monthly,https://data.binance.vision/data/futures/um/monthly/fundingRate/JUPUSDT/JUPUSDT-fundingRate-2026-05.zip,.cache/binance-altcoin-trend-round34/funding_monthly/JUPUSDT/JUPUSDT-fundingRate-2026-05.zip,downloaded_verified,2a0845f0535db5f2d30ebb25121efb80409698dfb56fa4a2de9879f481139a52,1682.0
JUPUSDT,2026-06,kline_monthly,https://data.binance.vision/data/futures/um/monthly/klines/JUPUSDT/15m/JUPUSDT-15m-2026-06.zip,.cache/binance-altcoin-trend-round34/kline_monthly/JUPUSDT/JUPUSDT-15m-2026-06.zip,downloaded_verified,4feaef57b85e1ab59e19a8e07340fbaf2290de37fb136d0c72b26dbb3dd79fd8,115170.0
JUPUSDT,2026-06,funding_monthly,https://data.binance.vision/data/futures/um/monthly/fundingRate/JUPUSDT/JUPUSDT-fundingRate-2026-06.zip,.cache/binance-altcoin-trend-round34/funding_monthly/JUPUSDT/JUPUSDT-fundingRate-2026-06.zip,downloaded_verified,afa8ecc2c5b198a755649e4f279cedebdcced5f0bc660fa308144aeb86417f64,1610.0
JUPUSDT,2026-07-01,kline_daily,https://data.binance.vision/data/futures/um/daily/klines/JUPUSDT/15m/JUPUSDT-15m-2026-07-01.zip,.cache/binance-altcoin-trend-round34/kline_daily/JUPUSDT/JUPUSDT-15m-2026-07-01.zip,downloaded_verified,4de426dfdac7111e0e64e41ae5dfb666624c04c697e1a1485b84ac5b6c0fde96,4361.0
JUPUSDT,2026-07-02,kline_daily,https://data.binance.vision/data/futures/um/daily/klines/JUPUSDT/15m/JUPUSDT-15m-2026-07-02.zip,.cache/binance-altcoin-trend-round34/kline_daily/JUPUSDT/JUPUSDT-15m-2026-07-02.zip,downloaded_verified,4df5d5285239aa1063ef4eacb56b227b54def3a1d81596e20e83ce8ec26f0569,4289.0
JUPUSDT,2026-07-03,kline_daily,https://data.binance.vision/data/futures/um/daily/klines/JUPUSDT/15m/JUPUSDT-15m-2026-07-03.zip,.cache/binance-altcoin-trend-round34/kline_daily/JUPUSDT/JUPUSDT-15m-2026-07-03.zip,downloaded_verified,5373fe9c20a9d21031e007921e3efcde92c1e1d7e4595b8f6da4267ac2aeac2c,4162.0
JUPUSDT,2026-07-04,kline_daily,https://data.binance.vision/data/futures/um/daily/klines/JUPUSDT/15m/JUPUSDT-15m-2026-07-04.zip,.cache/binance-altcoin-trend-round34/kline_daily/JUPUSDT/JUPUSDT-15m-2026-07-04.zip,downloaded_verified,d78a5405d9a1849f20789b867c1021c9cb198e1fe761d3c909258e2c08927b0a,4139.0
JUPUSDT,2026-07-05,kline_daily,https://data.binance.vision/data/futures/um/daily/klines/JUPUSDT/15m/JUPUSDT-15m-2026-07-05.zip,.cache/binance-altcoin-trend-round34/kline_daily/JUPUSDT/JUPUSDT-15m-2026-07-05.zip,downloaded_verified,2e517788e4cb43beb426f83dfa1c12d304c3b52bb2b4c1a0fb4c9d18c02d09db,4164.0
JUPUSDT,2026-07-06,kline_daily,https://data.binance.vision/data/futures/um/daily/klines/JUPUSDT/15m/JUPUSDT-15m-2026-07-06.zip,.cache/binance-altcoin-trend-round34/kline_daily/JUPUSDT/JUPUSDT-15m-2026-07-06.zip,downloaded_verified,33d528e34a2cb509a79f3e918082beee09f56d34236c33d7200a1963bd631911,4149.0
JUPUSDT,2026-07-07,kline_daily,https://data.binance.vision/data/futures/um/daily/klines/JUPUSDT/15m/JUPUSDT-15m-2026-07-07.zip,.cache/binance-altcoin-trend-round34/kline_daily/JUPUSDT/JUPUSDT-15m-2026-07-07.zip,downloaded_verified,9ca0910388c778de82154d21d29174c95206873ffd8bd0d148c7d6a042208dbd,4137.0
JUPUSDT,2026-07-08,kline_daily,https://data.binance.vision/data/futures/um/daily/klines/JUPUSDT/15m/JUPUSDT-15m-2026-07-08.zip,.cache/binance-altcoin-trend-round34/kline_daily/JUPUSDT/JUPUSDT-15m-2026-07-08.zip,downloaded_verified,320d8c539937ffa8c2aeada6fae20bcf8725833529ca39a75d85cb3bd7d0b65c,4221.0
JUPUSDT,2026-07-09,kline_daily,https://data.binance.vision/data/futures/um/daily/klines/JUPUSDT/15m/JUPUSDT-15m-2026-07-09.zip,.cache/binance-altcoin-trend-round34/kline_daily/JUPUSDT/JUPUSDT-15m-2026-07-09.zip,downloaded_verified,6844386b614bc51938bb5e2daa1dc1b5d93b72e7d6097d700036eb886d1ec8b0,4152.0
JUPUSDT,2026-07-10,kline_daily,https://data.binance.vision/data/futures/um/daily/klines/JUPUSDT/15m/JUPUSDT-15m-2026-07-10.zip,.cache/binance-altcoin-trend-round34/kline_daily/JUPUSDT/JUPUSDT-15m-2026-07-10.zip,downloaded_verified,404dcf2f9923ca384053e9b94e8003e3ef49b8020993c5ea0aa3b88c4671a266,4176.0
JUPUSDT,2026-07-11,kline_daily,https://data.binance.vision/data/futures/um/daily/klines/JUPUSDT/15m/JUPUSDT-15m-2026-07-11.zip,.cache/binance-altcoin-trend-round34/kline_daily/JUPUSDT/JUPUSDT-15m-2026-07-11.zip,downloaded_verified,4a8293b80a4f5c8d933636784e926c3a439d488744291fe18a816e1ded23aa7b,4079.0
JUPUSDT,2026-07-12,kline_daily,https://data.binance.vision/data/futures/um/daily/klines/JUPUSDT/15m/JUPUSDT-15m-2026-07-12.zip,.cache/binance-altcoin-trend-round34/kline_daily/JUPUSDT/JUPUSDT-15m-2026-07-12.zip,downloaded_verified,f18edf03bc0b41d33e77679774421b5a900deb0f32601a9ae7e9defeb67193b9,4019.0
JUPUSDT,2026-07-13,kline_daily,https://data.binance.vision/data/futures/um/daily/klines/JUPUSDT/15m/JUPUSDT-15m-2026-07-13.zip,.cache/binance-altcoin-trend-round34/kline_daily/JUPUSDT/JUPUSDT-15m-2026-07-13.zip,downloaded_verified,75901f7fb13f5d4d7f8620f131b5c30eeeac7206b46b1567bca4c3f9504fec0a,4261.0
JUPUSDT,2026-07-14,kline_daily,https://data.binance.vision/data/futures/um/daily/klines/JUPUSDT/15m/JUPUSDT-15m-2026-07-14.zip,.cache/binance-altcoin-trend-round34/kline_daily/JUPUSDT/JUPUSDT-15m-2026-07-14.zip,downloaded_verified,cee4cd1834c5becc67d145e412b44bd4f7a84e7f7962212892867a06048a4d38,4175.0
JUPUSDT,2026-07-15,kline_daily,https://data.binance.vision/data/futures/um/daily/klines/JUPUSDT/15m/JUPUSDT-15m-2026-07-15.zip,.cache/binance-altcoin-trend-round34/kline_daily/JUPUSDT/JUPUSDT-15m-2026-07-15.zip,downloaded_verified,5438da754cd5f3ee5d8f18904d00cd93f8afaabd4339613711d64055e79eadf9,4146.0
JUPUSDT,2026-07-16,kline_daily,https://data.binance.vision/data/futures/um/daily/klines/JUPUSDT/15m/JUPUSDT-15m-2026-07-16.zip,.cache/binance-altcoin-trend-round34/kline_daily/JUPUSDT/JUPUSDT-15m-2026-07-16.zip,downloaded_verified,c6c0a7bed24cad47b3246b03661909a372e872f23d21a78aed591a1a05e0112b,4096.0
JUPUSDT,2026-07-17,kline_daily,https://data.binance.vision/data/futures/um/daily/klines/JUPUSDT/15m/JUPUSDT-15m-2026-07-17.zip,.cache/binance-altcoin-trend-round34/kline_daily/JUPUSDT/JUPUSDT-15m-2026-07-17.zip,downloaded_verified,c968c7b5e6d6fca94075e3d70788272ab15c14ff702b948d4b2a4064129f2e97,4131.0
JUPUSDT,2026-07-18,kline_daily,https://data.binance.vision/data/futures/um/daily/klines/JUPUSDT/15m/JUPUSDT-15m-2026-07-18.zip,.cache/binance-altcoin-trend-round34/kline_daily/JUPUSDT/JUPUSDT-15m-2026-07-18.zip,downloaded_verified,e64ed4d400a6ec97b6b02056356243de5d15b863c199d5e89823f3fd24e527a8,3994.0
JUPUSDT,2026-07-19,kline_daily,https://data.binance.vision/data/futures/um/daily/klines/JUPUSDT/15m/JUPUSDT-15m-2026-07-19.zip,.cache/binance-altcoin-trend-round34/kline_daily/JUPUSDT/JUPUSDT-15m-2026-07-19.zip,downloaded_verified,f7cb3e27aea402ffe6e493bd32f59e07841eb9105ce58561b3a15b6964991037,3981.0
JUPUSDT,2026-07-20,kline_daily,https://data.binance.vision/data/futures/um/daily/klines/JUPUSDT/15m/JUPUSDT-15m-2026-07-20.zip,.cache/binance-altcoin-trend-round34/kline_daily/JUPUSDT/JUPUSDT-15m-2026-07-20.zip,downloaded_verified,cca6dd8207d3fb0ac2865e82c74eab6729b22ddec4e96d807d87c6021a16600a,4121.0
JUPUSDT,2026-07-21,kline_daily,https://data.binance.vision/data/futures/um/daily/klines/JUPUSDT/15m/JUPUSDT-15m-2026-07-21.zip,.cache/binance-altcoin-trend-round34/kline_daily/JUPUSDT/JUPUSDT-15m-2026-07-21.zip,downloaded_verified,d8abc87499dcba1160e55b81689e766183e41c667b3fcda05690adac9a375fce,4027.0
JUPUSDT,2026-07-22,kline_daily,https://data.binance.vision/data/futures/um/daily/klines/JUPUSDT/15m/JUPUSDT-15m-2026-07-22.zip,.cache/binance-altcoin-trend-round34/kline_daily/JUPUSDT/JUPUSDT-15m-2026-07-22.zip,downloaded_verified,e6a222d5bccebb8f9572cf6113eb08229c6c52c7f3d024bfc7f77a2579ab5396,4052.0
JUPUSDT,2026-07-23,kline_daily,https://data.binance.vision/data/futures/um/daily/klines/JUPUSDT/15m/JUPUSDT-15m-2026-07-23.zip,.cache/binance-altcoin-trend-round34/kline_daily/JUPUSDT/JUPUSDT-15m-2026-07-23.zip,downloaded_verified,5e740ea0e0b569756f480d3a73855440e11c4e5c30cc527b733b3382049ed391,4071.0
JUPUSDT,2026-07-24,kline_daily,https://data.binance.vision/data/futures/um/daily/klines/JUPUSDT/15m/JUPUSDT-15m-2026-07-24.zip,.cache/binance-altcoin-trend-round34/kline_daily/JUPUSDT/JUPUSDT-15m-2026-07-24.zip,downloaded_verified,c591357603355b135fc5861869faa6608ca8f00bb54a6fdff7ecefcd1cbd7982,4011.0
JUPUSDT,2026-07-25,kline_daily,https://data.binance.vision/data/futures/um/daily/klines/JUPUSDT/15m/JUPUSDT-15m-2026-07-25.zip,.cache/binance-altcoin-trend-round34/kline_daily/JUPUSDT/JUPUSDT-15m-2026-07-25.zip,downloaded_verified,ba34cdefe6949b4aeab0a1cd5e5a521df68d6d9ab65671ba26fed099d14b30c2,3856.0
JUPUSDT,2026-07-26,kline_daily,https://data.binance.vision/data/futures/um/daily/klines/JUPUSDT/15m/JUPUSDT-15m-2026-07-26.zip,.cache/binance-altcoin-trend-round34/kline_daily/JUPUSDT/JUPUSDT-15m-2026-07-26.zip,downloaded_verified,bfbd26a32d46b48c1837a2a4fc4a724129d26a6adb73103dee1fb78e188e7067,3904.0
WIFUSDT,2023-11,kline_monthly,https://data.binance.vision/data/futures/um/monthly/klines/WIFUSDT/15m/WIFUSDT-15m-2023-11.zip,.cache/binance-altcoin-trend-round34/kline_monthly/WIFUSDT/WIFUSDT-15m-2023-11.zip,missing,,
WIFUSDT,2023-11,funding_monthly,https://data.binance.vision/data/futures/um/monthly/fundingRate/WIFUSDT/WIFUSDT-fundingRate-2023-11.zip,.cache/binance-altcoin-trend-round34/funding_monthly/WIFUSDT/WIFUSDT-fundingRate-2023-11.zip,missing,,
WIFUSDT,2023-12,kline_monthly,https://data.binance.vision/data/futures/um/monthly/klines/WIFUSDT/15m/WIFUSDT-15m-2023-12.zip,.cache/binance-altcoin-trend-round34/kline_monthly/WIFUSDT/WIFUSDT-15m-2023-12.zip,missing,,
WIFUSDT,2023-12,funding_monthly,https://data.binance.vision/data/futures/um/monthly/fundingRate/WIFUSDT/WIFUSDT-fundingRate-2023-12.zip,.cache/binance-altcoin-trend-round34/funding_monthly/WIFUSDT/WIFUSDT-fundingRate-2023-12.zip,missing,,
WIFUSDT,2024-01,kline_monthly,https://data.binance.vision/data/futures/um/monthly/klines/WIFUSDT/15m/WIFUSDT-15m-2024-01.zip,.cache/binance-altcoin-trend-round34/kline_monthly/WIFUSDT/WIFUSDT-15m-2024-01.zip,downloaded_verified,d2cc80d25896e32a72f3d8809f92e2d7d99053043e69283f7c69d65bd53ab563,60313.0
WIFUSDT,2024-01,funding_monthly,https://data.binance.vision/data/futures/um/monthly/fundingRate/WIFUSDT/WIFUSDT-fundingRate-2024-01.zip,.cache/binance-altcoin-trend-round34/funding_monthly/WIFUSDT/WIFUSDT-fundingRate-2024-01.zip,downloaded_verified,d89fe4ef7f9773dd70693236bce0b8b7045dcd8e0b65cd59026a176447570605,783.0
WIFUSDT,2024-02,kline_monthly,https://data.binance.vision/data/futures/um/monthly/klines/WIFUSDT/15m/WIFUSDT-15m-2024-02.zip,.cache/binance-altcoin-trend-round34/kline_monthly/WIFUSDT/WIFUSDT-15m-2024-02.zip,downloaded_verified,947343a10ffaca9473d056eb93fbb2b243efaa3915b47f8c5b5f0e0e458312f7,130091.0
WIFUSDT,2024-02,funding_monthly,https://data.binance.vision/data/futures/um/monthly/fundingRate/WIFUSDT/WIFUSDT-fundingRate-2024-02.zip,.cache/binance-altcoin-trend-round34/funding_monthly/WIFUSDT/WIFUSDT-fundingRate-2024-02.zip,downloaded_verified,2db53cc7173b0e6da3c4035546bfb8650da7f57246fd1fc59af289a393fcf3f5,1465.0
WIFUSDT,2024-03,kline_monthly,https://data.binance.vision/data/futures/um/monthly/klines/WIFUSDT/15m/WIFUSDT-15m-2024-03.zip,.cache/binance-altcoin-trend-round34/kline_monthly/WIFUSDT/WIFUSDT-15m-2024-03.zip,downloaded_verified,ded921422eb3258d0e456c604e4e63819eb58cb590046f7de39ad30577938bf9,147169.0
WIFUSDT,2024-03,funding_monthly,https://data.binance.vision/data/futures/um/monthly/fundingRate/WIFUSDT/WIFUSDT-fundingRate-2024-03.zip,.cache/binance-altcoin-trend-round34/funding_monthly/WIFUSDT/WIFUSDT-fundingRate-2024-03.zip,downloaded_verified,83f4cf347f05df47b11709259e0d5a4292c84a9c63e928c8f46f89bdcbfbac5c,1603.0
WIFUSDT,2024-04,kline_monthly,https://data.binance.vision/data/futures/um/monthly/klines/WIFUSDT/15m/WIFUSDT-15m-2024-04.zip,.cache/binance-altcoin-trend-round34/kline_monthly/WIFUSDT/WIFUSDT-15m-2024-04.zip,downloaded_verified,04a86a99300fe37f0131465ed131c7a0d6519c2f93a6c68c3293589fa3c30417,140856.0
WIFUSDT,2024-04,funding_monthly,https://data.binance.vision/data/futures/um/monthly/fundingRate/WIFUSDT/WIFUSDT-fundingRate-2024-04.zip,.cache/binance-altcoin-trend-round34/funding_monthly/WIFUSDT/WIFUSDT-fundingRate-2024-04.zip,downloaded_verified,9422613430209ba1a420885cb7e69eb20a8ea795075a97517b6968b7c6584fd0,1218.0
WIFUSDT,2024-05,kline_monthly,https://data.binance.vision/data/futures/um/monthly/klines/WIFUSDT/15m/WIFUSDT-15m-2024-05.zip,.cache/binance-altcoin-trend-round34/kline_monthly/WIFUSDT/WIFUSDT-15m-2024-05.zip,downloaded_verified,eb03960b765fda725012c40bce7a5c7296046a0c67c48263d054f513097d96a8,144104.0
WIFUSDT,2024-05,funding_monthly,https://data.binance.vision/data/futures/um/monthly/fundingRate/WIFUSDT/WIFUSDT-fundingRate-2024-05.zip,.cache/binance-altcoin-trend-round34/funding_monthly/WIFUSDT/WIFUSDT-fundingRate-2024-05.zip,downloaded_verified,6851f846ace4938f15566ebf71bc63678d06bddcfedd4a69db3c4c8e4c2c41a8,1214.0
WIFUSDT,2024-06,kline_monthly,https://data.binance.vision/data/futures/um/monthly/klines/WIFUSDT/15m/WIFUSDT-15m-2024-06.zip,.cache/binance-altcoin-trend-round34/kline_monthly/WIFUSDT/WIFUSDT-15m-2024-06.zip,downloaded_verified,29ce93f8a3b79d88f59d282759a3312a9e845ccddd7dbb06d019e83b077aa3f8,138012.0
WIFUSDT,2024-06,funding_monthly,https://data.binance.vision/data/futures/um/monthly/fundingRate/WIFUSDT/WIFUSDT-fundingRate-2024-06.zip,.cache/binance-altcoin-trend-round34/funding_monthly/WIFUSDT/WIFUSDT-fundingRate-2024-06.zip,downloaded_verified,cb8d420b1ad0cd0c6d032a7d0d7958a1a1da088087eb0d4afa34e4c753192cfa,1169.0
WIFUSDT,2024-07,kline_monthly,https://data.binance.vision/data/futures/um/monthly/klines/WIFUSDT/15m/WIFUSDT-15m-2024-07.zip,.cache/binance-altcoin-trend-round34/kline_monthly/WIFUSDT/WIFUSDT-15m-2024-07.zip,downloaded_verified,3edbe56e5f07bd464808c10dd65c7932e3151aa1ccf2793a9418381db71c7d32,143659.0
WIFUSDT,2024-07,funding_monthly,https://data.binance.vision/data/futures/um/monthly/fundingRate/WIFUSDT/WIFUSDT-fundingRate-2024-07.zip,.cache/binance-altcoin-trend-round34/funding_monthly/WIFUSDT/WIFUSDT-fundingRate-2024-07.zip,downloaded_verified,d93b34c61acfeea4a9cc5e5522db50bde6cf4c80457eb5cc96f650e27619cd39,1197.0
WIFUSDT,2024-08,kline_monthly,https://data.binance.vision/data/futures/um/monthly/klines/WIFUSDT/15m/WIFUSDT-15m-2024-08.zip,.cache/binance-altcoin-trend-round34/kline_monthly/WIFUSDT/WIFUSDT-15m-2024-08.zip,downloaded_verified,170526dc2b908a6435a220129eaee72bfca2536a628c41e23a8509740eda9dcd,143306.0
WIFUSDT,2024-08,funding_monthly,https://data.binance.vision/data/futures/um/monthly/fundingRate/WIFUSDT/WIFUSDT-fundingRate-2024-08.zip,.cache/binance-altcoin-trend-round34/funding_monthly/WIFUSDT/WIFUSDT-fundingRate-2024-08.zip,downloaded_verified,619515edc72750486f339467490a9d6ca3325894b17fab3df03920fbd0d886c1,1347.0
WIFUSDT,2024-09,kline_monthly,https://data.binance.vision/data/futures/um/monthly/klines/WIFUSDT/15m/WIFUSDT-15m-2024-09.zip,.cache/binance-altcoin-trend-round34/kline_monthly/WIFUSDT/WIFUSDT-15m-2024-09.zip,downloaded_verified,554629598b352d3cee38e30e255dfab7b304d25e5a53fa3b53602822e508b51d,137680.0
WIFUSDT,2024-09,funding_monthly,https://data.binance.vision/data/futures/um/monthly/fundingRate/WIFUSDT/WIFUSDT-fundingRate-2024-09.zip,.cache/binance-altcoin-trend-round34/funding_monthly/WIFUSDT/WIFUSDT-fundingRate-2024-09.zip,downloaded_verified,632337d7d88b455e031e6b79d9d044ca8dabb6fb51a36ad9d5321514381932ca,1231.0
WIFUSDT,2024-10,kline_monthly,https://data.binance.vision/data/futures/um/monthly/klines/WIFUSDT/15m/WIFUSDT-15m-2024-10.zip,.cache/binance-altcoin-trend-round34/kline_monthly/WIFUSDT/WIFUSDT-15m-2024-10.zip,downloaded_verified,6dc6e60a760b4c76c8005d04704390b5c92792caf1adbe900e4434b42773cd67,143237.0
WIFUSDT,2024-10,funding_monthly,https://data.binance.vision/data/futures/um/monthly/fundingRate/WIFUSDT/WIFUSDT-fundingRate-2024-10.zip,.cache/binance-altcoin-trend-round34/funding_monthly/WIFUSDT/WIFUSDT-fundingRate-2024-10.zip,downloaded_verified,fae83dad6f67ce5956a350ac5898b089149dc8f01de432533b3913a38965bb08,1062.0
WIFUSDT,2024-11,kline_monthly,https://data.binance.vision/data/futures/um/monthly/klines/WIFUSDT/15m/WIFUSDT-15m-2024-11.zip,.cache/binance-altcoin-trend-round34/kline_monthly/WIFUSDT/WIFUSDT-15m-2024-11.zip,downloaded_verified,8084b13838780039e284aed6f35f03af7e54fbbe343c73853f6252985ea8c6bd,140143.0
WIFUSDT,2024-11,funding_monthly,https://data.binance.vision/data/futures/um/monthly/fundingRate/WIFUSDT/WIFUSDT-fundingRate-2024-11.zip,.cache/binance-altcoin-trend-round34/funding_monthly/WIFUSDT/WIFUSDT-fundingRate-2024-11.zip,downloaded_verified,cc7074f7feeffd9bdff45b5c6030aeac6d23e45f6ed1451b0602de12832d254e,1307.0
WIFUSDT,2024-12,kline_monthly,https://data.binance.vision/data/futures/um/monthly/klines/WIFUSDT/15m/WIFUSDT-15m-2024-12.zip,.cache/binance-altcoin-trend-round34/kline_monthly/WIFUSDT/WIFUSDT-15m-2024-12.zip,downloaded_verified,4b38873bab484b133ca78cd77c9603318c9d0fb614f26bda7ce803361e5a0456,143140.0
WIFUSDT,2024-12,funding_monthly,https://data.binance.vision/data/futures/um/monthly/fundingRate/WIFUSDT/WIFUSDT-fundingRate-2024-12.zip,.cache/binance-altcoin-trend-round34/funding_monthly/WIFUSDT/WIFUSDT-fundingRate-2024-12.zip,downloaded_verified,4cb6faa753065c997f54c823bcc232325bd7167695e2ebc637759c00be190756,1245.0
WIFUSDT,2025-01,kline_monthly,https://data.binance.vision/data/futures/um/monthly/klines/WIFUSDT/15m/WIFUSDT-15m-2025-01.zip,.cache/binance-altcoin-trend-round34/kline_monthly/WIFUSDT/WIFUSDT-15m-2025-01.zip,downloaded_verified,b1541bbbc7e8d694588658f7de58f4af0368a60332d39160b0ce20a28c61b3ef,142035.0
WIFUSDT,2025-01,funding_monthly,https://data.binance.vision/data/futures/um/monthly/fundingRate/WIFUSDT/WIFUSDT-fundingRate-2025-01.zip,.cache/binance-altcoin-trend-round34/funding_monthly/WIFUSDT/WIFUSDT-fundingRate-2025-01.zip,downloaded_verified,06c6c8b01f18e1df7c0639c4e6347e58aab0db164f0b1927da0ed44078c654d7,1045.0
WIFUSDT,2025-02,kline_monthly,https://data.binance.vision/data/futures/um/monthly/klines/WIFUSDT/15m/WIFUSDT-15m-2025-02.zip,.cache/binance-altcoin-trend-round34/kline_monthly/WIFUSDT/WIFUSDT-15m-2025-02.zip,downloaded_verified,0159310ddf44d0a15b072764d30ffb6c90f3fc7ce0b54787da43db4f9c471f5e,128723.0
WIFUSDT,2025-02,funding_monthly,https://data.binance.vision/data/futures/um/monthly/fundingRate/WIFUSDT/WIFUSDT-fundingRate-2025-02.zip,.cache/binance-altcoin-trend-round34/funding_monthly/WIFUSDT/WIFUSDT-fundingRate-2025-02.zip,downloaded_verified,97aae96c8bb2024a080f0a35bbfe0b2ad027f19507bc55d7381d4b92e75253c1,1264.0
WIFUSDT,2025-03,kline_monthly,https://data.binance.vision/data/futures/um/monthly/klines/WIFUSDT/15m/WIFUSDT-15m-2025-03.zip,.cache/binance-altcoin-trend-round34/kline_monthly/WIFUSDT/WIFUSDT-15m-2025-03.zip,downloaded_verified,f5ebe9ec18762c21f5552a047c31e936d7dfdc3a8a936692c3970d9ccae38843,138709.0
WIFUSDT,2025-03,funding_monthly,https://data.binance.vision/data/futures/um/monthly/fundingRate/WIFUSDT/WIFUSDT-fundingRate-2025-03.zip,.cache/binance-altcoin-trend-round34/funding_monthly/WIFUSDT/WIFUSDT-fundingRate-2025-03.zip,downloaded_verified,82991cb058049530471ffe17b5c28b088fb66618db3cc63e93faf12638bb8e9a,1388.0
WIFUSDT,2025-04,kline_monthly,https://data.binance.vision/data/futures/um/monthly/klines/WIFUSDT/15m/WIFUSDT-15m-2025-04.zip,.cache/binance-altcoin-trend-round34/kline_monthly/WIFUSDT/WIFUSDT-15m-2025-04.zip,downloaded_verified,850181854ef928a56359d486c3aa48c9fa51845941334742431e6a505cc2d855,133705.0
WIFUSDT,2025-04,funding_monthly,https://data.binance.vision/data/futures/um/monthly/fundingRate/WIFUSDT/WIFUSDT-fundingRate-2025-04.zip,.cache/binance-altcoin-trend-round34/funding_monthly/WIFUSDT/WIFUSDT-fundingRate-2025-04.zip,downloaded_verified,6e01d654f09354d657fe3a7b2ccdefa77b2773f329f68a0d72e4caa117f123e0,1311.0
WIFUSDT,2025-05,kline_monthly,https://data.binance.vision/data/futures/um/monthly/klines/WIFUSDT/15m/WIFUSDT-15m-2025-05.zip,.cache/binance-altcoin-trend-round34/kline_monthly/WIFUSDT/WIFUSDT-15m-2025-05.zip,downloaded_verified,5f4f3dfc4c4b61b87c459cef02f6ffa0e58664d93e0c6f2a56c4171b865fd6f0,141999.0
WIFUSDT,2025-05,funding_monthly,https://data.binance.vision/data/futures/um/monthly/fundingRate/WIFUSDT/WIFUSDT-fundingRate-2025-05.zip,.cache/binance-altcoin-trend-round34/funding_monthly/WIFUSDT/WIFUSDT-fundingRate-2025-05.zip,downloaded_verified,1df24ae8cf2399ac32e49d4fc7d55e643ee858d711920cc31d94fdbf48c3b9cb,1394.0
WIFUSDT,2025-06,kline_monthly,https://data.binance.vision/data/futures/um/monthly/klines/WIFUSDT/15m/WIFUSDT-15m-2025-06.zip,.cache/binance-altcoin-trend-round34/kline_monthly/WIFUSDT/WIFUSDT-15m-2025-06.zip,downloaded_verified,7a17fa738509b219f7473dcaba4d12ee2b5c810df461c69301b8d9704b2ec13b,136247.0
WIFUSDT,2025-06,funding_monthly,https://data.binance.vision/data/futures/um/monthly/fundingRate/WIFUSDT/WIFUSDT-fundingRate-2025-06.zip,.cache/binance-altcoin-trend-round34/funding_monthly/WIFUSDT/WIFUSDT-fundingRate-2025-06.zip,downloaded_verified,144d27085259b5df4eb3c2d1826dd8ee3c7bd374aa16d0dde4fc6861282279c2,1477.0
WIFUSDT,2025-07,kline_monthly,https://data.binance.vision/data/futures/um/monthly/klines/WIFUSDT/15m/WIFUSDT-15m-2025-07.zip,.cache/binance-altcoin-trend-round34/kline_monthly/WIFUSDT/WIFUSDT-15m-2025-07.zip,downloaded_verified,23740fc2ba5c2e5027bf73765cd6738df924421ca6bf7a6169c9a610d6028ce0,141749.0
WIFUSDT,2025-07,funding_monthly,https://data.binance.vision/data/futures/um/monthly/fundingRate/WIFUSDT/WIFUSDT-fundingRate-2025-07.zip,.cache/binance-altcoin-trend-round34/funding_monthly/WIFUSDT/WIFUSDT-fundingRate-2025-07.zip,downloaded_verified,55956bfef06fe3c166089ef2d4ad2839a213bd88e18ee7e80ac5a6e33e68a38d,1289.0
WIFUSDT,2025-08,kline_monthly,https://data.binance.vision/data/futures/um/monthly/klines/WIFUSDT/15m/WIFUSDT-15m-2025-08.zip,.cache/binance-altcoin-trend-round34/kline_monthly/WIFUSDT/WIFUSDT-15m-2025-08.zip,downloaded_verified,233a74adca3d7e3184a001b9ad03faf6c665e6beb5aa098eaeab7ff246ebcf21,139179.0
WIFUSDT,2025-08,funding_monthly,https://data.binance.vision/data/futures/um/monthly/fundingRate/WIFUSDT/WIFUSDT-fundingRate-2025-08.zip,.cache/binance-altcoin-trend-round34/funding_monthly/WIFUSDT/WIFUSDT-fundingRate-2025-08.zip,downloaded_verified,ee0645bd86f8db875ae53dae3fb84e22665a1baa8a2039f43117434983146ce3,1389.0
WIFUSDT,2025-09,kline_monthly,https://data.binance.vision/data/futures/um/monthly/klines/WIFUSDT/15m/WIFUSDT-15m-2025-09.zip,.cache/binance-altcoin-trend-round34/kline_monthly/WIFUSDT/WIFUSDT-15m-2025-09.zip,downloaded_verified,fc78465c39a74a26d149c22af92ff65611a2baf2a9a182fa884865efe074eeb8,132643.0
WIFUSDT,2025-09,funding_monthly,https://data.binance.vision/data/futures/um/monthly/fundingRate/WIFUSDT/WIFUSDT-fundingRate-2025-09.zip,.cache/binance-altcoin-trend-round34/funding_monthly/WIFUSDT/WIFUSDT-fundingRate-2025-09.zip,downloaded_verified,a5ba2ef4bb23a8ea98327369ade59508f85f3993ac8c83968f798edafe20a964,1234.0
WIFUSDT,2025-10,kline_monthly,https://data.binance.vision/data/futures/um/monthly/klines/WIFUSDT/15m/WIFUSDT-15m-2025-10.zip,.cache/binance-altcoin-trend-round34/kline_monthly/WIFUSDT/WIFUSDT-15m-2025-10.zip,downloaded_verified,b347ff8233258a74d371448ee893884ca753d2a968baf49b8d37d0d3bb4cc526,137152.0
WIFUSDT,2025-10,funding_monthly,https://data.binance.vision/data/futures/um/monthly/fundingRate/WIFUSDT/WIFUSDT-fundingRate-2025-10.zip,.cache/binance-altcoin-trend-round34/funding_monthly/WIFUSDT/WIFUSDT-fundingRate-2025-10.zip,downloaded_verified,c2af6fcd7ebc6a2a6277106b928f8f38aed9abcdd7c135b9acee701cc1ee7f6d,1494.0
WIFUSDT,2025-11,kline_monthly,https://data.binance.vision/data/futures/um/monthly/klines/WIFUSDT/15m/WIFUSDT-15m-2025-11.zip,.cache/binance-altcoin-trend-round34/kline_monthly/WIFUSDT/WIFUSDT-15m-2025-11.zip,downloaded_verified,c586c738c5307c805599b43a65b22e45cefb5869ef7a015a2e7aa333b435995e,130879.0
WIFUSDT,2025-11,funding_monthly,https://data.binance.vision/data/futures/um/monthly/fundingRate/WIFUSDT/WIFUSDT-fundingRate-2025-11.zip,.cache/binance-altcoin-trend-round34/funding_monthly/WIFUSDT/WIFUSDT-fundingRate-2025-11.zip,downloaded_verified,fd901f1150dea3473f188baed9ad6a79b7e14c56895e151bb4c51ba7bbb624ad,1500.0
WIFUSDT,2025-12,kline_monthly,https://data.binance.vision/data/futures/um/monthly/klines/WIFUSDT/15m/WIFUSDT-15m-2025-12.zip,.cache/binance-altcoin-trend-round34/kline_monthly/WIFUSDT/WIFUSDT-15m-2025-12.zip,downloaded_verified,558da865ec79107749cdb22908f1cc207157b63cc483dffad942437dd19e7b04,132432.0
WIFUSDT,2025-12,funding_monthly,https://data.binance.vision/data/futures/um/monthly/fundingRate/WIFUSDT/WIFUSDT-fundingRate-2025-12.zip,.cache/binance-altcoin-trend-round34/funding_monthly/WIFUSDT/WIFUSDT-fundingRate-2025-12.zip,downloaded_verified,613239135c55bfd93c6eec007423f782ae4b05f39e78ab3afa3a6ad4582d273c,1552.0
WIFUSDT,2026-01,kline_monthly,https://data.binance.vision/data/futures/um/monthly/klines/WIFUSDT/15m/WIFUSDT-15m-2026-01.zip,.cache/binance-altcoin-trend-round34/kline_monthly/WIFUSDT/WIFUSDT-15m-2026-01.zip,downloaded_verified,1e727a4f3ac5e0cb6cf22702fb44130c22c5abfc59f6ced6bfd8cb9b8663c53b,133619.0
WIFUSDT,2026-01,funding_monthly,https://data.binance.vision/data/futures/um/monthly/fundingRate/WIFUSDT/WIFUSDT-fundingRate-2026-01.zip,.cache/binance-altcoin-trend-round34/funding_monthly/WIFUSDT/WIFUSDT-fundingRate-2026-01.zip,downloaded_verified,50eaa18f9018da9cf11895a84e8342fcc1ab068bd4cc11de274f8ae4de8a6357,1484.0
WIFUSDT,2026-02,kline_monthly,https://data.binance.vision/data/futures/um/monthly/klines/WIFUSDT/15m/WIFUSDT-15m-2026-02.zip,.cache/binance-altcoin-trend-round34/kline_monthly/WIFUSDT/WIFUSDT-15m-2026-02.zip,downloaded_verified,d84389fd50c5d08d30295eebf85d84d3589a7cda30f46774d958035e6d9f4ee1,119072.0
WIFUSDT,2026-02,funding_monthly,https://data.binance.vision/data/futures/um/monthly/fundingRate/WIFUSDT/WIFUSDT-fundingRate-2026-02.zip,.cache/binance-altcoin-trend-round34/funding_monthly/WIFUSDT/WIFUSDT-fundingRate-2026-02.zip,downloaded_verified,0bc4d9996f9cbc85200137a7cfbbeeb1f888e487bac0dc700557c2621d7982d7,1501.0
WIFUSDT,2026-03,kline_monthly,https://data.binance.vision/data/futures/um/monthly/klines/WIFUSDT/15m/WIFUSDT-15m-2026-03.zip,.cache/binance-altcoin-trend-round34/kline_monthly/WIFUSDT/WIFUSDT-15m-2026-03.zip,downloaded_verified,8e2a012dfe8501915c749d47c8ec36b1402fa4c732fa186cbea621edb43088ac,129928.0
WIFUSDT,2026-03,funding_monthly,https://data.binance.vision/data/futures/um/monthly/fundingRate/WIFUSDT/WIFUSDT-fundingRate-2026-03.zip,.cache/binance-altcoin-trend-round34/funding_monthly/WIFUSDT/WIFUSDT-fundingRate-2026-03.zip,downloaded_verified,83b34f08c917a2cdca504657fe5aa0fcbd9bb8067f49c0fd292e47b22cb831bc,1616.0
WIFUSDT,2026-04,kline_monthly,https://data.binance.vision/data/futures/um/monthly/klines/WIFUSDT/15m/WIFUSDT-15m-2026-04.zip,.cache/binance-altcoin-trend-round34/kline_monthly/WIFUSDT/WIFUSDT-15m-2026-04.zip,downloaded_verified,ded8af86907d82776761d005da904841202594c6b383f2a79e6e1e92fc90e7a5,123314.0
WIFUSDT,2026-04,funding_monthly,https://data.binance.vision/data/futures/um/monthly/fundingRate/WIFUSDT/WIFUSDT-fundingRate-2026-04.zip,.cache/binance-altcoin-trend-round34/funding_monthly/WIFUSDT/WIFUSDT-fundingRate-2026-04.zip,downloaded_verified,4bbfd23ff6b8a96e328e9d19ca38f6e4b53db112571df3c43d017d03378e1dcf,1425.0
WIFUSDT,2026-05,kline_monthly,https://data.binance.vision/data/futures/um/monthly/klines/WIFUSDT/15m/WIFUSDT-15m-2026-05.zip,.cache/binance-altcoin-trend-round34/kline_monthly/WIFUSDT/WIFUSDT-15m-2026-05.zip,downloaded_verified,9697ac4695537fe856356e872b81f5f0038a86f670d55466a51385e8c4fd40f0,126893.0
WIFUSDT,2026-05,funding_monthly,https://data.binance.vision/data/futures/um/monthly/fundingRate/WIFUSDT/WIFUSDT-fundingRate-2026-05.zip,.cache/binance-altcoin-trend-round34/funding_monthly/WIFUSDT/WIFUSDT-fundingRate-2026-05.zip,downloaded_verified,5d072cd40245aff137fe80b2f6e930349e0f0a31ee517f4bb3d551dae8a7d72f,1498.0
WIFUSDT,2026-06,kline_monthly,https://data.binance.vision/data/futures/um/monthly/klines/WIFUSDT/15m/WIFUSDT-15m-2026-06.zip,.cache/binance-altcoin-trend-round34/kline_monthly/WIFUSDT/WIFUSDT-15m-2026-06.zip,downloaded_verified,82f127f3be3852202ae8862d58a60068b669f2a7785ed3038a558518c5e26185,123610.0
WIFUSDT,2026-06,funding_monthly,https://data.binance.vision/data/futures/um/monthly/fundingRate/WIFUSDT/WIFUSDT-fundingRate-2026-06.zip,.cache/binance-altcoin-trend-round34/funding_monthly/WIFUSDT/WIFUSDT-fundingRate-2026-06.zip,downloaded_verified,267467eddfe4a5b4807a5146e434d07c46824f3424a0f1ffea9cf5c46d294b1f,1410.0
WIFUSDT,2026-07-01,kline_daily,https://data.binance.vision/data/futures/um/daily/klines/WIFUSDT/15m/WIFUSDT-15m-2026-07-01.zip,.cache/binance-altcoin-trend-round34/kline_daily/WIFUSDT/WIFUSDT-15m-2026-07-01.zip,downloaded_verified,c0825c3c82b9f170ada40ed5c0e7f9d821e2b7de000d45eaadcb105af600b77c,4568.0
WIFUSDT,2026-07-02,kline_daily,https://data.binance.vision/data/futures/um/daily/klines/WIFUSDT/15m/WIFUSDT-15m-2026-07-02.zip,.cache/binance-altcoin-trend-round34/kline_daily/WIFUSDT/WIFUSDT-15m-2026-07-02.zip,downloaded_verified,35017c53df06899c0e60610c12df0b59cfc2604c4f5ce1627a1ec1dc908ff634,4476.0
WIFUSDT,2026-07-03,kline_daily,https://data.binance.vision/data/futures/um/daily/klines/WIFUSDT/15m/WIFUSDT-15m-2026-07-03.zip,.cache/binance-altcoin-trend-round34/kline_daily/WIFUSDT/WIFUSDT-15m-2026-07-03.zip,downloaded_verified,0db858ac0967e2b4e5f7fedc9eea45f82b52b225a56e5d4bd34139e8abce8b3e,4456.0
WIFUSDT,2026-07-04,kline_daily,https://data.binance.vision/data/futures/um/daily/klines/WIFUSDT/15m/WIFUSDT-15m-2026-07-04.zip,.cache/binance-altcoin-trend-round34/kline_daily/WIFUSDT/WIFUSDT-15m-2026-07-04.zip,downloaded_verified,c1e48b0ae55aeb0d7e6bdadd5c773ebace6152faa8bfa1eb938c2164ecded13c,4469.0
WIFUSDT,2026-07-05,kline_daily,https://data.binance.vision/data/futures/um/daily/klines/WIFUSDT/15m/WIFUSDT-15m-2026-07-05.zip,.cache/binance-altcoin-trend-round34/kline_daily/WIFUSDT/WIFUSDT-15m-2026-07-05.zip,downloaded_verified,86086d939fd06fe47273e6c9535351bc11bfb22e8fb71167ea1c15d50b2576fe,4371.0
WIFUSDT,2026-07-06,kline_daily,https://data.binance.vision/data/futures/um/daily/klines/WIFUSDT/15m/WIFUSDT-15m-2026-07-06.zip,.cache/binance-altcoin-trend-round34/kline_daily/WIFUSDT/WIFUSDT-15m-2026-07-06.zip,downloaded_verified,839fc0c24f65fe24ccfae5b9c96e3003179056e7864be32111771bb74b2280e2,4467.0
WIFUSDT,2026-07-07,kline_daily,https://data.binance.vision/data/futures/um/daily/klines/WIFUSDT/15m/WIFUSDT-15m-2026-07-07.zip,.cache/binance-altcoin-trend-round34/kline_daily/WIFUSDT/WIFUSDT-15m-2026-07-07.zip,downloaded_verified,4f9689048359c48b147aa55bf85b021bf8b183c05223f43295c04419c95886c9,4395.0
WIFUSDT,2026-07-08,kline_daily,https://data.binance.vision/data/futures/um/daily/klines/WIFUSDT/15m/WIFUSDT-15m-2026-07-08.zip,.cache/binance-altcoin-trend-round34/kline_daily/WIFUSDT/WIFUSDT-15m-2026-07-08.zip,downloaded_verified,1a537bfba1274c969852b8e9a20164a93cabea3c09f9b38a86774d579294db86,4440.0
WIFUSDT,2026-07-09,kline_daily,https://data.binance.vision/data/futures/um/daily/klines/WIFUSDT/15m/WIFUSDT-15m-2026-07-09.zip,.cache/binance-altcoin-trend-round34/kline_daily/WIFUSDT/WIFUSDT-15m-2026-07-09.zip,downloaded_verified,36f72ada11136a36871296eacdea85865833fdc84c21f3ee4eb26ea34b163bd4,4314.0
WIFUSDT,2026-07-10,kline_daily,https://data.binance.vision/data/futures/um/daily/klines/WIFUSDT/15m/WIFUSDT-15m-2026-07-10.zip,.cache/binance-altcoin-trend-round34/kline_daily/WIFUSDT/WIFUSDT-15m-2026-07-10.zip,downloaded_verified,b1d48aa4d9bba2b5dcfc21652cc06c21ffde36c3ece96847e9829ac5aa333724,4384.0
WIFUSDT,2026-07-11,kline_daily,https://data.binance.vision/data/futures/um/daily/klines/WIFUSDT/15m/WIFUSDT-15m-2026-07-11.zip,.cache/binance-altcoin-trend-round34/kline_daily/WIFUSDT/WIFUSDT-15m-2026-07-11.zip,downloaded_verified,93eb656ff8b543c323842b0949c27a93f00e5f62dcc389eb2ae07d8bfead7a9c,4269.0
WIFUSDT,2026-07-12,kline_daily,https://data.binance.vision/data/futures/um/daily/klines/WIFUSDT/15m/WIFUSDT-15m-2026-07-12.zip,.cache/binance-altcoin-trend-round34/kline_daily/WIFUSDT/WIFUSDT-15m-2026-07-12.zip,downloaded_verified,1d94e5392250cd499db264bdbb7994cb60b4edc25b05a284721ac4bbe15da71a,4233.0
WIFUSDT,2026-07-13,kline_daily,https://data.binance.vision/data/futures/um/daily/klines/WIFUSDT/15m/WIFUSDT-15m-2026-07-13.zip,.cache/binance-altcoin-trend-round34/kline_daily/WIFUSDT/WIFUSDT-15m-2026-07-13.zip,downloaded_verified,5c0fb4fa3dddb1c0e09b94423d92357486c26244c93c89a81271e0050c42a557,4336.0
WIFUSDT,2026-07-14,kline_daily,https://data.binance.vision/data/futures/um/daily/klines/WIFUSDT/15m/WIFUSDT-15m-2026-07-14.zip,.cache/binance-altcoin-trend-round34/kline_daily/WIFUSDT/WIFUSDT-15m-2026-07-14.zip,downloaded_verified,e8d06edcf2031a9d2ab9067d8ef3ac10a01af8a08a65767ff90193b1f2ff3a91,4337.0
WIFUSDT,2026-07-15,kline_daily,https://data.binance.vision/data/futures/um/daily/klines/WIFUSDT/15m/WIFUSDT-15m-2026-07-15.zip,.cache/binance-altcoin-trend-round34/kline_daily/WIFUSDT/WIFUSDT-15m-2026-07-15.zip,downloaded_verified,f9fbae6841354b34dfe25e7e19d00c23a743a3f235c8ba114890496a148d5fba,4385.0
WIFUSDT,2026-07-16,kline_daily,https://data.binance.vision/data/futures/um/daily/klines/WIFUSDT/15m/WIFUSDT-15m-2026-07-16.zip,.cache/binance-altcoin-trend-round34/kline_daily/WIFUSDT/WIFUSDT-15m-2026-07-16.zip,downloaded_verified,bdbd1b5cccfff15a561a4c98301331cb008a0dd5e6fb01d07925c464da8a9426,4370.0
WIFUSDT,2026-07-17,kline_daily,https://data.binance.vision/data/futures/um/daily/klines/WIFUSDT/15m/WIFUSDT-15m-2026-07-17.zip,.cache/binance-altcoin-trend-round34/kline_daily/WIFUSDT/WIFUSDT-15m-2026-07-17.zip,downloaded_verified,5150d27c7a1d310b8510c77fb10381c32a04ef542f824e9e08623b08c7de50b0,4384.0
WIFUSDT,2026-07-18,kline_daily,https://data.binance.vision/data/futures/um/daily/klines/WIFUSDT/15m/WIFUSDT-15m-2026-07-18.zip,.cache/binance-altcoin-trend-round34/kline_daily/WIFUSDT/WIFUSDT-15m-2026-07-18.zip,downloaded_verified,4890fe27bd0dd592e9615125158983f7d7f0506a23926989daa7f311d065b5ac,4274.0
WIFUSDT,2026-07-19,kline_daily,https://data.binance.vision/data/futures/um/daily/klines/WIFUSDT/15m/WIFUSDT-15m-2026-07-19.zip,.cache/binance-altcoin-trend-round34/kline_daily/WIFUSDT/WIFUSDT-15m-2026-07-19.zip,downloaded_verified,f4b5491322c1488da740145d718ded7f06967bb0a1cffec30c7f940a601f0a0f,4191.0
WIFUSDT,2026-07-20,kline_daily,https://data.binance.vision/data/futures/um/daily/klines/WIFUSDT/15m/WIFUSDT-15m-2026-07-20.zip,.cache/binance-altcoin-trend-round34/kline_daily/WIFUSDT/WIFUSDT-15m-2026-07-20.zip,downloaded_verified,db1f27169b2ce4f326b68a7dd186f45120b076ae298d71526b38766689cc88a2,4359.0
WIFUSDT,2026-07-21,kline_daily,https://data.binance.vision/data/futures/um/daily/klines/WIFUSDT/15m/WIFUSDT-15m-2026-07-21.zip,.cache/binance-altcoin-trend-round34/kline_daily/WIFUSDT/WIFUSDT-15m-2026-07-21.zip,downloaded_verified,639e7f2c32b9229cccb3cebb3552ec94c07f74a834225f668d4ca8c6bb2314a7,4301.0
WIFUSDT,2026-07-22,kline_daily,https://data.binance.vision/data/futures/um/daily/klines/WIFUSDT/15m/WIFUSDT-15m-2026-07-22.zip,.cache/binance-altcoin-trend-round34/kline_daily/WIFUSDT/WIFUSDT-15m-2026-07-22.zip,downloaded_verified,18111993f7819552dad676a60176c732a3896bb5b5f6e0eadb55f7361530f826,4320.0
WIFUSDT,2026-07-23,kline_daily,https://data.binance.vision/data/futures/um/daily/klines/WIFUSDT/15m/WIFUSDT-15m-2026-07-23.zip,.cache/binance-altcoin-trend-round34/kline_daily/WIFUSDT/WIFUSDT-15m-2026-07-23.zip,downloaded_verified,0be020b77ef8fe56d44333e4924ddf063067782c3968eacae92f46ddd60e5ede,4365.0
WIFUSDT,2026-07-24,kline_daily,https://data.binance.vision/data/futures/um/daily/klines/WIFUSDT/15m/WIFUSDT-15m-2026-07-24.zip,.cache/binance-altcoin-trend-round34/kline_daily/WIFUSDT/WIFUSDT-15m-2026-07-24.zip,downloaded_verified,2afc34040a57124c6789b9719fccf0fa04830ddc42cbab8c24d9e5cc695d35e1,4303.0
WIFUSDT,2026-07-25,kline_daily,https://data.binance.vision/data/futures/um/daily/klines/WIFUSDT/15m/WIFUSDT-15m-2026-07-25.zip,.cache/binance-altcoin-trend-round34/kline_daily/WIFUSDT/WIFUSDT-15m-2026-07-25.zip,downloaded_verified,a79a102cac010d97124b3d7bc2120defe2d9f791e36ba813c77fb891c30a5535,4464.0
WIFUSDT,2026-07-26,kline_daily,https://data.binance.vision/data/futures/um/daily/klines/WIFUSDT/15m/WIFUSDT-15m-2026-07-26.zip,.cache/binance-altcoin-trend-round34/kline_daily/WIFUSDT/WIFUSDT-15m-2026-07-26.zip,downloaded_verified,da82a921b25a46ddb43c7891ae79b04678602ecff070b8c047db23f325d1a319,4419.0
ZECUSDT,2023-11,kline_monthly,https://data.binance.vision/data/futures/um/monthly/klines/ZECUSDT/15m/ZECUSDT-15m-2023-11.zip,.cache/binance-altcoin-trend-round34/kline_monthly/ZECUSDT/ZECUSDT-15m-2023-11.zip,downloaded_verified,8c279885549d4bba9f3b80cfaf6df229547b0f787ea502e7b5c859052bc83fd8,114523.0
ZECUSDT,2023-11,funding_monthly,https://data.binance.vision/data/futures/um/monthly/fundingRate/ZECUSDT/ZECUSDT-fundingRate-2023-11.zip,.cache/binance-altcoin-trend-round34/funding_monthly/ZECUSDT/ZECUSDT-fundingRate-2023-11.zip,downloaded_verified,4bba2bb8fc535be36803cee95dfd5279797c8e13f7c6312e5984bc59c82f700b,721.0
ZECUSDT,2023-12,kline_monthly,https://data.binance.vision/data/futures/um/monthly/klines/ZECUSDT/15m/ZECUSDT-15m-2023-12.zip,.cache/binance-altcoin-trend-round34/kline_monthly/ZECUSDT/ZECUSDT-15m-2023-12.zip,downloaded_verified,64ec2c5acb7c6b459be6c8f7931b64240143bdfd3e0df7af9705e311197b0bfa,119049.0
ZECUSDT,2023-12,funding_monthly,https://data.binance.vision/data/futures/um/monthly/fundingRate/ZECUSDT/ZECUSDT-fundingRate-2023-12.zip,.cache/binance-altcoin-trend-round34/funding_monthly/ZECUSDT/ZECUSDT-fundingRate-2023-12.zip,downloaded_verified,e8e6c4279ed6f5480f0380f27a97938275b2e4bf137b4ca4fa0f71cdd62fd2bb,890.0
ZECUSDT,2024-01,kline_monthly,https://data.binance.vision/data/futures/um/monthly/klines/ZECUSDT/15m/ZECUSDT-15m-2024-01.zip,.cache/binance-altcoin-trend-round34/kline_monthly/ZECUSDT/ZECUSDT-15m-2024-01.zip,downloaded_verified,4a8adabd3ca0de4fe66a482ccdeed8d7f5b18ed5cbf868cd77a3000b3cfc9cf3,119831.0
ZECUSDT,2024-01,funding_monthly,https://data.binance.vision/data/futures/um/monthly/fundingRate/ZECUSDT/ZECUSDT-fundingRate-2024-01.zip,.cache/binance-altcoin-trend-round34/funding_monthly/ZECUSDT/ZECUSDT-fundingRate-2024-01.zip,downloaded_verified,0da0645d2ed7c982bf6db574006e08571876be5f63f983bcf99c3d76faf64192,670.0
ZECUSDT,2024-02,kline_monthly,https://data.binance.vision/data/futures/um/monthly/klines/ZECUSDT/15m/ZECUSDT-15m-2024-02.zip,.cache/binance-altcoin-trend-round34/kline_monthly/ZECUSDT/ZECUSDT-15m-2024-02.zip,downloaded_verified,1ee52a5972759d8d93dfaa44f217f349d64839e72668206f4b322ca5accc69aa,111802.0
ZECUSDT,2024-02,funding_monthly,https://data.binance.vision/data/futures/um/monthly/fundingRate/ZECUSDT/ZECUSDT-fundingRate-2024-02.zip,.cache/binance-altcoin-trend-round34/funding_monthly/ZECUSDT/ZECUSDT-fundingRate-2024-02.zip,downloaded_verified,11f72c4ab769ba3f20fafd013ebed9e3bd0daa35883817767a04d9a5c491e884,772.0
ZECUSDT,2024-03,kline_monthly,https://data.binance.vision/data/futures/um/monthly/klines/ZECUSDT/15m/ZECUSDT-15m-2024-03.zip,.cache/binance-altcoin-trend-round34/kline_monthly/ZECUSDT/ZECUSDT-15m-2024-03.zip,downloaded_verified,371bac254004fa783a458ddc6062845e4f4d15bc2ea20549e881727b10144a11,122666.0
ZECUSDT,2024-03,funding_monthly,https://data.binance.vision/data/futures/um/monthly/fundingRate/ZECUSDT/ZECUSDT-fundingRate-2024-03.zip,.cache/binance-altcoin-trend-round34/funding_monthly/ZECUSDT/ZECUSDT-fundingRate-2024-03.zip,downloaded_verified,25c7ac4550831bf6a0ee6221c3272b64bb0a244eeff6fa1dc8d254bb4af5a2a0,900.0
ZECUSDT,2024-04,kline_monthly,https://data.binance.vision/data/futures/um/monthly/klines/ZECUSDT/15m/ZECUSDT-15m-2024-04.zip,.cache/binance-altcoin-trend-round34/kline_monthly/ZECUSDT/ZECUSDT-15m-2024-04.zip,downloaded_verified,b47c062537da0d5e72d615571317ec63e398ca141b7c0ec390c13eb8e836c004,114960.0
ZECUSDT,2024-04,funding_monthly,https://data.binance.vision/data/futures/um/monthly/fundingRate/ZECUSDT/ZECUSDT-fundingRate-2024-04.zip,.cache/binance-altcoin-trend-round34/funding_monthly/ZECUSDT/ZECUSDT-fundingRate-2024-04.zip,downloaded_verified,6d19fa6e1327abccf44c829154e3d058ea95fe2e2fb605c2e7e6d6796f2d66a9,754.0
ZECUSDT,2024-05,kline_monthly,https://data.binance.vision/data/futures/um/monthly/klines/ZECUSDT/15m/ZECUSDT-15m-2024-05.zip,.cache/binance-altcoin-trend-round34/kline_monthly/ZECUSDT/ZECUSDT-15m-2024-05.zip,downloaded_verified,6b43d06eb8da0ee4a4385a26516bff6f9035ba66988b7454046931f2e3a052ee,116135.0
ZECUSDT,2024-05,funding_monthly,https://data.binance.vision/data/futures/um/monthly/fundingRate/ZECUSDT/ZECUSDT-fundingRate-2024-05.zip,.cache/binance-altcoin-trend-round34/funding_monthly/ZECUSDT/ZECUSDT-fundingRate-2024-05.zip,downloaded_verified,ef0e2689f39db8fa015d6f20517dd1c8206fe3d29fc823b924b60d2b0ffa49f0,648.0
ZECUSDT,2024-06,kline_monthly,https://data.binance.vision/data/futures/um/monthly/klines/ZECUSDT/15m/ZECUSDT-15m-2024-06.zip,.cache/binance-altcoin-trend-round34/kline_monthly/ZECUSDT/ZECUSDT-15m-2024-06.zip,downloaded_verified,2c9618187d157c1e87a12a788d24efa89fe9ee40ff2b8dc1fed8231076935edb,112159.0
ZECUSDT,2024-06,funding_monthly,https://data.binance.vision/data/futures/um/monthly/fundingRate/ZECUSDT/ZECUSDT-fundingRate-2024-06.zip,.cache/binance-altcoin-trend-round34/funding_monthly/ZECUSDT/ZECUSDT-fundingRate-2024-06.zip,downloaded_verified,95f6005b417aca75af27aa7c739e6b49d6b62ff497595b2390558eb4f1ca8be6,658.0
ZECUSDT,2024-07,kline_monthly,https://data.binance.vision/data/futures/um/monthly/klines/ZECUSDT/15m/ZECUSDT-15m-2024-07.zip,.cache/binance-altcoin-trend-round34/kline_monthly/ZECUSDT/ZECUSDT-15m-2024-07.zip,downloaded_verified,fbdfe660f3cbcacc74e1146b3c90dc8d11756918e1936f0c6ff6590dfc5b864a,122436.0
ZECUSDT,2024-07,funding_monthly,https://data.binance.vision/data/futures/um/monthly/fundingRate/ZECUSDT/ZECUSDT-fundingRate-2024-07.zip,.cache/binance-altcoin-trend-round34/funding_monthly/ZECUSDT/ZECUSDT-fundingRate-2024-07.zip,downloaded_verified,ba0aa4aef1694fcf74b4d1c5018ebc94d5fd49f54b9efa984e85224f23a724eb,728.0
ZECUSDT,2024-08,kline_monthly,https://data.binance.vision/data/futures/um/monthly/klines/ZECUSDT/15m/ZECUSDT-15m-2024-08.zip,.cache/binance-altcoin-trend-round34/kline_monthly/ZECUSDT/ZECUSDT-15m-2024-08.zip,downloaded_verified,1db9f8b9eb61c4eb99c8e69fcfafe5fe011af43a5184b6186224fb1d8a73c505,124641.0
ZECUSDT,2024-08,funding_monthly,https://data.binance.vision/data/futures/um/monthly/fundingRate/ZECUSDT/ZECUSDT-fundingRate-2024-08.zip,.cache/binance-altcoin-trend-round34/funding_monthly/ZECUSDT/ZECUSDT-fundingRate-2024-08.zip,downloaded_verified,360f0ae4eface15084675af2025f857e59a67dc19e3f3509486cb74bacdfed7f,768.0
ZECUSDT,2024-09,kline_monthly,https://data.binance.vision/data/futures/um/monthly/klines/ZECUSDT/15m/ZECUSDT-15m-2024-09.zip,.cache/binance-altcoin-trend-round34/kline_monthly/ZECUSDT/ZECUSDT-15m-2024-09.zip,downloaded_verified,c6e6cfa49f5fee31b0b48e5e39ed373afb3e8332ba1ade6ae7d04fb31f59765e,114236.0
ZECUSDT,2024-09,funding_monthly,https://data.binance.vision/data/futures/um/monthly/fundingRate/ZECUSDT/ZECUSDT-fundingRate-2024-09.zip,.cache/binance-altcoin-trend-round34/funding_monthly/ZECUSDT/ZECUSDT-fundingRate-2024-09.zip,downloaded_verified,1b1d8f4ee5a966c1f2b93d41504de9770c412341782e2d5a762b56380488e5cc,773.0
ZECUSDT,2024-10,kline_monthly,https://data.binance.vision/data/futures/um/monthly/klines/ZECUSDT/15m/ZECUSDT-15m-2024-10.zip,.cache/binance-altcoin-trend-round34/kline_monthly/ZECUSDT/ZECUSDT-15m-2024-10.zip,downloaded_verified,2ddb584a8b43a16b93ee09ccc432759d30590deaf93af5af9c780662ceedd98f,120751.0
ZECUSDT,2024-10,funding_monthly,https://data.binance.vision/data/futures/um/monthly/fundingRate/ZECUSDT/ZECUSDT-fundingRate-2024-10.zip,.cache/binance-altcoin-trend-round34/funding_monthly/ZECUSDT/ZECUSDT-fundingRate-2024-10.zip,downloaded_verified,f761542445133139128f7201734565e33d36df021e6ef6c48f7203359b18df75,707.0
ZECUSDT,2024-11,kline_monthly,https://data.binance.vision/data/futures/um/monthly/klines/ZECUSDT/15m/ZECUSDT-15m-2024-11.zip,.cache/binance-altcoin-trend-round34/kline_monthly/ZECUSDT/ZECUSDT-15m-2024-11.zip,downloaded_verified,cb9e881ff5539fca22e88d82444922242a788d73d5a648478cf944f992b217ce,120476.0
ZECUSDT,2024-11,funding_monthly,https://data.binance.vision/data/futures/um/monthly/fundingRate/ZECUSDT/ZECUSDT-fundingRate-2024-11.zip,.cache/binance-altcoin-trend-round34/funding_monthly/ZECUSDT/ZECUSDT-fundingRate-2024-11.zip,downloaded_verified,86b97ea8132db99f7ceb228451382a5252e437f488459c18c847f4543ba13043,776.0
ZECUSDT,2024-12,kline_monthly,https://data.binance.vision/data/futures/um/monthly/klines/ZECUSDT/15m/ZECUSDT-15m-2024-12.zip,.cache/binance-altcoin-trend-round34/kline_monthly/ZECUSDT/ZECUSDT-15m-2024-12.zip,downloaded_verified,5c1222d9ed3d99e2dc8b622d2a5899986a4ab98de586ae1575c0214b823c9bd1,126932.0
ZECUSDT,2024-12,funding_monthly,https://data.binance.vision/data/futures/um/monthly/fundingRate/ZECUSDT/ZECUSDT-fundingRate-2024-12.zip,.cache/binance-altcoin-trend-round34/funding_monthly/ZECUSDT/ZECUSDT-fundingRate-2024-12.zip,downloaded_verified,63ff9c57e4c56841f956bfa4ae0eef04901179dc875810d7c9c31ba8c0b34db6,776.0
ZECUSDT,2025-01,kline_monthly,https://data.binance.vision/data/futures/um/monthly/klines/ZECUSDT/15m/ZECUSDT-15m-2025-01.zip,.cache/binance-altcoin-trend-round34/kline_monthly/ZECUSDT/ZECUSDT-15m-2025-01.zip,downloaded_verified,09239a2bed7eaed00e1c63baa4ecc1fbfce08318e568d12a952b673feb0b79b3,120977.0
ZECUSDT,2025-01,funding_monthly,https://data.binance.vision/data/futures/um/monthly/fundingRate/ZECUSDT/ZECUSDT-fundingRate-2025-01.zip,.cache/binance-altcoin-trend-round34/funding_monthly/ZECUSDT/ZECUSDT-fundingRate-2025-01.zip,downloaded_verified,f2ca5932f10ef4963012ef835340b0607af40577342175dc8cf7c77a6daa7599,640.0
ZECUSDT,2025-02,kline_monthly,https://data.binance.vision/data/futures/um/monthly/klines/ZECUSDT/15m/ZECUSDT-15m-2025-02.zip,.cache/binance-altcoin-trend-round34/kline_monthly/ZECUSDT/ZECUSDT-15m-2025-02.zip,downloaded_verified,c802b37c8f07fe9fcd3a7da9bd7f2b7885bfc3b29a46f9e2f864964f7e4a6db1,107273.0
ZECUSDT,2025-02,funding_monthly,https://data.binance.vision/data/futures/um/monthly/fundingRate/ZECUSDT/ZECUSDT-fundingRate-2025-02.zip,.cache/binance-altcoin-trend-round34/funding_monthly/ZECUSDT/ZECUSDT-fundingRate-2025-02.zip,downloaded_verified,091b35a1f4aabcc77fd9d3edd9bb63f58574b6eb74a9f5f0a659e2f3bae63aca,754.0
ZECUSDT,2025-03,kline_monthly,https://data.binance.vision/data/futures/um/monthly/klines/ZECUSDT/15m/ZECUSDT-15m-2025-03.zip,.cache/binance-altcoin-trend-round34/kline_monthly/ZECUSDT/ZECUSDT-15m-2025-03.zip,downloaded_verified,a995bcc2e88df31769ffd95f6a2828e4c2a587c860b907b317ab2dc3fcf0b402,117429.0
ZECUSDT,2025-03,funding_monthly,https://data.binance.vision/data/futures/um/monthly/fundingRate/ZECUSDT/ZECUSDT-fundingRate-2025-03.zip,.cache/binance-altcoin-trend-round34/funding_monthly/ZECUSDT/ZECUSDT-fundingRate-2025-03.zip,downloaded_verified,29df0775b21c6313d434db1e072866bf15c180c8c5ca7d59f82d6c69b015861c,843.0
ZECUSDT,2025-04,kline_monthly,https://data.binance.vision/data/futures/um/monthly/klines/ZECUSDT/15m/ZECUSDT-15m-2025-04.zip,.cache/binance-altcoin-trend-round34/kline_monthly/ZECUSDT/ZECUSDT-15m-2025-04.zip,downloaded_verified,be222d5ba668142f752019d9718e011d20924a8bcb8a3855ba733db847b70cc1,116073.0
ZECUSDT,2025-04,funding_monthly,https://data.binance.vision/data/futures/um/monthly/fundingRate/ZECUSDT/ZECUSDT-fundingRate-2025-04.zip,.cache/binance-altcoin-trend-round34/funding_monthly/ZECUSDT/ZECUSDT-fundingRate-2025-04.zip,downloaded_verified,5fe7ee1c92035b3df2acee9f25a3bed6fa8eea6aaae082673029ff59d473444d,834.0
ZECUSDT,2025-05,kline_monthly,https://data.binance.vision/data/futures/um/monthly/klines/ZECUSDT/15m/ZECUSDT-15m-2025-05.zip,.cache/binance-altcoin-trend-round34/kline_monthly/ZECUSDT/ZECUSDT-15m-2025-05.zip,downloaded_verified,4a29cbace7d4b9d770f59b9e2a370d05a93a216577478249d729f4c3c4149690,118986.0
ZECUSDT,2025-05,funding_monthly,https://data.binance.vision/data/futures/um/monthly/fundingRate/ZECUSDT/ZECUSDT-fundingRate-2025-05.zip,.cache/binance-altcoin-trend-round34/funding_monthly/ZECUSDT/ZECUSDT-fundingRate-2025-05.zip,downloaded_verified,fe25b75e0322029ee4682d74536b6e25202e401c0958e56ff8fce569f577581e,843.0
ZECUSDT,2025-06,kline_monthly,https://data.binance.vision/data/futures/um/monthly/klines/ZECUSDT/15m/ZECUSDT-15m-2025-06.zip,.cache/binance-altcoin-trend-round34/kline_monthly/ZECUSDT/ZECUSDT-15m-2025-06.zip,downloaded_verified,15bb3c87f69a3634df740b61ad27d0f00e482576429f753c44e702fd76426d48,113236.0
ZECUSDT,2025-06,funding_monthly,https://data.binance.vision/data/futures/um/monthly/fundingRate/ZECUSDT/ZECUSDT-fundingRate-2025-06.zip,.cache/binance-altcoin-trend-round34/funding_monthly/ZECUSDT/ZECUSDT-fundingRate-2025-06.zip,downloaded_verified,7754bfad1a963415b4c9934d9c90c63aad5997de87db1feca7849caf2a5d0fd0,926.0
ZECUSDT,2025-07,kline_monthly,https://data.binance.vision/data/futures/um/monthly/klines/ZECUSDT/15m/ZECUSDT-15m-2025-07.zip,.cache/binance-altcoin-trend-round34/kline_monthly/ZECUSDT/ZECUSDT-15m-2025-07.zip,downloaded_verified,16ad753956611bfa16e40d32767d71a12a2246fcba3ae1280c5822b7ea2268fe,116878.0
ZECUSDT,2025-07,funding_monthly,https://data.binance.vision/data/futures/um/monthly/fundingRate/ZECUSDT/ZECUSDT-fundingRate-2025-07.zip,.cache/binance-altcoin-trend-round34/funding_monthly/ZECUSDT/ZECUSDT-fundingRate-2025-07.zip,downloaded_verified,f1197f763e85125a6e7b24eab6c137092a09c21dc451acc3ecb159f4219c5e57,762.0
ZECUSDT,2025-08,kline_monthly,https://data.binance.vision/data/futures/um/monthly/klines/ZECUSDT/15m/ZECUSDT-15m-2025-08.zip,.cache/binance-altcoin-trend-round34/kline_monthly/ZECUSDT/ZECUSDT-15m-2025-08.zip,downloaded_verified,d22bfea614af65db37a9ef5faf95dd27acb4a1870d60652a3555e9f054bd5563,116727.0
ZECUSDT,2025-08,funding_monthly,https://data.binance.vision/data/futures/um/monthly/fundingRate/ZECUSDT/ZECUSDT-fundingRate-2025-08.zip,.cache/binance-altcoin-trend-round34/funding_monthly/ZECUSDT/ZECUSDT-fundingRate-2025-08.zip,downloaded_verified,53ea104cca21524eb1e4db1cbc2287327210ea2ea4cf9dcaa0934f3fa134c3e5,756.0
ZECUSDT,2025-09,kline_monthly,https://data.binance.vision/data/futures/um/monthly/klines/ZECUSDT/15m/ZECUSDT-15m-2025-09.zip,.cache/binance-altcoin-trend-round34/kline_monthly/ZECUSDT/ZECUSDT-15m-2025-09.zip,downloaded_verified,8d7252d4900af5874c2f6210665670bbe12c112cb0d2c9b615b9aad874889e51,116286.0
ZECUSDT,2025-09,funding_monthly,https://data.binance.vision/data/futures/um/monthly/fundingRate/ZECUSDT/ZECUSDT-fundingRate-2025-09.zip,.cache/binance-altcoin-trend-round34/funding_monthly/ZECUSDT/ZECUSDT-fundingRate-2025-09.zip,downloaded_verified,f9ae2fdb460df0b5a3e2d18e9b2325fa397659ab0e3e0018d735b9256332236f,808.0
ZECUSDT,2025-10,kline_monthly,https://data.binance.vision/data/futures/um/monthly/klines/ZECUSDT/15m/ZECUSDT-15m-2025-10.zip,.cache/binance-altcoin-trend-round34/kline_monthly/ZECUSDT/ZECUSDT-15m-2025-10.zip,downloaded_verified,fe108bb3a10609861d1980b92f74b846b0a0980ba2e2779acaecb4384c00f7f9,140794.0
ZECUSDT,2025-10,funding_monthly,https://data.binance.vision/data/futures/um/monthly/fundingRate/ZECUSDT/ZECUSDT-fundingRate-2025-10.zip,.cache/binance-altcoin-trend-round34/funding_monthly/ZECUSDT/ZECUSDT-fundingRate-2025-10.zip,downloaded_verified,3587040664f8a3a42ab4acfa21f2bb1e1dd85ad399d651292dce721535d98ca3,912.0
ZECUSDT,2025-11,kline_monthly,https://data.binance.vision/data/futures/um/monthly/klines/ZECUSDT/15m/ZECUSDT-15m-2025-11.zip,.cache/binance-altcoin-trend-round34/kline_monthly/ZECUSDT/ZECUSDT-15m-2025-11.zip,downloaded_verified,a478a1933e521fc298efd274d074ee849de0017abc3df92de814d0a7f5fac4e8,140064.0
ZECUSDT,2025-11,funding_monthly,https://data.binance.vision/data/futures/um/monthly/fundingRate/ZECUSDT/ZECUSDT-fundingRate-2025-11.zip,.cache/binance-altcoin-trend-round34/funding_monthly/ZECUSDT/ZECUSDT-fundingRate-2025-11.zip,downloaded_verified,58951645b9a8e799b675029acac9d3692b9a03c10d92cad19ae5cd1137f2439e,967.0
ZECUSDT,2025-12,kline_monthly,https://data.binance.vision/data/futures/um/monthly/klines/ZECUSDT/15m/ZECUSDT-15m-2025-12.zip,.cache/binance-altcoin-trend-round34/kline_monthly/ZECUSDT/ZECUSDT-15m-2025-12.zip,downloaded_verified,baf2ddb4b4de7c9c9469779a324155458439c74082d70025026a98cd66413ada,140898.0
ZECUSDT,2025-12,funding_monthly,https://data.binance.vision/data/futures/um/monthly/fundingRate/ZECUSDT/ZECUSDT-fundingRate-2025-12.zip,.cache/binance-altcoin-trend-round34/funding_monthly/ZECUSDT/ZECUSDT-fundingRate-2025-12.zip,downloaded_verified,7b7c0bca32e4f609143c7386af4ba68374186c571229889259cec98dc5e486e9,873.0
ZECUSDT,2026-01,kline_monthly,https://data.binance.vision/data/futures/um/monthly/klines/ZECUSDT/15m/ZECUSDT-15m-2026-01.zip,.cache/binance-altcoin-trend-round34/kline_monthly/ZECUSDT/ZECUSDT-15m-2026-01.zip,downloaded_verified,1a21c22b3aa5b979e4509806b844b5063ac8e851d4d267aff7767352481c98c7,138583.0
ZECUSDT,2026-01,funding_monthly,https://data.binance.vision/data/futures/um/monthly/fundingRate/ZECUSDT/ZECUSDT-fundingRate-2026-01.zip,.cache/binance-altcoin-trend-round34/funding_monthly/ZECUSDT/ZECUSDT-fundingRate-2026-01.zip,downloaded_verified,f55cd2167428cce0d6479ae0a1500d60d1299e0fd64aef8abc5afea28281ec8f,970.0
ZECUSDT,2026-02,kline_monthly,https://data.binance.vision/data/futures/um/monthly/klines/ZECUSDT/15m/ZECUSDT-15m-2026-02.zip,.cache/binance-altcoin-trend-round34/kline_monthly/ZECUSDT/ZECUSDT-15m-2026-02.zip,downloaded_verified,91c1bf46849786fd08891867aff18542463c63f0960e455ce8c8b9fcf5480248,124009.0
ZECUSDT,2026-02,funding_monthly,https://data.binance.vision/data/futures/um/monthly/fundingRate/ZECUSDT/ZECUSDT-fundingRate-2026-02.zip,.cache/binance-altcoin-trend-round34/funding_monthly/ZECUSDT/ZECUSDT-fundingRate-2026-02.zip,downloaded_verified,3befbb8b467552f6a2a6d165cd0e00d0699b57177122cf780ec0077b140a6f9f,912.0
ZECUSDT,2026-03,kline_monthly,https://data.binance.vision/data/futures/um/monthly/klines/ZECUSDT/15m/ZECUSDT-15m-2026-03.zip,.cache/binance-altcoin-trend-round34/kline_monthly/ZECUSDT/ZECUSDT-15m-2026-03.zip,downloaded_verified,e4a4abefa530ee605396da78d0d2c3968e6dad744ca69def8cb4873e11fd0dcb,136048.0
ZECUSDT,2026-03,funding_monthly,https://data.binance.vision/data/futures/um/monthly/fundingRate/ZECUSDT/ZECUSDT-fundingRate-2026-03.zip,.cache/binance-altcoin-trend-round34/funding_monthly/ZECUSDT/ZECUSDT-fundingRate-2026-03.zip,downloaded_verified,b0d83cee755b92b2262023108c8078f6739608f28b5607f76e00a0fb3aa7bc05,986.0
ZECUSDT,2026-04,kline_monthly,https://data.binance.vision/data/futures/um/monthly/klines/ZECUSDT/15m/ZECUSDT-15m-2026-04.zip,.cache/binance-altcoin-trend-round34/kline_monthly/ZECUSDT/ZECUSDT-15m-2026-04.zip,downloaded_verified,0c28ddbd4044ff428f774d6cd71ee7ae7b3fbf83de35fbf4e1ec3a16f21cf8db,132653.0
ZECUSDT,2026-04,funding_monthly,https://data.binance.vision/data/futures/um/monthly/fundingRate/ZECUSDT/ZECUSDT-fundingRate-2026-04.zip,.cache/binance-altcoin-trend-round34/funding_monthly/ZECUSDT/ZECUSDT-fundingRate-2026-04.zip,downloaded_verified,c7ca28f2734b9c2e471e354bfa3dc99b53d4356085105c442438be0d1033fd41,958.0
ZECUSDT,2026-05,kline_monthly,https://data.binance.vision/data/futures/um/monthly/klines/ZECUSDT/15m/ZECUSDT-15m-2026-05.zip,.cache/binance-altcoin-trend-round34/kline_monthly/ZECUSDT/ZECUSDT-15m-2026-05.zip,downloaded_verified,b7655a7f56adf058c3557a2dbf9e685df10cc9ee044d8efb0c3acd4776d12c22,140973.0
ZECUSDT,2026-05,funding_monthly,https://data.binance.vision/data/futures/um/monthly/fundingRate/ZECUSDT/ZECUSDT-fundingRate-2026-05.zip,.cache/binance-altcoin-trend-round34/funding_monthly/ZECUSDT/ZECUSDT-fundingRate-2026-05.zip,downloaded_verified,f6a1074d012d8c7127155c17fc77de7ea9ce3c5be7ab2426097fca6cba62d3ea,996.0
ZECUSDT,2026-06,kline_monthly,https://data.binance.vision/data/futures/um/monthly/klines/ZECUSDT/15m/ZECUSDT-15m-2026-06.zip,.cache/binance-altcoin-trend-round34/kline_monthly/ZECUSDT/ZECUSDT-15m-2026-06.zip,downloaded_verified,bb73ea5b9da5fe427d38b279f008c7f0591c070561ad16bfad036450f949a596,136522.0
ZECUSDT,2026-06,funding_monthly,https://data.binance.vision/data/futures/um/monthly/fundingRate/ZECUSDT/ZECUSDT-fundingRate-2026-06.zip,.cache/binance-altcoin-trend-round34/funding_monthly/ZECUSDT/ZECUSDT-fundingRate-2026-06.zip,downloaded_verified,5dfc1fb34685e24de44144217d1289b6a900afcc6f624bca10e9dbf541dad3e5,969.0
ZECUSDT,2026-07-01,kline_daily,https://data.binance.vision/data/futures/um/daily/klines/ZECUSDT/15m/ZECUSDT-15m-2026-07-01.zip,.cache/binance-altcoin-trend-round34/kline_daily/ZECUSDT/ZECUSDT-15m-2026-07-01.zip,downloaded_verified,f725ff2a86afddee2a33fe94d0a5ea1078e22eef3dd6b88186aaf99ce508146f,4905.0
ZECUSDT,2026-07-02,kline_daily,https://data.binance.vision/data/futures/um/daily/klines/ZECUSDT/15m/ZECUSDT-15m-2026-07-02.zip,.cache/binance-altcoin-trend-round34/kline_daily/ZECUSDT/ZECUSDT-15m-2026-07-02.zip,downloaded_verified,72a6893308a67973fccb706828544bc5fdeddc615975531a037581bb84be010c,4937.0
ZECUSDT,2026-07-03,kline_daily,https://data.binance.vision/data/futures/um/daily/klines/ZECUSDT/15m/ZECUSDT-15m-2026-07-03.zip,.cache/binance-altcoin-trend-round34/kline_daily/ZECUSDT/ZECUSDT-15m-2026-07-03.zip,downloaded_verified,fcd8698fe13dbaa484b98887871b5e9223fa55e04279bc218ba1322e4a90b4f1,4949.0
ZECUSDT,2026-07-04,kline_daily,https://data.binance.vision/data/futures/um/daily/klines/ZECUSDT/15m/ZECUSDT-15m-2026-07-04.zip,.cache/binance-altcoin-trend-round34/kline_daily/ZECUSDT/ZECUSDT-15m-2026-07-04.zip,downloaded_verified,fa6b2eeae2ad96a6fb61980b7522c4fc4cfb3d72f600a9d1074253b0ef233e20,4798.0
ZECUSDT,2026-07-05,kline_daily,https://data.binance.vision/data/futures/um/daily/klines/ZECUSDT/15m/ZECUSDT-15m-2026-07-05.zip,.cache/binance-altcoin-trend-round34/kline_daily/ZECUSDT/ZECUSDT-15m-2026-07-05.zip,downloaded_verified,583fd4d41df4a1f5e47410a8207cd7044ce53a612082ab25b2877cf991e2ab7f,4795.0
ZECUSDT,2026-07-06,kline_daily,https://data.binance.vision/data/futures/um/daily/klines/ZECUSDT/15m/ZECUSDT-15m-2026-07-06.zip,.cache/binance-altcoin-trend-round34/kline_daily/ZECUSDT/ZECUSDT-15m-2026-07-06.zip,downloaded_verified,c17dca69ff12fe6a2f66ca72d42e7ad56f11ae9506cf601154fdf5219e7fded4,4838.0
ZECUSDT,2026-07-07,kline_daily,https://data.binance.vision/data/futures/um/daily/klines/ZECUSDT/15m/ZECUSDT-15m-2026-07-07.zip,.cache/binance-altcoin-trend-round34/kline_daily/ZECUSDT/ZECUSDT-15m-2026-07-07.zip,downloaded_verified,dfdc6b02eeced0a350da74861d23ef5e6af945ee84d445d3511ffc51b1f1510c,4934.0
ZECUSDT,2026-07-08,kline_daily,https://data.binance.vision/data/futures/um/daily/klines/ZECUSDT/15m/ZECUSDT-15m-2026-07-08.zip,.cache/binance-altcoin-trend-round34/kline_daily/ZECUSDT/ZECUSDT-15m-2026-07-08.zip,downloaded_verified,fe96caa4dcc378a6aa5ea5cd5132e55a01f6f7828062bf726af29d4282908192,4912.0
ZECUSDT,2026-07-09,kline_daily,https://data.binance.vision/data/futures/um/daily/klines/ZECUSDT/15m/ZECUSDT-15m-2026-07-09.zip,.cache/binance-altcoin-trend-round34/kline_daily/ZECUSDT/ZECUSDT-15m-2026-07-09.zip,downloaded_verified,f622f846015d37cd4d737b73f9225e26a57afb3ddf0bbce19df31dfb03cdb022,4871.0
ZECUSDT,2026-07-10,kline_daily,https://data.binance.vision/data/futures/um/daily/klines/ZECUSDT/15m/ZECUSDT-15m-2026-07-10.zip,.cache/binance-altcoin-trend-round34/kline_daily/ZECUSDT/ZECUSDT-15m-2026-07-10.zip,downloaded_verified,dd11cf746783858c7c6be30c3afa3e33a2b6a4ce9b2ea706a9891d51dda5609b,4894.0
ZECUSDT,2026-07-11,kline_daily,https://data.binance.vision/data/futures/um/daily/klines/ZECUSDT/15m/ZECUSDT-15m-2026-07-11.zip,.cache/binance-altcoin-trend-round34/kline_daily/ZECUSDT/ZECUSDT-15m-2026-07-11.zip,downloaded_verified,7ab8389fc3da2a25b9f79ea2d543bdf3b52ce2b73d370b9f3d1c8b98f358d789,4821.0
ZECUSDT,2026-07-12,kline_daily,https://data.binance.vision/data/futures/um/daily/klines/ZECUSDT/15m/ZECUSDT-15m-2026-07-12.zip,.cache/binance-altcoin-trend-round34/kline_daily/ZECUSDT/ZECUSDT-15m-2026-07-12.zip,downloaded_verified,3a409566c60e537588d53f74478d3ceff1cb7ba716d18833542ec151fe9e66c3,4914.0
ZECUSDT,2026-07-13,kline_daily,https://data.binance.vision/data/futures/um/daily/klines/ZECUSDT/15m/ZECUSDT-15m-2026-07-13.zip,.cache/binance-altcoin-trend-round34/kline_daily/ZECUSDT/ZECUSDT-15m-2026-07-13.zip,downloaded_verified,b13f6c9d7bfe0b7245d45410809a3b338a46adc78ff01ad26ecc572cf02eecbc,4941.0
ZECUSDT,2026-07-14,kline_daily,https://data.binance.vision/data/futures/um/daily/klines/ZECUSDT/15m/ZECUSDT-15m-2026-07-14.zip,.cache/binance-altcoin-trend-round34/kline_daily/ZECUSDT/ZECUSDT-15m-2026-07-14.zip,downloaded_verified,eb9f5d066e4333ea02538f5bd78780016c6403e1ef07734e0ecd70b0cd9dbe32,4948.0
ZECUSDT,2026-07-15,kline_daily,https://data.binance.vision/data/futures/um/daily/klines/ZECUSDT/15m/ZECUSDT-15m-2026-07-15.zip,.cache/binance-altcoin-trend-round34/kline_daily/ZECUSDT/ZECUSDT-15m-2026-07-15.zip,downloaded_verified,9bca50eaa4fc8a62b1069e802c94204c5063f2d45ef038f36fe1b9f3d189a924,4938.0
ZECUSDT,2026-07-16,kline_daily,https://data.binance.vision/data/futures/um/daily/klines/ZECUSDT/15m/ZECUSDT-15m-2026-07-16.zip,.cache/binance-altcoin-trend-round34/kline_daily/ZECUSDT/ZECUSDT-15m-2026-07-16.zip,downloaded_verified,c15b6b3ccc116fc95032ddbbefc7244c7b2e80d7f42b791e81f1c340dac0e29a,4933.0
ZECUSDT,2026-07-17,kline_daily,https://data.binance.vision/data/futures/um/daily/klines/ZECUSDT/15m/ZECUSDT-15m-2026-07-17.zip,.cache/binance-altcoin-trend-round34/kline_daily/ZECUSDT/ZECUSDT-15m-2026-07-17.zip,downloaded_verified,45713bea6f763bdae532930ea9e88938648340a5f76d6b7bffe468d07c98869f,4949.0
ZECUSDT,2026-07-18,kline_daily,https://data.binance.vision/data/futures/um/daily/klines/ZECUSDT/15m/ZECUSDT-15m-2026-07-18.zip,.cache/binance-altcoin-trend-round34/kline_daily/ZECUSDT/ZECUSDT-15m-2026-07-18.zip,downloaded_verified,8dccab1cca37a411e474541aa3c39c7fa6c4666c7b997fd7efdd520483f7c985,4827.0
ZECUSDT,2026-07-19,kline_daily,https://data.binance.vision/data/futures/um/daily/klines/ZECUSDT/15m/ZECUSDT-15m-2026-07-19.zip,.cache/binance-altcoin-trend-round34/kline_daily/ZECUSDT/ZECUSDT-15m-2026-07-19.zip,downloaded_verified,021eb46adc57172202c67d698960efb6b5470887404386b51cfe2afd0753dea5,4793.0
ZECUSDT,2026-07-20,kline_daily,https://data.binance.vision/data/futures/um/daily/klines/ZECUSDT/15m/ZECUSDT-15m-2026-07-20.zip,.cache/binance-altcoin-trend-round34/kline_daily/ZECUSDT/ZECUSDT-15m-2026-07-20.zip,downloaded_verified,f40da8f3ef63d66e26563afc65351c1492ea2a8529a03149f662d604eec0d161,4934.0
ZECUSDT,2026-07-21,kline_daily,https://data.binance.vision/data/futures/um/daily/klines/ZECUSDT/15m/ZECUSDT-15m-2026-07-21.zip,.cache/binance-altcoin-trend-round34/kline_daily/ZECUSDT/ZECUSDT-15m-2026-07-21.zip,downloaded_verified,28ad9cae556c21869e9594c38471823b1bd4f5874d5c2d677bb9c3c5dbe8f87e,4866.0
ZECUSDT,2026-07-22,kline_daily,https://data.binance.vision/data/futures/um/daily/klines/ZECUSDT/15m/ZECUSDT-15m-2026-07-22.zip,.cache/binance-altcoin-trend-round34/kline_daily/ZECUSDT/ZECUSDT-15m-2026-07-22.zip,downloaded_verified,f20dadfcd5969753d507cb37a581eb74f7fbba3e93e3acb17592f45595eaa943,4851.0
ZECUSDT,2026-07-23,kline_daily,https://data.binance.vision/data/futures/um/daily/klines/ZECUSDT/15m/ZECUSDT-15m-2026-07-23.zip,.cache/binance-altcoin-trend-round34/kline_daily/ZECUSDT/ZECUSDT-15m-2026-07-23.zip,downloaded_verified,5a7f3865fbfaa6268828a5eccbd698754c8ceb8712ef68d3ae12cc6c01a3edc1,4815.0
ZECUSDT,2026-07-24,kline_daily,https://data.binance.vision/data/futures/um/daily/klines/ZECUSDT/15m/ZECUSDT-15m-2026-07-24.zip,.cache/binance-altcoin-trend-round34/kline_daily/ZECUSDT/ZECUSDT-15m-2026-07-24.zip,downloaded_verified,59f59fcd9f99a714c6bfdc87dac10e4a05b33315b2bb2a3d512dcfe699089941,4795.0
ZECUSDT,2026-07-25,kline_daily,https://data.binance.vision/data/futures/um/daily/klines/ZECUSDT/15m/ZECUSDT-15m-2026-07-25.zip,.cache/binance-altcoin-trend-round34/kline_daily/ZECUSDT/ZECUSDT-15m-2026-07-25.zip,downloaded_verified,8219e80f303edfc4be02bd248dad9771cd57bc02b7e11447e59dd1d0ef9b5ef0,4734.0
ZECUSDT,2026-07-26,kline_daily,https://data.binance.vision/data/futures/um/daily/klines/ZECUSDT/15m/ZECUSDT-15m-2026-07-26.zip,.cache/binance-altcoin-trend-round34/kline_daily/ZECUSDT/ZECUSDT-15m-2026-07-26.zip,downloaded_verified,b9af9301169511b52e00400d65a0b978049ddd8fe25574a74a4b48cc92cd911e,4735.0
ALGOUSDT,2023-11,kline_monthly,https://data.binance.vision/data/futures/um/monthly/klines/ALGOUSDT/15m/ALGOUSDT-15m-2023-11.zip,.cache/binance-altcoin-trend-round34/kline_monthly/ALGOUSDT/ALGOUSDT-15m-2023-11.zip,downloaded_verified,a3ad8c4faefb12e7e4eae51dc0b0f2c3a3652264c415b61455ce21b618707481,117403.0
ALGOUSDT,2023-11,funding_monthly,https://data.binance.vision/data/futures/um/monthly/fundingRate/ALGOUSDT/ALGOUSDT-fundingRate-2023-11.zip,.cache/binance-altcoin-trend-round34/funding_monthly/ALGOUSDT/ALGOUSDT-fundingRate-2023-11.zip,downloaded_verified,76b05d2a2db2f4a8ee43f001b92630c26863fea7fe831a2fed32837ac6b4def0,715.0
ALGOUSDT,2023-12,kline_monthly,https://data.binance.vision/data/futures/um/monthly/klines/ALGOUSDT/15m/ALGOUSDT-15m-2023-12.zip,.cache/binance-altcoin-trend-round34/kline_monthly/ALGOUSDT/ALGOUSDT-15m-2023-12.zip,downloaded_verified,71ecf6aa8e61a3f1e616bd65a864a0ddaa7da2792fc8423794a7c83af847b56d,125682.0
ALGOUSDT,2023-12,funding_monthly,https://data.binance.vision/data/futures/um/monthly/fundingRate/ALGOUSDT/ALGOUSDT-fundingRate-2023-12.zip,.cache/binance-altcoin-trend-round34/funding_monthly/ALGOUSDT/ALGOUSDT-fundingRate-2023-12.zip,downloaded_verified,f3423502ed98e13013516f813772d9d55a2283ccdc36714db369990d077107a5,803.0
ALGOUSDT,2024-01,kline_monthly,https://data.binance.vision/data/futures/um/monthly/klines/ALGOUSDT/15m/ALGOUSDT-15m-2024-01.zip,.cache/binance-altcoin-trend-round34/kline_monthly/ALGOUSDT/ALGOUSDT-15m-2024-01.zip,downloaded_verified,79c240fd1b620ba0e84842a3c7cceab24af631f5639e69fb6fffbd8e42ba5a8c,122200.0
ALGOUSDT,2024-01,funding_monthly,https://data.binance.vision/data/futures/um/monthly/fundingRate/ALGOUSDT/ALGOUSDT-fundingRate-2024-01.zip,.cache/binance-altcoin-trend-round34/funding_monthly/ALGOUSDT/ALGOUSDT-fundingRate-2024-01.zip,downloaded_verified,09fbf0302c0aef4e82c0529757395a91c85002297b6c9d2316a7740697f615e6,701.0
ALGOUSDT,2024-02,kline_monthly,https://data.binance.vision/data/futures/um/monthly/klines/ALGOUSDT/15m/ALGOUSDT-15m-2024-02.zip,.cache/binance-altcoin-trend-round34/kline_monthly/ALGOUSDT/ALGOUSDT-15m-2024-02.zip,downloaded_verified,59fc4e9fe91575f640c5f1cb90de3db9bed3df18a054bded126a75c2d5e24b25,112707.0
ALGOUSDT,2024-02,funding_monthly,https://data.binance.vision/data/futures/um/monthly/fundingRate/ALGOUSDT/ALGOUSDT-fundingRate-2024-02.zip,.cache/binance-altcoin-trend-round34/funding_monthly/ALGOUSDT/ALGOUSDT-fundingRate-2024-02.zip,downloaded_verified,f804b7751785a1b97ef5c6317a7e6836ba3dd36082c71024ac05fc3186d96ad2,770.0
ALGOUSDT,2024-03,kline_monthly,https://data.binance.vision/data/futures/um/monthly/klines/ALGOUSDT/15m/ALGOUSDT-15m-2024-03.zip,.cache/binance-altcoin-trend-round34/kline_monthly/ALGOUSDT/ALGOUSDT-15m-2024-03.zip,downloaded_verified,2b26a72e5e69dcd08af711097e36acdb789d99fb74979990ee361587e6a82c93,126708.0
ALGOUSDT,2024-03,funding_monthly,https://data.binance.vision/data/futures/um/monthly/fundingRate/ALGOUSDT/ALGOUSDT-fundingRate-2024-03.zip,.cache/binance-altcoin-trend-round34/funding_monthly/ALGOUSDT/ALGOUSDT-fundingRate-2024-03.zip,downloaded_verified,64a1f97980f8c8893403783ebd64b128410a586c83ef7c9283547a91ef5d1646,877.0
ALGOUSDT,2024-04,kline_monthly,https://data.binance.vision/data/futures/um/monthly/klines/ALGOUSDT/15m/ALGOUSDT-15m-2024-04.zip,.cache/binance-altcoin-trend-round34/kline_monthly/ALGOUSDT/ALGOUSDT-15m-2024-04.zip,downloaded_verified,a2ee3b158148b93193f8f963cc082f7ba5b13e04dafedf3fdd71f192f09aba7f,119608.0
ALGOUSDT,2024-04,funding_monthly,https://data.binance.vision/data/futures/um/monthly/fundingRate/ALGOUSDT/ALGOUSDT-fundingRate-2024-04.zip,.cache/binance-altcoin-trend-round34/funding_monthly/ALGOUSDT/ALGOUSDT-fundingRate-2024-04.zip,downloaded_verified,f3da1cbe5ed9ad558e4324bd71a38f7c00e9f96fba21caa1028c677b78d84330,787.0
ALGOUSDT,2024-05,kline_monthly,https://data.binance.vision/data/futures/um/monthly/klines/ALGOUSDT/15m/ALGOUSDT-15m-2024-05.zip,.cache/binance-altcoin-trend-round34/kline_monthly/ALGOUSDT/ALGOUSDT-15m-2024-05.zip,downloaded_verified,764ed61c794219ceaaa3f3bc562a74e0e18d3cb42a2eba84d9e24dfaebfe0a98,119679.0
ALGOUSDT,2024-05,funding_monthly,https://data.binance.vision/data/futures/um/monthly/fundingRate/ALGOUSDT/ALGOUSDT-fundingRate-2024-05.zip,.cache/binance-altcoin-trend-round34/funding_monthly/ALGOUSDT/ALGOUSDT-fundingRate-2024-05.zip,downloaded_verified,e088b373bf476525edf96717d550fa11b4ae7cae6d977d2cd349eb4293c69821,687.0
ALGOUSDT,2024-06,kline_monthly,https://data.binance.vision/data/futures/um/monthly/klines/ALGOUSDT/15m/ALGOUSDT-15m-2024-06.zip,.cache/binance-altcoin-trend-round34/kline_monthly/ALGOUSDT/ALGOUSDT-15m-2024-06.zip,downloaded_verified,43fe742a8a9c4a3841f559e5d4b161c72e1602de41809d12d16b0e5f06b06258,113821.0
ALGOUSDT,2024-06,funding_monthly,https://data.binance.vision/data/futures/um/monthly/fundingRate/ALGOUSDT/ALGOUSDT-fundingRate-2024-06.zip,.cache/binance-altcoin-trend-round34/funding_monthly/ALGOUSDT/ALGOUSDT-fundingRate-2024-06.zip,downloaded_verified,ddb5774c75b0adcc77bc4db26d87b2908a48ec1836fd48ff049a90c2f6c503bc,699.0
ALGOUSDT,2024-07,kline_monthly,https://data.binance.vision/data/futures/um/monthly/klines/ALGOUSDT/15m/ALGOUSDT-15m-2024-07.zip,.cache/binance-altcoin-trend-round34/kline_monthly/ALGOUSDT/ALGOUSDT-15m-2024-07.zip,downloaded_verified,315db4057f0c9ee11691965e0685c0b6c53dd1e7b4d30e72b73688cf2f4b6d7b,117384.0
ALGOUSDT,2024-07,funding_monthly,https://data.binance.vision/data/futures/um/monthly/fundingRate/ALGOUSDT/ALGOUSDT-fundingRate-2024-07.zip,.cache/binance-altcoin-trend-round34/funding_monthly/ALGOUSDT/ALGOUSDT-fundingRate-2024-07.zip,downloaded_verified,52e36dcffd9ddc1cf6a04a1890243978dd7785e01d2464f32a40bc80052a723a,745.0
ALGOUSDT,2024-08,kline_monthly,https://data.binance.vision/data/futures/um/monthly/klines/ALGOUSDT/15m/ALGOUSDT-15m-2024-08.zip,.cache/binance-altcoin-trend-round34/kline_monthly/ALGOUSDT/ALGOUSDT-15m-2024-08.zip,downloaded_verified,ea5f00f716f4cd80640a3f9e0ad89882300b82af9cc586e22900fba9df5e6b0d,116868.0
ALGOUSDT,2024-08,funding_monthly,https://data.binance.vision/data/futures/um/monthly/fundingRate/ALGOUSDT/ALGOUSDT-fundingRate-2024-08.zip,.cache/binance-altcoin-trend-round34/funding_monthly/ALGOUSDT/ALGOUSDT-fundingRate-2024-08.zip,downloaded_verified,c8a7bcdcae5cec170038d57f1b23f47806dfdf86dee00d6a9acbda29dfb364db,812.0
ALGOUSDT,2024-09,kline_monthly,https://data.binance.vision/data/futures/um/monthly/klines/ALGOUSDT/15m/ALGOUSDT-15m-2024-09.zip,.cache/binance-altcoin-trend-round34/kline_monthly/ALGOUSDT/ALGOUSDT-15m-2024-09.zip,downloaded_verified,456e4f0dea9b3ed199ad9aab6643e33b7ac5890b546d4c5930310fa2c6ea050e,110879.0
ALGOUSDT,2024-09,funding_monthly,https://data.binance.vision/data/futures/um/monthly/fundingRate/ALGOUSDT/ALGOUSDT-fundingRate-2024-09.zip,.cache/binance-altcoin-trend-round34/funding_monthly/ALGOUSDT/ALGOUSDT-fundingRate-2024-09.zip,downloaded_verified,126fcda9c50760b8a8176275fdc7d6d5e4ba00c8ea2b6938c44cd64ad8a57d15,802.0
ALGOUSDT,2024-10,kline_monthly,https://data.binance.vision/data/futures/um/monthly/klines/ALGOUSDT/15m/ALGOUSDT-15m-2024-10.zip,.cache/binance-altcoin-trend-round34/kline_monthly/ALGOUSDT/ALGOUSDT-15m-2024-10.zip,downloaded_verified,3938b16e38f0ca60587d36d7b8978c55a6db0c1949ef8c9e128e6ac27b4a5a72,114705.0
ALGOUSDT,2024-10,funding_monthly,https://data.binance.vision/data/futures/um/monthly/fundingRate/ALGOUSDT/ALGOUSDT-fundingRate-2024-10.zip,.cache/binance-altcoin-trend-round34/funding_monthly/ALGOUSDT/ALGOUSDT-fundingRate-2024-10.zip,downloaded_verified,cb482362eb76e4eb91ce85d2226936925bcf3f4ea0a685f88d3758f2eae09b3a,839.0
ALGOUSDT,2024-11,kline_monthly,https://data.binance.vision/data/futures/um/monthly/klines/ALGOUSDT/15m/ALGOUSDT-15m-2024-11.zip,.cache/binance-altcoin-trend-round34/kline_monthly/ALGOUSDT/ALGOUSDT-15m-2024-11.zip,downloaded_verified,3c1a4ff26e6cb3f3b7591d8a504ebddcb28ac1300874bd4369358b796faeee16,122785.0
ALGOUSDT,2024-11,funding_monthly,https://data.binance.vision/data/futures/um/monthly/fundingRate/ALGOUSDT/ALGOUSDT-fundingRate-2024-11.zip,.cache/binance-altcoin-trend-round34/funding_monthly/ALGOUSDT/ALGOUSDT-fundingRate-2024-11.zip,downloaded_verified,46a135ae8ba2f0f26fa0b84f96a44a921853f482a8ff41a8a09179ec1e6d951b,736.0
ALGOUSDT,2024-12,kline_monthly,https://data.binance.vision/data/futures/um/monthly/klines/ALGOUSDT/15m/ALGOUSDT-15m-2024-12.zip,.cache/binance-altcoin-trend-round34/kline_monthly/ALGOUSDT/ALGOUSDT-15m-2024-12.zip,downloaded_verified,2d99c1db69efefd2b99aacac0f3f6a5d061cdf2ec554ccaa0bc79d66b4ed5e5a,132043.0
ALGOUSDT,2024-12,funding_monthly,https://data.binance.vision/data/futures/um/monthly/fundingRate/ALGOUSDT/ALGOUSDT-fundingRate-2024-12.zip,.cache/binance-altcoin-trend-round34/funding_monthly/ALGOUSDT/ALGOUSDT-fundingRate-2024-12.zip,downloaded_verified,3ede25f00057c697ed7731a52ef2d4e8d782fdaf3e1b131629b17307f061949d,865.0
ALGOUSDT,2025-01,kline_monthly,https://data.binance.vision/data/futures/um/monthly/klines/ALGOUSDT/15m/ALGOUSDT-15m-2025-01.zip,.cache/binance-altcoin-trend-round34/kline_monthly/ALGOUSDT/ALGOUSDT-15m-2025-01.zip,downloaded_verified,8b7f5c66abbff82323d3c3e405b32cf44da89f0e0bbaa7fcfa737f6ca3dcb73a,129604.0
ALGOUSDT,2025-01,funding_monthly,https://data.binance.vision/data/futures/um/monthly/fundingRate/ALGOUSDT/ALGOUSDT-fundingRate-2025-01.zip,.cache/binance-altcoin-trend-round34/funding_monthly/ALGOUSDT/ALGOUSDT-fundingRate-2025-01.zip,downloaded_verified,b75c72010c13590e7efa91e4d010640e9f3d44c98c877654b259e02074e240f8,824.0
ALGOUSDT,2025-02,kline_monthly,https://data.binance.vision/data/futures/um/monthly/klines/ALGOUSDT/15m/ALGOUSDT-15m-2025-02.zip,.cache/binance-altcoin-trend-round34/kline_monthly/ALGOUSDT/ALGOUSDT-15m-2025-02.zip,downloaded_verified,75c9d49801643c6df18c783acd6aa455fee269d7cf7ae678871125d253160931,114056.0
ALGOUSDT,2025-02,funding_monthly,https://data.binance.vision/data/futures/um/monthly/fundingRate/ALGOUSDT/ALGOUSDT-fundingRate-2025-02.zip,.cache/binance-altcoin-trend-round34/funding_monthly/ALGOUSDT/ALGOUSDT-fundingRate-2025-02.zip,downloaded_verified,1380dd35ace110950cf6f0440346d68ca5b5813c73ab18c18026ad14bd308256,841.0
ALGOUSDT,2025-03,kline_monthly,https://data.binance.vision/data/futures/um/monthly/klines/ALGOUSDT/15m/ALGOUSDT-15m-2025-03.zip,.cache/binance-altcoin-trend-round34/kline_monthly/ALGOUSDT/ALGOUSDT-15m-2025-03.zip,downloaded_verified,1f4a488bdef3d93e9a7bf6b5a074e65d5cb8e36e2d2a731173210181e2762cf6,123446.0
ALGOUSDT,2025-03,funding_monthly,https://data.binance.vision/data/futures/um/monthly/fundingRate/ALGOUSDT/ALGOUSDT-fundingRate-2025-03.zip,.cache/binance-altcoin-trend-round34/funding_monthly/ALGOUSDT/ALGOUSDT-fundingRate-2025-03.zip,downloaded_verified,83bfcedd4b05f91fbf74d81a11b70cee054f398ebcbca3d848b4af1fc09731b6,937.0
ALGOUSDT,2025-04,kline_monthly,https://data.binance.vision/data/futures/um/monthly/klines/ALGOUSDT/15m/ALGOUSDT-15m-2025-04.zip,.cache/binance-altcoin-trend-round34/kline_monthly/ALGOUSDT/ALGOUSDT-15m-2025-04.zip,downloaded_verified,79df98b17c91d08e4bbc8aa975a4d2b75b6c5a5b7c5efbc8b17ea3e704884883,118931.0
ALGOUSDT,2025-04,funding_monthly,https://data.binance.vision/data/futures/um/monthly/fundingRate/ALGOUSDT/ALGOUSDT-fundingRate-2025-04.zip,.cache/binance-altcoin-trend-round34/funding_monthly/ALGOUSDT/ALGOUSDT-fundingRate-2025-04.zip,downloaded_verified,c96dc15f036b1b2989d91be6a3dee80e97062fe9c08bcb872c86027a708b35d0,890.0
ALGOUSDT,2025-05,kline_monthly,https://data.binance.vision/data/futures/um/monthly/klines/ALGOUSDT/15m/ALGOUSDT-15m-2025-05.zip,.cache/binance-altcoin-trend-round34/kline_monthly/ALGOUSDT/ALGOUSDT-15m-2025-05.zip,downloaded_verified,f895efc2b67a257e91b3039bda67b03de59a20cdd4663efaa631e3de56f7bcc8,122813.0
ALGOUSDT,2025-05,funding_monthly,https://data.binance.vision/data/futures/um/monthly/fundingRate/ALGOUSDT/ALGOUSDT-fundingRate-2025-05.zip,.cache/binance-altcoin-trend-round34/funding_monthly/ALGOUSDT/ALGOUSDT-fundingRate-2025-05.zip,downloaded_verified,2e82b90d709aace7eece9442b1477c05a0f919bbdd5d602775d0e449d40b1b8e,857.0
ALGOUSDT,2025-06,kline_monthly,https://data.binance.vision/data/futures/um/monthly/klines/ALGOUSDT/15m/ALGOUSDT-15m-2025-06.zip,.cache/binance-altcoin-trend-round34/kline_monthly/ALGOUSDT/ALGOUSDT-15m-2025-06.zip,downloaded_verified,6d16ff96287a2e272181ddd1f3553c516d613fc288f1d762d83e586904d08fbc,115643.0
ALGOUSDT,2025-06,funding_monthly,https://data.binance.vision/data/futures/um/monthly/fundingRate/ALGOUSDT/ALGOUSDT-fundingRate-2025-06.zip,.cache/binance-altcoin-trend-round34/funding_monthly/ALGOUSDT/ALGOUSDT-fundingRate-2025-06.zip,downloaded_verified,933eeadad79584fe722913f2cf9ac3eebfa79c9f08ad5b092f51554ee24e1386,932.0
ALGOUSDT,2025-07,kline_monthly,https://data.binance.vision/data/futures/um/monthly/klines/ALGOUSDT/15m/ALGOUSDT-15m-2025-07.zip,.cache/binance-altcoin-trend-round34/kline_monthly/ALGOUSDT/ALGOUSDT-15m-2025-07.zip,downloaded_verified,cfa04b4b7ba682f55ad7fa777184a9728f6b1acc5b84e95b955a055995708dfd,125191.0
ALGOUSDT,2025-07,funding_monthly,https://data.binance.vision/data/futures/um/monthly/fundingRate/ALGOUSDT/ALGOUSDT-fundingRate-2025-07.zip,.cache/binance-altcoin-trend-round34/funding_monthly/ALGOUSDT/ALGOUSDT-fundingRate-2025-07.zip,downloaded_verified,910adaab0ccbb4778af69e8fcfd0e1159cf0f2e623f6e54ebcd83311ea68df76,825.0
ALGOUSDT,2025-08,kline_monthly,https://data.binance.vision/data/futures/um/monthly/klines/ALGOUSDT/15m/ALGOUSDT-15m-2025-08.zip,.cache/binance-altcoin-trend-round34/kline_monthly/ALGOUSDT/ALGOUSDT-15m-2025-08.zip,downloaded_verified,435f9cd7810da4aed8c9a6f6783c74c4264f7ae207aacd7e3b3d7d12b0f8f43f,123949.0
ALGOUSDT,2025-08,funding_monthly,https://data.binance.vision/data/futures/um/monthly/fundingRate/ALGOUSDT/ALGOUSDT-fundingRate-2025-08.zip,.cache/binance-altcoin-trend-round34/funding_monthly/ALGOUSDT/ALGOUSDT-fundingRate-2025-08.zip,downloaded_verified,484e1936588784be20f951e2a1875f85a2444733d63b49da97a654836243ab89,865.0
ALGOUSDT,2025-09,kline_monthly,https://data.binance.vision/data/futures/um/monthly/klines/ALGOUSDT/15m/ALGOUSDT-15m-2025-09.zip,.cache/binance-altcoin-trend-round34/kline_monthly/ALGOUSDT/ALGOUSDT-15m-2025-09.zip,downloaded_verified,2123a4db22dd3b7adf3b1ddfe9a489f1591ff864ddf8156ecb1e09c6b5b11553,116272.0
ALGOUSDT,2025-09,funding_monthly,https://data.binance.vision/data/futures/um/monthly/fundingRate/ALGOUSDT/ALGOUSDT-fundingRate-2025-09.zip,.cache/binance-altcoin-trend-round34/funding_monthly/ALGOUSDT/ALGOUSDT-fundingRate-2025-09.zip,downloaded_verified,9f7bcaba301164d0dc1ab6d004b9c58953e300d12191eb639688fa66417353d4,805.0
ALGOUSDT,2025-10,kline_monthly,https://data.binance.vision/data/futures/um/monthly/klines/ALGOUSDT/15m/ALGOUSDT-15m-2025-10.zip,.cache/binance-altcoin-trend-round34/kline_monthly/ALGOUSDT/ALGOUSDT-15m-2025-10.zip,downloaded_verified,212da0463419dc12372cbd87953db284e3ea727853413b4323fd95edd6e9f74f,121218.0
ALGOUSDT,2025-10,funding_monthly,https://data.binance.vision/data/futures/um/monthly/fundingRate/ALGOUSDT/ALGOUSDT-fundingRate-2025-10.zip,.cache/binance-altcoin-trend-round34/funding_monthly/ALGOUSDT/ALGOUSDT-fundingRate-2025-10.zip,downloaded_verified,3ccf6bf31845e0bdf335ab2a007876eb217f5ecba44bd991bea799a5817dff56,935.0
ALGOUSDT,2025-11,kline_monthly,https://data.binance.vision/data/futures/um/monthly/klines/ALGOUSDT/15m/ALGOUSDT-15m-2025-11.zip,.cache/binance-altcoin-trend-round34/kline_monthly/ALGOUSDT/ALGOUSDT-15m-2025-11.zip,downloaded_verified,9df27a5048b7b0447031e87300a660b35386880e72bfb42b6018694a2d27efb4,116031.0
ALGOUSDT,2025-11,funding_monthly,https://data.binance.vision/data/futures/um/monthly/fundingRate/ALGOUSDT/ALGOUSDT-fundingRate-2025-11.zip,.cache/binance-altcoin-trend-round34/funding_monthly/ALGOUSDT/ALGOUSDT-fundingRate-2025-11.zip,downloaded_verified,548d8edf3889ec3319461d497190b96c25d4f13722a1b79c2db573a3de9629e3,911.0
ALGOUSDT,2025-12,kline_monthly,https://data.binance.vision/data/futures/um/monthly/klines/ALGOUSDT/15m/ALGOUSDT-15m-2025-12.zip,.cache/binance-altcoin-trend-round34/kline_monthly/ALGOUSDT/ALGOUSDT-15m-2025-12.zip,downloaded_verified,a444f944266cd9d4a046938b012df801c9d5fe057724656113ae5604b34a0ed4,115748.0
ALGOUSDT,2025-12,funding_monthly,https://data.binance.vision/data/futures/um/monthly/fundingRate/ALGOUSDT/ALGOUSDT-fundingRate-2025-12.zip,.cache/binance-altcoin-trend-round34/funding_monthly/ALGOUSDT/ALGOUSDT-fundingRate-2025-12.zip,downloaded_verified,d9ecdfa1b0c212cecf4901200ccb4976d60358c9a58a26b37e5dd2e27d461b90,926.0
ALGOUSDT,2026-01,kline_monthly,https://data.binance.vision/data/futures/um/monthly/klines/ALGOUSDT/15m/ALGOUSDT-15m-2026-01.zip,.cache/binance-altcoin-trend-round34/kline_monthly/ALGOUSDT/ALGOUSDT-15m-2026-01.zip,downloaded_verified,dbdefa946126eefa3c6576791f6d0a676a91111baa34cf14c6aa80cecd05913f,117005.0
ALGOUSDT,2026-01,funding_monthly,https://data.binance.vision/data/futures/um/monthly/fundingRate/ALGOUSDT/ALGOUSDT-fundingRate-2026-01.zip,.cache/binance-altcoin-trend-round34/funding_monthly/ALGOUSDT/ALGOUSDT-fundingRate-2026-01.zip,downloaded_verified,0b3bf45f0b673b49e788427fc77725042a97b1a5eac04102ac0f4c988319adf1,879.0
ALGOUSDT,2026-02,kline_monthly,https://data.binance.vision/data/futures/um/monthly/klines/ALGOUSDT/15m/ALGOUSDT-15m-2026-02.zip,.cache/binance-altcoin-trend-round34/kline_monthly/ALGOUSDT/ALGOUSDT-15m-2026-02.zip,downloaded_verified,7729dadb9cbfecc2c53ca680f806f7e842761464991f3a2680cff46f4d18e06a,105129.0
ALGOUSDT,2026-02,funding_monthly,https://data.binance.vision/data/futures/um/monthly/fundingRate/ALGOUSDT/ALGOUSDT-fundingRate-2026-02.zip,.cache/binance-altcoin-trend-round34/funding_monthly/ALGOUSDT/ALGOUSDT-fundingRate-2026-02.zip,downloaded_verified,b8001f49c6a3f05b78a409ed057948e052754fa6d245d02efade12c3bf6a7f3f,915.0
ALGOUSDT,2026-03,kline_monthly,https://data.binance.vision/data/futures/um/monthly/klines/ALGOUSDT/15m/ALGOUSDT-15m-2026-03.zip,.cache/binance-altcoin-trend-round34/kline_monthly/ALGOUSDT/ALGOUSDT-15m-2026-03.zip,downloaded_verified,1c2aebb79d098998c4f24d22c880d5efc51d19d852b89b75423794d23477bc93,114211.0
ALGOUSDT,2026-03,funding_monthly,https://data.binance.vision/data/futures/um/monthly/fundingRate/ALGOUSDT/ALGOUSDT-fundingRate-2026-03.zip,.cache/binance-altcoin-trend-round34/funding_monthly/ALGOUSDT/ALGOUSDT-fundingRate-2026-03.zip,downloaded_verified,47b63bc70f911d4c38b927d6eea8b81b4ff9f5fde6b12ad2b7d28dba093fb2c5,965.0
ALGOUSDT,2026-04,kline_monthly,https://data.binance.vision/data/futures/um/monthly/klines/ALGOUSDT/15m/ALGOUSDT-15m-2026-04.zip,.cache/binance-altcoin-trend-round34/kline_monthly/ALGOUSDT/ALGOUSDT-15m-2026-04.zip,downloaded_verified,b0100242c8ba1c06e96acba00a3eef2b071d8feee9b275d16963ef67e295dd38,115790.0
ALGOUSDT,2026-04,funding_monthly,https://data.binance.vision/data/futures/um/monthly/fundingRate/ALGOUSDT/ALGOUSDT-fundingRate-2026-04.zip,.cache/binance-altcoin-trend-round34/funding_monthly/ALGOUSDT/ALGOUSDT-fundingRate-2026-04.zip,downloaded_verified,f6274c98e7ff848dcd0dca97f1823f8a7984d00ea8184da0049099a8e734caa5,945.0
ALGOUSDT,2026-05,kline_monthly,https://data.binance.vision/data/futures/um/monthly/klines/ALGOUSDT/15m/ALGOUSDT-15m-2026-05.zip,.cache/binance-altcoin-trend-round34/kline_monthly/ALGOUSDT/ALGOUSDT-15m-2026-05.zip,downloaded_verified,b5b8a8fcb9094805776de3b8d8c7d70d1d9b7b3ff8a39caa107507bb0f9fb8fe,119001.0
ALGOUSDT,2026-05,funding_monthly,https://data.binance.vision/data/futures/um/monthly/fundingRate/ALGOUSDT/ALGOUSDT-fundingRate-2026-05.zip,.cache/binance-altcoin-trend-round34/funding_monthly/ALGOUSDT/ALGOUSDT-fundingRate-2026-05.zip,downloaded_verified,295d0f7ebad44a596ef3d45cebd499dd12a267bc9f6a8f7e67608f592fda067e,953.0
ALGOUSDT,2026-06,kline_monthly,https://data.binance.vision/data/futures/um/monthly/klines/ALGOUSDT/15m/ALGOUSDT-15m-2026-06.zip,.cache/binance-altcoin-trend-round34/kline_monthly/ALGOUSDT/ALGOUSDT-15m-2026-06.zip,downloaded_verified,8ed2f226c0c495e953c25c536d4386ee20bb6a7cb78e9165a8df6ba4a4649d97,114408.0
ALGOUSDT,2026-06,funding_monthly,https://data.binance.vision/data/futures/um/monthly/fundingRate/ALGOUSDT/ALGOUSDT-fundingRate-2026-06.zip,.cache/binance-altcoin-trend-round34/funding_monthly/ALGOUSDT/ALGOUSDT-fundingRate-2026-06.zip,downloaded_verified,20da1e96fdf23dcc98c161cd8202f7b6aea5c7f27fad440fd9b4537641550f8f,939.0
ALGOUSDT,2026-07-01,kline_daily,https://data.binance.vision/data/futures/um/daily/klines/ALGOUSDT/15m/ALGOUSDT-15m-2026-07-01.zip,.cache/binance-altcoin-trend-round34/kline_daily/ALGOUSDT/ALGOUSDT-15m-2026-07-01.zip,downloaded_verified,9148e4a1552352fc43dfaa5d9134f72f72fbd81ccf7b61b3381d9c33ce89d1f9,4134.0
ALGOUSDT,2026-07-02,kline_daily,https://data.binance.vision/data/futures/um/daily/klines/ALGOUSDT/15m/ALGOUSDT-15m-2026-07-02.zip,.cache/binance-altcoin-trend-round34/kline_daily/ALGOUSDT/ALGOUSDT-15m-2026-07-02.zip,downloaded_verified,652105da5ba53c7a90b7a26b2d01d49aaaf7282f210ae4eb5a28b9099a129e0a,4067.0
ALGOUSDT,2026-07-03,kline_daily,https://data.binance.vision/data/futures/um/daily/klines/ALGOUSDT/15m/ALGOUSDT-15m-2026-07-03.zip,.cache/binance-altcoin-trend-round34/kline_daily/ALGOUSDT/ALGOUSDT-15m-2026-07-03.zip,downloaded_verified,524d4c6f8b43f6f2e786ab6b45b2c109ee76d495f4cc124ddc48d29378c7009d,4073.0
ALGOUSDT,2026-07-04,kline_daily,https://data.binance.vision/data/futures/um/daily/klines/ALGOUSDT/15m/ALGOUSDT-15m-2026-07-04.zip,.cache/binance-altcoin-trend-round34/kline_daily/ALGOUSDT/ALGOUSDT-15m-2026-07-04.zip,downloaded_verified,0c4c3a742276a9b5b55fd7e8a9afe1b3f100ff2942dd732488f4f4d8b562aace,4065.0
ALGOUSDT,2026-07-05,kline_daily,https://data.binance.vision/data/futures/um/daily/klines/ALGOUSDT/15m/ALGOUSDT-15m-2026-07-05.zip,.cache/binance-altcoin-trend-round34/kline_daily/ALGOUSDT/ALGOUSDT-15m-2026-07-05.zip,downloaded_verified,6f734bbd62da5ddc071ac1f898617d4a9cb94464cb6a942281f3cb778c17969e,4002.0
ALGOUSDT,2026-07-06,kline_daily,https://data.binance.vision/data/futures/um/daily/klines/ALGOUSDT/15m/ALGOUSDT-15m-2026-07-06.zip,.cache/binance-altcoin-trend-round34/kline_daily/ALGOUSDT/ALGOUSDT-15m-2026-07-06.zip,downloaded_verified,38efdcc902177988cf765f510d8d5f4a565a2b75994f43d2133b83bb9a6fd0c9,4046.0
ALGOUSDT,2026-07-07,kline_daily,https://data.binance.vision/data/futures/um/daily/klines/ALGOUSDT/15m/ALGOUSDT-15m-2026-07-07.zip,.cache/binance-altcoin-trend-round34/kline_daily/ALGOUSDT/ALGOUSDT-15m-2026-07-07.zip,downloaded_verified,c3f0d11b6027eea18d25336e423b0a969999e6399148971ea044491e7284a15f,4023.0
ALGOUSDT,2026-07-08,kline_daily,https://data.binance.vision/data/futures/um/daily/klines/ALGOUSDT/15m/ALGOUSDT-15m-2026-07-08.zip,.cache/binance-altcoin-trend-round34/kline_daily/ALGOUSDT/ALGOUSDT-15m-2026-07-08.zip,downloaded_verified,e38b5d57b47cefdc2121894a9cd7193ac4e7921493b8913440334cb698f873f9,4021.0
ALGOUSDT,2026-07-09,kline_daily,https://data.binance.vision/data/futures/um/daily/klines/ALGOUSDT/15m/ALGOUSDT-15m-2026-07-09.zip,.cache/binance-altcoin-trend-round34/kline_daily/ALGOUSDT/ALGOUSDT-15m-2026-07-09.zip,downloaded_verified,d13937d8368ee1e74fe4467ba4c2caeffee14c802b198c0ffbf8500263bf0880,3978.0
ALGOUSDT,2026-07-10,kline_daily,https://data.binance.vision/data/futures/um/daily/klines/ALGOUSDT/15m/ALGOUSDT-15m-2026-07-10.zip,.cache/binance-altcoin-trend-round34/kline_daily/ALGOUSDT/ALGOUSDT-15m-2026-07-10.zip,downloaded_verified,b00c8f0dc88c18b8a8b0359a8f0644210515951cbff496df589f693e5dc2b1c4,4028.0
ALGOUSDT,2026-07-11,kline_daily,https://data.binance.vision/data/futures/um/daily/klines/ALGOUSDT/15m/ALGOUSDT-15m-2026-07-11.zip,.cache/binance-altcoin-trend-round34/kline_daily/ALGOUSDT/ALGOUSDT-15m-2026-07-11.zip,downloaded_verified,f23769b3656c0af3dc89e8ccb31d47a4aff1e69c9ed004f476cabd27abc04da2,3916.0
ALGOUSDT,2026-07-12,kline_daily,https://data.binance.vision/data/futures/um/daily/klines/ALGOUSDT/15m/ALGOUSDT-15m-2026-07-12.zip,.cache/binance-altcoin-trend-round34/kline_daily/ALGOUSDT/ALGOUSDT-15m-2026-07-12.zip,downloaded_verified,8c6f2daed0ca56e0e840628cdf5dc9ae081dca377bdc487e9643c7ca730b7c5a,3886.0
ALGOUSDT,2026-07-13,kline_daily,https://data.binance.vision/data/futures/um/daily/klines/ALGOUSDT/15m/ALGOUSDT-15m-2026-07-13.zip,.cache/binance-altcoin-trend-round34/kline_daily/ALGOUSDT/ALGOUSDT-15m-2026-07-13.zip,downloaded_verified,49b02f03d92190e566d114dfdfe85c9e84926f837c4b0103b579c93e85c81f2f,4013.0
ALGOUSDT,2026-07-14,kline_daily,https://data.binance.vision/data/futures/um/daily/klines/ALGOUSDT/15m/ALGOUSDT-15m-2026-07-14.zip,.cache/binance-altcoin-trend-round34/kline_daily/ALGOUSDT/ALGOUSDT-15m-2026-07-14.zip,downloaded_verified,42d01e46a5170f311b844a6592aa2deecdac235d9e2c4d4163a7e8cf79ea2289,3936.0
ALGOUSDT,2026-07-15,kline_daily,https://data.binance.vision/data/futures/um/daily/klines/ALGOUSDT/15m/ALGOUSDT-15m-2026-07-15.zip,.cache/binance-altcoin-trend-round34/kline_daily/ALGOUSDT/ALGOUSDT-15m-2026-07-15.zip,downloaded_verified,5140f26b62918f2bceaddff9b56249c19562f943b2ebb4e6925f1e953a497428,3960.0
ALGOUSDT,2026-07-16,kline_daily,https://data.binance.vision/data/futures/um/daily/klines/ALGOUSDT/15m/ALGOUSDT-15m-2026-07-16.zip,.cache/binance-altcoin-trend-round34/kline_daily/ALGOUSDT/ALGOUSDT-15m-2026-07-16.zip,downloaded_verified,aea29c3c77301a224842ec5980fad7c029fcc8ae0bc19d65a475186a4934d8de,4037.0
ALGOUSDT,2026-07-17,kline_daily,https://data.binance.vision/data/futures/um/daily/klines/ALGOUSDT/15m/ALGOUSDT-15m-2026-07-17.zip,.cache/binance-altcoin-trend-round34/kline_daily/ALGOUSDT/ALGOUSDT-15m-2026-07-17.zip,downloaded_verified,91f0658f7c00e0144e000f439d389cd8f3f2aa76d8342c2437ad15334f18bcff,4001.0
ALGOUSDT,2026-07-18,kline_daily,https://data.binance.vision/data/futures/um/daily/klines/ALGOUSDT/15m/ALGOUSDT-15m-2026-07-18.zip,.cache/binance-altcoin-trend-round34/kline_daily/ALGOUSDT/ALGOUSDT-15m-2026-07-18.zip,downloaded_verified,46585465380cf27861e6d941a85d624e0cf3d9cf66dd24820a3cbe2f3eb35ae6,3875.0
ALGOUSDT,2026-07-19,kline_daily,https://data.binance.vision/data/futures/um/daily/klines/ALGOUSDT/15m/ALGOUSDT-15m-2026-07-19.zip,.cache/binance-altcoin-trend-round34/kline_daily/ALGOUSDT/ALGOUSDT-15m-2026-07-19.zip,downloaded_verified,48d8b36e63c990c7328524a8757662473edbed453f5f7fb545e662506e4398cd,3888.0
ALGOUSDT,2026-07-20,kline_daily,https://data.binance.vision/data/futures/um/daily/klines/ALGOUSDT/15m/ALGOUSDT-15m-2026-07-20.zip,.cache/binance-altcoin-trend-round34/kline_daily/ALGOUSDT/ALGOUSDT-15m-2026-07-20.zip,downloaded_verified,8cdfec6b5ff7bebb2aa50abaeeb2cc6a3fd4db77f22c17d2334957ede8d15f95,3977.0
ALGOUSDT,2026-07-21,kline_daily,https://data.binance.vision/data/futures/um/daily/klines/ALGOUSDT/15m/ALGOUSDT-15m-2026-07-21.zip,.cache/binance-altcoin-trend-round34/kline_daily/ALGOUSDT/ALGOUSDT-15m-2026-07-21.zip,downloaded_verified,36bcf6d18e2b3c8a5dcb57e91c6068f272692f411fd9e9689626867ae8258527,4344.0
ALGOUSDT,2026-07-22,kline_daily,https://data.binance.vision/data/futures/um/daily/klines/ALGOUSDT/15m/ALGOUSDT-15m-2026-07-22.zip,.cache/binance-altcoin-trend-round34/kline_daily/ALGOUSDT/ALGOUSDT-15m-2026-07-22.zip,downloaded_verified,41e28e9b47bd15949eeddb5a8febd210ea980cff3aca7837d4c42783b2e0f1c9,4494.0
ALGOUSDT,2026-07-23,kline_daily,https://data.binance.vision/data/futures/um/daily/klines/ALGOUSDT/15m/ALGOUSDT-15m-2026-07-23.zip,.cache/binance-altcoin-trend-round34/kline_daily/ALGOUSDT/ALGOUSDT-15m-2026-07-23.zip,downloaded_verified,0f9cbae3bb3c5779fec2355d84292a3ce0a9005f2962ea17b0366d98b2aaa16d,4524.0
ALGOUSDT,2026-07-24,kline_daily,https://data.binance.vision/data/futures/um/daily/klines/ALGOUSDT/15m/ALGOUSDT-15m-2026-07-24.zip,.cache/binance-altcoin-trend-round34/kline_daily/ALGOUSDT/ALGOUSDT-15m-2026-07-24.zip,downloaded_verified,4566a8c0b9b3d7e819052380816ba05f52d8e4ee23a39da425aec8306de3dbd7,4577.0
ALGOUSDT,2026-07-25,kline_daily,https://data.binance.vision/data/futures/um/daily/klines/ALGOUSDT/15m/ALGOUSDT-15m-2026-07-25.zip,.cache/binance-altcoin-trend-round34/kline_daily/ALGOUSDT/ALGOUSDT-15m-2026-07-25.zip,downloaded_verified,c17e659f622ed319d3963677a0d47f3380ddcf6cfc0b92c605fe3d219997c6a3,4539.0
ALGOUSDT,2026-07-26,kline_daily,https://data.binance.vision/data/futures/um/daily/klines/ALGOUSDT/15m/ALGOUSDT-15m-2026-07-26.zip,.cache/binance-altcoin-trend-round34/kline_daily/ALGOUSDT/ALGOUSDT-15m-2026-07-26.zip,downloaded_verified,97af02560a09de970ea73511123713ba6d3b3f270b792afa24719b29a1f3d558,4476.0
