symbol,signal_ts,entry_ts,exit_ts,side,prediction_bps,entry_price,exit_price,price_return_bps,cost_bps,funding_bps,net_return_bps,hold_bars
ETHUSDT,2024-09-01 21:25:00+00:00,2024-09-01 21:30:00+00:00,2024-09-01 23:00:00+00:00,LONG,15.799243053820431,2474.5305851960898,2405.09,-280.62124433425373,12.0,0.0,-292.62124433425373,18
BTCUSDT,2024-09-02 08:20:00+00:00,2024-09-02 08:25:00+00:00,2024-09-02 09:55:00+00:00,LONG,20.926978754806928,57993.58133890962,58289.5,51.026105692810745,12.0,0.0,39.026105692810745,18
ETHUSDT,2024-09-02 08:20:00+00:00,2024-09-02 08:25:00+00:00,2024-09-02 09:55:00+00:00,LONG,20.71582828359521,2459.888700380866,2507.18,192.2497534616574,12.0,0.0,180.2497534616574,18
ETHUSDT,2024-09-02 10:25:00+00:00,2024-09-02 10:30:00+00:00,2024-09-02 12:00:00+00:00,LONG,16.45026395720071,2529.0646355877993,2514.75,-56.600513036996205,12.0,0.0,-68.6005130369962,18
ETHUSDT,2024-09-03 15:10:00+00:00,2024-09-03 15:15:00+00:00,2024-09-03 16:45:00+00:00,SHORT,-16.28739878189443,2455.0701845653175,2444.36,43.62475921320219,12.0,0.5216000000000001,32.14635921320219,18
BTCUSDT,2024-09-03 16:00:00+00:00,2024-09-03 16:05:00+00:00,2024-09-03 17:35:00+00:00,SHORT,-15.007166192716156,57770.00703375474,57921.0,-26.13691325276113,12.0,0.0,-38.13691325276113,18
ETHUSDT,2024-09-03 17:00:00+00:00,2024-09-03 17:05:00+00:00,2024-09-03 18:35:00+00:00,SHORT,-17.87429965522515,2441.489813875935,2452.57,-45.38288900937548,12.0,0.0,-57.38288900937548,18
ETHUSDT,2024-09-04 06:55:00+00:00,2024-09-04 07:00:00+00:00,2024-09-04 08:30:00+00:00,SHORT,-18.49298691973248,2372.386926455745,2408.86,-153.73998708863246,12.0,-0.1109,-165.85088708863245,18
ETHUSDT,2024-09-04 12:40:00+00:00,2024-09-04 12:45:00+00:00,2024-09-04 14:15:00+00:00,SHORT,-16.37416442848738,2411.5716091102618,2410.17,5.812015305566298,12.0,0.0,-6.187984694433702,18
BTCUSDT,2024-09-04 14:50:00+00:00,2024-09-04 14:55:00+00:00,2024-09-04 16:25:00+00:00,SHORT,-16.824356802955386,57415.607422249304,58265.3,-147.9898264424584,12.0,-0.147,-160.13682644245839,18
ETHUSDT,2024-09-04 15:00:00+00:00,2024-09-04 15:05:00+00:00,2024-09-04 16:35:00+00:00,SHORT,-21.31236707777467,2442.035703633097,2484.01,-171.88240247452802,12.0,0.5833,-183.299102474528,18
ETHUSDT,2024-09-05 06:30:00+00:00,2024-09-05 06:35:00+00:00,2024-09-05 08:05:00+00:00,LONG,18.323354778602432,2389.265738366521,2414.15,104.15024680549666,12.0,-0.241,91.90924680549666,18
ETHUSDT,2024-09-05 09:40:00+00:00,2024-09-05 09:45:00+00:00,2024-09-05 11:15:00+00:00,SHORT,-20.72841898412672,2397.093614113355,2387.64,39.43781777105082,12.0,0.0,27.437817771050817,18
ETHUSDT,2024-09-05 15:20:00+00:00,2024-09-05 15:25:00+00:00,2024-09-05 16:55:00+00:00,LONG,18.582519243539704,2367.827016678513,2367.57,-1.0854537797833075,12.0,-0.3166,-13.402053779783307,18
BTCUSDT,2024-09-05 15:25:00+00:00,2024-09-05 15:30:00+00:00,2024-09-05 17:00:00+00:00,LONG,16.228531058075934,55899.87848719164,56307.2,72.86626086346226,12.0,-0.249,60.617260863462256,18
ETHUSDT,2024-09-06 06:15:00+00:00,2024-09-06 06:20:00+00:00,2024-09-06 07:50:00+00:00,LONG,15.183479872442375,2376.9009631778845,2344.71,-135.4324966692999,12.0,0.0,-147.4324966692999,18
ETHUSDT,2024-09-06 12:40:00+00:00,2024-09-06 12:45:00+00:00,2024-09-06 14:15:00+00:00,SHORT,-15.654334960733093,2393.3427676419324,2333.92,248.28356575301248,12.0,0.0,236.28356575301248,18
BTCUSDT,2024-09-06 12:45:00+00:00,2024-09-06 12:50:00+00:00,2024-09-06 14:20:00+00:00,SHORT,-20.440596091151935,56641.69271490415,55228.5,249.49690716645878,12.0,0.0,237.49690716645878,18
ETHUSDT,2024-09-06 14:25:00+00:00,2024-09-06 14:30:00+00:00,2024-09-06 16:00:00+00:00,LONG,19.257433870724196,2327.0557314761063,2289.03,-163.40705107215192,12.0,-0.4007,-175.80775107215192,18
BTCUSDT,2024-09-06 14:35:00+00:00,2024-09-06 14:40:00+00:00,2024-09-06 16:10:00+00:00,LONG,15.186846162931278,55078.43780541741,54122.9,-173.48672974225488,12.0,-0.1428,-185.62952974225487,18
ETHUSDT,2024-09-06 16:10:00+00:00,2024-09-06 16:15:00+00:00,2024-09-06 17:45:00+00:00,LONG,23.239998184455597,2278.669901920328,2246.99,-139.02804391996426,12.0,0.0,-151.02804391996426,18
BTCUSDT,2024-09-06 16:35:00+00:00,2024-09-06 16:40:00+00:00,2024-09-06 18:10:00+00:00,LONG,16.920664116772464,53929.004283490605,53808.9,-22.27081420959398,12.0,0.0,-34.27081420959398,18
ETHUSDT,2024-09-06 18:10:00+00:00,2024-09-06 18:15:00+00:00,2024-09-06 19:45:00+00:00,LONG,17.89698612682848,2243.627586263576,2210.0,-149.8804278814292,12.0,0.0,-161.8804278814292,18
BTCUSDT,2024-09-06 18:15:00+00:00,2024-09-06 18:20:00+00:00,2024-09-06 19:50:00+00:00,LONG,18.497039077721542,53733.85591735638,53679.0,-10.208818336199244,12.0,0.0,-22.208818336199244,18
ETHUSDT,2024-09-06 19:50:00+00:00,2024-09-06 19:55:00+00:00,2024-09-06 21:25:00+00:00,LONG,23.390003526298795,2226.3220818385976,2195.0,-140.68980447218271,12.0,0.0,-152.68980447218271,18
BTCUSDT,2024-09-06 20:10:00+00:00,2024-09-06 20:15:00+00:00,2024-09-06 21:45:00+00:00,LONG,16.475279221312505,53708.62586017205,53443.5,-49.363739236653046,12.0,0.0,-61.363739236653046,18
ETHUSDT,2024-09-06 21:30:00+00:00,2024-09-06 21:35:00+00:00,2024-09-06 23:05:00+00:00,LONG,19.453385778975896,2198.475383911248,2212.5,63.79246359266011,12.0,0.0,51.79246359266011,18
BTCUSDT,2024-09-07 08:55:00+00:00,2024-09-07 09:00:00+00:00,2024-09-07 10:30:00+00:00,SHORT,-15.04787119577595,54354.960405124744,54316.5,7.075785694274916,12.0,0.0,-4.924214305725084,18
ETHUSDT,2024-09-08 13:05:00+00:00,2024-09-08 13:10:00+00:00,2024-09-08 14:40:00+00:00,LONG,26.227478903027468,2267.0944678953483,2274.22,31.43023903748654,12.0,0.0,19.43023903748654,18
ETHUSDT,2024-09-08 15:55:00+00:00,2024-09-08 16:00:00+00:00,2024-09-08 17:30:00+00:00,LONG,15.198096654946381,2243.4121437154404,2265.93,100.37324772284694,12.0,0.0,88.37324772284694,18
BTCUSDT,2024-09-10 12:35:00+00:00,2024-09-10 12:40:00+00:00,2024-09-10 14:10:00+00:00,SHORT,-15.999763902343691,57358.39310266994,56920.5,76.34333512204994,12.0,0.0,64.34333512204994,18
BTCUSDT,2024-09-10 15:10:00+00:00,2024-09-10 15:15:00+00:00,2024-09-10 16:45:00+00:00,SHORT,-15.376880578730635,56957.843350858864,56824.3,23.445998479303398,12.0,-0.1126,11.333398479303398,18
BTCUSDT,2024-09-10 18:35:00+00:00,2024-09-10 18:40:00+00:00,2024-09-10 20:10:00+00:00,SHORT,-19.323155238876613,57845.17683419523,57786.6,10.126485456709577,12.0,0.0,-1.8735145432904226,18
ETHUSDT,2024-09-10 19:55:00+00:00,2024-09-10 20:00:00+00:00,2024-09-10 21:30:00+00:00,SHORT,-18.50873625841832,2381.058720279166,2374.29,28.427355535241006,12.0,0.0,16.427355535241006,18
ETHUSDT,2024-09-11 06:00:00+00:00,2024-09-11 06:05:00+00:00,2024-09-11 07:35:00+00:00,LONG,16.138542528712634,2326.06008263068,2336.43,44.581468237878674,12.0,0.0,32.581468237878674,18
ETHUSDT,2024-09-11 14:40:00+00:00,2024-09-11 14:45:00+00:00,2024-09-11 16:15:00+00:00,LONG,19.10039329671961,2279.6010808272504,2331.08,225.82424445099835,12.0,0.1796,214.00384445099834,18
ETHUSDT,2024-09-12 15:15:00+00:00,2024-09-12 15:20:00+00:00,2024-09-12 16:50:00+00:00,LONG,15.956485036301178,2325.3934073265127,2335.85,44.96698339533367,12.0,-0.1134,32.85358339533367,18
BTCUSDT,2024-09-13 14:55:00+00:00,2024-09-13 15:00:00+00:00,2024-09-13 16:30:00+00:00,SHORT,-16.441666884269512,58454.59795154802,59594.0,-194.9208596723917,12.0,-0.24430000000000002,-207.16515967239172,18
ETHUSDT,2024-09-13 14:55:00+00:00,2024-09-13 15:00:00+00:00,2024-09-13 16:30:00+00:00,SHORT,-15.973905267709117,2367.2793502530976,2409.82,-179.7027027771536,12.0,0.5073,-191.19540277715362,18
ETHUSDT,2024-09-13 16:35:00+00:00,2024-09-13 16:40:00+00:00,2024-09-13 18:10:00+00:00,SHORT,-18.952981220489313,2401.6267714626624,2413.98,-51.436920524559056,12.0,0.0,-63.436920524559056,18
BTCUSDT,2024-09-13 17:35:00+00:00,2024-09-13 17:40:00+00:00,2024-09-13 19:10:00+00:00,SHORT,-18.90411723589772,59730.01643061262,59757.1,-4.534331481198528,12.0,0.0,-16.534331481198528,18
ETHUSDT,2024-09-13 18:30:00+00:00,2024-09-13 18:35:00+00:00,2024-09-13 20:05:00+00:00,SHORT,-19.624946224129232,2422.296390637309,2414.7,31.360285498795992,12.0,0.0,19.360285498795992,18
ETHUSDT,2024-09-13 21:30:00+00:00,2024-09-13 21:35:00+00:00,2024-09-13 23:05:00+00:00,SHORT,-20.542058372147302,2446.322735836597,2443.48,11.620444820927833,12.0,0.0,-0.37955517907216674,18
ETHUSDT,2024-09-14 14:25:00+00:00,2024-09-14 14:30:00+00:00,2024-09-14 16:00:00+00:00,SHORT,-17.759517379424707,2421.4208917196092,2417.37,16.729399392984014,12.0,0.0,4.729399392984014,18
ETHUSDT,2024-09-14 18:05:00+00:00,2024-09-14 18:10:00+00:00,2024-09-14 19:40:00+00:00,LONG,19.296827368223795,2391.0101180537285,2408.11,71.51739684059022,12.0,0.0,59.51739684059022,18
ETHUSDT,2024-09-15 16:55:00+00:00,2024-09-15 17:00:00+00:00,2024-09-15 18:30:00+00:00,LONG,17.09169693905852,2385.9280559396702,2379.96,-25.013562017567324,12.0,0.0,-37.013562017567324,18
ETHUSDT,2024-09-15 18:40:00+00:00,2024-09-15 18:45:00+00:00,2024-09-15 20:15:00+00:00,LONG,21.924811882218457,2364.5425288196375,2367.0,10.393009008762277,12.0,0.0,-1.6069909912377227,18
ETHUSDT,2024-09-15 20:20:00+00:00,2024-09-15 20:25:00+00:00,2024-09-15 21:55:00+00:00,LONG,20.505554184964353,2361.2336222559416,2351.54,-41.053211188312176,12.0,0.0,-53.053211188312176,18
ETHUSDT,2024-09-16 19:55:00+00:00,2024-09-16 20:00:00+00:00,2024-09-16 21:30:00+00:00,LONG,15.202164792581158,2272.7714242012316,2281.78,39.6369635012217,12.0,0.0,27.6369635012217,18
BTCUSDT,2024-09-17 14:10:00+00:00,2024-09-17 14:15:00+00:00,2024-09-17 15:45:00+00:00,SHORT,-15.775926910341727,59741.89945412069,60911.0,-195.69189405789223,12.0,0.0,-207.69189405789223,18
ETHUSDT,2024-09-17 14:10:00+00:00,2024-09-17 14:15:00+00:00,2024-09-17 15:45:00+00:00,SHORT,-15.353065734808085,2334.3903295881064,2376.72,-181.33073066389116,12.0,0.0,-193.33073066389116,18
ETHUSDT,2024-09-17 19:35:00+00:00,2024-09-17 19:40:00+00:00,2024-09-17 21:10:00+00:00,LONG,15.291934790440019,2353.205918393489,2348.79,-18.76554176144407,12.0,0.0,-30.76554176144407,18
BTCUSDT,2024-09-17 19:40:00+00:00,2024-09-17 19:45:00+00:00,2024-09-17 21:15:00+00:00,LONG,20.37907645059976,60073.915795877394,60243.0,28.14602675429656,12.0,0.0,16.14602675429656,18
BTCUSDT,2024-09-18 18:30:00+00:00,2024-09-18 18:35:00+00:00,2024-09-18 20:05:00+00:00,SHORT,-18.216666845756247,61169.92801691951,59875.0,211.69356559669893,12.0,0.0,199.69356559669893,18
ETHUSDT,2024-09-18 18:30:00+00:00,2024-09-18 18:35:00+00:00,2024-09-18 20:05:00+00:00,SHORT,-20.682989830931565,2358.3528937545957,2307.59,215.24723415662805,12.0,0.0,203.24723415662805,18
BTCUSDT,2024-09-19 10:00:00+00:00,2024-09-19 10:05:00+00:00,2024-09-19 11:35:00+00:00,SHORT,-15.006459473742852,62329.16463177482,62527.0,-31.740417089487494,12.0,0.0,-43.740417089487494,18
BTCUSDT,2024-09-19 11:50:00+00:00,2024-09-19 11:55:00+00:00,2024-09-19 13:25:00+00:00,SHORT,-16.558944251501046,62615.22451613958,63143.2,-84.32062456700694,12.0,0.0,-96.32062456700694,18
ETHUSDT,2024-09-19 12:05:00+00:00,2024-09-19 12:10:00+00:00,2024-09-19 13:40:00+00:00,SHORT,-21.132249705753317,2444.2837210441735,2436.51,31.803677196902136,12.0,0.0,19.803677196902136,18
ETHUSDT,2024-09-19 16:00:00+00:00,2024-09-19 16:05:00+00:00,2024-09-19 17:35:00+00:00,SHORT,-20.252375058178522,2446.0702924564125,2461.41,-62.7116382995796,12.0,0.0,-74.71163829957959,18
BTCUSDT,2024-09-19 16:30:00+00:00,2024-09-19 16:35:00+00:00,2024-09-19 18:05:00+00:00,SHORT,-16.048614376422467,63396.21562556151,63728.9,-52.4770084705728,12.0,0.0,-64.4770084705728,18
ETHUSDT,2024-09-19 17:40:00+00:00,2024-09-19 17:45:00+00:00,2024-09-19 19:15:00+00:00,SHORT,-15.185336469069204,2469.640356474054,2465.93,15.023873675887867,12.0,0.0,3.0238736758878666,18
BTCUSDT,2024-09-19 21:55:00+00:00,2024-09-19 22:00:00+00:00,2024-09-19 23:30:00+00:00,LONG,18.01198251916292,62828.67669640877,62988.8,25.48570366442071,12.0,0.0,13.485703664420711,18
ETHUSDT,2024-09-20 14:30:00+00:00,2024-09-20 14:35:00+00:00,2024-09-20 16:05:00+00:00,SHORT,-16.303085590890692,2560.0566108506696,2558.84,4.752281045321549,12.0,1.0,-6.247718954678451,18
ETHUSDT,2024-09-22 21:55:00+00:00,2024-09-22 22:00:00+00:00,2024-09-22 23:30:00+00:00,LONG,22.81211750919604,2545.259256666388,2575.56,119.0477679405344,12.0,0.0,107.0477679405344,18
ETHUSDT,2024-09-23 07:30:00+00:00,2024-09-23 07:35:00+00:00,2024-09-23 09:05:00+00:00,LONG,16.903702453324094,2636.0529624768515,2649.98,52.83291998072315,12.0,-0.6821,40.15081998072315,18
ETHUSDT,2024-09-23 21:15:00+00:00,2024-09-23 21:20:00+00:00,2024-09-23 22:50:00+00:00,LONG,17.083604309120382,2645.8200183945223,2647.14,4.988931961737997,12.0,0.0,-7.011068038262003,18
ETHUSDT,2024-09-25 17:25:00+00:00,2024-09-25 17:30:00+00:00,2024-09-25 19:00:00+00:00,LONG,18.48558705863061,2576.0473353522098,2581.51,21.205606639380647,12.0,0.0,9.205606639380647,18
BTCUSDT,2024-09-26 14:15:00+00:00,2024-09-26 14:20:00+00:00,2024-09-26 15:50:00+00:00,SHORT,-17.705385082130555,64965.6395738864,65286.1,-49.32767971123076,12.0,0.0,-61.32767971123076,18
ETHUSDT,2024-09-26 15:30:00+00:00,2024-09-26 15:35:00+00:00,2024-09-26 17:05:00+00:00,SHORT,-18.218875039720583,2656.3086352226223,2658.92,-9.830803328916282,12.0,1.0,-20.830803328916282,18
BTCUSDT,2024-09-26 16:05:00+00:00,2024-09-26 16:10:00+00:00,2024-09-26 17:40:00+00:00,SHORT,-19.267850752318775,65408.37463245978,65156.5,38.50800969678714,12.0,0.0,26.50800969678714,18
BTCUSDT,2024-09-27 12:40:00+00:00,2024-09-27 12:45:00+00:00,2024-09-27 14:15:00+00:00,SHORT,-17.982959862231734,65776.49373139144,66042.1,-40.38011963562571,12.0,0.0,-52.38011963562571,18
BTCUSDT,2024-09-27 14:20:00+00:00,2024-09-27 14:25:00+00:00,2024-09-27 15:55:00+00:00,SHORT,-17.45723437585524,66273.63669136997,66043.0,34.80066929841597,12.0,0.0,22.80066929841597,18
ETHUSDT,2024-09-27 14:20:00+00:00,2024-09-27 14:25:00+00:00,2024-09-27 15:55:00+00:00,SHORT,-16.982627458181156,2690.2487717327217,2684.76,20.402469059344064,12.0,0.0,8.402469059344064,18
ETHUSDT,2024-09-27 16:40:00+00:00,2024-09-27 16:45:00+00:00,2024-09-27 18:15:00+00:00,SHORT,-15.070422442261325,2718.5230879124524,2696.52,80.93765328051173,12.0,0.0,68.93765328051173,18
BTCUSDT,2024-09-27 16:50:00+00:00,2024-09-27 16:55:00+00:00,2024-09-27 18:25:00+00:00,SHORT,-17.515489756373725,66265.60877428966,65700.1,85.33970859844753,12.0,0.0,73.33970859844753,18
ETHUSDT,2024-09-28 06:35:00+00:00,2024-09-28 06:40:00+00:00,2024-09-28 08:10:00+00:00,LONG,18.8863713869049,2673.6808303820685,2670.28,-12.719657273311258,12.0,-0.6231000000000001,-25.342757273311257,18
ETHUSDT,2024-09-28 09:05:00+00:00,2024-09-28 09:10:00+00:00,2024-09-28 10:40:00+00:00,LONG,15.40434688632188,2654.3038447869367,2673.71,73.11203369266606,12.0,0.0,61.11203369266606,18
ETHUSDT,2024-09-29 07:45:00+00:00,2024-09-29 07:50:00+00:00,2024-09-29 09:20:00+00:00,LONG,15.157823000380356,2641.303395080424,2650.01,32.96328977501428,12.0,-0.6785,20.284789775014282,18
BTCUSDT,2024-09-30 09:30:00+00:00,2024-09-30 09:35:00+00:00,2024-09-30 11:05:00+00:00,LONG,17.613359793998214,63816.41747881742,63563.1,-39.694719450760196,12.0,0.0,-51.694719450760196,18
ETHUSDT,2024-09-30 18:30:00+00:00,2024-09-30 18:35:00+00:00,2024-09-30 20:05:00+00:00,LONG,16.450885077856892,2579.5555282052283,2597.67,70.22322875668064,12.0,0.0,58.22322875668064,18
ETHUSDT,2024-10-01 15:00:00+00:00,2024-10-01 15:05:00+00:00,2024-10-01 16:35:00+00:00,LONG,26.551518866151003,2504.4817192128576,2506.6,8.457960666641284,12.0,-0.8397,-4.381739333358715,18
ETHUSDT,2024-10-01 16:40:00+00:00,2024-10-01 16:45:00+00:00,2024-10-01 18:15:00+00:00,LONG,20.778704771557173,2491.1408096228456,2512.03,83.85391261892306,12.0,0.0,71.85391261892306,18
BTCUSDT,2024-10-01 19:40:00+00:00,2024-10-01 19:45:00+00:00,2024-10-01 21:15:00+00:00,LONG,16.556527449853192,61806.89436426632,60914.7,-144.35191631018918,12.0,0.0,-156.35191631018918,18
ETHUSDT,2024-10-01 20:20:00+00:00,2024-10-01 20:25:00+00:00,2024-10-01 21:55:00+00:00,LONG,15.463158669042222,2460.9725000619505,2472.41,46.47552923797926,12.0,0.0,34.47552923797926,18
ETHUSDT,2024-10-02 06:35:00+00:00,2024-10-02 06:40:00+00:00,2024-10-02 08:10:00+00:00,LONG,16.607985022080047,2484.566699607377,2476.09,-34.11741616240916,12.0,-0.6859000000000001,-46.80331616240915,18
ETHUSDT,2024-10-02 09:55:00+00:00,2024-10-02 10:00:00+00:00,2024-10-02 11:30:00+00:00,LONG,17.153731753664868,2450.3105679551436,2459.76,38.564221892665174,12.0,0.0,26.564221892665174,18
ETHUSDT,2024-10-02 13:25:00+00:00,2024-10-02 13:30:00+00:00,2024-10-02 15:00:00+00:00,LONG,16.52558641854879,2422.5131195082195,2433.34,44.69276308389336,12.0,0.0,32.69276308389336,18
ETHUSDT,2024-10-02 18:05:00+00:00,2024-10-02 18:10:00+00:00,2024-10-02 19:40:00+00:00,LONG,20.939626248938886,2430.1643683781144,2390.1,-164.86279240796154,12.0,0.0,-176.86279240796154,18
BTCUSDT,2024-10-02 18:15:00+00:00,2024-10-02 18:20:00+00:00,2024-10-02 19:50:00+00:00,LONG,19.088322484938217,60844.31946602799,59997.0,-139.26024211694644,12.0,0.0,-151.26024211694644,18
BTCUSDT,2024-10-02 19:55:00+00:00,2024-10-02 20:00:00+00:00,2024-10-02 21:30:00+00:00,LONG,17.060727582058057,60103.03306627485,60859.3,125.8284141652588,12.0,0.0,113.8284141652588,18
ETHUSDT,2024-10-02 19:55:00+00:00,2024-10-02 20:00:00+00:00,2024-10-02 21:30:00+00:00,LONG,27.763844308540538,2368.045113844549,2374.24,26.160338412613005,12.0,0.0,14.160338412613005,18
BTCUSDT,2024-10-02 21:35:00+00:00,2024-10-02 21:40:00+00:00,2024-10-02 23:10:00+00:00,LONG,15.48060974660194,60736.656797081916,60804.0,11.087736215555921,12.0,0.0,-0.9122637844440789,18
ETHUSDT,2024-10-02 21:45:00+00:00,2024-10-02 21:50:00+00:00,2024-10-02 23:20:00+00:00,LONG,18.764047520624423,2374.083505633401,2373.22,-3.6372167674469935,12.0,0.0,-15.637216767446994,18
ETHUSDT,2024-10-03 07:40:00+00:00,2024-10-03 07:45:00+00:00,2024-10-03 09:15:00+00:00,LONG,15.753209359519156,2369.047055303877,2335.2,-142.87202623561203,12.0,-0.4124,-155.28442623561202,18
ETHUSDT,2024-10-03 12:00:00+00:00,2024-10-03 12:05:00+00:00,2024-10-03 13:35:00+00:00,LONG,16.98219730202452,2340.0794879122495,2353.56,57.60706915036273,12.0,0.0,45.60706915036273,18
ETHUSDT,2024-10-03 14:25:00+00:00,2024-10-03 14:30:00+00:00,2024-10-03 16:00:00+00:00,LONG,17.048801102438023,2326.5210734504712,2339.55,56.00175600475321,12.0,-0.4621,43.53965600475321,18
ETHUSDT,2024-10-03 16:25:00+00:00,2024-10-03 16:30:00+00:00,2024-10-03 18:00:00+00:00,LONG,17.71142747298748,2313.019038291326,2342.97,129.48860866618395,12.0,0.0,117.48860866618395,18
BTCUSDT,2024-10-04 12:50:00+00:00,2024-10-04 12:55:00+00:00,2024-10-04 14:25:00+00:00,SHORT,-15.505361958745855,61753.52653159433,61033.5,116.59682807360849,12.0,0.0,104.59682807360849,18
ETHUSDT,2024-10-04 12:55:00+00:00,2024-10-04 13:00:00+00:00,2024-10-04 14:30:00+00:00,SHORT,-16.535741677493288,2397.4126203898645,2358.41,162.6863063043449,12.0,0.0,150.6863063043449,18
BTCUSDT,2024-10-04 15:05:00+00:00,2024-10-04 15:10:00+00:00,2024-10-04 16:40:00+00:00,SHORT,-21.701344327725444,61710.80400939077,62219.9,-82.4970600823427,12.0,0.0243,-94.4727600823427,18
ETHUSDT,2024-10-04 15:05:00+00:00,2024-10-04 15:10:00+00:00,2024-10-04 16:40:00+00:00,SHORT,-16.2240131242536,2388.0307372464845,2435.77,-199.91058745148837,12.0,0.39,-211.52058745148838,18
ETHUSDT,2024-10-04 16:45:00+00:00,2024-10-04 16:50:00+00:00,2024-10-04 18:20:00+00:00,SHORT,-15.663417395334504,2433.0089162612917,2416.8,66.62086666825329,12.0,0.0,54.620866668253285,18
BTCUSDT,2024-10-04 17:00:00+00:00,2024-10-04 17:05:00+00:00,2024-10-04 18:35:00+00:00,SHORT,-16.149986119039472,62289.74896106625,62184.1,16.96089048814242,12.0,0.0,4.960890488142422,18
BTCUSDT,2024-10-04 18:50:00+00:00,2024-10-04 18:55:00+00:00,2024-10-04 20:25:00+00:00,SHORT,-16.171204177961297,62269.85386410825,62228.2,6.689250339201314,12.0,0.0,-5.310749660798686,18
ETHUSDT,2024-10-04 18:55:00+00:00,2024-10-04 19:00:00+00:00,2024-10-04 20:30:00+00:00,SHORT,-16.600212032656884,2432.5939262100624,2424.8,32.03956947391173,12.0,0.0,20.039569473911733,18
ETHUSDT,2024-10-07 09:40:00+00:00,2024-10-07 09:45:00+00:00,2024-10-07 11:15:00+00:00,LONG,15.893032030371348,2452.1700566490763,2454.44,9.256875740606407,12.0,0.0,-2.7431242593935927,18
ETHUSDT,2024-10-07 18:45:00+00:00,2024-10-07 18:50:00+00:00,2024-10-07 20:20:00+00:00,LONG,15.844039854886148,2426.316435617281,2440.0,56.39645423758388,12.0,0.0,44.39645423758388,18
ETHUSDT,2024-10-08 06:05:00+00:00,2024-10-08 06:10:00+00:00,2024-10-08 07:40:00+00:00,LONG,15.491719214369795,2415.293669707022,2428.14,53.18744653744601,12.0,0.0,41.18744653744601,18
ETHUSDT,2024-10-09 15:15:00+00:00,2024-10-09 15:20:00+00:00,2024-10-09 16:50:00+00:00,SHORT,-16.569818828904925,2460.11502213941,2431.38,116.80357170625655,12.0,1.0,105.80357170625655,18
BTCUSDT,2024-10-09 20:00:00+00:00,2024-10-09 20:05:00+00:00,2024-10-09 21:35:00+00:00,LONG,16.090002070850908,60941.17994604155,60679.9,-42.874119974849464,12.0,0.0,-54.874119974849464,18
ETHUSDT,2024-10-09 20:50:00+00:00,2024-10-09 20:55:00+00:00,2024-10-09 22:25:00+00:00,LONG,17.274291368793804,2365.6794818449575,2370.12,18.77058235961515,12.0,0.0,6.770582359615151,18
ETHUSDT,2024-10-10 09:25:00+00:00,2024-10-10 09:30:00+00:00,2024-10-10 11:00:00+00:00,LONG,16.95815528445059,2371.382270857795,2396.03,103.93823655133083,12.0,0.0,91.93823655133083,18
BTCUSDT,2024-10-10 17:10:00+00:00,2024-10-10 17:15:00+00:00,2024-10-10 18:45:00+00:00,LONG,15.016836111214083,60132.363777837396,59207.6,-153.78803022844556,12.0,0.0,-165.78803022844556,18
ETHUSDT,2024-10-10 17:55:00+00:00,2024-10-10 18:00:00+00:00,2024-10-10 19:30:00+00:00,LONG,16.07070536121769,2370.4314867829153,2356.41,-59.15162223036896,12.0,0.0,-71.15162223036896,18
ETHUSDT,2024-10-10 20:35:00+00:00,2024-10-10 20:40:00+00:00,2024-10-10 22:10:00+00:00,LONG,18.000408592104975,2358.262570049991,2380.4,93.87177760082687,12.0,0.0,81.87177760082687,18
BTCUSDT,2024-10-11 13:50:00+00:00,2024-10-11 13:55:00+00:00,2024-10-11 15:25:00+00:00,SHORT,-16.182165089374912,61724.821356022476,62032.1,-49.78202240637941,12.0,0.0,-61.78202240637941,18
ETHUSDT,2024-10-11 13:50:00+00:00,2024-10-11 13:55:00+00:00,2024-10-11 15:25:00+00:00,SHORT,-15.645465021106675,2433.3038385842387,2439.33,-24.765347098072432,12.0,0.0,-36.76534709807243,18
BTCUSDT,2024-10-11 15:45:00+00:00,2024-10-11 15:50:00+00:00,2024-10-11 17:20:00+00:00,SHORT,-18.08625259406435,62149.444673114966,62178.7,-4.7072547532645,12.0,0.012,-16.6952547532645,18
BTCUSDT,2024-10-11 17:30:00+00:00,2024-10-11 17:35:00+00:00,2024-10-11 19:05:00+00:00,SHORT,-16.332252374308343,62680.72367388622,62916.8,-37.66330576239652,12.0,0.0,-49.66330576239652,18
ETHUSDT,2024-10-11 17:30:00+00:00,2024-10-11 17:35:00+00:00,2024-10-11 19:05:00+00:00,SHORT,-15.28056478866396,2448.289864889588,2446.73,6.371242686405987,12.0,0.0,-5.628757313594013,18
ETHUSDT,2024-10-11 19:10:00+00:00,2024-10-11 19:15:00+00:00,2024-10-11 20:45:00+00:00,SHORT,-20.20910012940285,2462.941348015479,2459.99,11.983021917502112,12.0,0.0,-0.01697808249788757,18
BTCUSDT,2024-10-11 19:20:00+00:00,2024-10-11 19:25:00+00:00,2024-10-11 20:55:00+00:00,SHORT,-16.2460801972657,63039.17030366925,62927.3,17.74615737014762,12.0,0.0,5.746157370147621,18
BTCUSDT,2024-10-12 10:10:00+00:00,2024-10-12 10:15:00+00:00,2024-10-12 11:45:00+00:00,SHORT,-16.18495674079479,62937.96107072127,62917.8,3.203324413164621,12.0,0.0,-8.796675586835379,18
BTCUSDT,2024-10-12 13:00:00+00:00,2024-10-12 13:05:00+00:00,2024-10-12 14:35:00+00:00,SHORT,-17.098515103039585,63024.75272781776,63107.9,-13.192796255991901,12.0,0.0,-25.1927962559919,18
BTCUSDT,2024-10-12 14:45:00+00:00,2024-10-12 14:50:00+00:00,2024-10-12 16:20:00+00:00,SHORT,-19.643643130797024,63369.3218779809,63248.4,19.082084894918026,12.0,-0.1489,6.933184894918026,18
ETHUSDT,2024-10-12 14:45:00+00:00,2024-10-12 14:50:00+00:00,2024-10-12 16:20:00+00:00,SHORT,-16.649836523770222,2478.1327084207433,2479.47,-5.396367897136933,12.0,0.735,-16.661367897136934,18
BTCUSDT,2024-10-14 06:00:00+00:00,2024-10-14 06:05:00+00:00,2024-10-14 07:35:00+00:00,LONG,15.128412514519658,63840.27689009795,64163.5,50.62996679329635,12.0,0.0,38.62996679329635,18
ETHUSDT,2024-10-14 14:40:00+00:00,2024-10-14 14:45:00+00:00,2024-10-14 16:15:00+00:00,LONG,17.7375145557068,2623.2941242920024,2623.91,2.347718855824077,12.0,-1.0,-10.652281144175923,18
BTCUSDT,2024-10-15 12:35:00+00:00,2024-10-15 12:40:00+00:00,2024-10-15 14:10:00+00:00,SHORT,-15.306117528309013,65898.01623567635,67383.7,-225.45197096833337,12.0,0.0,-237.45197096833337,18
ETHUSDT,2024-10-15 13:45:00+00:00,2024-10-15 13:50:00+00:00,2024-10-15 15:20:00+00:00,SHORT,-15.141377297031301,2629.755868745234,2560.9,261.8336917262498,12.0,0.0,249.8336917262498,18
BTCUSDT,2024-10-15 14:15:00+00:00,2024-10-15 14:20:00+00:00,2024-10-15 15:50:00+00:00,SHORT,-19.753110648510468,67096.17070692549,66007.0,162.32978655115303,12.0,0.0,150.32978655115303,18
ETHUSDT,2024-10-15 17:15:00+00:00,2024-10-15 17:20:00+00:00,2024-10-15 18:50:00+00:00,LONG,17.86351887558172,2580.0382410739794,2590.57,40.82016598962124,12.0,0.0,28.820165989621238,18
BTCUSDT,2024-10-15 18:15:00+00:00,2024-10-15 18:20:00+00:00,2024-10-15 19:50:00+00:00,SHORT,-15.784272409514493,67322.29633696776,66884.4,65.04477131557773,12.0,0.0,53.044771315577734,18
ETHUSDT,2024-10-15 20:25:00+00:00,2024-10-15 20:30:00+00:00,2024-10-15 22:00:00+00:00,LONG,16.242502896116534,2570.4686586616854,2587.52,66.33553488721633,12.0,0.0,54.335534887216326,18
BTCUSDT,2024-10-16 10:00:00+00:00,2024-10-16 10:05:00+00:00,2024-10-16 11:35:00+00:00,SHORT,-15.48413598739301,67393.15689949624,68165.7,-114.63227663542241,12.0,0.0,-126.63227663542241,18
ETHUSDT,2024-10-16 11:45:00+00:00,2024-10-16 11:50:00+00:00,2024-10-16 13:20:00+00:00,SHORT,-17.4133989027839,2634.439236015989,2627.4,26.72005457462823,12.0,0.0,14.720054574628229,18
BTCUSDT,2024-10-16 12:00:00+00:00,2024-10-16 12:05:00+00:00,2024-10-16 13:35:00+00:00,SHORT,-16.27115528586457,67962.85703088282,67861.9,14.854736144619407,12.0,0.0,2.854736144619407,18
BTCUSDT,2024-10-16 14:15:00+00:00,2024-10-16 14:20:00+00:00,2024-10-16 15:50:00+00:00,SHORT,-16.430482795979803,68127.19834532986,67720.1,59.75562700616499,12.0,0.0,47.75562700616499,18
ETHUSDT,2024-10-17 18:05:00+00:00,2024-10-17 18:10:00+00:00,2024-10-17 19:40:00+00:00,LONG,17.34857928365409,2586.8062274881204,2593.0,23.943704967395174,12.0,0.0,11.943704967395174,18
BTCUSDT,2024-10-18 13:55:00+00:00,2024-10-18 14:00:00+00:00,2024-10-18 15:30:00+00:00,SHORT,-16.659949888120707,68200.9515042849,68643.4,-64.87424089490989,12.0,0.0,-76.87424089490989,18
ETHUSDT,2024-10-18 14:45:00+00:00,2024-10-18 14:50:00+00:00,2024-10-18 16:20:00+00:00,SHORT,-17.409085094154893,2643.820374895256,2638.01,21.977192363100695,12.0,1.0,10.977192363100695,18
BTCUSDT,2024-10-18 15:35:00+00:00,2024-10-18 15:40:00+00:00,2024-10-18 17:10:00+00:00,SHORT,-16.864703403543132,68802.83140934171,68843.9,-5.969026247472087,12.0,1.0,-16.969026247472087,18
ETHUSDT,2024-10-18 18:25:00+00:00,2024-10-18 18:30:00+00:00,2024-10-18 20:00:00+00:00,SHORT,-20.61981451598129,2660.9685879931294,2650.52,39.26610798893226,12.0,0.0,27.266107988932262,18
BTCUSDT,2024-10-18 18:35:00+00:00,2024-10-18 18:40:00+00:00,2024-10-18 20:10:00+00:00,SHORT,-18.885947079892787,68934.62186158392,68554.2,55.185892271634174,12.0,0.0,43.185892271634174,18
BTCUSDT,2024-10-20 14:25:00+00:00,2024-10-20 14:30:00+00:00,2024-10-20 16:00:00+00:00,SHORT,-17.46850478228455,68652.45542045399,68605.0,6.912414153776858,12.0,1.0,-4.087585846223142,18
BTCUSDT,2024-10-23 18:00:00+00:00,2024-10-23 18:05:00+00:00,2024-10-23 19:35:00+00:00,LONG,19.002847404558242,65412.216654869335,66244.7,127.26725796849969,12.0,0.0,115.26725796849969,18
ETHUSDT,2024-10-23 18:00:00+00:00,2024-10-23 18:05:00+00:00,2024-10-23 19:35:00+00:00,LONG,43.05210352669257,2462.678619817988,2499.2,148.29941628644593,12.0,0.0,136.29941628644593,18
ETHUSDT,2024-10-23 21:05:00+00:00,2024-10-23 21:10:00+00:00,2024-10-23 22:40:00+00:00,SHORT,-22.3000260371247,2503.938718300347,2509.12,-20.692525986298893,12.0,0.0,-32.69252598629889,18
ETHUSDT,2024-10-24 09:00:00+00:00,2024-10-24 09:05:00+00:00,2024-10-24 10:35:00+00:00,LONG,15.493168407474693,2510.7469840587178,2532.11,85.0862953412701,12.0,0.0,73.0862953412701,18
BTCUSDT,2024-10-24 12:00:00+00:00,2024-10-24 12:05:00+00:00,2024-10-24 13:35:00+00:00,SHORT,-15.126539787645948,67391.32763745515,67674.3,-41.98943283431955,12.0,0.0,-53.98943283431955,18
BTCUSDT,2024-10-24 19:25:00+00:00,2024-10-24 19:30:00+00:00,2024-10-24 21:00:00+00:00,SHORT,-17.762208046906775,68097.62271963625,68172.6,-11.010263995918645,12.0,0.0,-23.010263995918645,18
ETHUSDT,2024-10-24 19:25:00+00:00,2024-10-24 19:30:00+00:00,2024-10-24 21:00:00+00:00,SHORT,-15.531586055886825,2536.5877033585657,2537.5,-3.59655075291343,12.0,0.0,-15.59655075291343,18
BTCUSDT,2024-10-24 21:05:00+00:00,2024-10-24 21:10:00+00:00,2024-10-24 22:40:00+00:00,SHORT,-17.819852502960718,68441.93347959094,68211.7,33.63924247692274,12.0,0.0,21.63924247692274,18
ETHUSDT,2024-10-24 21:05:00+00:00,2024-10-24 21:10:00+00:00,2024-10-24 22:40:00+00:00,SHORT,-15.049798010219025,2543.427364214502,2532.17,44.26060823631506,12.0,0.0,32.26060823631506,18
BTCUSDT,2024-10-25 12:00:00+00:00,2024-10-25 12:05:00+00:00,2024-10-25 13:35:00+00:00,SHORT,-16.360859797598266,68248.58417770709,67868.9,55.63253542644419,12.0,0.0,43.63253542644419,18
BTCUSDT,2024-10-25 14:15:00+00:00,2024-10-25 14:20:00+00:00,2024-10-25 15:50:00+00:00,SHORT,-15.772370031032976,68554.31474460923,67865.2,100.52098794604669,12.0,0.0,88.52098794604669,18
ETHUSDT,2024-10-25 17:55:00+00:00,2024-10-25 18:00:00+00:00,2024-10-25 19:30:00+00:00,LONG,16.18601851463792,2483.892918319717,2475.99,-31.8166627129135,12.0,0.0,-43.8166627129135,18
BTCUSDT,2024-10-25 18:10:00+00:00,2024-10-25 18:15:00+00:00,2024-10-25 19:45:00+00:00,LONG,20.00798046773403,66867.37739115117,66984.1,17.45583771979753,12.0,0.0,5.455837719797529,18
ETHUSDT,2024-10-25 19:35:00+00:00,2024-10-25 19:40:00+00:00,2024-10-25 21:10:00+00:00,LONG,18.59712277684246,2481.957036038582,2478.81,-12.679655581809834,12.0,0.0,-24.679655581809833,18
BTCUSDT,2024-10-25 19:55:00+00:00,2024-10-25 20:00:00+00:00,2024-10-25 21:30:00+00:00,LONG,16.858022704878746,66780.04010305656,67138.3,53.64775109307773,12.0,0.0,41.64775109307773,18
BTCUSDT,2024-10-28 07:05:00+00:00,2024-10-28 07:10:00+00:00,2024-10-28 08:40:00+00:00,LONG,18.96247419246728,68188.21636741009,68323.4,19.825072393961918,12.0,-1.0,6.825072393961918,18
ETHUSDT,2024-10-28 07:10:00+00:00,2024-10-28 07:15:00+00:00,2024-10-28 08:45:00+00:00,LONG,25.266043819959414,2514.6553700391087,2511.03,-14.416965769158407,12.0,-1.0,-27.41696576915841,18
ETHUSDT,2024-10-29 10:40:00+00:00,2024-10-29 10:45:00+00:00,2024-10-29 12:15:00+00:00,SHORT,-15.127664031237034,2637.1717721562195,2625.45,44.44826946799818,12.0,0.0,32.44826946799818,18
BTCUSDT,2024-10-29 13:50:00+00:00,2024-10-29 13:55:00+00:00,2024-10-29 15:25:00+00:00,SHORT,-17.04921632813796,71657.58839095123,71932.6,-38.37857444327631,12.0,0.0,-50.37857444327631,18
ETHUSDT,2024-10-29 13:55:00+00:00,2024-10-29 14:00:00+00:00,2024-10-29 15:30:00+00:00,SHORT,-17.556183467815476,2638.0464570624863,2631.06,26.483449689760352,12.0,0.0,14.483449689760352,18
BTCUSDT,2024-10-29 15:40:00+00:00,2024-10-29 15:45:00+00:00,2024-10-29 17:15:00+00:00,SHORT,-15.927643417658173,72221.80429518968,72727.3,-69.99211799586513,12.0,1.0,-80.99211799586513,18
ETHUSDT,2024-10-29 15:55:00+00:00,2024-10-29 16:00:00+00:00,2024-10-29 17:30:00+00:00,SHORT,-18.317824131680823,2649.75674441338,2669.87,-75.9060454474758,12.0,1.0,-86.9060454474758,18
BTCUSDT,2024-10-29 17:25:00+00:00,2024-10-29 17:30:00+00:00,2024-10-29 19:00:00+00:00,SHORT,-16.202662170659703,72932.74263868954,73168.3,-32.297888820309595,12.0,0.0,-44.297888820309595,18
BTCUSDT,2024-10-29 19:05:00+00:00,2024-10-29 19:10:00+00:00,2024-10-29 20:40:00+00:00,SHORT,-18.20030991152143,73523.83497979939,72213.9,178.1646700228978,12.0,0.0,166.1646700228978,18
ETHUSDT,2024-10-29 19:05:00+00:00,2024-10-29 19:10:00+00:00,2024-10-29 20:40:00+00:00,SHORT,-18.752724710300352,2672.1575758379795,2617.86,203.1975072463754,12.0,0.0,191.1975072463754,18
ETHUSDT,2024-10-29 20:50:00+00:00,2024-10-29 20:55:00+00:00,2024-10-29 22:25:00+00:00,LONG,15.247989393169199,2621.7693356958507,2629.54,29.63900827716026,12.0,0.0,17.63900827716026,18
ETHUSDT,2024-10-30 09:55:00+00:00,2024-10-30 10:00:00+00:00,2024-10-30 11:30:00+00:00,SHORT,-15.591624697790811,2694.695018911959,2668.0,99.06508426596461,12.0,0.0,87.06508426596461,18
ETHUSDT,2024-10-30 13:10:00+00:00,2024-10-30 13:15:00+00:00,2024-10-30 14:45:00+00:00,SHORT,-15.29432381888759,2691.3840275073244,2712.62,-78.90353912943348,12.0,0.0,-90.90353912943348,18
ETHUSDT,2024-10-30 18:55:00+00:00,2024-10-30 19:00:00+00:00,2024-10-30 20:30:00+00:00,LONG,21.694701367817178,2665.9112379746475,2659.07,-25.661912059176117,12.0,0.0,-37.66191205917612,18
ETHUSDT,2024-10-30 21:35:00+00:00,2024-10-30 21:40:00+00:00,2024-10-30 23:10:00+00:00,LONG,17.409241688011697,2649.3289147031837,2667.17,67.34190382251981,12.0,0.0,55.34190382251981,18
ETHUSDT,2024-10-31 14:10:00+00:00,2024-10-31 14:15:00+00:00,2024-10-31 15:45:00+00:00,LONG,17.57597195334682,2576.8262542292264,2572.15,-18.147340052715457,12.0,0.0,-30.147340052715457,18
BTCUSDT,2024-10-31 15:50:00+00:00,2024-10-31 15:55:00+00:00,2024-10-31 17:25:00+00:00,SHORT,-15.479131762322593,70623.51975548072,70763.8,-19.86310580454953,12.0,1.0,-30.86310580454953,18
ETHUSDT,2024-10-31 17:30:00+00:00,2024-10-31 17:35:00+00:00,2024-10-31 19:05:00+00:00,LONG,17.058696373510852,2537.661390302702,2525.7,-47.13548603612283,12.0,0.0,-59.13548603612283,18
ETHUSDT,2024-10-31 19:20:00+00:00,2024-10-31 19:25:00+00:00,2024-10-31 20:55:00+00:00,LONG,17.374818254004513,2520.9343790096173,2512.76,-32.425988862226916,12.0,0.0,-44.425988862226916,18
BTCUSDT,2024-10-31 20:50:00+00:00,2024-10-31 20:55:00+00:00,2024-10-31 22:25:00+00:00,LONG,15.477621130088561,69783.65022231854,70243.0,65.82484238328857,12.0,0.0,53.82484238328857,18
ETHUSDT,2024-10-31 21:00:00+00:00,2024-10-31 21:05:00+00:00,2024-10-31 22:35:00+00:00,LONG,24.116648753870894,2517.5862146666395,2510.39,-28.583786424937195,12.0,0.0,-40.583786424937195,18
BTCUSDT,2024-11-01 10:15:00+00:00,2024-11-01 10:20:00+00:00,2024-11-01 11:50:00+00:00,SHORT,-16.52667031186946,69860.52795396163,70133.5,-39.07385959325494,12.0,0.0,-51.07385959325494,18
ETHUSDT,2024-11-01 10:15:00+00:00,2024-11-01 10:20:00+00:00,2024-11-01 11:50:00+00:00,SHORT,-15.392169079682837,2516.525694974238,2519.99,-13.766221551723135,12.0,0.0,-25.766221551723135,18
ETHUSDT,2024-11-01 13:25:00+00:00,2024-11-01 13:30:00+00:00,2024-11-01 15:00:00+00:00,SHORT,-15.94813696540312,2537.55595046,2562.0,-96.32910571122144,12.0,0.0,-108.32910571122144,18
BTCUSDT,2024-11-01 13:35:00+00:00,2024-11-01 13:40:00+00:00,2024-11-01 15:10:00+00:00,SHORT,-15.751117349895857,70858.53774331414,70982.6,-17.508441556510768,12.0,0.0,-29.508441556510768,18
BTCUSDT,2024-11-01 15:45:00+00:00,2024-11-01 15:50:00+00:00,2024-11-01 17:20:00+00:00,LONG,18.06566845621594,69301.45867042145,70139.9,120.9846582834495,12.0,-1.0,107.9846582834495,18
ETHUSDT,2024-11-01 15:45:00+00:00,2024-11-01 15:50:00+00:00,2024-11-01 17:20:00+00:00,LONG,23.658810391939998,2490.5958247132503,2527.34,147.53166660825156,12.0,-1.0,134.53166660825156,18
BTCUSDT,2024-11-01 17:30:00+00:00,2024-11-01 17:35:00+00:00,2024-11-01 19:05:00+00:00,LONG,17.312853484126393,69720.71485222735,69135.0,-84.00872731565757,12.0,0.0,-96.00872731565757,18
ETHUSDT,2024-11-01 17:30:00+00:00,2024-11-01 17:35:00+00:00,2024-11-01 19:05:00+00:00,LONG,17.304242437027067,2509.929902068908,2504.32,-22.350831647863778,12.0,0.0,-34.35083164786378,18
BTCUSDT,2024-11-01 19:20:00+00:00,2024-11-01 19:25:00+00:00,2024-11-01 20:55:00+00:00,LONG,16.42847508348262,69122.38351263717,69175.8,7.727813285411944,12.0,0.0,-4.272186714588056,18
ETHUSDT,2024-11-01 19:20:00+00:00,2024-11-01 19:25:00+00:00,2024-11-01 20:55:00+00:00,LONG,17.598106534217653,2508.361927379152,2517.59,36.789238905767796,12.0,0.0,24.789238905767796,18
ETHUSDT,2024-11-01 21:20:00+00:00,2024-11-01 21:25:00+00:00,2024-11-01 22:55:00+00:00,LONG,17.91552851478208,2499.7858939767807,2512.11,49.30064631900821,12.0,0.0,37.30064631900821,18
ETHUSDT,2024-11-02 12:45:00+00:00,2024-11-02 12:50:00+00:00,2024-11-02 14:20:00+00:00,LONG,15.13956835601268,2484.373445412113,2482.71,-6.695633521542899,12.0,0.0,-18.6956335215429,18
ETHUSDT,2024-11-03 14:00:00+00:00,2024-11-03 14:05:00+00:00,2024-11-03 15:35:00+00:00,LONG,18.65620248357771,2427.7428997716047,2426.48,-5.201950221843665,12.0,0.0,-17.201950221843667,18
ETHUSDT,2024-11-03 18:35:00+00:00,2024-11-03 18:40:00+00:00,2024-11-03 20:10:00+00:00,LONG,19.003075049136992,2422.2480743980027,2450.99,118.65805945223018,12.0,0.0,106.65805945223018,18
ETHUSDT,2024-11-04 16:30:00+00:00,2024-11-04 16:35:00+00:00,2024-11-04 18:05:00+00:00,LONG,15.740523034225125,2426.928652530288,2421.38,-22.862858059313762,12.0,0.0,-34.862858059313766,18
ETHUSDT,2024-11-04 21:30:00+00:00,2024-11-04 21:35:00+00:00,2024-11-04 23:05:00+00:00,LONG,15.156208782903965,2394.284627944718,2400.11,24.33032391926826,12.0,0.0,12.33032391926826,18
ETHUSDT,2024-11-05 14:40:00+00:00,2024-11-05 14:45:00+00:00,2024-11-05 16:15:00+00:00,SHORT,-15.572403188522562,2469.7881178278553,2445.24,99.39361862929874,12.0,1.0,88.39361862929874,18
BTCUSDT,2024-11-05 14:50:00+00:00,2024-11-05 14:55:00+00:00,2024-11-05 16:25:00+00:00,SHORT,-17.422072633072393,69958.59295950967,69937.9,2.9578867490442917,12.0,1.0,-8.042113250955708,18
BTCUSDT,2024-11-05 16:30:00+00:00,2024-11-05 16:35:00+00:00,2024-11-05 18:05:00+00:00,SHORT,-21.648143069803755,70468.43891295754,70022.4,63.29626707191505,12.0,0.0,51.29626707191505,18
ETHUSDT,2024-11-05 16:30:00+00:00,2024-11-05 16:35:00+00:00,2024-11-05 18:05:00+00:00,SHORT,-20.030846207749004,2468.3945222689053,2454.99,54.30461843913159,12.0,0.0,42.30461843913159,18
ETHUSDT,2024-11-05 19:50:00+00:00,2024-11-05 19:55:00+00:00,2024-11-05 21:25:00+00:00,LONG,18.018228994251395,2419.219223411858,2422.59,13.933324254047363,12.0,0.0,1.9333242540473634,18
ETHUSDT,2024-11-05 21:30:00+00:00,2024-11-05 21:35:00+00:00,2024-11-05 23:05:00+00:00,LONG,16.08521792499722,2421.7833701055397,2435.59,57.01017714833334,12.0,0.0,45.01017714833334,18
BTCUSDT,2024-11-06 10:10:00+00:00,2024-11-06 10:15:00+00:00,2024-11-06 11:45:00+00:00,LONG,16.850998466926992,73447.651075395,74230.8,106.62681694219023,12.0,0.0,94.62681694219023,18
BTCUSDT,2024-11-06 14:35:00+00:00,2024-11-06 14:40:00+00:00,2024-11-06 16:10:00+00:00,SHORT,-17.0588183675429,74712.89990879496,74292.3,56.295487032146376,12.0,1.0,45.295487032146376,18
ETHUSDT,2024-11-06 15:15:00+00:00,2024-11-06 15:20:00+00:00,2024-11-06 16:50:00+00:00,SHORT,-15.521740911465633,2661.69138503086,2662.75,-3.9772265676374374,12.0,1.0,-14.977226567637437,18
ETHUSDT,2024-11-06 18:50:00+00:00,2024-11-06 18:55:00+00:00,2024-11-06 20:25:00+00:00,SHORT,-18.662895790807333,2678.7061763826946,2683.63,-18.381350148506392,12.0,0.0,-30.381350148506392,18
BTCUSDT,2024-11-06 19:50:00+00:00,2024-11-06 19:55:00+00:00,2024-11-06 21:25:00+00:00,SHORT,-18.657933726912432,75811.70259566,76020.0,-27.475626744719595,12.0,0.0,-39.47562674471959,18
ETHUSDT,2024-11-06 20:55:00+00:00,2024-11-06 21:00:00+00:00,2024-11-06 22:30:00+00:00,SHORT,-20.58806700817306,2691.910076384204,2693.79,-6.983604810162358,12.0,0.0,-18.98360481016236,18
ETHUSDT,2024-11-07 06:00:00+00:00,2024-11-07 06:05:00+00:00,2024-11-07 07:35:00+00:00,LONG,15.499427176702127,2833.605691084891,2812.74,-73.63653718842733,12.0,0.0,-85.63653718842733,18
ETHUSDT,2024-11-07 15:15:00+00:00,2024-11-07 15:20:00+00:00,2024-11-07 16:50:00+00:00,SHORT,-17.681625831254525,2822.1960213667576,2845.67,-83.17628703152336,12.0,1.0,-94.17628703152336,18
BTCUSDT,2024-11-07 15:20:00+00:00,2024-11-07 15:25:00+00:00,2024-11-07 16:55:00+00:00,SHORT,-16.51021435474745,75355.62239922452,75944.7,-78.1730124468516,12.0,1.0,-89.1730124468516,18
BTCUSDT,2024-11-07 17:10:00+00:00,2024-11-07 17:15:00+00:00,2024-11-07 18:45:00+00:00,SHORT,-15.933544963229092,76164.62061957887,76496.6,-43.58708514800913,12.0,0.0,-55.58708514800913,18
ETHUSDT,2024-11-07 17:10:00+00:00,2024-11-07 17:15:00+00:00,2024-11-07 18:45:00+00:00,SHORT,-20.001576413714844,2863.47657630884,2868.54,-17.682783693964144,12.0,0.0,-29.682783693964144,18
BTCUSDT,2024-11-07 18:50:00+00:00,2024-11-07 18:55:00+00:00,2024-11-07 20:25:00+00:00,SHORT,-16.66200607381041,76587.57699374358,76506.9,10.533953013055486,12.0,0.0,-1.466046986944514,18
ETHUSDT,2024-11-07 18:50:00+00:00,2024-11-07 18:55:00+00:00,2024-11-07 20:25:00+00:00,SHORT,-20.46480469636313,2878.4697368244733,2890.47,-41.68973195030068,12.0,0.0,-53.68973195030068,18
ETHUSDT,2024-11-07 21:00:00+00:00,2024-11-07 21:05:00+00:00,2024-11-07 22:35:00+00:00,SHORT,-17.603598211939808,2906.874845356529,2872.3,118.94163731114516,12.0,0.0,106.94163731114516,18
ETHUSDT,2024-11-08 10:50:00+00:00,2024-11-08 10:55:00+00:00,2024-11-08 12:25:00+00:00,SHORT,-18.059330394752184,2923.0693252650626,2916.77,21.55037929006842,12.0,0.0,9.55037929006842,18
ETHUSDT,2024-11-08 12:30:00+00:00,2024-11-08 12:35:00+00:00,2024-11-08 14:05:00+00:00,SHORT,-16.392423984419203,2930.3858606086837,2943.95,-46.28789530296995,12.0,0.0,-58.28789530296995,18
BTCUSDT,2024-11-08 13:55:00+00:00,2024-11-08 14:00:00+00:00,2024-11-08 15:30:00+00:00,SHORT,-16.469306882432893,76302.99840831099,76416.3,-14.848904243935923,12.0,0.0,-26.848904243935923,18
ETHUSDT,2024-11-08 14:10:00+00:00,2024-11-08 14:15:00+00:00,2024-11-08 15:45:00+00:00,SHORT,-15.630882293756507,2944.414665723688,2935.54,30.140678984516,12.0,0.0,18.140678984516,18
ETHUSDT,2024-11-08 16:00:00+00:00,2024-11-08 16:05:00+00:00,2024-11-08 17:35:00+00:00,SHORT,-20.02921207381985,2944.794796968899,2909.33,120.43215033320176,12.0,0.0,108.43215033320176,18
ETHUSDT,2024-11-08 18:45:00+00:00,2024-11-08 18:50:00+00:00,2024-11-08 20:20:00+00:00,SHORT,-20.005663685644873,2965.984814267833,2947.48,62.39011804381356,12.0,0.0,50.39011804381356,18
ETHUSDT,2024-11-09 19:00:00+00:00,2024-11-09 19:05:00+00:00,2024-11-09 20:35:00+00:00,SHORT,-17.411066740677374,3074.960062884029,3088.5,-44.03288770935099,12.0,0.0,-56.03288770935099,18
ETHUSDT,2024-11-10 11:45:00+00:00,2024-11-10 11:50:00+00:00,2024-11-10 13:20:00+00:00,SHORT,-18.369856733694153,3230.495482162961,3203.92,82.26441519480821,12.0,0.0,70.26441519480821,18
BTCUSDT,2024-11-10 12:00:00+00:00,2024-11-10 12:05:00+00:00,2024-11-10 13:35:00+00:00,SHORT,-15.97865716427049,80074.78898512796,79829.9,30.582532683720576,12.0,0.0,18.582532683720576,18
ETHUSDT,2024-11-10 16:30:00+00:00,2024-11-10 16:35:00+00:00,2024-11-10 18:05:00+00:00,SHORT,-15.60994454320533,3221.8572627638346,3219.26,8.061383705143532,12.0,0.0,-3.938616294856468,18
BTCUSDT,2024-11-10 17:35:00+00:00,2024-11-10 17:40:00+00:00,2024-11-10 19:10:00+00:00,SHORT,-16.56703195116975,80346.84296413224,80880.0,-66.35693652652375,12.0,0.0,-78.35693652652375,18
ETHUSDT,2024-11-10 18:10:00+00:00,2024-11-10 18:15:00+00:00,2024-11-10 19:45:00+00:00,SHORT,-15.48795555823736,3226.608111451386,3190.59,111.62840421666264,12.0,0.0,99.62840421666264,18
BTCUSDT,2024-11-10 19:45:00+00:00,2024-11-10 19:50:00+00:00,2024-11-10 21:20:00+00:00,LONG,15.554483844596101,79692.11417705202,79329.9,-45.45169629297185,12.0,0.0,-57.45169629297185,18
ETHUSDT,2024-11-10 19:50:00+00:00,2024-11-10 19:55:00+00:00,2024-11-10 21:25:00+00:00,LONG,29.857421658329418,3167.991942860052,3127.59,-127.53170964057814,12.0,0.0,-139.53170964057813,18
ETHUSDT,2024-11-11 06:00:00+00:00,2024-11-11 06:05:00+00:00,2024-11-11 07:35:00+00:00,LONG,29.4235369960894,3137.0035687524464,3137.58,1.8375218099686563,12.0,0.0,-10.162478190031344,18
ETHUSDT,2024-11-11 13:10:00+00:00,2024-11-11 13:15:00+00:00,2024-11-11 14:45:00+00:00,LONG,19.089551006582948,3153.1588812437044,3157.99,15.321520222253415,12.0,0.0,3.3215202222534153,18
BTCUSDT,2024-11-11 16:10:00+00:00,2024-11-11 16:15:00+00:00,2024-11-11 17:45:00+00:00,LONG,18.16700151789399,84753.58723075545,84861.6,12.74433009548881,12.0,0.0,0.7443300954888095,18
ETHUSDT,2024-11-11 16:20:00+00:00,2024-11-11 16:25:00+00:00,2024-11-11 17:55:00+00:00,LONG,20.279180903811888,3313.338296527358,3313.8,1.393469158057492,12.0,0.0,-10.606530841942508,18
ETHUSDT,2024-11-11 18:00:00+00:00,2024-11-11 18:05:00+00:00,2024-11-11 19:35:00+00:00,LONG,17.064843772370583,3284.2485326194974,3321.33,112.90700753065819,12.0,0.0,100.90700753065819,18
ETHUSDT,2024-11-12 06:10:00+00:00,2024-11-12 06:15:00+00:00,2024-11-12 07:45:00+00:00,LONG,21.393570640681467,3338.6196998125242,3365.0,79.01558895419214,12.0,0.0,67.01558895419214,18
BTCUSDT,2024-11-12 06:40:00+00:00,2024-11-12 06:45:00+00:00,2024-11-12 08:15:00+00:00,SHORT,-17.057676737269706,89562.63124960844,88980.3,65.01944410113425,12.0,4.3737,57.393144101134254,18
ETHUSDT,2024-11-12 08:50:00+00:00,2024-11-12 08:55:00+00:00,2024-11-12 10:25:00+00:00,SHORT,-16.90671914059887,3410.944478121547,3341.61,203.2706148290353,12.0,0.0,191.2706148290353,18
BTCUSDT,2024-11-12 10:30:00+00:00,2024-11-12 10:35:00+00:00,2024-11-12 12:05:00+00:00,LONG,18.637767472468866,87267.56870794887,87422.0,17.696298216804962,12.0,0.0,5.696298216804962,18
ETHUSDT,2024-11-12 10:30:00+00:00,2024-11-12 10:35:00+00:00,2024-11-12 12:05:00+00:00,LONG,26.184251583297556,3312.092412434897,3293.09,-57.37283284595107,12.0,0.0,-69.37283284595108,18
ETHUSDT,2024-11-12 12:15:00+00:00,2024-11-12 12:20:00+00:00,2024-11-12 13:50:00+00:00,LONG,35.8414439346511,3278.5631615032235,3212.68,-200.95132610779442,12.0,0.0,-212.95132610779442,18
BTCUSDT,2024-11-12 12:45:00+00:00,2024-11-12 12:50:00+00:00,2024-11-12 14:20:00+00:00,LONG,15.73894294602352,86681.15642034839,85922.9,-87.47650027548404,12.0,0.0,-99.47650027548404,18
ETHUSDT,2024-11-12 14:10:00+00:00,2024-11-12 14:15:00+00:00,2024-11-12 15:45:00+00:00,LONG,30.615818149860402,3252.4531380529093,3268.76,50.13711575519552,12.0,0.0,38.13711575519552,18
BTCUSDT,2024-11-12 14:45:00+00:00,2024-11-12 14:50:00+00:00,2024-11-12 16:20:00+00:00,SHORT,-16.070059805065107,86873.10412007576,86276.4,68.686865298494,12.0,3.8754000000000004,60.562265298494,18
ETHUSDT,2024-11-12 16:00:00+00:00,2024-11-12 16:05:00+00:00,2024-11-12 17:35:00+00:00,LONG,24.448030438164793,3261.962286334675,3268.21,19.153236968736387,12.0,0.0,7.153236968736387,18
BTCUSDT,2024-11-12 18:20:00+00:00,2024-11-12 18:25:00+00:00,2024-11-12 19:55:00+00:00,SHORT,-16.059259573263194,88144.72498109429,88991.6,-96.07778787526611,12.0,0.0,-108.07778787526611,18
ETHUSDT,2024-11-12 20:10:00+00:00,2024-11-12 20:15:00+00:00,2024-11-12 21:45:00+00:00,LONG,17.06186131535133,3269.4169143950635,3279.33,30.320653084314753,12.0,0.0,18.320653084314753,18
BTCUSDT,2024-11-12 20:40:00+00:00,2024-11-12 20:45:00+00:00,2024-11-12 22:15:00+00:00,SHORT,-16.31636449680562,89737.20977284062,88050.1,188.00559735602906,12.0,0.0,176.00559735602906,18
BTCUSDT,2024-11-13 06:00:00+00:00,2024-11-13 06:05:00+00:00,2024-11-13 07:35:00+00:00,LONG,38.78895649359431,86754.29966748897,87040.0,32.93212366488607,12.0,0.0,20.93212366488607,18
ETHUSDT,2024-11-13 06:10:00+00:00,2024-11-13 06:15:00+00:00,2024-11-13 07:45:00+00:00,LONG,75.87972644645637,3146.9568528419227,3152.99,19.17136916773643,12.0,0.0,7.1713691677364295,18
ETHUSDT,2024-11-13 07:55:00+00:00,2024-11-13 08:00:00+00:00,2024-11-13 09:30:00+00:00,LONG,22.715375751562135,3160.564670158694,3162.57,6.344846730206299,12.0,-3.3556,-9.0107532697937,18
ETHUSDT,2024-11-13 09:35:00+00:00,2024-11-13 09:40:00+00:00,2024-11-13 11:10:00+00:00,SHORT,-30.281949746654785,3156.304356141267,3175.39,-60.468325310889526,12.0,0.0,-72.46832531088953,18
BTCUSDT,2024-11-13 13:20:00+00:00,2024-11-13 13:25:00+00:00,2024-11-13 14:55:00+00:00,SHORT,-16.207234964848308,88150.70569934376,91660.6,-398.1697336181811,12.0,0.0,-410.1697336181811,18
ETHUSDT,2024-11-13 16:20:00+00:00,2024-11-13 16:25:00+00:00,2024-11-13 17:55:00+00:00,LONG,19.25003668640834,3305.7509456876237,3277.94,-84.1289805086598,12.0,0.0,-96.1289805086598,18
BTCUSDT,2024-11-13 16:50:00+00:00,2024-11-13 16:55:00+00:00,2024-11-13 18:25:00+00:00,LONG,25.047999037308806,92259.73395916409,92745.1,52.60865385225966,12.0,0.0,40.60865385225966,18
ETHUSDT,2024-11-13 19:00:00+00:00,2024-11-13 19:05:00+00:00,2024-11-13 20:35:00+00:00,LONG,26.913119379615324,3252.623477820173,3192.63,-184.44642679754318,12.0,0.0,-196.44642679754318,18
BTCUSDT,2024-11-13 19:10:00+00:00,2024-11-13 19:15:00+00:00,2024-11-13 20:45:00+00:00,LONG,15.03305401423842,90838.06231280681,90798.9,-4.311222829914696,12.0,0.0,-16.311222829914698,18
ETHUSDT,2024-11-13 20:40:00+00:00,2024-11-13 20:45:00+00:00,2024-11-13 22:15:00+00:00,LONG,29.702079857078466,3191.767117418792,3171.51,-63.466777723977245,12.0,0.0,-75.46677772397724,18
BTCUSDT,2024-11-13 20:50:00+00:00,2024-11-13 20:55:00+00:00,2024-11-13 22:25:00+00:00,LONG,22.90586487750379,89945.83529534677,89622.9,-35.90330717218704,12.0,0.0,-47.90330717218704,18
BTCUSDT,2024-11-14 09:55:00+00:00,2024-11-14 10:00:00+00:00,2024-11-14 11:30:00+00:00,SHORT,-15.345123547349264,90993.54712619173,91263.8,-29.700224064623804,12.0,0.0,-41.700224064623804,18
ETHUSDT,2024-11-14 11:00:00+00:00,2024-11-14 11:05:00+00:00,2024-11-14 12:35:00+00:00,LONG,23.25898544186425,3165.5251861692727,3191.0,80.47578942676381,12.0,0.0,68.47578942676381,18
BTCUSDT,2024-11-14 11:50:00+00:00,2024-11-14 11:55:00+00:00,2024-11-14 13:25:00+00:00,SHORT,-15.496049269192751,91680.69270197951,91001.1,74.12604354862462,12.0,0.0,62.12604354862462,18
ETHUSDT,2024-11-14 13:50:00+00:00,2024-11-14 13:55:00+00:00,2024-11-14 15:25:00+00:00,LONG,16.16436262957821,3169.370933202396,3082.45,-274.25295124597346,12.0,0.0,-286.25295124597346,18
BTCUSDT,2024-11-14 14:55:00+00:00,2024-11-14 15:00:00+00:00,2024-11-14 16:30:00+00:00,LONG,16.86006791014339,88666.6395154534,88269.1,-44.835297427067154,12.0,-1.0,-57.835297427067154,18
ETHUSDT,2024-11-14 15:40:00+00:00,2024-11-14 15:45:00+00:00,2024-11-14 17:15:00+00:00,LONG,53.004349402615134,3074.383663487938,3138.4,208.22494366052658,12.0,-1.0,195.22494366052658,18
ETHUSDT,2024-11-14 17:40:00+00:00,2024-11-14 17:45:00+00:00,2024-11-14 19:15:00+00:00,LONG,19.18131309475495,3133.8589598912545,3138.43,14.585979034946739,12.0,0.0,2.585979034946739,18
ETHUSDT,2024-11-14 20:40:00+00:00,2024-11-14 20:45:00+00:00,2024-11-14 22:15:00+00:00,LONG,18.21112997647667,3107.0166845049207,3110.97,12.723830917273915,12.0,0.0,0.723830917273915,18
BTCUSDT,2024-11-14 21:05:00+00:00,2024-11-14 21:10:00+00:00,2024-11-14 22:40:00+00:00,LONG,22.957155019923253,87141.29571859985,87436.9,33.92241060480971,12.0,0.0,21.922410604809713,18
BTCUSDT,2024-11-15 06:00:00+00:00,2024-11-15 06:05:00+00:00,2024-11-15 07:35:00+00:00,LONG,16.29250114387012,87935.64817384796,88114.3,20.31620052414418,12.0,0.0,8.316200524144179,18
ETHUSDT,2024-11-15 06:00:00+00:00,2024-11-15 06:05:00+00:00,2024-11-15 07:35:00+00:00,LONG,30.848262240762246,3066.9946565544433,3064.38,-8.52514219043532,12.0,0.0,-20.525142190435318,18
ETHUSDT,2024-11-15 07:50:00+00:00,2024-11-15 07:55:00+00:00,2024-11-15 09:25:00+00:00,LONG,19.13394148550103,3047.299142286749,3105.91,192.33706628903002,12.0,-1.3108,179.02626628903002,18
BTCUSDT,2024-11-15 12:05:00+00:00,2024-11-15 12:10:00+00:00,2024-11-15 13:40:00+00:00,SHORT,-23.66682422195485,90040.51886523416,89613.2,47.45850763851589,12.0,0.0,35.45850763851589,18
ETHUSDT,2024-11-15 12:20:00+00:00,2024-11-15 12:25:00+00:00,2024-11-15 13:55:00+00:00,SHORT,-15.039355539137873,3107.7164735544325,3107.2,1.6619069301448963,12.0,0.0,-10.338093069855104,18
ETHUSDT,2024-11-15 14:50:00+00:00,2024-11-15 14:55:00+00:00,2024-11-15 16:25:00+00:00,LONG,18.962137413461026,3061.115756515534,3049.0,-39.57954379786521,12.0,-1.0,-52.57954379786521,18
BTCUSDT,2024-11-15 15:05:00+00:00,2024-11-15 15:10:00+00:00,2024-11-15 16:40:00+00:00,LONG,16.30291430369276,88324.30764438242,89204.9,99.69988773227412,12.0,-1.0977000000000001,86.60218773227412,18
ETHUSDT,2024-11-15 17:25:00+00:00,2024-11-15 17:30:00+00:00,2024-11-15 19:00:00+00:00,LONG,17.9336470968697,3040.5035146986975,3022.58,-58.949166189250505,12.0,0.0,-70.9491661892505,18
BTCUSDT,2024-11-15 19:45:00+00:00,2024-11-15 19:50:00+00:00,2024-11-15 21:20:00+00:00,SHORT,-17.514367098897242,90883.29874290749,91396.5,-56.46815907774938,12.0,0.0,-68.46815907774938,18
ETHUSDT,2024-11-15 20:50:00+00:00,2024-11-15 20:55:00+00:00,2024-11-15 22:25:00+00:00,SHORT,-15.087509177767613,3092.796448664741,3105.54,-41.203976875880954,12.0,0.0,-53.203976875880954,18
BTCUSDT,2024-11-15 21:50:00+00:00,2024-11-15 21:55:00+00:00,2024-11-15 23:25:00+00:00,SHORT,-19.007649647104802,91797.31238492843,91367.9,46.77831777120112,12.0,0.0,34.77831777120112,18
BTCUSDT,2024-11-16 10:30:00+00:00,2024-11-16 10:35:00+00:00,2024-11-16 12:05:00+00:00,SHORT,-17.296761925336384,91635.17517411863,91354.8,30.596893996860388,12.0,0.0,18.596893996860388,18
ETHUSDT,2024-11-16 11:50:00+00:00,2024-11-16 11:55:00+00:00,2024-11-16 13:25:00+00:00,SHORT,-15.994904366499846,3185.1240079316735,3183.65,4.627788205429084,12.0,0.0,-7.372211794570916,18
ETHUSDT,2024-11-16 15:45:00+00:00,2024-11-16 15:50:00+00:00,2024-11-16 17:20:00+00:00,LONG,16.09663311937977,3129.8321124265726,3152.85,73.54352165420686,12.0,-1.1351,60.408421654206855,18
ETHUSDT,2024-11-17 06:00:00+00:00,2024-11-17 06:05:00+00:00,2024-11-17 07:35:00+00:00,LONG,15.686224791327037,3106.6534168652324,3149.36,137.46812857502678,12.0,0.0,125.46812857502678,18
ETHUSDT,2024-11-17 11:30:00+00:00,2024-11-17 11:35:00+00:00,2024-11-17 13:05:00+00:00,LONG,18.95675098223395,3119.2586507771034,3120.78,4.877278203645474,12.0,0.0,-7.122721796354526,18
ETHUSDT,2024-11-17 13:35:00+00:00,2024-11-17 13:40:00+00:00,2024-11-17 15:10:00+00:00,LONG,15.46433433294074,3088.5073051013433,3084.49,-13.007270841509655,12.0,0.0,-25.007270841509655,18
BTCUSDT,2024-11-17 21:55:00+00:00,2024-11-17 22:00:00+00:00,2024-11-17 23:30:00+00:00,LONG,15.408691351311798,89153.40566311836,89711.3,62.57689571498082,12.0,0.0,50.57689571498082,18
BTCUSDT,2024-11-18 06:55:00+00:00,2024-11-18 07:00:00+00:00,2024-11-18 08:30:00+00:00,LONG,24.531623107014504,92169.1244553278,91977.3,-20.812224968108637,12.0,-3.645,-36.45722496810864,18
BTCUSDT,2024-11-18 11:35:00+00:00,2024-11-18 11:40:00+00:00,2024-11-18 13:10:00+00:00,LONG,20.7703518990134,90689.17569941893,89919.6,-84.85860561459057,12.0,0.0,-96.85860561459057,18
ETHUSDT,2024-11-18 11:35:00+00:00,2024-11-18 11:40:00+00:00,2024-11-18 13:10:00+00:00,LONG,19.062780598592685,3071.9880109900746,3060.6,-37.07049294897624,12.0,0.0,-49.07049294897624,18
BTCUSDT,2024-11-18 15:50:00+00:00,2024-11-18 15:55:00+00:00,2024-11-18 17:25:00+00:00,LONG,15.731699261314319,92562.10234118535,91864.3,-75.38747754596619,12.0,-2.1317999999999997,-89.51927754596619,18
ETHUSDT,2024-11-18 15:50:00+00:00,2024-11-18 15:55:00+00:00,2024-11-18 17:25:00+00:00,LONG,17.593323347316137,3155.5194436451998,3182.49,85.47105107881814,12.0,-1.9762,71.49485107881813,18
BTCUSDT,2024-11-18 18:55:00+00:00,2024-11-18 19:00:00+00:00,2024-11-18 20:30:00+00:00,LONG,15.23631636424194,90358.10895675597,91827.5,162.61861389189392,12.0,0.0,150.61861389189392,18
ETHUSDT,2024-11-19 06:10:00+00:00,2024-11-19 06:15:00+00:00,2024-11-19 07:45:00+00:00,LONG,16.194123992848745,3123.1607365340965,3123.15,-0.03437714226728339,12.0,0.0,-12.034377142267283,18
BTCUSDT,2024-11-19 12:15:00+00:00,2024-11-19 12:20:00+00:00,2024-11-19 13:50:00+00:00,SHORT,-15.544189303750555,92328.98264901058,91584.1,80.6770125305345,12.0,0.0,68.6770125305345,18
ETHUSDT,2024-11-19 12:15:00+00:00,2024-11-19 12:20:00+00:00,2024-11-19 13:50:00+00:00,SHORT,-18.219112059071296,3143.3024404240286,3106.31,117.68654504349385,12.0,0.0,105.68654504349385,18
BTCUSDT,2024-11-19 18:45:00+00:00,2024-11-19 18:50:00+00:00,2024-11-19 20:20:00+00:00,SHORT,-17.431116354444526,93655.19459206896,93506.4,15.887489499868401,12.0,0.0,3.8874894998684013,18
ETHUSDT,2024-11-19 18:55:00+00:00,2024-11-19 19:00:00+00:00,2024-11-19 20:30:00+00:00,SHORT,-15.352887286641549,3145.3517771718393,3121.3,76.46768589256281,12.0,0.0,64.46768589256281,18
ETHUSDT,2024-11-19 20:50:00+00:00,2024-11-19 20:55:00+00:00,2024-11-19 22:25:00+00:00,LONG,18.352075945437957,3087.311740470335,3085.31,-6.48376529034933,12.0,0.0,-18.483765290349332,18
BTCUSDT,2024-11-19 21:30:00+00:00,2024-11-19 21:35:00+00:00,2024-11-19 23:05:00+00:00,LONG,15.119414573659546,92135.85600338815,91766.1,-40.131607761320076,12.0,0.0,-52.131607761320076,18
BTCUSDT,2024-11-20 14:10:00+00:00,2024-11-20 14:15:00+00:00,2024-11-20 15:45:00+00:00,SHORT,-15.674318921033985,94420.00023245194,94717.4,-31.49753937893296,12.0,0.0,-43.497539378932956,18
ETHUSDT,2024-11-20 17:10:00+00:00,2024-11-20 17:15:00+00:00,2024-11-20 18:45:00+00:00,LONG,15.678972174780212,3076.14492619536,3049.22,-87.5281459143129,12.0,0.0,-99.5281459143129,18
BTCUSDT,2024-11-20 18:15:00+00:00,2024-11-20 18:20:00+00:00,2024-11-20 19:50:00+00:00,LONG,15.713464992715847,93807.77286641164,93892.0,8.978694516956764,12.0,0.0,-3.0213054830432355,18
ETHUSDT,2024-11-20 18:50:00+00:00,2024-11-20 18:55:00+00:00,2024-11-20 20:25:00+00:00,LONG,27.040036686840615,3044.9887389876267,3077.75,107.59074604415719,12.0,0.0,95.59074604415719,18
ETHUSDT,2024-11-20 21:25:00+00:00,2024-11-20 21:30:00+00:00,2024-11-20 23:00:00+00:00,LONG,15.030255723004139,3070.773698491685,3075.82,16.433322686051355,12.0,0.0,4.433322686051355,18
ETHUSDT,2024-11-21 06:00:00+00:00,2024-11-21 06:05:00+00:00,2024-11-21 07:35:00+00:00,LONG,20.466740685185925,3104.7283295862776,3127.36,72.89420526123136,12.0,0.0,60.89420526123136,18
BTCUSDT,2024-11-21 11:15:00+00:00,2024-11-21 11:20:00+00:00,2024-11-21 12:50:00+00:00,SHORT,-19.415534324558905,98198.71143062653,97741.9,46.51908604210719,12.0,0.0,34.51908604210719,18
ETHUSDT,2024-11-21 11:15:00+00:00,2024-11-21 11:20:00+00:00,2024-11-21 12:50:00+00:00,SHORT,-16.574942307811465,3152.8045102562087,3313.74,-510.45185078954614,12.0,0.0,-522.4518507895461,18
BTCUSDT,2024-11-21 14:35:00+00:00,2024-11-21 14:40:00+00:00,2024-11-21 16:10:00+00:00,LONG,16.32235848572517,96561.32018013658,96629.8,7.091847929965311,12.0,-1.0,-5.908152070034689,18
ETHUSDT,2024-11-21 14:35:00+00:00,2024-11-21 14:40:00+00:00,2024-11-21 16:10:00+00:00,LONG,26.662735713325358,3314.8715540331896,3288.75,-78.8011046805348,12.0,-2.0146,-92.81570468053481,18
BTCUSDT,2024-11-21 18:20:00+00:00,2024-11-21 18:25:00+00:00,2024-11-21 19:55:00+00:00,SHORT,-18.76850228434523,98270.99725855736,98070.9,20.361781618120077,12.0,0.0,8.361781618120077,18
ETHUSDT,2024-11-22 06:05:00+00:00,2024-11-22 06:10:00+00:00,2024-11-22 07:40:00+00:00,LONG,15.956116132204588,3376.6826987393506,3383.02,18.767831703627724,12.0,0.0,6.767831703627724,18
ETHUSDT,2024-11-22 10:55:00+00:00,2024-11-22 11:00:00+00:00,2024-11-22 12:30:00+00:00,LONG,18.271770184994068,3322.9171642349284,3356.6,101.36525859749224,12.0,0.0,89.36525859749224,18
ETHUSDT,2024-11-22 13:35:00+00:00,2024-11-22 13:40:00+00:00,2024-11-22 15:10:00+00:00,LONG,15.181189722359495,3293.021370552992,3303.31,31.24373725300389,12.0,0.0,19.24373725300389,18
BTCUSDT,2024-11-22 15:35:00+00:00,2024-11-22 15:40:00+00:00,2024-11-22 17:10:00+00:00,SHORT,-17.703911933212467,98636.9849785824,99103.6,-47.30629403554065,12.0,1.0,-58.30629403554065,18
ETHUSDT,2024-11-22 18:20:00+00:00,2024-11-22 18:25:00+00:00,2024-11-22 19:55:00+00:00,LONG,15.981086106480994,3289.9358468839227,3282.45,-22.75377767932185,12.0,0.0,-34.75377767932185,18
ETHUSDT,2024-11-23 12:55:00+00:00,2024-11-23 13:00:00+00:00,2024-11-23 14:30:00+00:00,SHORT,-15.714008421117377,3405.332325898731,3482.18,-225.66864771703888,12.0,0.0,-237.66864771703888,18
ETHUSDT,2024-11-23 14:40:00+00:00,2024-11-23 14:45:00+00:00,2024-11-23 16:15:00+00:00,SHORT,-16.07454540266599,3485.919910826037,3458.33,79.14671458845723,12.0,3.7006,70.84731458845722,18
BTCUSDT,2024-11-23 14:55:00+00:00,2024-11-23 15:00:00+00:00,2024-11-23 16:30:00+00:00,SHORT,-15.033117217198495,98825.19838430481,97730.0,110.82177442699125,12.0,1.0,99.82177442699125,18
ETHUSDT,2024-11-23 16:20:00+00:00,2024-11-23 16:25:00+00:00,2024-11-23 17:55:00+00:00,LONG,15.296210074159589,3406.491701480958,3425.24,55.03697105996519,12.0,0.0,43.03697105996519,18
ETHUSDT,2024-11-23 19:35:00+00:00,2024-11-23 19:40:00+00:00,2024-11-23 21:10:00+00:00,LONG,15.70572738016217,3408.6531407775083,3417.99,27.39163780202558,12.0,0.0,15.391637802025581,18
ETHUSDT,2024-11-24 11:00:00+00:00,2024-11-24 11:05:00+00:00,2024-11-24 12:35:00+00:00,LONG,21.83608368406452,3367.0307213028914,3324.0,-127.80020399172476,12.0,0.0,-139.80020399172474,18
BTCUSDT,2024-11-24 11:25:00+00:00,2024-11-24 11:30:00+00:00,2024-11-24 13:00:00+00:00,LONG,17.027117307309844,97453.81825070771,96973.6,-49.27649417207136,12.0,0.0,-61.27649417207136,18
ETHUSDT,2024-11-24 12:40:00+00:00,2024-11-24 12:45:00+00:00,2024-11-24 14:15:00+00:00,LONG,22.153816510190918,3294.5309760347864,3292.01,-7.652002828700821,12.0,0.0,-19.652002828700823,18
ETHUSDT,2024-11-24 14:25:00+00:00,2024-11-24 14:30:00+00:00,2024-11-24 16:00:00+00:00,LONG,15.339260749234613,3298.906928095825,3297.12,-5.416727827652901,12.0,-2.7264,-20.143127827652897,18
BTCUSDT,2024-11-24 15:50:00+00:00,2024-11-24 15:55:00+00:00,2024-11-24 17:25:00+00:00,LONG,19.612166051304488,96058.23799221127,96029.2,-3.0229569913231558,12.0,-2.3228,-17.345756991323157,18
ETHUSDT,2024-11-24 17:10:00+00:00,2024-11-24 17:15:00+00:00,2024-11-24 18:45:00+00:00,LONG,15.433364697191232,3301.4973122828665,3331.09,89.63414147586057,12.0,0.0,77.63414147586057,18
ETHUSDT,2024-11-25 11:40:00+00:00,2024-11-25 11:45:00+00:00,2024-11-25 13:15:00+00:00,LONG,16.425178074846933,3467.016642549283,3476.82,28.27606112530523,12.0,0.0,16.27606112530523,18
ETHUSDT,2024-11-25 14:55:00+00:00,2024-11-25 15:00:00+00:00,2024-11-25 16:30:00+00:00,LONG,15.48217919379891,3406.0560212194955,3506.39,294.57524525559944,12.0,-3.1797,279.3955452555994,18
BTCUSDT,2024-11-25 15:55:00+00:00,2024-11-25 16:00:00+00:00,2024-11-25 17:30:00+00:00,SHORT,-16.517974508852006,96127.43874317207,95146.4,102.05605766665182,12.0,0.0,90.05605766665182,18
ETHUSDT,2024-11-25 16:40:00+00:00,2024-11-25 16:45:00+00:00,2024-11-25 18:15:00+00:00,LONG,18.238523813014268,3469.534508940806,3479.39,28.40580208611998,12.0,0.0,16.40580208611998,18
BTCUSDT,2024-11-25 17:35:00+00:00,2024-11-25 17:40:00+00:00,2024-11-25 19:10:00+00:00,LONG,16.229732102627445,95136.95665593496,95173.6,3.851641397103478,12.0,0.0,-8.148358602896522,18
ETHUSDT,2024-11-25 18:30:00+00:00,2024-11-25 18:35:00+00:00,2024-11-25 20:05:00+00:00,LONG,18.24341636774342,3462.2510968853767,3463.86,4.6469856448916325,12.0,0.0,-7.3530143551083675,18
BTCUSDT,2024-11-25 19:30:00+00:00,2024-11-25 19:35:00+00:00,2024-11-25 21:05:00+00:00,LONG,15.940689882703076,94895.85063594233,95089.6,20.41705330204202,12.0,0.0,8.41705330204202,18
BTCUSDT,2024-11-25 21:30:00+00:00,2024-11-25 21:35:00+00:00,2024-11-25 23:05:00+00:00,LONG,18.22926019455935,94578.73048416739,94180.6,-42.09513937534104,12.0,0.0,-54.09513937534104,18
BTCUSDT,2024-11-26 08:20:00+00:00,2024-11-26 08:25:00+00:00,2024-11-26 09:55:00+00:00,LONG,17.16767157142228,92968.6922332521,93503.8,57.55784596876312,12.0,0.0,45.55784596876312,18
ETHUSDT,2024-11-26 10:10:00+00:00,2024-11-26 10:15:00+00:00,2024-11-26 11:45:00+00:00,LONG,18.10672070323368,3342.065274916339,3296.29,-136.96702832198594,12.0,0.0,-148.96702832198594,18
BTCUSDT,2024-11-26 10:55:00+00:00,2024-11-26 11:00:00+00:00,2024-11-26 12:30:00+00:00,LONG,16.043432220868937,92357.2294834631,92308.7,-5.254540844774613,12.0,0.0,-17.254540844774613,18
ETHUSDT,2024-11-26 12:15:00+00:00,2024-11-26 12:20:00+00:00,2024-11-26 13:50:00+00:00,SHORT,-23.095853798608513,3336.1964999402558,3325.28,32.721393780165144,12.0,0.0,20.721393780165144,18
BTCUSDT,2024-11-26 12:35:00+00:00,2024-11-26 12:40:00+00:00,2024-11-26 14:10:00+00:00,SHORT,-16.846959355426822,92138.74098636486,91993.3,15.784998232869496,12.0,0.0,3.784998232869496,18
ETHUSDT,2024-11-26 14:30:00+00:00,2024-11-26 14:35:00+00:00,2024-11-26 16:05:00+00:00,SHORT,-16.135764351475657,3329.7138749187648,3304.64,75.3033920050461,12.0,1.819,65.12239200504611,18
BTCUSDT,2024-11-26 14:40:00+00:00,2024-11-26 14:45:00+00:00,2024-11-26 16:15:00+00:00,SHORT,-16.39320362227095,93041.60750675702,93272.8,-24.848290935450823,12.0,2.9598999999999998,-33.88839093545082,18
BTCUSDT,2024-11-26 16:30:00+00:00,2024-11-26 16:35:00+00:00,2024-11-26 18:05:00+00:00,SHORT,-15.7610284781069,94473.73718771493,93349.5,118.99996985205719,12.0,0.0,106.99996985205719,18
ETHUSDT,2024-11-26 18:25:00+00:00,2024-11-26 18:30:00+00:00,2024-11-26 20:00:00+00:00,LONG,19.4446343969304,3269.991722468619,3303.07,101.15706808703884,12.0,0.0,89.15706808703884,18
BTCUSDT,2024-11-26 18:50:00+00:00,2024-11-26 18:55:00+00:00,2024-11-26 20:25:00+00:00,LONG,17.322752726847426,92583.47686665149,91206.0,-148.78214917716681,12.0,0.0,-160.78214917716681,18
BTCUSDT,2024-11-26 20:30:00+00:00,2024-11-26 20:35:00+00:00,2024-11-26 22:05:00+00:00,LONG,15.810018024047226,91180.94437797372,92060.1,96.41878881862853,12.0,0.0,84.41878881862853,18
ETHUSDT,2024-11-26 21:05:00+00:00,2024-11-26 21:10:00+00:00,2024-11-26 22:40:00+00:00,LONG,16.64399083403962,3306.315288389394,3338.21,96.46603190750946,12.0,0.0,84.46603190750946,18
BTCUSDT,2024-11-27 13:05:00+00:00,2024-11-27 13:10:00+00:00,2024-11-27 14:40:00+00:00,SHORT,-15.796042567803015,93808.56762317725,94739.6,-99.24811777988651,12.0,0.0,-111.24811777988651,18
ETHUSDT,2024-11-27 14:35:00+00:00,2024-11-27 14:40:00+00:00,2024-11-27 16:10:00+00:00,SHORT,-15.608945856557412,3510.1039355218445,3558.04,-136.56594037871005,12.0,1.5706,-146.99534037871004,18
BTCUSDT,2024-11-27 15:30:00+00:00,2024-11-27 15:35:00+00:00,2024-11-27 17:05:00+00:00,SHORT,-15.382353678972928,95398.88279368561,95676.4,-29.090194579590722,12.0,1.0,-40.09019457959072,18
ETHUSDT,2024-11-27 18:15:00+00:00,2024-11-27 18:20:00+00:00,2024-11-27 19:50:00+00:00,SHORT,-15.22770404389734,3586.624600748031,3601.63,-41.837105697764,12.0,0.0,-53.837105697764,18
ETHUSDT,2024-11-27 20:05:00+00:00,2024-11-27 20:10:00+00:00,2024-11-27 21:40:00+00:00,SHORT,-15.162562055607577,3610.8242058079895,3632.37,-59.67001704861197,12.0,0.0,-71.67001704861197,18
ETHUSDT,2024-11-28 06:00:00+00:00,2024-11-28 06:05:00+00:00,2024-11-28 07:35:00+00:00,LONG,18.538674015448304,3578.578207498173,3595.84,48.236454538448385,12.0,0.0,36.236454538448385,18
BTCUSDT,2024-11-28 12:00:00+00:00,2024-11-28 12:05:00+00:00,2024-11-28 13:35:00+00:00,SHORT,-16.969173035223033,95564.9989606662,95178.6,40.43310467938488,12.0,0.0,28.433104679384883,18
ETHUSDT,2024-11-28 12:00:00+00:00,2024-11-28 12:05:00+00:00,2024-11-28 13:35:00+00:00,SHORT,-15.881652711386515,3621.0231709834366,3590.39,84.59810815051205,12.0,0.0,72.59810815051205,18
ETHUSDT,2024-11-28 15:05:00+00:00,2024-11-28 15:10:00+00:00,2024-11-28 16:40:00+00:00,LONG,16.769587590448108,3566.4335521031894,3548.0,-51.686234536232334,12.0,-1.0,-64.68623453623233,18
BTCUSDT,2024-11-28 16:30:00+00:00,2024-11-28 16:35:00+00:00,2024-11-28 18:05:00+00:00,LONG,15.203260659379831,95155.59771638516,95065.4,-9.478971132523828,12.0,0.0,-21.478971132523828,18
ETHUSDT,2024-11-29 07:15:00+00:00,2024-11-29 07:20:00+00:00,2024-11-29 08:50:00+00:00,LONG,15.12282780601108,3543.7217183175453,3566.18,63.374845621673174,12.0,-1.5353999999999999,49.83944562167317,18
BTCUSDT,2024-11-29 11:45:00+00:00,2024-11-29 11:50:00+00:00,2024-11-29 13:20:00+00:00,SHORT,-15.76078986246247,97420.34581456556,96909.2,52.468076385040476,12.0,0.0,40.468076385040476,18
ETHUSDT,2024-11-29 14:40:00+00:00,2024-11-29 14:45:00+00:00,2024-11-29 16:15:00+00:00,SHORT,-16.996829367539746,3624.078806804956,3607.35,46.16016289034408,12.0,1.0,35.16016289034408,18
BTCUSDT,2024-11-29 14:45:00+00:00,2024-11-29 14:50:00+00:00,2024-11-29 16:20:00+00:00,SHORT,-15.259136987224712,97693.70004833481,97890.9,-20.185534130412464,12.0,2.1921,-29.993434130412464,18
ETHUSDT,2024-11-30 10:50:00+00:00,2024-11-30 10:55:00+00:00,2024-11-30 12:25:00+00:00,LONG,17.88531193239489,3648.452284453945,3668.31,54.42777922756159,12.0,0.0,42.42777922756159,18
ETHUSDT,2024-11-30 19:35:00+00:00,2024-11-30 19:40:00+00:00,2024-11-30 21:10:00+00:00,SHORT,-17.756005499154885,3692.9524738805776,3707.79,-40.17795036455274,12.0,0.0,-52.17795036455274,18
ETHUSDT,2024-11-30 21:40:00+00:00,2024-11-30 21:45:00+00:00,2024-11-30 23:15:00+00:00,SHORT,-15.312336778037023,3720.4593259141334,3724.42,-10.645658879482323,12.0,0.0,-22.645658879482323,18
ETHUSDT,2024-12-01 20:00:00+00:00,2024-12-01 20:05:00+00:00,2024-12-01 21:35:00+00:00,LONG,15.119918790541256,3699.154915867085,3698.16,-2.689576105119329,12.0,0.0,-14.689576105119329,18
ETHUSDT,2024-12-02 08:20:00+00:00,2024-12-02 08:25:00+00:00,2024-12-02 09:55:00+00:00,LONG,17.5162305320055,3622.4494238176035,3619.68,-7.645169037818755,12.0,0.0,-19.645169037818754,18
BTCUSDT,2024-12-02 09:45:00+00:00,2024-12-02 09:50:00+00:00,2024-12-02 11:20:00+00:00,SHORT,-15.737279767839071,95358.11234964227,95227.6,13.686549201363807,12.0,0.0,1.6865492013638068,18
ETHUSDT,2024-12-02 13:05:00+00:00,2024-12-02 13:10:00+00:00,2024-12-02 14:40:00+00:00,SHORT,-18.11474982294329,3605.6452977496324,3643.66,-105.43106465323416,12.0,0.0,-117.43106465323416,18
ETHUSDT,2024-12-02 17:45:00+00:00,2024-12-02 17:50:00+00:00,2024-12-02 19:20:00+00:00,LONG,19.708605264772526,3589.8337679917163,3592.89,8.51357529569885,12.0,0.0,-3.4864247043011503,18
ETHUSDT,2024-12-02 19:35:00+00:00,2024-12-02 19:40:00+00:00,2024-12-02 21:10:00+00:00,LONG,18.260101684688465,3608.3445956461,3609.18,2.315201144889034,12.0,0.0,-9.684798855110966,18
BTCUSDT,2024-12-02 21:00:00+00:00,2024-12-02 21:05:00+00:00,2024-12-02 22:35:00+00:00,LONG,17.842495579855633,95512.29182225764,95201.8,-32.50804858032752,12.0,0.0,-44.50804858032752,18
ETHUSDT,2024-12-03 14:50:00+00:00,2024-12-03 14:55:00+00:00,2024-12-03 16:25:00+00:00,SHORT,-18.287361093259218,3583.8542772736882,3578.2,15.777084770282057,12.0,1.4297,5.2067847702820576,18
ETHUSDT,2024-12-03 16:45:00+00:00,2024-12-03 16:50:00+00:00,2024-12-03 18:20:00+00:00,LONG,17.157348580110902,3549.9398810872117,3572.61,63.86057136788858,12.0,0.0,51.86057136788858,18
BTCUSDT,2024-12-03 17:00:00+00:00,2024-12-03 17:05:00+00:00,2024-12-03 18:35:00+00:00,LONG,15.475592497412821,95203.55465443592,95613.5,43.05987807409872,12.0,0.0,31.05987807409872,18
ETHUSDT,2024-12-03 19:10:00+00:00,2024-12-03 19:15:00+00:00,2024-12-03 20:45:00+00:00,LONG,15.55622088143027,3558.3719650282806,3599.0,114.17590788993515,12.0,0.0,102.17590788993515,18
ETHUSDT,2024-12-04 14:30:00+00:00,2024-12-04 14:35:00+00:00,2024-12-04 16:05:00+00:00,SHORT,-19.376637724234367,3741.3609040273586,3826.5,-227.5618368733001,12.0,1.9842,-237.57763687330012,18
BTCUSDT,2024-12-04 14:35:00+00:00,2024-12-04 14:40:00+00:00,2024-12-04 16:10:00+00:00,SHORT,-16.385011677857914,96535.78427689275,95386.9,119.01123355432918,12.0,2.3234,109.33463355432919,18
BTCUSDT,2024-12-04 16:15:00+00:00,2024-12-04 16:20:00+00:00,2024-12-04 17:50:00+00:00,LONG,15.672947944695169,95129.61762200225,95382.4,26.572416069428062,12.0,0.0,14.572416069428062,18
ETHUSDT,2024-12-04 20:10:00+00:00,2024-12-04 20:15:00+00:00,2024-12-04 21:45:00+00:00,SHORT,-16.079647492961254,3877.7794279474365,3861.4,42.23919449721336,12.0,0.0,30.23919449721336,18
BTCUSDT,2024-12-05 06:00:00+00:00,2024-12-05 06:05:00+00:00,2024-12-05 07:35:00+00:00,LONG,26.653804927945732,102510.8947718302,102384.4,-12.339641763127185,12.0,0.0,-24.339641763127183,18
ETHUSDT,2024-12-05 06:00:00+00:00,2024-12-05 06:05:00+00:00,2024-12-05 07:35:00+00:00,LONG,17.614600284745688,3846.3766193494826,3866.5,52.317759392788155,12.0,0.0,40.317759392788155,18
ETHUSDT,2024-12-05 08:50:00+00:00,2024-12-05 08:55:00+00:00,2024-12-05 10:25:00+00:00,SHORT,-15.32703719739726,3904.6443839962003,3916.63,-30.69579409824108,12.0,0.0,-42.69579409824108,18
BTCUSDT,2024-12-05 14:40:00+00:00,2024-12-05 14:45:00+00:00,2024-12-05 16:15:00+00:00,SHORT,-18.928720284082377,103390.80588049722,101514.7,181.45770936979665,12.0,4.7059,174.16360936979663,18
ETHUSDT,2024-12-05 14:45:00+00:00,2024-12-05 14:50:00+00:00,2024-12-05 16:20:00+00:00,SHORT,-15.245907643522811,3954.2300612262557,3903.64,127.9390941926306,12.0,3.1177,119.0567941926306,18
BTCUSDT,2024-12-05 17:10:00+00:00,2024-12-05 17:15:00+00:00,2024-12-05 18:45:00+00:00,LONG,15.38596841804094,100624.4427684355,101233.9,60.56751369714508,12.0,0.0,48.56751369714508,18
BTCUSDT,2024-12-05 18:50:00+00:00,2024-12-05 18:55:00+00:00,2024-12-05 20:25:00+00:00,LONG,24.322642932896187,100526.07688151309,98539.7,-197.5981698613749,12.0,0.0,-209.5981698613749,18
ETHUSDT,2024-12-05 18:55:00+00:00,2024-12-05 19:00:00+00:00,2024-12-05 20:30:00+00:00,LONG,27.55907026574928,3870.415260455431,3808.68,-159.5055215035679,12.0,0.0,-171.5055215035679,18
BTCUSDT,2024-12-05 20:40:00+00:00,2024-12-05 20:45:00+00:00,2024-12-05 22:15:00+00:00,LONG,15.566385721606794,98911.47627919438,98606.6,-30.823145166067878,12.0,0.0,-42.823145166067874,18
ETHUSDT,2024-12-05 20:45:00+00:00,2024-12-05 20:50:00+00:00,2024-12-05 22:20:00+00:00,LONG,16.32542517106845,3821.3176030583504,3839.9,48.62824520730058,12.0,0.0,36.62824520730058,18
BTCUSDT,2024-12-06 13:35:00+00:00,2024-12-06 13:40:00+00:00,2024-12-06 15:10:00+00:00,SHORT,-16.158675001595725,98769.84302265872,98996.5,-22.947994084518974,12.0,0.0,-34.947994084518974,18
ETHUSDT,2024-12-06 15:20:00+00:00,2024-12-06 15:25:00+00:00,2024-12-06 16:55:00+00:00,SHORT,-16.400621550793844,4022.3830780802273,4004.71,43.93683479958832,12.0,2.6350000000000002,34.571834799588316,18
BTCUSDT,2024-12-06 15:25:00+00:00,2024-12-06 15:30:00+00:00,2024-12-06 17:00:00+00:00,SHORT,-16.670035431319913,99186.89955697369,99055.9,13.207344675437716,12.0,1.0,2.2073446754377155,18
BTCUSDT,2024-12-06 17:35:00+00:00,2024-12-06 17:40:00+00:00,2024-12-06 19:10:00+00:00,SHORT,-22.59825993104086,99842.1914338671,101359.3,-151.9506477517374,12.0,0.0,-163.9506477517374,18
ETHUSDT,2024-12-07 11:20:00+00:00,2024-12-07 11:25:00+00:00,2024-12-07 12:55:00+00:00,SHORT,-15.02306547306181,3999.6213977829816,3998.0,4.053878159269164,12.0,0.0,-7.946121840730836,18
ETHUSDT,2024-12-09 08:45:00+00:00,2024-12-09 08:50:00+00:00,2024-12-09 10:20:00+00:00,LONG,15.709907710547597,3867.518229080038,3878.67,28.83443660617102,12.0,0.0,16.83443660617102,18
ETHUSDT,2024-12-09 14:50:00+00:00,2024-12-09 14:55:00+00:00,2024-12-09 16:25:00+00:00,LONG,15.694724894140572,3938.3249602157935,3843.19,-241.5619868264518,12.0,-1.3421,-254.9040868264518,18
BTCUSDT,2024-12-09 17:40:00+00:00,2024-12-09 17:45:00+00:00,2024-12-09 19:15:00+00:00,LONG,15.886684382761354,97610.1652209433,97425.3,-18.93913615706344,12.0,0.0,-30.93913615706344,18
ETHUSDT,2024-12-09 17:40:00+00:00,2024-12-09 17:45:00+00:00,2024-12-09 19:15:00+00:00,LONG,15.897863913238611,3843.1711091972766,3819.65,-61.20234704353078,12.0,0.0,-73.20234704353078,18
ETHUSDT,2024-12-09 19:20:00+00:00,2024-12-09 19:25:00+00:00,2024-12-09 20:55:00+00:00,LONG,21.200816222102937,3829.7425559848893,3754.17,-197.33064267411171,12.0,0.0,-209.33064267411171,18
BTCUSDT,2024-12-09 20:10:00+00:00,2024-12-09 20:15:00+00:00,2024-12-09 21:45:00+00:00,LONG,15.86505088720678,96946.52845559412,97051.9,10.869037404896975,12.0,0.0,-1.1309625951030249,18
ETHUSDT,2024-12-09 21:00:00+00:00,2024-12-09 21:05:00+00:00,2024-12-09 22:35:00+00:00,LONG,84.2961406361931,3539.9539244300886,3719.06,505.9559513864187,12.0,0.0,493.9559513864187,18
BTCUSDT,2024-12-09 21:50:00+00:00,2024-12-09 21:55:00+00:00,2024-12-09 23:25:00+00:00,LONG,17.139283689241584,97162.91023020608,97290.2,13.100654302380388,12.0,0.0,1.1006543023803879,18
ETHUSDT,2024-12-10 06:10:00+00:00,2024-12-10 06:15:00+00:00,2024-12-10 07:45:00+00:00,LONG,48.98581052313938,3715.254120983938,3727.08,31.83060601230192,12.0,0.0,19.83060601230192,18
ETHUSDT,2024-12-10 10:40:00+00:00,2024-12-10 10:45:00+00:00,2024-12-10 12:15:00+00:00,SHORT,-17.76959930865872,3766.5596791927105,3734.24,85.80689527170281,12.0,0.0,73.80689527170281,18
ETHUSDT,2024-12-10 12:25:00+00:00,2024-12-10 12:30:00+00:00,2024-12-10 14:00:00+00:00,LONG,26.738024777683382,3711.745791908012,3693.84,-48.240889629479476,12.0,0.0,-60.240889629479476,18
ETHUSDT,2024-12-10 14:50:00+00:00,2024-12-10 14:55:00+00:00,2024-12-10 16:25:00+00:00,LONG,33.351158955147234,3678.847129019526,3587.99,-246.971743682487,12.0,-1.0,-259.971743682487,18
BTCUSDT,2024-12-10 15:45:00+00:00,2024-12-10 15:50:00+00:00,2024-12-10 17:20:00+00:00,LONG,15.058011679262492,96034.38031393914,94930.9,-114.90471540836045,12.0,-1.0,-127.90471540836045,18
ETHUSDT,2024-12-10 16:30:00+00:00,2024-12-10 16:35:00+00:00,2024-12-10 18:05:00+00:00,LONG,50.5422330289543,3551.0552565334583,3528.15,-64.50267562386091,12.0,0.0,-76.50267562386091,18
BTCUSDT,2024-12-10 17:35:00+00:00,2024-12-10 17:40:00+00:00,2024-12-10 19:10:00+00:00,LONG,20.01967312346408,94552.27965698596,95489.3,99.10076694219727,12.0,0.0,87.10076694219727,18
ETHUSDT,2024-12-10 18:20:00+00:00,2024-12-10 18:25:00+00:00,2024-12-10 19:55:00+00:00,LONG,22.581378247365926,3558.0975853866466,3628.84,198.82089491839005,12.0,0.0,186.82089491839005,18
ETHUSDT,2024-12-10 20:05:00+00:00,2024-12-10 20:10:00+00:00,2024-12-10 21:40:00+00:00,SHORT,-20.53859342052046,3647.4194381712628,3656.15,-23.936270496804912,12.0,0.0,-35.93627049680491,18
BTCUSDT,2024-12-11 14:50:00+00:00,2024-12-11 14:55:00+00:00,2024-12-11 16:25:00+00:00,SHORT,-16.685807383440967,99363.06231255615,100997.5,-164.49147695373645,12.0,1.0,-175.49147695373645,18
ETHUSDT,2024-12-11 14:50:00+00:00,2024-12-11 14:55:00+00:00,2024-12-11 16:25:00+00:00,SHORT,-18.542051471267015,3772.333446603941,3797.21,-65.9447361909482,12.0,1.0,-76.9447361909482,18
ETHUSDT,2024-12-12 12:45:00+00:00,2024-12-12 12:50:00+00:00,2024-12-12 14:20:00+00:00,SHORT,-20.414912042595713,3940.4004011208253,3950.2,-24.869551014123914,12.0,0.0,-36.869551014123914,18
BTCUSDT,2024-12-12 13:15:00+00:00,2024-12-12 13:20:00+00:00,2024-12-12 14:50:00+00:00,SHORT,-17.481306412416405,101316.32688688138,101303.1,1.3055039881315622,12.0,0.0,-10.694496011868438,18
ETHUSDT,2024-12-12 14:40:00+00:00,2024-12-12 14:45:00+00:00,2024-12-12 16:15:00+00:00,SHORT,-17.282457402286294,3961.66842083628,3967.67,-15.1491203356513,12.0,1.0,-26.1491203356513,18
ETHUSDT,2024-12-12 19:20:00+00:00,2024-12-12 19:25:00+00:00,2024-12-12 20:55:00+00:00,LONG,18.827346417123138,3904.612952519583,3884.94,-50.38387353319629,12.0,0.0,-62.38387353319629,18
ETHUSDT,2024-12-12 21:10:00+00:00,2024-12-12 21:15:00+00:00,2024-12-12 22:45:00+00:00,LONG,15.546176199028169,3877.031840295189,3884.16,18.385610431994603,12.0,0.0,6.385610431994603,18
ETHUSDT,2024-12-14 12:50:00+00:00,2024-12-14 12:55:00+00:00,2024-12-14 14:25:00+00:00,LONG,15.544794385972466,3868.092208786164,3876.51,21.762126545783467,12.0,0.0,9.762126545783467,18
ETHUSDT,2024-12-14 17:45:00+00:00,2024-12-14 17:50:00+00:00,2024-12-14 19:20:00+00:00,LONG,23.32975923805764,3845.9656670918935,3839.31,-17.30558114141023,12.0,0.0,-29.30558114141023,18
ETHUSDT,2024-12-15 07:30:00+00:00,2024-12-15 07:35:00+00:00,2024-12-15 09:05:00+00:00,LONG,24.149954697775804,3842.8092587816977,3858.0,39.530302430670346,12.0,-1.0,26.530302430670346,18
ETHUSDT,2024-12-15 21:10:00+00:00,2024-12-15 21:15:00+00:00,2024-12-15 22:45:00+00:00,LONG,17.983810597837866,3871.082719108012,3883.0,30.785394569750046,12.0,0.0,18.785394569750046,18
BTCUSDT,2024-12-16 14:45:00+00:00,2024-12-16 14:50:00+00:00,2024-12-16 16:20:00+00:00,LONG,16.390888984190212,105740.02660020962,106697.0,90.50247390314902,12.0,-0.9181,77.58437390314903,18
BTCUSDT,2024-12-16 19:25:00+00:00,2024-12-16 19:30:00+00:00,2024-12-16 21:00:00+00:00,LONG,15.989753042412545,106020.00917963205,105758.0,-24.713182130376985,12.0,0.0,-36.713182130376985,18
ETHUSDT,2024-12-16 21:05:00+00:00,2024-12-16 21:10:00+00:00,2024-12-16 22:40:00+00:00,LONG,15.414213644899046,4018.9014252550933,4035.88,42.24680565244165,12.0,0.0,30.24680565244165,18
ETHUSDT,2024-12-17 18:20:00+00:00,2024-12-17 18:25:00+00:00,2024-12-17 19:55:00+00:00,LONG,15.549566123026503,3952.415595093573,3944.97,-18.838087530106407,12.0,0.0,-30.838087530106407,18
ETHUSDT,2024-12-17 21:30:00+00:00,2024-12-17 21:35:00+00:00,2024-12-17 23:05:00+00:00,LONG,16.9371319186234,3934.1519370195992,3861.75,-184.0344200698285,12.0,0.0,-196.0344200698285,18
ETHUSDT,2024-12-18 06:00:00+00:00,2024-12-18 06:05:00+00:00,2024-12-18 07:35:00+00:00,LONG,19.16434167857894,3836.966527148497,3837.04,0.1914868190366903,12.0,0.0,-11.80851318096331,18
BTCUSDT,2024-12-18 16:20:00+00:00,2024-12-18 16:25:00+00:00,2024-12-18 17:55:00+00:00,LONG,15.418974779408032,103473.33240362082,104689.4,117.52473493707782,12.0,0.0,105.52473493707782,18
BTCUSDT,2024-12-18 19:45:00+00:00,2024-12-18 19:50:00+00:00,2024-12-18 21:20:00+00:00,LONG,16.320170681381082,103232.27218704288,100972.2,-218.93077999367682,12.0,0.0,-230.93077999367682,18
ETHUSDT,2024-12-18 19:45:00+00:00,2024-12-18 19:50:00+00:00,2024-12-18 21:20:00+00:00,LONG,27.01214578787308,3813.165965128658,3685.42,-335.01286410529406,12.0,0.0,-347.01286410529406,18
ETHUSDT,2024-12-18 21:25:00+00:00,2024-12-18 21:30:00+00:00,2024-12-18 23:00:00+00:00,LONG,15.963083056545516,3687.370952581127,3678.65,-23.65086858164389,12.0,0.0,-35.65086858164389,18
BTCUSDT,2024-12-18 21:55:00+00:00,2024-12-18 22:00:00+00:00,2024-12-18 23:30:00+00:00,LONG,15.619561660838938,100876.56652425432,100895.2,1.847156023218055,12.0,0.0,-10.152843976781945,18
ETHUSDT,2024-12-19 06:10:00+00:00,2024-12-19 06:15:00+00:00,2024-12-19 07:45:00+00:00,LONG,17.03218053793154,3668.167510949664,3692.53,66.41596649447746,12.0,0.0,54.41596649447746,18
ETHUSDT,2024-12-19 10:30:00+00:00,2024-12-19 10:35:00+00:00,2024-12-19 12:05:00+00:00,SHORT,-18.65502035046183,3698.7673866519476,3696.51,6.103078177054355,12.0,0.0,-5.896921822945645,18
ETHUSDT,2024-12-19 15:10:00+00:00,2024-12-19 15:15:00+00:00,2024-12-19 16:45:00+00:00,LONG,20.07369349455231,3613.4563625092846,3624.2,29.73230174351471,12.0,-0.7373,16.99500174351471,18
BTCUSDT,2024-12-19 17:15:00+00:00,2024-12-19 17:20:00+00:00,2024-12-19 18:50:00+00:00,LONG,20.558924295329003,99692.30343757964,98458.7,-123.74109084078322,12.0,0.0,-135.74109084078322,18
ETHUSDT,2024-12-19 17:15:00+00:00,2024-12-19 17:20:00+00:00,2024-12-19 18:50:00+00:00,LONG,17.081819131774846,3571.3504538905413,3488.56,-231.81834143538472,12.0,0.0,-243.81834143538472,18
ETHUSDT,2024-12-19 18:55:00+00:00,2024-12-19 19:00:00+00:00,2024-12-19 20:30:00+00:00,LONG,18.656993174406292,3512.8456355908947,3370.37,-405.5846751345482,12.0,0.0,-417.5846751345482,18
BTCUSDT,2024-12-19 19:25:00+00:00,2024-12-19 19:30:00+00:00,2024-12-19 21:00:00+00:00,LONG,16.615299335443538,98015.06862633875,96409.7,-163.78794085824433,12.0,0.0,-175.78794085824433,18
ETHUSDT,2024-12-19 20:35:00+00:00,2024-12-19 20:40:00+00:00,2024-12-19 22:10:00+00:00,LONG,82.07507799189077,3368.355629851715,3413.71,134.64840157118908,12.0,0.0,122.64840157118908,18
BTCUSDT,2024-12-19 21:05:00+00:00,2024-12-19 21:10:00+00:00,2024-12-19 22:40:00+00:00,LONG,18.274080513712786,96904.9848834083,97382.0,49.22503389950705,12.0,0.0,37.22503389950705,18
BTCUSDT,2024-12-20 06:00:00+00:00,2024-12-20 06:05:00+00:00,2024-12-20 07:35:00+00:00,LONG,18.17439223201611,96892.3249289177,98073.9,121.94723079966607,12.0,0.0,109.94723079966607,18
ETHUSDT,2024-12-20 06:00:00+00:00,2024-12-20 06:05:00+00:00,2024-12-20 07:35:00+00:00,LONG,52.83370826746884,3366.1539443750366,3405.49,116.85756585997797,12.0,0.0,104.85756585997797,18
ETHUSDT,2024-12-20 07:40:00+00:00,2024-12-20 07:45:00+00:00,2024-12-20 09:15:00+00:00,LONG,38.8506438798733,3402.449807279549,3278.44,-364.47211363479835,12.0,-1.0,-377.47211363479835,18
BTCUSDT,2024-12-20 08:10:00+00:00,2024-12-20 08:15:00+00:00,2024-12-20 09:45:00+00:00,LONG,15.324126283657256,97064.15216686673,95139.7,-198.26600489522895,12.0,0.0,-210.26600489522895,18
ETHUSDT,2024-12-20 09:20:00+00:00,2024-12-20 09:25:00+00:00,2024-12-20 10:55:00+00:00,LONG,102.39531773495875,3289.4589465735726,3188.78,-306.0653688304682,12.0,0.0,-318.0653688304682,18
BTCUSDT,2024-12-20 09:50:00+00:00,2024-12-20 09:55:00+00:00,2024-12-20 11:25:00+00:00,LONG,21.00356938656125,94962.92706250111,93752.8,-127.43152511554779,12.0,0.0,-139.4315251155478,18
ETHUSDT,2024-12-20 11:20:00+00:00,2024-12-20 11:25:00+00:00,2024-12-20 12:55:00+00:00,LONG,90.79019000153512,3150.7909781825124,3229.99,251.36234794975954,12.0,0.0,239.36234794975954,18
BTCUSDT,2024-12-20 11:30:00+00:00,2024-12-20 11:35:00+00:00,2024-12-20 13:05:00+00:00,LONG,103.33389225829838,93059.09908165324,94216.2,124.3404384703406,12.0,0.0,112.3404384703406,18
ETHUSDT,2024-12-20 13:00:00+00:00,2024-12-20 13:05:00+00:00,2024-12-20 14:35:00+00:00,LONG,42.60561542680372,3245.559507361704,3338.16,285.3144193728552,12.0,0.0,273.3144193728552,18
BTCUSDT,2024-12-20 14:20:00+00:00,2024-12-20 14:25:00+00:00,2024-12-20 15:55:00+00:00,SHORT,-17.112688610905636,95255.36003037175,97163.1,-200.27639064300163,12.0,0.0,-212.27639064300163,18
ETHUSDT,2024-12-20 14:40:00+00:00,2024-12-20 14:45:00+00:00,2024-12-20 16:15:00+00:00,LONG,25.33913044919438,3331.008927224342,3388.04,171.21260861699517,12.0,-1.0,158.21260861699517,18
BTCUSDT,2024-12-20 16:00:00+00:00,2024-12-20 16:05:00+00:00,2024-12-20 17:35:00+00:00,SHORT,-24.368844177260684,97369.78187435067,96963.3,41.74620365024584,12.0,0.0,29.74620365024584,18
ETHUSDT,2024-12-20 16:25:00+00:00,2024-12-20 16:30:00+00:00,2024-12-20 18:00:00+00:00,LONG,18.468429565726513,3384.4577741666026,3435.98,152.23184708246018,12.0,0.0,140.23184708246018,18
ETHUSDT,2024-12-20 18:40:00+00:00,2024-12-20 18:45:00+00:00,2024-12-20 20:15:00+00:00,LONG,19.159595248262764,3426.551786139372,3469.82,126.27333996716672,12.0,0.0,114.27333996716672,18
BTCUSDT,2024-12-20 20:35:00+00:00,2024-12-20 20:40:00+00:00,2024-12-20 22:10:00+00:00,LONG,16.11255559050731,96714.96397599952,96820.7,10.932747080039107,12.0,0.0,-1.067252919960893,18
ETHUSDT,2024-12-21 07:35:00+00:00,2024-12-21 07:40:00+00:00,2024-12-21 09:10:00+00:00,SHORT,-16.378502843390994,3549.9256378121045,3463.49,243.48577021285678,12.0,1.0,232.48577021285678,18
ETHUSDT,2024-12-21 11:20:00+00:00,2024-12-21 11:25:00+00:00,2024-12-21 12:55:00+00:00,LONG,18.18970929045632,3443.728107688247,3413.99,-86.35440069108769,12.0,0.0,-98.35440069108769,18
ETHUSDT,2024-12-21 13:10:00+00:00,2024-12-21 13:15:00+00:00,2024-12-21 14:45:00+00:00,LONG,15.356309975230007,3404.0054438016055,3383.53,-60.15103130604382,12.0,0.0,-72.15103130604382,18
BTCUSDT,2024-12-21 13:25:00+00:00,2024-12-21 13:30:00+00:00,2024-12-21 15:00:00+00:00,LONG,16.44685477471127,96578.17120315136,97049.6,48.813183245828284,12.0,0.0,36.813183245828284,18
ETHUSDT,2024-12-21 16:00:00+00:00,2024-12-21 16:05:00+00:00,2024-12-21 17:35:00+00:00,LONG,18.674266729272592,3370.131733608386,3355.39,-43.74230675132207,12.0,0.0,-55.74230675132207,18
ETHUSDT,2024-12-21 18:10:00+00:00,2024-12-21 18:15:00+00:00,2024-12-21 19:45:00+00:00,LONG,18.742854126927174,3358.6722163310797,3346.37,-36.628213587684975,12.0,0.0,-48.628213587684975,18
ETHUSDT,2024-12-21 19:50:00+00:00,2024-12-21 19:55:00+00:00,2024-12-21 21:25:00+00:00,LONG,17.177005450374168,3343.271743275833,3347.86,13.723852191778185,12.0,0.0,1.7238521917781853,18
ETHUSDT,2024-12-21 21:45:00+00:00,2024-12-21 21:50:00+00:00,2024-12-21 23:20:00+00:00,LONG,22.985056637476756,3325.198022421186,3324.01,-3.572786983437881,12.0,0.0,-15.572786983437881,18
ETHUSDT,2024-12-22 06:10:00+00:00,2024-12-22 06:15:00+00:00,2024-12-22 07:45:00+00:00,LONG,39.80685583225163,3332.657063429292,3329.39,-9.803179166386622,12.0,0.0,-21.80317916638662,18
ETHUSDT,2024-12-22 10:00:00+00:00,2024-12-22 10:05:00+00:00,2024-12-22 11:35:00+00:00,SHORT,-15.912051868159915,3380.08557393499,3384.69,-13.622217438862272,12.0,0.0,-25.622217438862272,18
ETHUSDT,2024-12-22 14:20:00+00:00,2024-12-22 14:25:00+00:00,2024-12-22 15:55:00+00:00,LONG,21.751455767448547,3331.038013011581,3298.83,-96.69061981812055,12.0,0.0,-108.69061981812055,18
BTCUSDT,2024-12-22 14:25:00+00:00,2024-12-22 14:30:00+00:00,2024-12-22 16:00:00+00:00,LONG,15.541961292719042,95773.1718814625,95341.0,-45.12452422452906,12.0,-0.9629,-58.08742422452906,18
ETHUSDT,2024-12-22 17:45:00+00:00,2024-12-22 17:50:00+00:00,2024-12-22 19:20:00+00:00,LONG,17.184312417402342,3311.1865899803975,3301.3,-29.858148164509934,12.0,0.0,-41.858148164509934,18
ETHUSDT,2024-12-22 19:25:00+00:00,2024-12-22 19:30:00+00:00,2024-12-22 21:00:00+00:00,LONG,15.570520768480103,3285.3921500219026,3289.4,12.199000286985395,12.0,0.0,0.1990002869853953,18
BTCUSDT,2024-12-22 19:50:00+00:00,2024-12-22 19:55:00+00:00,2024-12-22 21:25:00+00:00,LONG,16.262420136939223,94836.85162843566,95596.1,80.05836956070934,12.0,0.0,68.05836956070934,18
ETHUSDT,2024-12-22 21:55:00+00:00,2024-12-22 22:00:00+00:00,2024-12-22 23:30:00+00:00,LONG,17.590722573867126,3279.8255244818347,3288.5,26.447978569030806,12.0,0.0,14.447978569030806,18
ETHUSDT,2024-12-23 06:05:00+00:00,2024-12-23 06:10:00+00:00,2024-12-23 07:40:00+00:00,LONG,16.442853806456665,3290.54750374125,3288.3,-6.830181721109163,12.0,0.0,-18.830181721109163,18
ETHUSDT,2024-12-23 15:00:00+00:00,2024-12-23 15:05:00+00:00,2024-12-23 16:35:00+00:00,LONG,15.888933000243542,3296.499866043744,3294.74,-5.338589762651225,12.0,-0.8674,-18.205989762651225,18
ETHUSDT,2024-12-23 16:55:00+00:00,2024-12-23 17:00:00+00:00,2024-12-23 18:30:00+00:00,LONG,15.275966440308762,3369.4009453808285,3337.06,-95.98425923505904,12.0,0.0,-107.98425923505904,18
ETHUSDT,2024-12-24 13:20:00+00:00,2024-12-24 13:25:00+00:00,2024-12-24 14:55:00+00:00,SHORT,-19.45607652720715,3427.427108222933,3453.19,-75.16685538040413,12.0,0.0,-87.16685538040413,18
ETHUSDT,2024-12-24 15:10:00+00:00,2024-12-24 15:15:00+00:00,2024-12-24 16:45:00+00:00,SHORT,-19.579908479879826,3455.5232314263576,3481.44,-75.00099648568792,12.0,0.2757,-86.72529648568792,18
ETHUSDT,2024-12-24 17:15:00+00:00,2024-12-24 17:20:00+00:00,2024-12-24 18:50:00+00:00,SHORT,-15.679968118992226,3496.065422276677,3493.06,8.59658477077363,12.0,0.0,-3.40341522922637,18
BTCUSDT,2024-12-24 18:10:00+00:00,2024-12-24 18:15:00+00:00,2024-12-24 19:45:00+00:00,SHORT,-15.207039818380194,99315.96165034974,98060.2,126.44107044653686,12.0,0.0,114.44107044653686,18
ETHUSDT,2024-12-24 19:55:00+00:00,2024-12-24 20:00:00+00:00,2024-12-24 21:30:00+00:00,LONG,16.981810627588878,3461.9140459657065,3476.09,40.948313118327476,12.0,0.0,28.948313118327476,18
BTCUSDT,2024-12-25 10:05:00+00:00,2024-12-25 10:10:00+00:00,2024-12-25 11:40:00+00:00,SHORT,-15.311430503427243,98479.58928811377,98556.0,-7.759040471084777,12.0,0.0,-19.759040471084777,18
ETHUSDT,2024-12-25 10:05:00+00:00,2024-12-25 10:10:00+00:00,2024-12-25 11:40:00+00:00,SHORT,-18.42057275927462,3508.461605318895,3508.55,-0.2519471239792459,12.0,0.0,-12.251947123979246,18
ETHUSDT,2024-12-25 12:00:00+00:00,2024-12-25 12:05:00+00:00,2024-12-25 13:35:00+00:00,LONG,15.047673585884073,3463.159038731223,3477.83,42.36294407707008,12.0,0.0,30.362944077070082,18
BTCUSDT,2024-12-25 14:15:00+00:00,2024-12-25 14:20:00+00:00,2024-12-25 15:50:00+00:00,SHORT,-16.778208148666494,98715.88358888088,98627.2,8.98372031498229,12.0,0.0,-3.016279685017709,18
ETHUSDT,2024-12-25 16:30:00+00:00,2024-12-25 16:35:00+00:00,2024-12-25 18:05:00+00:00,LONG,15.284915606496183,3446.358074922227,3471.35,72.51691360694367,12.0,0.0,60.516913606943675,18
ETHUSDT,2024-12-26 09:30:00+00:00,2024-12-26 09:35:00+00:00,2024-12-26 11:05:00+00:00,SHORT,-17.14558351023394,3369.3954839435532,3372.13,-8.115746784482791,12.0,0.0,-20.11574678448279,18
BTCUSDT,2024-12-26 09:45:00+00:00,2024-12-26 09:50:00+00:00,2024-12-26 11:20:00+00:00,SHORT,-17.435003300727505,95624.71137717817,95840.1,-22.52436841061467,12.0,0.0,-34.52436841061467,18
BTCUSDT,2024-12-26 13:50:00+00:00,2024-12-26 13:55:00+00:00,2024-12-26 15:25:00+00:00,SHORT,-16.663124884283786,95687.79010698474,96011.8,-33.8611533041977,12.0,0.0,-45.8611533041977,18
ETHUSDT,2024-12-26 14:30:00+00:00,2024-12-26 14:35:00+00:00,2024-12-26 16:05:00+00:00,SHORT,-15.581590983056,3342.142634313926,3345.2,-9.147921021335215,12.0,0.6305000000000001,-20.517421021335213,18
ETHUSDT,2024-12-26 17:25:00+00:00,2024-12-26 17:30:00+00:00,2024-12-26 19:00:00+00:00,LONG,17.98971641417325,3326.246837789085,3336.37,30.434188154369046,12.0,0.0,18.434188154369046,18
ETHUSDT,2024-12-26 21:10:00+00:00,2024-12-26 21:15:00+00:00,2024-12-26 22:45:00+00:00,LONG,16.408033067860938,3305.944876456748,3335.26,88.67396353768653,12.0,0.0,76.67396353768653,18
ETHUSDT,2024-12-27 13:35:00+00:00,2024-12-27 13:40:00+00:00,2024-12-27 15:10:00+00:00,LONG,16.676519426776736,3388.3241430935927,3352.91,-104.51816767819366,12.0,0.0,-116.51816767819366,18
BTCUSDT,2024-12-27 15:10:00+00:00,2024-12-27 15:15:00+00:00,2024-12-27 16:45:00+00:00,LONG,16.204313967164516,95236.19489623248,94432.8,-84.3581473522581,12.0,-1.0,-97.3581473522581,18
ETHUSDT,2024-12-27 15:25:00+00:00,2024-12-27 15:30:00+00:00,2024-12-27 17:00:00+00:00,LONG,17.188199133713336,3317.8734193545397,3315.58,-6.912317212468544,12.0,-0.5348999999999999,-19.447217212468544,18
ETHUSDT,2024-12-27 21:55:00+00:00,2024-12-27 22:00:00+00:00,2024-12-27 23:30:00+00:00,LONG,15.99132203076874,3316.5163981123246,3323.16,20.03186805123791,12.0,0.0,8.031868051237911,18
ETHUSDT,2024-12-28 17:15:00+00:00,2024-12-28 17:20:00+00:00,2024-12-28 18:50:00+00:00,SHORT,-16.943324071059592,3398.291010746913,3387.85,30.72429851914915,12.0,0.0,18.72429851914915,18
BTCUSDT,2024-12-29 19:35:00+00:00,2024-12-29 19:40:00+00:00,2024-12-29 21:10:00+00:00,LONG,15.286546782806566,93448.26063119197,93749.0,32.18244692589245,12.0,0.0,20.18244692589245,18
ETHUSDT,2024-12-30 13:15:00+00:00,2024-12-30 13:20:00+00:00,2024-12-30 14:50:00+00:00,LONG,22.0096682159392,3374.5904001026765,3321.36,-157.73884765705736,12.0,0.0,-169.73884765705736,18
BTCUSDT,2024-12-30 16:20:00+00:00,2024-12-30 16:25:00+00:00,2024-12-30 17:55:00+00:00,SHORT,-16.568592656213948,91844.67953075352,93770.1,-209.6387595975857,12.0,0.0,-221.6387595975857,18
ETHUSDT,2024-12-30 21:35:00+00:00,2024-12-30 21:40:00+00:00,2024-12-30 23:10:00+00:00,LONG,25.301778567856815,3340.1671630841097,3349.45,27.791533964183213,12.0,0.0,15.791533964183213,18
BTCUSDT,2024-12-30 21:40:00+00:00,2024-12-30 21:45:00+00:00,2024-12-30 23:15:00+00:00,LONG,19.463209105818297,92574.97436267497,92489.9,-9.189779771549,12.0,0.0,-21.189779771549,18
BTCUSDT,2024-12-31 13:25:00+00:00,2024-12-31 13:30:00+00:00,2024-12-31 15:00:00+00:00,SHORT,-15.31925189832899,95771.56030206288,95665.9,11.032534264830973,12.0,0.0,-0.9674657351690268,18
ETHUSDT,2024-12-31 13:25:00+00:00,2024-12-31 13:30:00+00:00,2024-12-31 15:00:00+00:00,SHORT,-17.38827511414931,3429.5852210600874,3426.82,8.062843993806856,12.0,0.0,-3.9371560061931437,18
BTCUSDT,2024-12-31 18:20:00+00:00,2024-12-31 18:25:00+00:00,2024-12-31 19:55:00+00:00,LONG,16.838995774038253,93813.84054774512,94066.6,26.94266120852884,12.0,0.0,14.94266120852884,18
BTCUSDT,2024-12-31 20:35:00+00:00,2024-12-31 20:40:00+00:00,2024-12-31 22:10:00+00:00,LONG,15.937571199389401,93726.32876739089,93693.3,-3.523958297018126,12.0,0.0,-15.523958297018126,18
ETHUSDT,2025-01-02 09:20:00+00:00,2025-01-02 09:25:00+00:00,2025-01-02 10:55:00+00:00,SHORT,-16.67707433378459,3442.441103677758,3465.62,-67.33273169867272,12.0,0.0,-79.33273169867272,18
BTCUSDT,2025-01-02 10:00:00+00:00,2025-01-02 10:05:00+00:00,2025-01-02 11:35:00+00:00,SHORT,-16.720940347390528,96658.45011390011,96560.0,10.185360285013267,12.0,0.0,-1.8146397149867326,18
BTCUSDT,2025-01-02 14:45:00+00:00,2025-01-02 14:50:00+00:00,2025-01-02 16:20:00+00:00,SHORT,-19.253567500297503,97167.16637925543,96936.9,23.69796175352934,12.0,1.0,12.697961753529341,18
ETHUSDT,2025-01-02 14:45:00+00:00,2025-01-02 14:50:00+00:00,2025-01-02 16:20:00+00:00,SHORT,-21.495566781705413,3490.5161001226925,3474.03,47.23112470993218,12.0,1.0,36.23112470993218,18
BTCUSDT,2025-01-02 16:25:00+00:00,2025-01-02 16:30:00+00:00,2025-01-02 18:00:00+00:00,SHORT,-20.49280247930016,97430.94396238055,96734.4,71.49104114699934,12.0,0.0,59.491041146999336,18
BTCUSDT,2025-01-02 18:55:00+00:00,2025-01-02 19:00:00+00:00,2025-01-02 20:30:00+00:00,SHORT,-17.940113468845208,97345.2903079679,97551.6,-21.193597695319255,12.0,0.0,-33.193597695319255,18
ETHUSDT,2025-01-03 14:15:00+00:00,2025-01-03 14:20:00+00:00,2025-01-03 15:50:00+00:00,SHORT,-15.745558987756883,3504.1900464212417,3570.47,-189.14486001251117,12.0,0.0,-201.14486001251117,18
BTCUSDT,2025-01-03 14:25:00+00:00,2025-01-03 14:30:00+00:00,2025-01-03 16:00:00+00:00,SHORT,-15.730260910143382,97065.78491608628,97479.6,-42.63243575184372,12.0,0.5242,-54.10823575184372,18
BTCUSDT,2025-01-03 16:10:00+00:00,2025-01-03 16:15:00+00:00,2025-01-03 17:45:00+00:00,SHORT,-16.1998252670004,97630.57288299238,98163.3,-54.56560391651877,12.0,0.0,-66.56560391651877,18
ETHUSDT,2025-01-03 18:25:00+00:00,2025-01-03 18:30:00+00:00,2025-01-03 20:00:00+00:00,SHORT,-18.120660132700447,3600.5987536362964,3621.9,-59.16028922187344,12.0,0.0,-71.16028922187344,18
BTCUSDT,2025-01-03 18:35:00+00:00,2025-01-03 18:40:00+00:00,2025-01-03 20:10:00+00:00,SHORT,-17.32935909974266,98481.68638896274,98388.3,9.48261472634604,12.0,0.0,-2.517385273653961,18
ETHUSDT,2025-01-04 12:00:00+00:00,2025-01-04 12:05:00+00:00,2025-01-04 13:35:00+00:00,SHORT,-15.989383003926214,3604.992199430676,3630.88,-71.8109752731566,12.0,0.0,-83.8109752731566,18
ETHUSDT,2025-01-04 20:40:00+00:00,2025-01-04 20:45:00+00:00,2025-01-04 22:15:00+00:00,SHORT,-15.826953333943445,3661.708205926329,3653.67,21.952065741664974,12.0,0.0,9.952065741664974,18
BTCUSDT,2025-01-06 15:40:00+00:00,2025-01-06 15:45:00+00:00,2025-01-06 17:15:00+00:00,LONG,15.119272361716256,101856.88227209846,101865.9,0.8853331950064991,12.0,-1.0,-12.114666804993501,18
ETHUSDT,2025-01-07 15:35:00+00:00,2025-01-07 15:40:00+00:00,2025-01-07 17:10:00+00:00,LONG,46.768987076779844,3463.661125779531,3463.93,0.7762717272408182,12.0,-1.0,-12.223728272759182,18
BTCUSDT,2025-01-07 16:30:00+00:00,2025-01-07 16:35:00+00:00,2025-01-07 18:05:00+00:00,SHORT,-16.03697728463673,98072.56650151122,97418.9,66.65130982384859,12.0,0.0,54.65130982384859,18
ETHUSDT,2025-01-07 17:20:00+00:00,2025-01-07 17:25:00+00:00,2025-01-07 18:55:00+00:00,LONG,17.864595454148432,3454.3092843654144,3428.5,-74.71619429745391,12.0,0.0,-86.71619429745391,18
ETHUSDT,2025-01-07 19:05:00+00:00,2025-01-07 19:10:00+00:00,2025-01-07 20:40:00+00:00,LONG,16.434166715346276,3426.752047734655,3386.96,-116.12175955643123,12.0,0.0,-128.12175955643124,18
ETHUSDT,2025-01-07 21:35:00+00:00,2025-01-07 21:40:00+00:00,2025-01-07 23:10:00+00:00,LONG,26.33890890180316,3384.3014115426654,3380.01,-12.680346756434036,12.0,0.0,-24.680346756434034,18
ETHUSDT,2025-01-08 06:00:00+00:00,2025-01-08 06:05:00+00:00,2025-01-08 07:35:00+00:00,LONG,37.14865109872437,3356.426380382966,3333.9,-67.11417987483314,12.0,0.0,-79.11417987483314,18
BTCUSDT,2025-01-08 06:25:00+00:00,2025-01-08 06:30:00+00:00,2025-01-08 08:00:00+00:00,LONG,17.442821741953697,96139.82928237642,95628.3,-53.20680161330249,12.0,-1.0,-66.20680161330249,18
ETHUSDT,2025-01-08 07:50:00+00:00,2025-01-08 07:55:00+00:00,2025-01-08 09:25:00+00:00,LONG,31.83172845231528,3354.0595663034933,3368.42,42.81508247730103,12.0,-1.0,29.815082477301033,18
BTCUSDT,2025-01-08 08:45:00+00:00,2025-01-08 08:50:00+00:00,2025-01-08 10:20:00+00:00,LONG,17.28585661073384,96002.50928266894,95654.1,-36.29168500617786,12.0,0.0,-48.29168500617786,18
BTCUSDT,2025-01-08 15:25:00+00:00,2025-01-08 15:30:00+00:00,2025-01-08 17:00:00+00:00,LONG,16.302629145642864,94688.47278972177,94743.9,5.85363863680799,12.0,-1.0,-7.14636136319201,18
ETHUSDT,2025-01-08 16:45:00+00:00,2025-01-08 16:50:00+00:00,2025-01-08 18:20:00+00:00,LONG,25.46154397899582,3315.3840297780102,3311.5,-11.715173093448383,12.0,0.0,-23.715173093448385,18
BTCUSDT,2025-01-08 17:05:00+00:00,2025-01-08 17:10:00+00:00,2025-01-08 18:40:00+00:00,LONG,22.32013538381524,94066.43667555541,94606.7,57.43422877896531,12.0,0.0,45.43422877896531,18
ETHUSDT,2025-01-08 19:20:00+00:00,2025-01-08 19:25:00+00:00,2025-01-08 20:55:00+00:00,LONG,18.966523812103212,3296.6698745121626,3287.24,-28.604242678554883,12.0,0.0,-40.60424267855488,18
BTCUSDT,2025-01-08 19:35:00+00:00,2025-01-08 19:40:00+00:00,2025-01-08 21:10:00+00:00,LONG,19.498041864737115,94113.42612449214,93872.2,-25.631425230768777,12.0,0.0,-37.63142523076878,18
ETHUSDT,2025-01-09 13:55:00+00:00,2025-01-09 14:00:00+00:00,2025-01-09 15:30:00+00:00,LONG,20.436119955474634,3216.818504245107,3289.2,225.00957284153245,12.0,0.0,213.00957284153245,18
ETHUSDT,2025-01-09 19:20:00+00:00,2025-01-09 19:25:00+00:00,2025-01-09 20:55:00+00:00,LONG,16.80398822718112,3242.358768552166,3190.24,-160.74337318149225,12.0,0.0,-172.74337318149225,18
BTCUSDT,2025-01-09 19:45:00+00:00,2025-01-09 19:50:00+00:00,2025-01-09 21:20:00+00:00,LONG,24.426830249351724,92040.69310377535,92246.7,22.382153944926486,12.0,0.0,10.382153944926486,18
BTCUSDT,2025-01-10 13:30:00+00:00,2025-01-10 13:35:00+00:00,2025-01-10 15:05:00+00:00,LONG,16.09283654390647,93400.8926820123,93444.1,4.62600696278237,12.0,0.0,-7.37399303721763,18
ETHUSDT,2025-01-10 13:30:00+00:00,2025-01-10 13:35:00+00:00,2025-01-10 15:05:00+00:00,LONG,24.293548595473727,3244.986836968582,3231.8,-40.63756690273812,12.0,0.0,-52.63756690273812,18
ETHUSDT,2025-01-10 15:20:00+00:00,2025-01-10 15:25:00+00:00,2025-01-10 16:55:00+00:00,LONG,15.136934891685737,3227.1376525361416,3250.82,73.38499318505055,12.0,-1.0,60.38499318505055,18
BTCUSDT,2025-01-10 16:45:00+00:00,2025-01-10 16:50:00+00:00,2025-01-10 18:20:00+00:00,LONG,21.043820979140587,93664.90833154909,95354.1,180.34413298859243,12.0,0.0,168.34413298859243,18
ETHUSDT,2025-01-10 17:00:00+00:00,2025-01-10 17:05:00+00:00,2025-01-10 18:35:00+00:00,LONG,16.866371855793844,3242.8767540632625,3292.1,151.7888272351442,12.0,0.0,139.7888272351442,18
ETHUSDT,2025-01-12 08:45:00+00:00,2025-01-12 08:50:00+00:00,2025-01-12 10:20:00+00:00,LONG,15.3506674750743,3238.7306736365967,3243.64,15.158180343197714,12.0,0.0,3.1581803431977136,18
ETHUSDT,2025-01-13 06:30:00+00:00,2025-01-13 06:35:00+00:00,2025-01-13 08:05:00+00:00,LONG,16.63902310958808,3211.9607729132335,3203.01,-27.867005689222736,12.0,-0.9352999999999999,-40.802305689222734,18
ETHUSDT,2025-01-13 10:20:00+00:00,2025-01-13 10:25:00+00:00,2025-01-13 11:55:00+00:00,LONG,20.85835502701729,3122.5396256115796,3072.71,-159.58044280004913,12.0,0.0,-171.58044280004913,18
ETHUSDT,2025-01-13 12:10:00+00:00,2025-01-13 12:15:00+00:00,2025-01-13 13:45:00+00:00,LONG,51.517419103846485,3066.346595830546,3066.23,-0.38024348162246646,12.0,0.0,-12.380243481622466,18
BTCUSDT,2025-01-13 12:55:00+00:00,2025-01-13 13:00:00+00:00,2025-01-13 14:30:00+00:00,SHORT,-16.015028511961027,90781.85212900183,90912.0,-14.3363313201883,12.0,0.0,-26.3363313201883,18
ETHUSDT,2025-01-13 14:05:00+00:00,2025-01-13 14:10:00+00:00,2025-01-13 15:40:00+00:00,LONG,19.77278168572186,3047.113480975182,3062.54,50.626663959627564,12.0,0.0,38.626663959627564,18
BTCUSDT,2025-01-13 16:50:00+00:00,2025-01-13 16:55:00+00:00,2025-01-13 18:25:00+00:00,LONG,17.763975539858524,91420.82638025851,91594.5,18.997161436618004,12.0,0.0,6.997161436618004,18
ETHUSDT,2025-01-13 16:50:00+00:00,2025-01-13 16:55:00+00:00,2025-01-13 18:25:00+00:00,LONG,22.555142614643778,3012.041548392891,2989.73,-74.07450406783256,12.0,0.0,-86.07450406783256,18
ETHUSDT,2025-01-13 18:40:00+00:00,2025-01-13 18:45:00+00:00,2025-01-13 20:15:00+00:00,LONG,39.890409876010914,2995.3584424418414,3012.71,57.92815080926772,12.0,0.0,45.92815080926772,18
ETHUSDT,2025-01-13 20:50:00+00:00,2025-01-13 20:55:00+00:00,2025-01-13 22:25:00+00:00,LONG,16.267102964368355,3089.3405149609107,3136.35,152.16673206282616,12.0,0.0,140.16673206282616,18
BTCUSDT,2025-01-14 09:45:00+00:00,2025-01-14 09:50:00+00:00,2025-01-14 11:20:00+00:00,SHORT,-15.188667775873718,97225.6465568764,96410.4,83.85097818809473,12.0,0.0,71.85097818809473,18
ETHUSDT,2025-01-14 10:05:00+00:00,2025-01-14 10:10:00+00:00,2025-01-14 11:40:00+00:00,SHORT,-17.810209783581357,3229.2529721961887,3213.5,48.78209397597977,12.0,0.0,36.78209397597977,18
ETHUSDT,2025-01-14 12:55:00+00:00,2025-01-14 13:00:00+00:00,2025-01-14 14:30:00+00:00,LONG,16.277517246679082,3180.8850507593966,3213.3,101.9054405404085,12.0,0.0,89.9054405404085,18
BTCUSDT,2025-01-14 14:35:00+00:00,2025-01-14 14:40:00+00:00,2025-01-14 16:10:00+00:00,SHORT,-16.099480795723302,97099.25290650247,95929.7,120.44921783575857,12.0,0.9496,109.39881783575858,18
ETHUSDT,2025-01-15 11:15:00+00:00,2025-01-15 11:20:00+00:00,2025-01-15 12:50:00+00:00,LONG,15.442752485701373,3191.4472705006956,3200.82,29.36827309020229,12.0,0.0,17.36827309020229,18
ETHUSDT,2025-01-15 16:30:00+00:00,2025-01-15 16:35:00+00:00,2025-01-15 18:05:00+00:00,LONG,16.875988902023195,3341.3366998298056,3333.19,-24.381559123390907,12.0,0.0,-36.38155912339091,18
ETHUSDT,2025-01-16 08:40:00+00:00,2025-01-16 08:45:00+00:00,2025-01-16 10:15:00+00:00,LONG,16.76689726236194,3328.3389277413266,3335.14,20.433833231305876,12.0,0.0,8.433833231305876,18
ETHUSDT,2025-01-16 14:40:00+00:00,2025-01-16 14:45:00+00:00,2025-01-16 16:15:00+00:00,LONG,23.775203862175537,3285.9839967635726,3338.86,160.9137576096109,12.0,-0.5275,148.3862576096109,18
ETHUSDT,2025-01-16 18:30:00+00:00,2025-01-16 18:35:00+00:00,2025-01-16 20:05:00+00:00,LONG,15.076729348186342,3312.2297983831445,3343.56,94.58945642041306,12.0,0.0,82.58945642041306,18
ETHUSDT,2025-01-16 21:30:00+00:00,2025-01-16 21:35:00+00:00,2025-01-16 23:05:00+00:00,LONG,16.460309642001118,3317.7520145476606,3302.66,-45.48867571019577,12.0,0.0,-57.48867571019577,18
BTCUSDT,2025-01-17 08:50:00+00:00,2025-01-17 08:55:00+00:00,2025-01-17 10:25:00+00:00,SHORT,-15.418258737038915,102034.52097757334,102109.9,-7.387599971506731,12.0,0.0,-19.38759997150673,18
ETHUSDT,2025-01-17 08:50:00+00:00,2025-01-17 08:55:00+00:00,2025-01-17 10:25:00+00:00,SHORT,-16.99983421578887,3405.110705093062,3417.76,-37.14796963287803,12.0,0.0,-49.14796963287803,18
BTCUSDT,2025-01-17 10:30:00+00:00,2025-01-17 10:35:00+00:00,2025-01-17 12:05:00+00:00,SHORT,-18.947665065217066,102376.2410362586,102280.2,9.381184080062832,12.0,0.0,-2.618815919937168,18
ETHUSDT,2025-01-17 10:40:00+00:00,2025-01-17 10:45:00+00:00,2025-01-17 12:15:00+00:00,SHORT,-16.921790744389572,3420.0845451668697,3422.16,-6.06843136688795,12.0,0.0,-18.06843136688795,18
BTCUSDT,2025-01-17 13:00:00+00:00,2025-01-17 13:05:00+00:00,2025-01-17 14:35:00+00:00,SHORT,-16.861862043698107,102911.1436774118,102817.0,9.148054724462673,12.0,0.0,-2.851945275537327,18
BTCUSDT,2025-01-17 14:50:00+00:00,2025-01-17 14:55:00+00:00,2025-01-17 16:25:00+00:00,SHORT,-17.66883886508365,103034.59284096891,104524.7,-144.62202624812016,12.0,0.34319999999999995,-156.27882624812017,18
ETHUSDT,2025-01-17 14:55:00+00:00,2025-01-17 15:00:00+00:00,2025-01-17 16:30:00+00:00,SHORT,-15.643245713247948,3430.0644196199128,3439.74,-28.208159370834984,12.0,1.0,-39.208159370834984,18
BTCUSDT,2025-01-17 16:30:00+00:00,2025-01-17 16:35:00+00:00,2025-01-17 18:05:00+00:00,SHORT,-15.767556241207945,104603.341047529,104292.5,29.71616818508327,12.0,0.0,17.71616818508327,18
ETHUSDT,2025-01-17 16:45:00+00:00,2025-01-17 16:50:00+00:00,2025-01-17 18:20:00+00:00,SHORT,-17.957045658486436,3438.751269086755,3421.74,49.46932114480384,12.0,0.0,37.46932114480384,18
BTCUSDT,2025-01-17 19:10:00+00:00,2025-01-17 19:15:00+00:00,2025-01-17 20:45:00+00:00,SHORT,-19.570333231406504,105127.04411784785,104989.3,13.102633961004084,12.0,0.0,1.1026339610040843,18
ETHUSDT,2025-01-17 19:20:00+00:00,2025-01-17 19:25:00+00:00,2025-01-17 20:55:00+00:00,SHORT,-20.779266342782606,3439.4718130208876,3517.39,-226.54114124190716,12.0,0.0,-238.54114124190716,18
ETHUSDT,2025-01-17 21:05:00+00:00,2025-01-17 21:10:00+00:00,2025-01-17 22:40:00+00:00,SHORT,-16.184984844188197,3504.913356460232,3478.71,74.76178094940389,12.0,0.0,62.761780949403885,18
ETHUSDT,2025-01-18 07:00:00+00:00,2025-01-18 07:05:00+00:00,2025-01-18 08:35:00+00:00,LONG,15.325449684481704,3300.3781158076968,3278.55,-66.13822732355223,12.0,-1.0,-79.13822732355223,18
BTCUSDT,2025-01-18 08:05:00+00:00,2025-01-18 08:10:00+00:00,2025-01-18 09:40:00+00:00,LONG,16.099794351581853,102278.62116829137,103032.8,73.73768076788024,12.0,0.0,61.737680767880235,18
ETHUSDT,2025-01-18 08:50:00+00:00,2025-01-18 08:55:00+00:00,2025-01-18 10:25:00+00:00,SHORT,-21.537571146144142,3293.3173146841837,3251.1,128.19085028929922,12.0,0.0,116.19085028929922,18
ETHUSDT,2025-01-18 10:30:00+00:00,2025-01-18 10:35:00+00:00,2025-01-18 12:05:00+00:00,LONG,18.158996953950513,3251.1126988975493,3319.99,211.8576237784886,12.0,0.0,199.8576237784886,18
BTCUSDT,2025-01-18 11:40:00+00:00,2025-01-18 11:45:00+00:00,2025-01-18 13:15:00+00:00,SHORT,-16.974497410632576,103683.60018411507,103285.9,38.35709634010254,12.0,0.0,26.357096340102537,18
BTCUSDT,2025-01-18 13:55:00+00:00,2025-01-18 14:00:00+00:00,2025-01-18 15:30:00+00:00,SHORT,-17.46889331586428,104369.00719161739,104214.1,14.842259765198706,12.0,0.0,2.8422597651987065,18
ETHUSDT,2025-01-18 16:35:00+00:00,2025-01-18 16:40:00+00:00,2025-01-18 18:10:00+00:00,LONG,18.691957731921903,3268.949800858031,3262.19,-20.678815123610363,12.0,0.0,-32.67881512361036,18
ETHUSDT,2025-01-18 20:20:00+00:00,2025-01-18 20:25:00+00:00,2025-01-18 21:55:00+00:00,LONG,17.382810686142832,3270.003166410305,3277.0,21.397023897613554,12.0,0.0,9.397023897613554,18
ETHUSDT,2025-01-19 06:10:00+00:00,2025-01-19 06:15:00+00:00,2025-01-19 07:45:00+00:00,LONG,19.074625235943827,3295.2173672949184,3276.26,-57.52994471038608,12.0,0.0,-69.52994471038608,18
ETHUSDT,2025-01-19 08:10:00+00:00,2025-01-19 08:15:00+00:00,2025-01-19 09:45:00+00:00,LONG,17.177492499203233,3260.8543326224285,3197.58,-194.0421931437286,12.0,0.0,-206.0421931437286,18
BTCUSDT,2025-01-19 09:15:00+00:00,2025-01-19 09:20:00+00:00,2025-01-19 10:50:00+00:00,LONG,17.19185410014895,103751.29328317466,105086.5,128.69301910108044,12.0,0.0,116.69301910108044,18
ETHUSDT,2025-01-19 10:10:00+00:00,2025-01-19 10:15:00+00:00,2025-01-19 11:45:00+00:00,SHORT,-23.076791254609535,3202.132284139463,3149.86,163.24211338292872,12.0,0.0,151.24211338292872,18
BTCUSDT,2025-01-19 11:45:00+00:00,2025-01-19 11:50:00+00:00,2025-01-19 13:20:00+00:00,LONG,18.275971120831557,104601.84272999657,105200.0,57.18420004773961,12.0,0.0,45.18420004773961,18
ETHUSDT,2025-01-19 11:50:00+00:00,2025-01-19 11:55:00+00:00,2025-01-19 13:25:00+00:00,LONG,36.89761845295028,3136.0313144116963,3211.39,240.29953158309024,12.0,0.0,228.29953158309024,18
ETHUSDT,2025-01-19 15:40:00+00:00,2025-01-19 15:45:00+00:00,2025-01-19 17:15:00+00:00,LONG,17.10536071168775,3377.335278768807,3406.33,85.85088194667856,12.0,-1.0,72.85088194667856,18
ETHUSDT,2025-01-19 17:30:00+00:00,2025-01-19 17:35:00+00:00,2025-01-19 19:05:00+00:00,LONG,23.720873308328944,3403.817629466563,3426.19,65.72728908788017,12.0,0.0,53.727289087880166,18
ETHUSDT,2025-01-19 19:10:00+00:00,2025-01-19 19:15:00+00:00,2025-01-19 20:45:00+00:00,LONG,23.108657737992406,3421.4158082899626,3405.57,-46.31359991839834,12.0,0.0,-58.31359991839834,18
ETHUSDT,2025-01-19 20:55:00+00:00,2025-01-19 21:00:00+00:00,2025-01-19 22:30:00+00:00,LONG,33.11209188593695,3375.389461616668,3293.18,-243.5554846381882,12.0,0.0,-255.5554846381882,18
BTCUSDT,2025-01-19 21:20:00+00:00,2025-01-19 21:25:00+00:00,2025-01-19 22:55:00+00:00,LONG,16.07865377515928,105266.77024054561,102948.6,-220.2186155468,12.0,0.0,-232.2186155468,18
BTCUSDT,2025-01-20 06:00:00+00:00,2025-01-20 06:05:00+00:00,2025-01-20 07:35:00+00:00,LONG,29.676471478225437,102451.61747783999,108372.5,577.9198677308028,12.0,0.0,565.9198677308028,18
ETHUSDT,2025-01-20 06:00:00+00:00,2025-01-20 06:05:00+00:00,2025-01-20 07:35:00+00:00,LONG,28.251580922304914,3297.5827596794334,3371.04,222.7608696247163,12.0,0.0,210.7608696247163,18
BTCUSDT,2025-01-20 07:40:00+00:00,2025-01-20 07:45:00+00:00,2025-01-20 09:15:00+00:00,LONG,34.560892187452765,107832.93779903468,108771.1,87.00145058773589,12.0,-1.0,74.00145058773589,18
ETHUSDT,2025-01-20 07:40:00+00:00,2025-01-20 07:45:00+00:00,2025-01-20 09:15:00+00:00,LONG,25.6270617445889,3371.793670513703,3397.8,77.12906549923959,12.0,-1.0,64.12906549923959,18
BTCUSDT,2025-01-20 09:20:00+00:00,2025-01-20 09:25:00+00:00,2025-01-20 10:55:00+00:00,LONG,28.11673637181188,108247.21393074044,108051.5,-18.08027418291447,12.0,0.0,-30.08027418291447,18
ETHUSDT,2025-01-20 10:50:00+00:00,2025-01-20 10:55:00+00:00,2025-01-20 12:25:00+00:00,LONG,20.27324377610027,3356.8731133972833,3298.37,-174.27859624421725,12.0,0.0,-186.27859624421725,18
BTCUSDT,2025-01-20 11:20:00+00:00,2025-01-20 11:25:00+00:00,2025-01-20 12:55:00+00:00,LONG,15.56704560184835,108267.19797927752,107160.7,-102.20066649266334,12.0,0.0,-114.20066649266334,18
ETHUSDT,2025-01-20 12:30:00+00:00,2025-01-20 12:35:00+00:00,2025-01-20 14:05:00+00:00,LONG,45.1425424543791,3309.6811961662465,3337.24,83.26724599842406,12.0,0.0,71.26724599842406,18
BTCUSDT,2025-01-20 13:00:00+00:00,2025-01-20 13:05:00+00:00,2025-01-20 14:35:00+00:00,LONG,35.93360840976409,107011.90802652501,107775.1,71.31841563705387,12.0,0.0,59.318415637053874,18
BTCUSDT,2025-01-20 15:15:00+00:00,2025-01-20 15:20:00+00:00,2025-01-20 16:50:00+00:00,LONG,20.555220744607368,106863.88191363183,106690.1,-16.261987728677376,12.0,-1.0,-29.261987728677376,18
ETHUSDT,2025-01-20 15:45:00+00:00,2025-01-20 15:50:00+00:00,2025-01-20 17:20:00+00:00,LONG,33.56615087749682,3333.5926661060316,3314.28,-57.93349110223001,12.0,-1.0,-70.93349110223001,18
BTCUSDT,2025-01-20 17:00:00+00:00,2025-01-20 17:05:00+00:00,2025-01-20 18:35:00+00:00,LONG,52.790674633550644,104353.01217914023,103628.1,-69.46729797274953,12.0,0.0,-81.46729797274953,18
ETHUSDT,2025-01-20 17:25:00+00:00,2025-01-20 17:30:00+00:00,2025-01-20 19:00:00+00:00,LONG,35.709858839783735,3312.237655171113,3330.55,55.286929065303525,12.0,0.0,43.286929065303525,18
BTCUSDT,2025-01-20 18:50:00+00:00,2025-01-20 18:55:00+00:00,2025-01-20 20:25:00+00:00,LONG,20.757272868519635,104180.52181079064,103959.6,-21.205673282369553,12.0,0.0,-33.20567328236955,18
ETHUSDT,2025-01-20 19:15:00+00:00,2025-01-20 19:20:00+00:00,2025-01-20 20:50:00+00:00,LONG,25.84600939981069,3318.8578594245123,3335.98,51.59046063653028,12.0,0.0,39.59046063653028,18
BTCUSDT,2025-01-20 20:30:00+00:00,2025-01-20 20:35:00+00:00,2025-01-20 22:05:00+00:00,LONG,18.83963426220706,104115.94343778648,101962.2,-206.86009910417135,12.0,0.0,-218.86009910417135,18
ETHUSDT,2025-01-20 20:55:00+00:00,2025-01-20 21:00:00+00:00,2025-01-20 22:30:00+00:00,LONG,45.14192605815811,3316.827955684329,3304.36,-37.58999818776143,12.0,0.0,-49.58999818776143,18
BTCUSDT,2025-01-21 06:20:00+00:00,2025-01-21 06:25:00+00:00,2025-01-21 07:55:00+00:00,LONG,24.80314896772427,101859.97472963865,101963.9,10.202758309845184,12.0,0.0,-1.7972416901548165,18
ETHUSDT,2025-01-21 06:20:00+00:00,2025-01-21 06:25:00+00:00,2025-01-21 07:55:00+00:00,LONG,22.179680214047735,3243.8001875535,3249.68,18.126308978774208,12.0,0.0,6.126308978774208,18
BTCUSDT,2025-01-21 08:15:00+00:00,2025-01-21 08:20:00+00:00,2025-01-21 09:50:00+00:00,LONG,17.427476770334575,102291.41592249091,102647.6,34.820524703558235,12.0,0.0,22.820524703558235,18
ETHUSDT,2025-01-21 09:55:00+00:00,2025-01-21 10:00:00+00:00,2025-01-21 11:30:00+00:00,SHORT,-19.18220334817214,3277.7337908266773,3309.28,-96.24396362392318,12.0,0.0,-108.24396362392318,18
BTCUSDT,2025-01-21 10:35:00+00:00,2025-01-21 10:40:00+00:00,2025-01-21 12:10:00+00:00,SHORT,-25.431863174117755,103070.11778944869,103771.2,-68.01992911112053,12.0,0.0,-80.01992911112053,18
BTCUSDT,2025-01-21 12:25:00+00:00,2025-01-21 12:30:00+00:00,2025-01-21 14:00:00+00:00,SHORT,-16.080861129587877,104493.9152386322,104428.3,6.279335833320188,12.0,0.0,-5.720664166679812,18
ETHUSDT,2025-01-21 14:20:00+00:00,2025-01-21 14:25:00+00:00,2025-01-21 15:55:00+00:00,SHORT,-20.10845197888044,3326.1603880384396,3288.87,112.11241698549368,12.0,0.0,100.11241698549368,18
BTCUSDT,2025-01-21 15:00:00+00:00,2025-01-21 15:05:00+00:00,2025-01-21 16:35:00+00:00,LONG,15.213891354680111,102831.897652359,105538.5,263.206496177979,12.0,-1.0,250.20649617797898,18
ETHUSDT,2025-01-21 16:10:00+00:00,2025-01-21 16:15:00+00:00,2025-01-21 17:45:00+00:00,SHORT,-16.4618202425062,3342.916122256966,3319.87,68.94017502720561,12.0,0.0,56.94017502720561,18
BTCUSDT,2025-01-21 17:40:00+00:00,2025-01-21 17:45:00+00:00,2025-01-21 19:15:00+00:00,SHORT,-17.41314311393237,105899.85442357553,106340.1,-41.5718773949969,12.0,0.0,-53.5718773949969,18
ETHUSDT,2025-01-21 18:30:00+00:00,2025-01-21 18:35:00+00:00,2025-01-21 20:05:00+00:00,SHORT,-17.882245534975034,3355.212050326923,3334.3,62.327060147763234,12.0,0.0,50.327060147763234,18
BTCUSDT,2025-01-22 15:05:00+00:00,2025-01-22 15:10:00+00:00,2025-01-22 16:40:00+00:00,SHORT,-16.12383273104963,104834.39364762456,103992.9,80.26885245819626,12.0,1.0,69.26885245819626,18
ETHUSDT,2025-01-22 21:00:00+00:00,2025-01-22 21:05:00+00:00,2025-01-22 22:35:00+00:00,LONG,15.015526548734096,3247.7369033179257,3256.37,26.58188436770903,12.0,0.0,14.58188436770903,18
ETHUSDT,2025-01-23 06:00:00+00:00,2025-01-23 06:05:00+00:00,2025-01-23 07:35:00+00:00,LONG,16.775355854997425,3212.405274177933,3218.78,19.844089639962093,12.0,0.0,7.8440896399620925,18
ETHUSDT,2025-01-23 14:30:00+00:00,2025-01-23 14:35:00+00:00,2025-01-23 16:05:00+00:00,SHORT,-19.639117815507024,3261.129857337575,3268.86,-23.70387871869717,12.0,1.0,-34.70387871869717,18
ETHUSDT,2025-01-23 16:10:00+00:00,2025-01-23 16:15:00+00:00,2025-01-23 17:45:00+00:00,SHORT,-23.436315672082774,3288.3111994902215,3254.39,103.15690162013946,12.0,0.0,91.15690162013946,18
BTCUSDT,2025-01-23 16:55:00+00:00,2025-01-23 17:00:00+00:00,2025-01-23 18:30:00+00:00,LONG,20.75832583843947,104969.84036362515,105719.6,71.4261957318052,12.0,0.0,59.426195731805194,18
ETHUSDT,2025-01-23 18:50:00+00:00,2025-01-23 18:55:00+00:00,2025-01-23 20:25:00+00:00,LONG,18.573156886323638,3236.0613548048323,3280.65,137.78677319873367,12.0,0.0,125.78677319873367,18
BTCUSDT,2025-01-23 19:45:00+00:00,2025-01-23 19:50:00+00:00,2025-01-23 21:20:00+00:00,LONG,20.643304216694332,103819.0389559003,102513.7,-125.73213632374069,12.0,0.0,-137.7321363237407,18
BTCUSDT,2025-01-23 21:25:00+00:00,2025-01-23 21:30:00+00:00,2025-01-23 23:00:00+00:00,LONG,19.704946646390084,102515.23570358034,103937.0,138.688097106916,12.0,0.0,126.68809710691599,18
ETHUSDT,2025-01-23 21:45:00+00:00,2025-01-23 21:50:00+00:00,2025-01-23 23:20:00+00:00,LONG,15.06006014165983,3234.777079396167,3329.74,293.5686703380469,12.0,0.0,281.5686703380469,18
ETHUSDT,2025-01-24 14:40:00+00:00,2025-01-24 14:45:00+00:00,2025-01-24 16:15:00+00:00,SHORT,-21.701344327725444,3419.732592973596,3387.95,92.93882521369979,12.0,1.0,81.93882521369979,18
BTCUSDT,2025-01-24 15:05:00+00:00,2025-01-24 15:10:00+00:00,2025-01-24 16:40:00+00:00,SHORT,-16.199746600526193,105740.77969208325,105976.0,-22.24499465595997,12.0,0.954,-33.29099465595997,18
ETHUSDT,2025-01-25 06:05:00+00:00,2025-01-25 06:10:00+00:00,2025-01-25 07:40:00+00:00,LONG,22.120129725968663,3299.0750868033724,3286.77,-37.298595756714015,12.0,0.0,-49.298595756714015,18
ETHUSDT,2025-01-26 09:25:00+00:00,2025-01-26 09:30:00+00:00,2025-01-26 11:00:00+00:00,LONG,15.336434582667884,3309.4305597718053,3304.27,-15.593497668556777,12.0,0.0,-27.59349766855678,18
ETHUSDT,2025-01-26 21:40:00+00:00,2025-01-26 21:45:00+00:00,2025-01-26 23:15:00+00:00,LONG,15.544304198108538,3303.1510530434684,3267.32,-108.47536933091261,12.0,0.0,-120.47536933091261,18
ETHUSDT,2025-01-27 06:10:00+00:00,2025-01-27 06:15:00+00:00,2025-01-27 07:45:00+00:00,LONG,28.180948847707047,3122.9100945992736,3076.2,-149.5723321656095,12.0,0.0,-161.5723321656095,18
ETHUSDT,2025-01-27 07:50:00+00:00,2025-01-27 07:55:00+00:00,2025-01-27 09:25:00+00:00,LONG,19.06815397486945,3074.1303062137767,3069.53,-14.964577801005463,12.0,-0.3922,-27.35677780100546,18
ETHUSDT,2025-01-27 09:50:00+00:00,2025-01-27 09:55:00+00:00,2025-01-27 11:25:00+00:00,SHORT,-17.0137802035127,3082.743977659327,3067.75,48.63841359512344,12.0,0.0,36.63841359512344,18
BTCUSDT,2025-01-27 10:10:00+00:00,2025-01-27 10:15:00+00:00,2025-01-27 11:45:00+00:00,LONG,17.95605793868968,99042.61128739988,98917.2,-12.662356713916134,12.0,0.0,-24.662356713916132,18
ETHUSDT,2025-01-27 11:40:00+00:00,2025-01-27 11:45:00+00:00,2025-01-27 13:15:00+00:00,SHORT,-20.106500037449514,3064.9266561573095,3131.54,-217.34074356678957,12.0,0.0,-229.34074356678957,18
ETHUSDT,2025-01-27 13:25:00+00:00,2025-01-27 13:30:00+00:00,2025-01-27 15:00:00+00:00,SHORT,-16.028656461766314,3120.041433367798,3135.77,-50.411403079426705,12.0,0.0,-62.411403079426705,18
BTCUSDT,2025-01-27 16:55:00+00:00,2025-01-27 17:00:00+00:00,2025-01-27 18:30:00+00:00,LONG,20.198024686779377,99622.14524578139,99133.9,-49.00971009777266,12.0,0.0,-61.00971009777266,18
ETHUSDT,2025-01-27 17:15:00+00:00,2025-01-27 17:20:00+00:00,2025-01-27 18:50:00+00:00,LONG,21.977321616354967,3080.866080535797,3053.65,-88.33905734410897,12.0,0.0,-100.33905734410897,18
BTCUSDT,2025-01-27 18:35:00+00:00,2025-01-27 18:40:00+00:00,2025-01-27 20:10:00+00:00,LONG,20.11437420246115,99140.9356145382,99857.9,72.3176941005832,12.0,0.0,60.317694100583196,18
ETHUSDT,2025-01-27 19:05:00+00:00,2025-01-27 19:10:00+00:00,2025-01-27 20:40:00+00:00,LONG,24.091612399491247,3062.781629652766,3119.55,185.34906242620553,12.0,0.0,173.34906242620553,18
ETHUSDT,2025-01-28 15:00:00+00:00,2025-01-28 15:05:00+00:00,2025-01-28 16:35:00+00:00,SHORT,-15.874539301280382,3190.9456204582457,3161.2,93.21882600423103,12.0,0.5903999999999999,81.80922600423104,18
BTCUSDT,2025-01-28 15:25:00+00:00,2025-01-28 15:30:00+00:00,2025-01-28 17:00:00+00:00,SHORT,-15.662999222460968,103234.96927996578,102211.8,99.11072644299578,12.0,0.9848,88.09552644299579,18
ETHUSDT,2025-01-28 17:10:00+00:00,2025-01-28 17:15:00+00:00,2025-01-28 18:45:00+00:00,SHORT,-17.13118342939222,3180.0486104380166,3149.67,95.52876122177368,12.0,0.0,83.52876122177368,18
ETHUSDT,2025-01-28 19:05:00+00:00,2025-01-28 19:10:00+00:00,2025-01-28 20:40:00+00:00,LONG,17.75447542046498,3123.471614985899,3129.25,18.499880025728555,12.0,0.0,6.4998800257285545,18
ETHUSDT,2025-01-28 20:45:00+00:00,2025-01-28 20:50:00+00:00,2025-01-28 22:20:00+00:00,LONG,18.683157021917786,3107.802493153914,3078.32,-94.86604511985463,12.0,0.0,-106.86604511985463,18
ETHUSDT,2025-01-29 13:15:00+00:00,2025-01-29 13:20:00+00:00,2025-01-29 14:50:00+00:00,LONG,19.736937384973775,3094.33582662325,3081.85,-40.35058675863068,12.0,0.0,-52.35058675863068,18
ETHUSDT,2025-01-29 16:15:00+00:00,2025-01-29 16:20:00+00:00,2025-01-29 17:50:00+00:00,LONG,15.097833037322763,3081.3998597227574,3121.69,130.7527166593303,12.0,0.0,118.7527166593303,18
ETHUSDT,2025-01-29 19:05:00+00:00,2025-01-29 19:10:00+00:00,2025-01-29 20:40:00+00:00,LONG,20.340169115340835,3078.8757358547005,3141.61,203.75705136369993,12.0,0.0,191.75705136369993,18
ETHUSDT,2025-01-30 09:35:00+00:00,2025-01-30 09:40:00+00:00,2025-01-30 11:10:00+00:00,SHORT,-15.881812989823073,3218.3738983333915,3214.44,12.223248316264312,12.0,0.0,0.2232483162643124,18
ETHUSDT,2025-01-30 13:10:00+00:00,2025-01-30 13:15:00+00:00,2025-01-30 14:45:00+00:00,SHORT,-17.94980780798226,3236.124661613081,3251.76,-48.31500644083775,12.0,0.0,-60.31500644083775,18
BTCUSDT,2025-01-30 14:45:00+00:00,2025-01-30 14:50:00+00:00,2025-01-30 16:20:00+00:00,SHORT,-19.50148652877249,105793.60076554547,105807.3,-1.2949019936359107,12.0,0.9499,-12.345001993635911,18
ETHUSDT,2025-01-30 14:50:00+00:00,2025-01-30 14:55:00+00:00,2025-01-30 16:25:00+00:00,SHORT,-22.162805902856434,3276.5220488895275,3268.64,24.056144814282867,12.0,0.7054999999999999,12.761644814282867,18
BTCUSDT,2025-01-30 16:25:00+00:00,2025-01-30 16:30:00+00:00,2025-01-30 18:00:00+00:00,SHORT,-17.14546293487382,105944.4334556081,105240.1,66.48140281039106,12.0,0.0,54.48140281039106,18
ETHUSDT,2025-01-30 20:40:00+00:00,2025-01-30 20:45:00+00:00,2025-01-30 22:15:00+00:00,LONG,17.054285070968792,3228.1110043189183,3245.46,53.743491651527805,12.0,0.0,41.743491651527805,18
ETHUSDT,2025-01-31 11:15:00+00:00,2025-01-31 11:20:00+00:00,2025-01-31 12:50:00+00:00,SHORT,-16.879062032913076,3311.4729629352687,3349.58,-115.07579101885045,12.0,0.0,-127.07579101885045,18
BTCUSDT,2025-01-31 11:35:00+00:00,2025-01-31 11:40:00+00:00,2025-01-31 13:10:00+00:00,SHORT,-16.211409140981083,104727.16334825888,104942.9,-20.599875413764845,12.0,0.0,-32.59987541376485,18
BTCUSDT,2025-01-31 15:20:00+00:00,2025-01-31 15:25:00+00:00,2025-01-31 16:55:00+00:00,SHORT,-15.403816427753117,104987.98540271184,105038.3,-4.792414779193344,12.0,1.0,-15.792414779193344,18
ETHUSDT,2025-01-31 15:20:00+00:00,2025-01-31 15:25:00+00:00,2025-01-31 16:55:00+00:00,SHORT,-20.81781813517469,3390.140864879597,3406.25,-47.517598124864335,12.0,1.0,-58.517598124864335,18
ETHUSDT,2025-01-31 18:25:00+00:00,2025-01-31 18:30:00+00:00,2025-01-31 20:00:00+00:00,LONG,15.113842770335367,3343.6061232406496,3337.31,-18.83033769105369,12.0,0.0,-30.83033769105369,18
ETHUSDT,2025-01-31 21:05:00+00:00,2025-01-31 21:10:00+00:00,2025-01-31 22:40:00+00:00,LONG,15.063159124408923,3298.892202836217,3313.5,44.28091694303804,12.0,0.0,32.28091694303804,18
ETHUSDT,2025-02-01 06:40:00+00:00,2025-02-01 06:45:00+00:00,2025-02-01 08:15:00+00:00,LONG,17.9098103197139,3280.64821354473,3280.67,0.0664089955759728,12.0,-0.9742,-12.907791004424027,18
ETHUSDT,2025-02-01 08:30:00+00:00,2025-02-01 08:35:00+00:00,2025-02-01 10:05:00+00:00,LONG,17.257490944944927,3252.5361027949166,3240.09,-38.2658405673697,12.0,0.0,-50.2658405673697,18
ETHUSDT,2025-02-01 10:15:00+00:00,2025-02-01 10:20:00+00:00,2025-02-01 11:50:00+00:00,LONG,15.46489275379784,3234.9150785308852,3245.6,33.029990617148286,12.0,0.0,21.029990617148286,18
ETHUSDT,2025-02-01 19:10:00+00:00,2025-02-01 19:15:00+00:00,2025-02-01 20:45:00+00:00,LONG,22.871719967975654,3224.1394707315067,3169.63,-169.06672687809987,12.0,0.0,-181.06672687809987,18
BTCUSDT,2025-02-01 20:20:00+00:00,2025-02-01 20:25:00+00:00,2025-02-01 21:55:00+00:00,LONG,19.19265293162025,101221.38383356336,101054.2,-16.516651643319058,12.0,0.0,-28.516651643319058,18
ETHUSDT,2025-02-01 21:50:00+00:00,2025-02-01 21:55:00+00:00,2025-02-01 23:25:00+00:00,LONG,15.176091415702597,3142.3471350263094,3103.93,-122.25617786810194,12.0,0.0,-134.25617786810193,18
ETHUSDT,2025-02-02 06:00:00+00:00,2025-02-02 06:05:00+00:00,2025-02-02 07:35:00+00:00,LONG,34.85293363635282,3118.6694579447076,3093.54,-80.57749717813478,12.0,0.0,-92.57749717813478,18
ETHUSDT,2025-02-02 09:10:00+00:00,2025-02-02 09:15:00+00:00,2025-02-02 10:45:00+00:00,LONG,15.042186081314124,3103.73569330836,3101.9,-5.914464019335375,12.0,0.0,-17.914464019335377,18
ETHUSDT,2025-02-02 11:30:00+00:00,2025-02-02 11:35:00+00:00,2025-02-02 13:05:00+00:00,LONG,17.10213753610756,3075.0614627590107,3063.7,-36.94710787607192,12.0,0.0,-48.94710787607192,18
BTCUSDT,2025-02-02 11:40:00+00:00,2025-02-02 11:45:00+00:00,2025-02-02 13:15:00+00:00,LONG,17.116965417218093,98719.64676498527,98489.1,-23.353686174962807,12.0,0.0,-35.3536861749628,18
ETHUSDT,2025-02-02 15:25:00+00:00,2025-02-02 15:30:00+00:00,2025-02-02 17:00:00+00:00,LONG,15.569126345037066,3060.7160912561617,3014.71,-150.3115280361733,12.0,-0.26,-162.5715280361733,18
ETHUSDT,2025-02-02 17:05:00+00:00,2025-02-02 17:10:00+00:00,2025-02-02 18:40:00+00:00,LONG,24.78339955102499,3020.567621550163,2944.73,-251.07076235970194,12.0,0.0,-263.0707623597019,18
BTCUSDT,2025-02-02 17:20:00+00:00,2025-02-02 17:25:00+00:00,2025-02-02 18:55:00+00:00,LONG,20.284314490016435,97633.75242474666,96924.1,-72.6851531486139,12.0,0.0,-84.6851531486139,18
ETHUSDT,2025-02-02 18:45:00+00:00,2025-02-02 18:50:00+00:00,2025-02-02 20:20:00+00:00,LONG,87.74772873195676,2932.0292671644056,2973.83,142.56587853237912,12.0,0.0,130.56587853237912,18
BTCUSDT,2025-02-02 19:00:00+00:00,2025-02-02 19:05:00+00:00,2025-02-02 20:35:00+00:00,LONG,20.035626072109867,97318.17455633153,97999.8,70.04091956882341,12.0,0.0,58.04091956882341,18
BTCUSDT,2025-02-02 20:40:00+00:00,2025-02-02 20:45:00+00:00,2025-02-02 22:15:00+00:00,LONG,15.234434797154838,97846.23816994605,97472.5,-38.196478161676154,12.0,0.0,-50.196478161676154,18
ETHUSDT,2025-02-02 20:40:00+00:00,2025-02-02 20:45:00+00:00,2025-02-02 22:15:00+00:00,LONG,18.46375199327115,2955.021535183612,2926.58,-96.24814860053066,12.0,0.0,-108.24814860053066,18
ETHUSDT,2025-02-03 06:00:00+00:00,2025-02-03 06:05:00+00:00,2025-02-03 07:35:00+00:00,LONG,65.23582536267297,2483.0652577980145,2572.25,359.1719626453749,12.0,0.0,347.1719626453749,18
BTCUSDT,2025-02-03 06:10:00+00:00,2025-02-03 06:15:00+00:00,2025-02-03 07:45:00+00:00,LONG,40.580745390864585,93830.969985698,94518.5,73.27325022929986,12.0,0.0,61.27325022929986,18
ETHUSDT,2025-02-03 07:50:00+00:00,2025-02-03 07:55:00+00:00,2025-02-03 09:25:00+00:00,LONG,50.69111755825296,2598.177452994651,2582.6,-59.95530819766226,12.0,1.6657,-70.28960819766226,18
ETHUSDT,2025-02-03 09:30:00+00:00,2025-02-03 09:35:00+00:00,2025-02-03 11:05:00+00:00,LONG,33.75211693751434,2584.5127816039794,2592.38,30.43985099248747,12.0,0.0,18.43985099248747,18
ETHUSDT,2025-02-03 11:10:00+00:00,2025-02-03 11:15:00+00:00,2025-02-03 12:45:00+00:00,LONG,56.74912827672349,2593.234209218281,2606.04,49.38154346490364,12.0,0.0,37.38154346490364,18
ETHUSDT,2025-02-03 12:50:00+00:00,2025-02-03 12:55:00+00:00,2025-02-03 14:25:00+00:00,LONG,80.88445950030129,2581.956236456998,2535.65,-179.34555126519092,12.0,0.0,-191.34555126519092,18
ETHUSDT,2025-02-03 14:30:00+00:00,2025-02-03 14:35:00+00:00,2025-02-03 16:05:00+00:00,LONG,23.38870478952287,2618.2160500894597,2699.7,311.2193507016192,12.0,2.5120999999999998,301.73145070161917,18
ETHUSDT,2025-02-03 16:10:00+00:00,2025-02-03 16:15:00+00:00,2025-02-03 17:45:00+00:00,LONG,35.149159825753934,2688.6806113712996,2678.68,-37.19523742985342,12.0,0.0,-49.19523742985342,18
BTCUSDT,2025-02-03 16:25:00+00:00,2025-02-03 16:30:00+00:00,2025-02-03 18:00:00+00:00,LONG,17.521692835115957,98540.8756896527,99150.0,61.81437967587078,12.0,0.0,49.81437967587078,18
ETHUSDT,2025-02-03 17:50:00+00:00,2025-02-03 17:55:00+00:00,2025-02-03 19:25:00+00:00,LONG,28.974747063463422,2710.855556946225,2740.3,108.61679065978791,12.0,0.0,96.61679065978791,18
ETHUSDT,2025-02-03 20:00:00+00:00,2025-02-03 20:05:00+00:00,2025-02-03 21:35:00+00:00,LONG,19.294398453425895,2742.3520993607626,2722.94,-70.78631283447324,12.0,0.0,-82.78631283447324,18
ETHUSDT,2025-02-04 06:00:00+00:00,2025-02-04 06:05:00+00:00,2025-02-04 07:35:00+00:00,LONG,64.2160555175979,2710.6823385506536,2703.44,-26.717769351483067,12.0,0.0,-38.71776935148307,18
ETHUSDT,2025-02-04 07:40:00+00:00,2025-02-04 07:45:00+00:00,2025-02-04 09:15:00+00:00,LONG,51.689206441087656,2698.909633368459,2705.71,25.19671850981453,12.0,-0.107,13.089718509814531,18
BTCUSDT,2025-02-04 08:05:00+00:00,2025-02-04 08:10:00+00:00,2025-02-04 09:40:00+00:00,LONG,18.149719268766365,98440.2710983287,98648.7,21.173133652090392,12.0,0.0,9.173133652090392,18
ETHUSDT,2025-02-04 10:15:00+00:00,2025-02-04 10:20:00+00:00,2025-02-04 11:50:00+00:00,SHORT,-22.060737881523977,2724.4188744796625,2774.39,-183.41939262141338,12.0,0.0,-195.41939262141338,18
BTCUSDT,2025-02-04 12:30:00+00:00,2025-02-04 12:35:00+00:00,2025-02-04 14:05:00+00:00,SHORT,-15.696400998766686,99602.57695834384,99067.1,53.76135585003827,12.0,0.0,41.76135585003827,18
ETHUSDT,2025-02-04 12:30:00+00:00,2025-02-04 12:35:00+00:00,2025-02-04 14:05:00+00:00,SHORT,-15.752507546533714,2814.18850939,2801.99,43.34645440167928,12.0,0.0,31.34645440167928,18
BTCUSDT,2025-02-04 14:30:00+00:00,2025-02-04 14:35:00+00:00,2025-02-04 16:05:00+00:00,SHORT,-21.95672128568663,100072.65896869639,99247.4,82.46597794054233,12.0,0.4138,70.87977794054233,18
ETHUSDT,2025-02-04 14:50:00+00:00,2025-02-04 14:55:00+00:00,2025-02-04 16:25:00+00:00,SHORT,-20.26018582252592,2826.787834242456,2789.72,131.1305850174993,12.0,-0.8177,118.3128850174993,18
ETHUSDT,2025-02-04 16:30:00+00:00,2025-02-04 16:35:00+00:00,2025-02-04 18:05:00+00:00,LONG,16.21645213442066,2775.7819420860533,2805.55,107.24206200280805,12.0,0.0,95.24206200280805,18
ETHUSDT,2025-02-04 18:25:00+00:00,2025-02-04 18:30:00+00:00,2025-02-04 20:00:00+00:00,LONG,15.504400910207577,2809.9114553331074,2769.01,-145.5613672647149,12.0,0.0,-157.5613672647149,18
BTCUSDT,2025-02-04 19:10:00+00:00,2025-02-04 19:15:00+00:00,2025-02-04 20:45:00+00:00,SHORT,-20.162763045686102,99983.30224025657,98742.3,124.12094944358576,12.0,0.0,112.12094944358576,18
ETHUSDT,2025-02-04 20:05:00+00:00,2025-02-04 20:10:00+00:00,2025-02-04 21:40:00+00:00,LONG,21.107860282791183,2770.351618036191,2677.52,-335.08965949238024,12.0,0.0,-347.08965949238024,18
BTCUSDT,2025-02-04 21:00:00+00:00,2025-02-04 21:05:00+00:00,2025-02-04 22:35:00+00:00,LONG,29.83060764952177,97977.69376758108,96750.4,-125.26256950815994,12.0,0.0,-137.26256950815994,18
ETHUSDT,2025-02-04 21:45:00+00:00,2025-02-04 21:50:00+00:00,2025-02-04 23:20:00+00:00,LONG,88.95701818441049,2672.4299225669324,2704.24,119.03053907775796,12.0,0.0,107.03053907775796,18
ETHUSDT,2025-02-05 09:55:00+00:00,2025-02-05 10:00:00+00:00,2025-02-05 11:30:00+00:00,LONG,25.08673033845875,2755.0046729216233,2789.57,125.46376932900394,12.0,0.0,113.46376932900394,18
ETHUSDT,2025-02-05 15:05:00+00:00,2025-02-05 15:10:00+00:00,2025-02-05 16:40:00+00:00,LONG,23.992821319288705,2767.5893340991524,2744.65,-82.88561390420001,12.0,0.2404,-94.64521390420002,18
ETHUSDT,2025-02-05 17:30:00+00:00,2025-02-05 17:35:00+00:00,2025-02-05 19:05:00+00:00,LONG,21.4731162994954,2732.0362114300638,2732.0,-0.13254374122917412,12.0,0.0,-12.132543741229174,18
BTCUSDT,2025-02-05 18:40:00+00:00,2025-02-05 18:45:00+00:00,2025-02-05 20:15:00+00:00,LONG,15.063493301583666,96899.53408546657,97527.2,64.77491563373405,12.0,0.0,52.774915633734054,18
ETHUSDT,2025-02-06 11:15:00+00:00,2025-02-06 11:20:00+00:00,2025-02-06 12:50:00+00:00,LONG,18.28931320872027,2809.161581012403,2773.0,-128.72730873448202,12.0,0.0,-140.72730873448202,18
ETHUSDT,2025-02-06 12:55:00+00:00,2025-02-06 13:00:00+00:00,2025-02-06 14:30:00+00:00,LONG,21.05676493696457,2767.4948355604706,2764.97,-9.123180748265014,12.0,0.0,-21.123180748265014,18
ETHUSDT,2025-02-06 14:35:00+00:00,2025-02-06 14:40:00+00:00,2025-02-06 16:10:00+00:00,LONG,20.815973946880135,2755.358064117225,2713.31,-152.60471829346977,12.0,0.7747,-163.83001829346978,18
BTCUSDT,2025-02-06 15:50:00+00:00,2025-02-06 15:55:00+00:00,2025-02-06 17:25:00+00:00,LONG,15.208902472352,96991.96332280948,96715.9,-28.462494556449336,12.0,-0.5903,-41.052794556449335,18
ETHUSDT,2025-02-06 16:15:00+00:00,2025-02-06 16:20:00+00:00,2025-02-06 17:50:00+00:00,LONG,24.683081713029008,2694.6024696223676,2701.62,26.042915260207078,12.0,0.0,14.042915260207078,18
ETHUSDT,2025-02-06 17:55:00+00:00,2025-02-06 18:00:00+00:00,2025-02-06 19:30:00+00:00,LONG,16.43888450477742,2695.8526514014898,2702.4,24.286745030766,12.0,0.0,12.286745030766,18
BTCUSDT,2025-02-06 18:15:00+00:00,2025-02-06 18:20:00+00:00,2025-02-06 19:50:00+00:00,LONG,15.701077520294366,96160.27560118143,95855.9,-31.652946008996487,12.0,0.0,-43.65294600899649,18
ETHUSDT,2025-02-06 19:35:00+00:00,2025-02-06 19:40:00+00:00,2025-02-06 21:10:00+00:00,LONG,16.041318463384343,2692.9535549639636,2713.54,76.44560002934008,12.0,0.0,64.44560002934008,18
ETHUSDT,2025-02-07 06:20:00+00:00,2025-02-07 06:25:00+00:00,2025-02-07 07:55:00+00:00,LONG,26.40984625695802,2696.239198778272,2711.75,57.5275414316212,12.0,0.0,45.5275414316212,18
ETHUSDT,2025-02-07 10:20:00+00:00,2025-02-07 10:25:00+00:00,2025-02-07 11:55:00+00:00,SHORT,-15.046086645271032,2748.0625550384884,2756.89,-32.122430929844015,12.0,0.0,-44.122430929844015,18
ETHUSDT,2025-02-07 14:15:00+00:00,2025-02-07 14:20:00+00:00,2025-02-07 15:50:00+00:00,SHORT,-26.184377526236066,2791.933596739771,2740.23,185.18920650601012,12.0,0.0,173.18920650601012,18
BTCUSDT,2025-02-07 15:50:00+00:00,2025-02-07 15:55:00+00:00,2025-02-07 17:25:00+00:00,LONG,15.57062894432241,98054.79717289605,97315.5,-75.39632880913305,12.0,-0.5166999999999999,-87.91302880913305,18
ETHUSDT,2025-02-07 15:55:00+00:00,2025-02-07 16:00:00+00:00,2025-02-07 17:30:00+00:00,LONG,23.432877191647943,2716.853522197764,2675.71,-151.43813187426304,12.0,0.0,-163.43813187426304,18
ETHUSDT,2025-02-07 17:35:00+00:00,2025-02-07 17:40:00+00:00,2025-02-07 19:10:00+00:00,LONG,17.725393712103006,2677.8348141980946,2674.25,-13.386987797333605,12.0,0.0,-25.386987797333603,18
BTCUSDT,2025-02-07 17:50:00+00:00,2025-02-07 17:55:00+00:00,2025-02-07 19:25:00+00:00,LONG,18.490627574346714,97490.4504897909,97416.9,-7.544378902897275,12.0,0.0,-19.544378902897275,18
ETHUSDT,2025-02-07 19:25:00+00:00,2025-02-07 19:30:00+00:00,2025-02-07 21:00:00+00:00,LONG,16.432344129213973,2668.0118931760926,2586.45,-305.7028845512333,12.0,0.0,-317.7028845512333,18
BTCUSDT,2025-02-07 19:30:00+00:00,2025-02-07 19:35:00+00:00,2025-02-07 21:05:00+00:00,LONG,18.441952339459622,97276.34263333798,95900.1,-141.4776292037845,12.0,0.0,-153.4776292037845,18
BTCUSDT,2025-02-07 21:10:00+00:00,2025-02-07 21:15:00+00:00,2025-02-07 22:45:00+00:00,LONG,19.725731599472844,95904.4593520258,95800.1,-10.881595363855245,12.0,0.0,-22.881595363855247,18
ETHUSDT,2025-02-07 21:15:00+00:00,2025-02-07 21:20:00+00:00,2025-02-07 22:50:00+00:00,LONG,30.626824260609997,2597.5442844134072,2569.89,-106.46318747806194,12.0,0.0,-118.46318747806194,18
ETHUSDT,2025-02-08 06:30:00+00:00,2025-02-08 06:35:00+00:00,2025-02-08 08:05:00+00:00,LONG,15.98542943086843,2620.59718020597,2627.26,25.42481478785108,12.0,-0.9532,12.47161478785108,18
ETHUSDT,2025-02-08 08:15:00+00:00,2025-02-08 08:20:00+00:00,2025-02-08 09:50:00+00:00,LONG,17.55722398062283,2614.7586194408823,2610.38,-16.745788342857892,12.0,0.0,-28.745788342857892,18
ETHUSDT,2025-02-08 11:20:00+00:00,2025-02-08 11:25:00+00:00,2025-02-08 12:55:00+00:00,LONG,16.770862527150587,2607.52589696208,2606.8,-2.783853318294449,12.0,0.0,-14.78385331829445,18
ETHUSDT,2025-02-09 13:45:00+00:00,2025-02-09 13:50:00+00:00,2025-02-09 15:20:00+00:00,LONG,25.94331461853695,2613.3107619993843,2642.37,111.1970241854543,12.0,0.0,99.1970241854543,18
ETHUSDT,2025-02-09 19:20:00+00:00,2025-02-09 19:25:00+00:00,2025-02-09 20:55:00+00:00,LONG,15.638256977070045,2626.9161905907017,2634.99,30.734933372513762,12.0,0.0,18.734933372513762,18
ETHUSDT,2025-02-09 21:30:00+00:00,2025-02-09 21:35:00+00:00,2025-02-09 23:05:00+00:00,LONG,27.126960753232325,2607.2086242848036,2610.3,11.857032407771584,12.0,0.0,-0.14296759222841615,18
BTCUSDT,2025-02-09 21:40:00+00:00,2025-02-09 21:45:00+00:00,2025-02-09 23:15:00+00:00,LONG,26.98201969383717,94921.2797796117,96040.7,117.93142938942403,12.0,0.0,105.93142938942403,18
ETHUSDT,2025-02-11 14:40:00+00:00,2025-02-11 14:45:00+00:00,2025-02-11 16:15:00+00:00,SHORT,-15.79478508192496,2661.5035698623783,2667.74,-23.43198111112832,12.0,-0.1236,-35.555581111128326,18
ETHUSDT,2025-02-12 13:30:00+00:00,2025-02-12 13:35:00+00:00,2025-02-12 15:05:00+00:00,LONG,29.294818479435758,2585.7951511475617,2588.56,10.692451222251709,12.0,0.0,-1.3075487777482913,18
ETHUSDT,2025-02-12 15:10:00+00:00,2025-02-12 15:15:00+00:00,2025-02-12 16:45:00+00:00,LONG,16.068006233229678,2577.2530201863055,2613.68,141.34033223893948,12.0,-0.8407,128.49963223893948,18
BTCUSDT,2025-02-12 16:20:00+00:00,2025-02-12 16:25:00+00:00,2025-02-12 17:55:00+00:00,LONG,15.250298100550413,95386.89551262908,97304.5,201.03437448774298,12.0,0.0,189.03437448774298,18
ETHUSDT,2025-02-13 06:00:00+00:00,2025-02-13 06:05:00+00:00,2025-02-13 07:35:00+00:00,LONG,18.098802484904553,2719.0567395965813,2680.31,-142.5006658828687,12.0,0.0,-154.5006658828687,18
ETHUSDT,2025-02-13 15:15:00+00:00,2025-02-13 15:20:00+00:00,2025-02-13 16:50:00+00:00,SHORT,-16.15324084499581,2653.3167922886996,2629.12,91.19450929878647,12.0,0.1027,79.29720929878647,18
ETHUSDT,2025-02-13 17:10:00+00:00,2025-02-13 17:15:00+00:00,2025-02-13 18:45:00+00:00,LONG,17.621186705929922,2633.3575620258803,2623.69,-36.71192307983739,12.0,0.0,-48.71192307983739,18
BTCUSDT,2025-02-14 14:45:00+00:00,2025-02-14 14:50:00+00:00,2025-02-14 16:20:00+00:00,SHORT,-16.598929325401016,97401.40275316825,96556.5,86.74441325135507,12.0,0.7093,75.45371325135507,18
ETHUSDT,2025-02-14 16:00:00+00:00,2025-02-14 16:05:00+00:00,2025-02-14 17:35:00+00:00,SHORT,-16.665545832008927,2734.0970268375154,2739.99,-21.553635824331785,12.0,0.0,-33.553635824331785,18
BTCUSDT,2025-02-14 17:15:00+00:00,2025-02-14 17:20:00+00:00,2025-02-14 18:50:00+00:00,SHORT,-16.580396838573975,97333.42436791927,98310.7,-100.40493678580953,12.0,0.0,-112.40493678580953,18
ETHUSDT,2025-02-14 17:40:00+00:00,2025-02-14 17:45:00+00:00,2025-02-14 19:15:00+00:00,SHORT,-21.80884327991496,2754.039543891086,2755.31,-4.613064150555957,12.0,0.0,-16.613064150555957,18
ETHUSDT,2025-02-14 21:10:00+00:00,2025-02-14 21:15:00+00:00,2025-02-14 22:45:00+00:00,LONG,16.509844728226458,2710.3284020233455,2724.03,50.55327600310689,12.0,0.0,38.55327600310689,18
ETHUSDT,2025-02-16 18:20:00+00:00,2025-02-16 18:25:00+00:00,2025-02-16 19:55:00+00:00,LONG,18.041614372305197,2671.394833595125,2682.23,40.559958672574666,12.0,0.0,28.559958672574666,18
ETHUSDT,2025-02-17 16:20:00+00:00,2025-02-17 16:25:00+00:00,2025-02-17 17:55:00+00:00,LONG,18.561060206584486,2740.7092039455256,2739.99,-2.624152699201021,12.0,0.0,-14.624152699201021,18
ETHUSDT,2025-02-17 18:00:00+00:00,2025-02-17 18:05:00+00:00,2025-02-17 19:35:00+00:00,LONG,25.891587836099184,2718.425487783379,2708.57,-36.25439736225866,12.0,0.0,-48.25439736225866,18
BTCUSDT,2025-02-17 18:10:00+00:00,2025-02-17 18:15:00+00:00,2025-02-17 19:45:00+00:00,LONG,17.67217723331513,95574.18329412502,95415.7,-16.582228449423255,12.0,0.0,-28.582228449423255,18
ETHUSDT,2025-02-17 20:10:00+00:00,2025-02-17 20:15:00+00:00,2025-02-17 21:45:00+00:00,LONG,15.684567862722536,2725.212478733389,2762.9,138.29204717324296,12.0,0.0,126.29204717324296,18
ETHUSDT,2025-02-18 06:00:00+00:00,2025-02-18 06:05:00+00:00,2025-02-18 07:35:00+00:00,LONG,23.83156934655919,2660.5012821263804,2674.98,54.4210144565227,12.0,0.0,42.4210144565227,18
ETHUSDT,2025-02-18 14:10:00+00:00,2025-02-18 14:15:00+00:00,2025-02-18 15:45:00+00:00,SHORT,-15.120198630853231,2713.5945030224175,2680.96,120.26300534611511,12.0,0.0,108.26300534611511,18
ETHUSDT,2025-02-18 16:25:00+00:00,2025-02-18 16:30:00+00:00,2025-02-18 18:00:00+00:00,LONG,15.156682842708884,2656.245186533512,2618.84,-140.81978095676794,12.0,0.0,-152.81978095676794,18
ETHUSDT,2025-02-20 14:00:00+00:00,2025-02-20 14:05:00+00:00,2025-02-20 15:35:00+00:00,SHORT,-16.298818985048822,2756.0591533249117,2731.36,89.61764588802268,12.0,0.0,77.61764588802268,18
BTCUSDT,2025-02-20 14:05:00+00:00,2025-02-20 14:10:00+00:00,2025-02-20 15:40:00+00:00,SHORT,-15.671977901098737,97677.5620368366,97150.2,53.99009003088429,12.0,0.0,41.99009003088429,18
BTCUSDT,2025-02-20 18:40:00+00:00,2025-02-20 18:45:00+00:00,2025-02-20 20:15:00+00:00,SHORT,-15.26656315400202,98276.15925864562,98374.7,-10.026922307273534,12.0,0.0,-22.026922307273534,18
ETHUSDT,2025-02-20 19:15:00+00:00,2025-02-20 19:20:00+00:00,2025-02-20 20:50:00+00:00,SHORT,-15.504454748850426,2756.9755370835796,2749.81,25.99057186832954,12.0,0.0,13.990571868329539,18
ETHUSDT,2025-02-21 10:00:00+00:00,2025-02-21 10:05:00+00:00,2025-02-21 11:35:00+00:00,SHORT,-16.17235634832463,2787.5060771787007,2797.47,-35.74493667609868,12.0,0.0,-47.74493667609868,18
BTCUSDT,2025-02-21 12:45:00+00:00,2025-02-21 12:50:00+00:00,2025-02-21 14:20:00+00:00,SHORT,-16.009794140433037,98870.47885476361,99105.1,-23.73015160380021,12.0,0.0,-35.73015160380021,18
ETHUSDT,2025-02-21 13:00:00+00:00,2025-02-21 13:05:00+00:00,2025-02-21 14:35:00+00:00,SHORT,-16.355765894070963,2813.429019895394,2790.65,80.96532641950537,12.0,0.0,68.96532641950537,18
ETHUSDT,2025-02-21 15:30:00+00:00,2025-02-21 15:35:00+00:00,2025-02-21 17:05:00+00:00,LONG,24.265528917198786,2747.396835761148,2731.13,-59.20817680726942,12.0,-0.4228,-71.6309768072694,18
ETHUSDT,2025-02-21 17:10:00+00:00,2025-02-21 17:15:00+00:00,2025-02-21 18:45:00+00:00,LONG,15.749749487450023,2713.6939605919792,2681.47,-118.74574310859254,12.0,0.0,-130.74574310859254,18
BTCUSDT,2025-02-21 17:30:00+00:00,2025-02-21 17:35:00+00:00,2025-02-21 19:05:00+00:00,LONG,16.024318625880213,97523.01635155507,96445.9,-110.44739917315916,12.0,0.0,-122.44739917315916,18
ETHUSDT,2025-02-21 18:50:00+00:00,2025-02-21 18:55:00+00:00,2025-02-21 20:25:00+00:00,LONG,23.082432713712706,2681.0538343991398,2639.2,-156.10963816591882,12.0,0.0,-168.10963816591882,18
BTCUSDT,2025-02-21 19:35:00+00:00,2025-02-21 19:40:00+00:00,2025-02-21 21:10:00+00:00,LONG,28.106167433616015,95527.25291062881,95111.1,-43.56378917523607,12.0,0.0,-55.56378917523607,18
ETHUSDT,2025-02-21 20:30:00+00:00,2025-02-21 20:35:00+00:00,2025-02-21 22:05:00+00:00,LONG,17.816526977544083,2650.589190443635,2638.15,-46.929907088140155,12.0,0.0,-58.929907088140155,18
BTCUSDT,2025-02-21 21:25:00+00:00,2025-02-21 21:30:00+00:00,2025-02-21 23:00:00+00:00,LONG,18.75103028690393,94984.72592465061,95786.5,84.41084264278587,12.0,0.0,72.41084264278587,18
ETHUSDT,2025-02-22 10:35:00+00:00,2025-02-22 10:40:00+00:00,2025-02-22 12:10:00+00:00,SHORT,-18.77403253592475,2733.9451356207946,2732.66,4.700663535821548,12.0,0.0,-7.299336464178452,18
ETHUSDT,2025-02-22 16:05:00+00:00,2025-02-22 16:10:00+00:00,2025-02-22 17:40:00+00:00,SHORT,-18.30492712790968,2784.2367122623696,2789.01,-17.143972409414676,12.0,0.0,-29.143972409414676,18
ETHUSDT,2025-02-24 07:00:00+00:00,2025-02-24 07:05:00+00:00,2025-02-24 08:35:00+00:00,SHORT,-15.715953631585627,2733.9714161215466,2683.03,186.3275373734985,12.0,0.0924,174.4199373734985,18
ETHUSDT,2025-02-24 09:20:00+00:00,2025-02-24 09:25:00+00:00,2025-02-24 10:55:00+00:00,SHORT,-24.61032870574966,2702.0017779531804,2677.93,89.08868287797911,12.0,0.0,77.08868287797911,18
ETHUSDT,2025-02-24 16:50:00+00:00,2025-02-24 16:55:00+00:00,2025-02-24 18:25:00+00:00,LONG,17.863549998513555,2661.8494849009035,2660.74,-4.168097810177684,12.0,0.0,-16.168097810177684,18
ETHUSDT,2025-02-24 18:30:00+00:00,2025-02-24 18:35:00+00:00,2025-02-24 20:05:00+00:00,LONG,20.947466763512722,2653.0022137060773,2650.01,-11.278594833500355,12.0,0.0,-23.278594833500357,18
ETHUSDT,2025-02-24 20:20:00+00:00,2025-02-24 20:25:00+00:00,2025-02-24 21:55:00+00:00,LONG,17.033464604159562,2646.0253235779883,2644.9,-4.252882872891606,12.0,0.0,-16.252882872891604,18
BTCUSDT,2025-02-25 06:00:00+00:00,2025-02-25 06:05:00+00:00,2025-02-25 07:35:00+00:00,LONG,16.239488551535445,91781.62053426783,88940.3,-309.57402121778665,12.0,0.0,-321.57402121778665,18
ETHUSDT,2025-02-25 06:00:00+00:00,2025-02-25 06:05:00+00:00,2025-02-25 07:35:00+00:00,LONG,43.89572097138425,2492.4627227020114,2338.58,-617.3922735148928,12.0,0.0,-629.3922735148928,18
BTCUSDT,2025-02-25 07:40:00+00:00,2025-02-25 07:45:00+00:00,2025-02-25 09:15:00+00:00,LONG,61.95263619942848,88960.88833165148,89291.6,37.17495121177361,12.0,-0.5245,24.65045121177361,18
ETHUSDT,2025-02-25 07:40:00+00:00,2025-02-25 07:45:00+00:00,2025-02-25 09:15:00+00:00,LONG,63.769921406936675,2362.245749063789,2396.55,145.2188069332183,12.0,-0.047099999999999996,133.1717069332183,18
ETHUSDT,2025-02-25 09:20:00+00:00,2025-02-25 09:25:00+00:00,2025-02-25 10:55:00+00:00,LONG,95.8652809608949,2387.619519965277,2397.47,41.25648978973828,12.0,0.0,29.256489789738282,18
BTCUSDT,2025-02-25 09:45:00+00:00,2025-02-25 09:50:00+00:00,2025-02-25 11:20:00+00:00,LONG,28.551896191638964,88761.72578848897,87919.3,-94.90867612200194,12.0,0.0,-106.90867612200194,18
ETHUSDT,2025-02-25 11:00:00+00:00,2025-02-25 11:05:00+00:00,2025-02-25 12:35:00+00:00,LONG,96.45052729040057,2383.2685254277617,2424.61,173.46544936567065,12.0,0.0,161.46544936567065,18
BTCUSDT,2025-02-25 11:35:00+00:00,2025-02-25 11:40:00+00:00,2025-02-25 13:10:00+00:00,SHORT,-22.33056359245561,88621.6736779964,89403.6,-88.23195157030116,12.0,0.0,-100.23195157030116,18
ETHUSDT,2025-02-25 12:55:00+00:00,2025-02-25 13:00:00+00:00,2025-02-25 14:30:00+00:00,LONG,17.57820428920283,2433.6474326506377,2411.5,-91.00509939730883,12.0,0.0,-103.00509939730883,18
BTCUSDT,2025-02-25 13:25:00+00:00,2025-02-25 13:30:00+00:00,2025-02-25 15:00:00+00:00,SHORT,-21.62356181635134,89060.52953863257,87132.0,216.54144081818205,12.0,0.0,204.54144081818205,18
ETHUSDT,2025-02-25 14:35:00+00:00,2025-02-25 14:40:00+00:00,2025-02-25 16:10:00+00:00,LONG,21.37905397708367,2395.6572454191637,2397.96,9.612203854452162,12.0,-0.2913,-2.6790961455478386,18
BTCUSDT,2025-02-25 15:05:00+00:00,2025-02-25 15:10:00+00:00,2025-02-25 16:40:00+00:00,LONG,62.66663550908202,86879.31791675858,86800.7,-9.04909461120651,12.0,-0.13849999999999998,-21.18759461120651,18
ETHUSDT,2025-02-25 16:15:00+00:00,2025-02-25 16:20:00+00:00,2025-02-25 17:50:00+00:00,LONG,30.812526307897,2395.7968351215018,2417.41,90.21284510296157,12.0,0.0,78.21284510296157,18
BTCUSDT,2025-02-25 17:30:00+00:00,2025-02-25 17:35:00+00:00,2025-02-25 19:05:00+00:00,LONG,15.501391005814012,87506.43780776938,87190.5,-36.104521642559284,12.0,0.0,-48.104521642559284,18
ETHUSDT,2025-02-25 18:05:00+00:00,2025-02-25 18:10:00+00:00,2025-02-25 19:40:00+00:00,LONG,33.56825567705183,2419.7083148014926,2441.97,92.00152374702064,12.0,0.0,80.00152374702064,18
BTCUSDT,2025-02-25 19:15:00+00:00,2025-02-25 19:20:00+00:00,2025-02-25 20:50:00+00:00,LONG,15.175094623393145,86712.78966715113,88240.7,176.20357258874895,12.0,0.0,164.20357258874895,18
ETHUSDT,2025-02-25 20:15:00+00:00,2025-02-25 20:20:00+00:00,2025-02-25 21:50:00+00:00,SHORT,-15.049556249395735,2482.6330428162987,2498.95,-65.72440188418405,12.0,0.0,-77.72440188418405,18
BTCUSDT,2025-02-25 21:50:00+00:00,2025-02-25 21:55:00+00:00,2025-02-25 23:25:00+00:00,SHORT,-15.502552497139208,88766.28088048953,89011.7,-27.647786645570438,12.0,0.0,-39.647786645570434,18
ETHUSDT,2025-02-25 21:55:00+00:00,2025-02-25 22:00:00+00:00,2025-02-25 23:30:00+00:00,SHORT,-19.706282645852095,2515.0667950670877,2507.19,31.318432904194893,12.0,0.0,19.318432904194893,18
ETHUSDT,2025-02-26 06:05:00+00:00,2025-02-26 06:10:00+00:00,2025-02-26 07:40:00+00:00,LONG,15.73932145784408,2478.1973690527566,2480.2,8.080998601045497,12.0,0.0,-3.919001398954503,18
ETHUSDT,2025-02-26 12:00:00+00:00,2025-02-26 12:05:00+00:00,2025-02-26 13:35:00+00:00,LONG,15.360104819233195,2457.998200226957,2436.4,-87.86906444830933,12.0,0.0,-99.86906444830933,18
ETHUSDT,2025-02-26 14:00:00+00:00,2025-02-26 14:05:00+00:00,2025-02-26 15:35:00+00:00,LONG,19.76408706678592,2391.4903599550817,2441.84,210.53666319551522,12.0,0.0,198.53666319551522,18
BTCUSDT,2025-02-26 16:05:00+00:00,2025-02-26 16:10:00+00:00,2025-02-26 17:40:00+00:00,LONG,16.65092847880237,87107.96033683316,86326.2,-89.74614189222407,12.0,0.0,-101.74614189222407,18
ETHUSDT,2025-02-26 16:05:00+00:00,2025-02-26 16:10:00+00:00,2025-02-26 17:40:00+00:00,LONG,15.374979118416181,2409.427690710976,2376.56,-136.41285371497335,12.0,0.0,-148.41285371497335,18
BTCUSDT,2025-02-26 17:45:00+00:00,2025-02-26 17:50:00+00:00,2025-02-26 19:20:00+00:00,LONG,19.14877038485639,86189.8444571438,84779.1,-163.67873338549276,12.0,0.0,-175.67873338549276,18
ETHUSDT,2025-02-26 17:45:00+00:00,2025-02-26 17:50:00+00:00,2025-02-26 19:20:00+00:00,LONG,24.237163366788693,2376.9416775727614,2305.78,-299.383355696925,12.0,0.0,-311.383355696925,18
ETHUSDT,2025-02-26 19:45:00+00:00,2025-02-26 19:50:00+00:00,2025-02-26 21:20:00+00:00,LONG,43.975997030152016,2289.2569588180645,2321.37,140.277136903475,12.0,0.0,128.277136903475,18
BTCUSDT,2025-02-26 20:10:00+00:00,2025-02-26 20:15:00+00:00,2025-02-26 21:45:00+00:00,LONG,42.99321360843022,83010.47958275102,83730.0,86.67826289711967,12.0,0.0,74.67826289711967,18
ETHUSDT,2025-02-26 21:40:00+00:00,2025-02-26 21:45:00+00:00,2025-02-26 23:15:00+00:00,LONG,23.490795726948274,2306.714077472738,2338.9,139.5314783118895,12.0,0.0,127.53147831188949,18
ETHUSDT,2025-02-27 06:00:00+00:00,2025-02-27 06:05:00+00:00,2025-02-27 07:35:00+00:00,LONG,42.74813952397558,2338.9820373145362,2357.52,79.2565414771107,12.0,0.0,67.2565414771107,18
ETHUSDT,2025-02-27 10:20:00+00:00,2025-02-27 10:25:00+00:00,2025-02-27 11:55:00+00:00,SHORT,-15.519100455735567,2368.9544737108304,2348.86,84.82422914338872,12.0,0.0,72.82422914338872,18
BTCUSDT,2025-02-27 10:50:00+00:00,2025-02-27 10:55:00+00:00,2025-02-27 12:25:00+00:00,SHORT,-16.946947811121216,86774.06327811793,86377.5,45.70066943239803,12.0,0.0,33.70066943239803,18
ETHUSDT,2025-02-27 12:05:00+00:00,2025-02-27 12:10:00+00:00,2025-02-27 13:40:00+00:00,LONG,17.05390943812106,2343.6192981191425,2354.39,45.95755756705566,12.0,0.0,33.95755756705566,18
ETHUSDT,2025-02-27 13:45:00+00:00,2025-02-27 13:50:00+00:00,2025-02-27 15:20:00+00:00,LONG,16.990111309202778,2341.573039470987,2319.92,-92.47219329053702,12.0,0.0,-104.47219329053702,18
ETHUSDT,2025-02-27 15:25:00+00:00,2025-02-27 15:30:00+00:00,2025-02-27 17:00:00+00:00,LONG,28.863631139471654,2323.749758802951,2295.0,-123.72140629187678,12.0,-0.5027,-136.22410629187678,18
BTCUSDT,2025-02-27 17:00:00+00:00,2025-02-27 17:05:00+00:00,2025-02-27 18:35:00+00:00,LONG,15.062714865635982,84471.17105214839,84614.7,16.99147129888834,12.0,0.0,4.991471298888339,18
ETHUSDT,2025-02-27 17:15:00+00:00,2025-02-27 17:20:00+00:00,2025-02-27 18:50:00+00:00,LONG,29.696150282288052,2316.196628893626,2327.52,48.88777992817728,12.0,0.0,36.88777992817728,18
BTCUSDT,2025-02-27 19:10:00+00:00,2025-02-27 19:15:00+00:00,2025-02-27 20:45:00+00:00,LONG,21.00539164099722,84158.56635821589,83375.0,-93.10595369230623,12.0,0.0,-105.10595369230623,18
ETHUSDT,2025-02-27 19:25:00+00:00,2025-02-27 19:30:00+00:00,2025-02-27 21:00:00+00:00,LONG,17.483745764489623,2300.574680121759,2255.09,-197.71007876758563,12.0,0.0,-209.71007876758563,18
BTCUSDT,2025-02-27 20:50:00+00:00,2025-02-27 20:55:00+00:00,2025-02-27 22:25:00+00:00,LONG,15.245199356085507,83532.85679623052,84130.0,71.48602677700123,12.0,0.0,59.48602677700123,18
BTCUSDT,2025-02-28 06:00:00+00:00,2025-02-28 06:05:00+00:00,2025-02-28 07:35:00+00:00,LONG,49.317974623607576,80117.2826454226,79250.0,-108.25163020829808,12.0,0.0,-120.25163020829808,18
ETHUSDT,2025-02-28 06:00:00+00:00,2025-02-28 06:05:00+00:00,2025-02-28 07:35:00+00:00,LONG,108.91274221824473,2133.356558038938,2112.62,-97.20155761491655,12.0,0.0,-109.20155761491655,18
BTCUSDT,2025-02-28 07:40:00+00:00,2025-02-28 07:45:00+00:00,2025-02-28 09:15:00+00:00,LONG,21.186775622568877,79123.25254219875,79122.8,-0.05719458998632021,12.0,-0.9521000000000001,-13.00929458998632,18
ETHUSDT,2025-02-28 07:40:00+00:00,2025-02-28 07:45:00+00:00,2025-02-28 09:15:00+00:00,LONG,71.88903861876527,2103.9894055823243,2117.39,63.69135881635568,12.0,-0.12190000000000001,51.569458816355684,18
BTCUSDT,2025-02-28 09:20:00+00:00,2025-02-28 09:25:00+00:00,2025-02-28 10:55:00+00:00,SHORT,-25.62840479825052,79810.82347539376,79974.2,-20.470472235711856,12.0,0.0,-32.47047223571185,18
ETHUSDT,2025-02-28 09:25:00+00:00,2025-02-28 09:30:00+00:00,2025-02-28 11:00:00+00:00,SHORT,-19.402862366596185,2146.082258762618,2115.77,141.2446267558043,12.0,0.0,129.2446267558043,18
ETHUSDT,2025-02-28 11:05:00+00:00,2025-02-28 11:10:00+00:00,2025-02-28 12:40:00+00:00,LONG,41.627454404593585,2118.934637357856,2113.25,-26.827808926396244,12.0,0.0,-38.827808926396244,18
BTCUSDT,2025-02-28 11:45:00+00:00,2025-02-28 11:50:00+00:00,2025-02-28 13:20:00+00:00,SHORT,-18.050436364050086,80722.2456261037,80844.7,-15.169842333611072,12.0,0.0,-27.169842333611072,18
ETHUSDT,2025-02-28 12:45:00+00:00,2025-02-28 12:50:00+00:00,2025-02-28 14:20:00+00:00,LONG,80.39984879099968,2108.99002319156,2165.75,269.13345337947317,12.0,0.0,257.13345337947317,18
BTCUSDT,2025-02-28 13:30:00+00:00,2025-02-28 13:35:00+00:00,2025-02-28 15:05:00+00:00,SHORT,-15.140529351042256,81245.00102718352,82350.0,-136.0082415959063,12.0,0.0,-148.0082415959063,18
ETHUSDT,2025-02-28 14:40:00+00:00,2025-02-28 14:45:00+00:00,2025-02-28 16:15:00+00:00,SHORT,-24.101276670499367,2175.1224578190267,2210.7,-163.56569743041672,12.0,0.12480000000000001,-175.44089743041673,18
BTCUSDT,2025-02-28 15:10:00+00:00,2025-02-28 15:15:00+00:00,2025-02-28 16:45:00+00:00,SHORT,-22.6628123288064,83352.10551222126,84632.9,-153.6607239742671,12.0,-0.0373,-165.6980239742671,18
ETHUSDT,2025-02-28 16:40:00+00:00,2025-02-28 16:45:00+00:00,2025-02-28 18:15:00+00:00,SHORT,-17.05274571308592,2233.91190338036,2216.4,78.39119955384444,12.0,0.0,66.39119955384444,18
BTCUSDT,2025-02-28 18:35:00+00:00,2025-02-28 18:40:00+00:00,2025-02-28 20:10:00+00:00,SHORT,-17.7566623111748,84605.36137195144,84730.0,-14.731764751954035,12.0,0.0,-26.731764751954035,18
ETHUSDT,2025-02-28 18:45:00+00:00,2025-02-28 18:50:00+00:00,2025-02-28 20:20:00+00:00,SHORT,-15.829432109542404,2229.34701836868,2210.53,84.40596378059162,12.0,0.0,72.40596378059162,18
BTCUSDT,2025-02-28 20:35:00+00:00,2025-02-28 20:40:00+00:00,2025-02-28 22:10:00+00:00,LONG,22.03602405155537,83739.30040449061,84273.3,63.76929266544984,12.0,0.0,51.76929266544984,18
ETHUSDT,2025-02-28 20:40:00+00:00,2025-02-28 20:45:00+00:00,2025-02-28 22:15:00+00:00,LONG,31.597331331103003,2206.4349263406802,2228.25,98.8702336012226,12.0,0.0,86.8702336012226,18
ETHUSDT,2025-03-01 06:25:00+00:00,2025-03-01 06:30:00+00:00,2025-03-01 08:00:00+00:00,LONG,26.713947956594037,2236.058018113443,2228.15,-35.365889656632234,12.0,0.1061,-47.259789656632236,18
ETHUSDT,2025-03-01 10:50:00+00:00,2025-03-01 10:55:00+00:00,2025-03-01 12:25:00+00:00,LONG,19.586681579313424,2203.5333810289853,2180.62,-103.98472392683101,12.0,0.0,-115.98472392683101,18
ETHUSDT,2025-03-01 12:35:00+00:00,2025-03-01 12:40:00+00:00,2025-03-01 14:10:00+00:00,SHORT,-15.569700375536344,2180.27517988226,2153.48,122.89815583603092,12.0,0.0,110.89815583603092,18
ETHUSDT,2025-03-01 14:40:00+00:00,2025-03-01 14:45:00+00:00,2025-03-01 16:15:00+00:00,SHORT,-17.085881334388088,2162.7563298443333,2178.24,-71.59230072294243,12.0,-0.0931,-83.68540072294243,18
BTCUSDT,2025-03-01 17:40:00+00:00,2025-03-01 17:45:00+00:00,2025-03-01 19:15:00+00:00,SHORT,-15.013513012752027,85234.10771692797,85249.8,-1.841080230948755,12.0,0.0,-13.841080230948755,18
ETHUSDT,2025-03-01 19:30:00+00:00,2025-03-01 19:35:00+00:00,2025-03-01 21:05:00+00:00,SHORT,-15.011516533901633,2229.4291567719556,2221.87,33.90624343901916,12.0,0.0,21.906243439019157,18
BTCUSDT,2025-03-01 21:55:00+00:00,2025-03-01 22:00:00+00:00,2025-03-01 23:30:00+00:00,SHORT,-17.21863072408367,86057.7756518718,85638.5,48.72025202787955,12.0,0.0,36.72025202787955,18
ETHUSDT,2025-03-02 14:05:00+00:00,2025-03-02 14:10:00+00:00,2025-03-02 15:40:00+00:00,LONG,15.047823110226341,2203.263693678547,2269.63,301.21817244057826,12.0,0.0,289.21817244057826,18
BTCUSDT,2025-03-02 14:40:00+00:00,2025-03-02 14:45:00+00:00,2025-03-02 16:15:00+00:00,LONG,15.559989347658071,85210.48818214031,88112.6,340.5815269660617,12.0,0.2869,328.8684269660617,18
BTCUSDT,2025-03-02 18:30:00+00:00,2025-03-02 18:35:00+00:00,2025-03-02 20:05:00+00:00,LONG,22.122894742395317,92788.88807636919,93748.8,103.45117217492428,12.0,0.0,91.45117217492428,18
ETHUSDT,2025-03-02 18:35:00+00:00,2025-03-02 18:40:00+00:00,2025-03-02 20:10:00+00:00,LONG,17.13670022907388,2463.9568676789922,2497.6,136.54107651932534,12.0,0.0,124.54107651932534,18
BTCUSDT,2025-03-02 20:30:00+00:00,2025-03-02 20:35:00+00:00,2025-03-02 22:05:00+00:00,LONG,15.05615233537675,93791.45889666145,93999.4,22.170579899780662,12.0,0.0,10.170579899780662,18
ETHUSDT,2025-03-02 20:30:00+00:00,2025-03-02 20:35:00+00:00,2025-03-02 22:05:00+00:00,LONG,23.889584138771717,2490.4253867409107,2507.34,67.91857065521212,12.0,0.0,55.91857065521212,18
ETHUSDT,2025-03-03 06:30:00+00:00,2025-03-03 06:35:00+00:00,2025-03-03 08:05:00+00:00,LONG,44.63800272995536,2407.1984206926113,2386.61,-85.52855683033988,12.0,-0.3061,-97.83465683033988,18
BTCUSDT,2025-03-03 06:40:00+00:00,2025-03-03 06:45:00+00:00,2025-03-03 08:15:00+00:00,LONG,16.076177713935643,91918.10738180767,92149.9,25.217296656196986,12.0,-0.0791,13.138196656196985,18
ETHUSDT,2025-03-03 08:15:00+00:00,2025-03-03 08:20:00+00:00,2025-03-03 09:50:00+00:00,LONG,15.772450500504084,2374.2210530176662,2337.79,-153.44423372609663,12.0,0.0,-165.44423372609663,18
ETHUSDT,2025-03-03 09:55:00+00:00,2025-03-03 10:00:00+00:00,2025-03-03 11:30:00+00:00,LONG,29.079221337535163,2343.818946914504,2352.78,38.23270179333926,12.0,0.0,26.23270179333926,18
ETHUSDT,2025-03-03 11:45:00+00:00,2025-03-03 11:50:00+00:00,2025-03-03 13:20:00+00:00,LONG,24.761189060610242,2351.2217435873454,2365.32,59.96140709018994,12.0,0.0,47.96140709018994,18
BTCUSDT,2025-03-03 14:35:00+00:00,2025-03-03 14:40:00+00:00,2025-03-03 16:10:00+00:00,LONG,16.925950662597142,91532.63061429303,89940.5,-173.94131509254507,12.0,-0.5272,-186.46851509254506,18
ETHUSDT,2025-03-03 14:35:00+00:00,2025-03-03 14:40:00+00:00,2025-03-03 16:10:00+00:00,LONG,36.17639344189274,2324.8700496008682,2281.24,-187.6666164990981,12.0,-0.0625,-199.7291164990981,18
ETHUSDT,2025-03-03 16:25:00+00:00,2025-03-03 16:30:00+00:00,2025-03-03 18:00:00+00:00,LONG,83.75018230452841,2282.494079488288,2275.88,-28.97742231940836,12.0,0.0,-40.97742231940836,18
ETHUSDT,2025-03-03 18:05:00+00:00,2025-03-03 18:10:00+00:00,2025-03-03 19:40:00+00:00,LONG,88.11881747980419,2257.83662517671,2185.36,-321.0003078545931,12.0,0.0,-333.0003078545931,18
BTCUSDT,2025-03-03 18:10:00+00:00,2025-03-03 18:15:00+00:00,2025-03-03 19:45:00+00:00,LONG,15.268236658222502,89255.45869625815,86884.6,-265.6261847610153,12.0,0.0,-277.6261847610153,18
ETHUSDT,2025-03-03 19:45:00+00:00,2025-03-03 19:50:00+00:00,2025-03-03 21:20:00+00:00,LONG,72.5151073573675,2176.4850352199314,2138.63,-173.92738570383148,12.0,0.0,-185.92738570383148,18
BTCUSDT,2025-03-03 19:50:00+00:00,2025-03-03 19:55:00+00:00,2025-03-03 21:25:00+00:00,LONG,45.10728159271424,85760.10682232064,86190.2,50.15072784021024,12.0,0.0,38.15072784021024,18
ETHUSDT,2025-03-03 21:35:00+00:00,2025-03-03 21:40:00+00:00,2025-03-03 23:10:00+00:00,LONG,73.36700978612812,2140.5287932647407,2153.0,58.262270400195604,12.0,0.0,46.262270400195604,18
BTCUSDT,2025-03-03 21:40:00+00:00,2025-03-03 21:45:00+00:00,2025-03-03 23:15:00+00:00,LONG,19.390264836108386,86115.89503185643,86281.5,19.230476334515245,12.0,0.0,7.230476334515245,18
BTCUSDT,2025-03-04 06:00:00+00:00,2025-03-04 06:05:00+00:00,2025-03-04 07:35:00+00:00,LONG,65.29950215112105,84172.62850569592,83622.5,-65.35717316451527,12.0,0.0,-77.35717316451527,18
ETHUSDT,2025-03-04 06:00:00+00:00,2025-03-04 06:05:00+00:00,2025-03-04 07:35:00+00:00,LONG,92.54969280822021,2104.666368713281,2083.13,-102.32675845173178,12.0,0.0,-114.32675845173178,18
ETHUSDT,2025-03-04 07:40:00+00:00,2025-03-04 07:45:00+00:00,2025-03-04 09:15:00+00:00,LONG,56.188277154768755,2074.0689133346023,2102.12,135.24664723072453,12.0,0.37620000000000003,123.62284723072453,18
BTCUSDT,2025-03-04 07:50:00+00:00,2025-03-04 07:55:00+00:00,2025-03-04 09:25:00+00:00,LONG,69.27801318453503,83196.17962184708,83689.3,59.27199787229442,12.0,0.027,47.29899787229442,18
ETHUSDT,2025-03-04 09:20:00+00:00,2025-03-04 09:25:00+00:00,2025-03-04 10:55:00+00:00,LONG,65.08523004403291,2084.609473119061,2102.62,86.3976064254901,12.0,0.0,74.3976064254901,18
BTCUSDT,2025-03-04 09:40:00+00:00,2025-03-04 09:45:00+00:00,2025-03-04 11:15:00+00:00,LONG,42.25420145814891,84018.26148498835,83993.9,-2.899546426905486,12.0,0.0,-14.899546426905486,18
BTCUSDT,2025-03-04 11:30:00+00:00,2025-03-04 11:35:00+00:00,2025-03-04 13:05:00+00:00,LONG,27.965192843089756,83965.92133635303,83516.5,-53.5242547452941,12.0,0.0,-65.5242547452941,18
ETHUSDT,2025-03-04 11:40:00+00:00,2025-03-04 11:45:00+00:00,2025-03-04 13:15:00+00:00,LONG,27.183212336148053,2103.019556602379,2082.83,-96.00270496293972,12.0,0.0,-108.00270496293972,18
BTCUSDT,2025-03-04 13:10:00+00:00,2025-03-04 13:15:00+00:00,2025-03-04 14:45:00+00:00,LONG,70.81630913593878,83175.33811336818,84038.0,103.7160661079617,12.0,0.0,91.7160661079617,18
ETHUSDT,2025-03-04 13:20:00+00:00,2025-03-04 13:25:00+00:00,2025-03-04 14:55:00+00:00,LONG,68.16946423350885,2073.5496945935342,2097.98,117.81876012021408,12.0,0.0,105.81876012021408,18
ETHUSDT,2025-03-04 15:00:00+00:00,2025-03-04 15:05:00+00:00,2025-03-04 16:35:00+00:00,LONG,39.344678161669634,2064.1696391631053,2024.8,-190.72869989051554,12.0,-0.020399999999999998,-202.74909989051554,18
BTCUSDT,2025-03-04 15:15:00+00:00,2025-03-04 15:20:00+00:00,2025-03-04 16:50:00+00:00,LONG,64.29650501226207,82003.38616995895,83049.9,127.61836784057401,12.0,-0.1306,115.48776784057401,18
ETHUSDT,2025-03-04 17:00:00+00:00,2025-03-04 17:05:00+00:00,2025-03-04 18:35:00+00:00,LONG,39.60671991561532,2071.167698932526,2128.93,278.8876105843308,12.0,0.0,266.8876105843308,18
BTCUSDT,2025-03-04 18:05:00+00:00,2025-03-04 18:10:00+00:00,2025-03-04 19:40:00+00:00,SHORT,-15.934516118729873,85849.09355294383,87771.9,-223.97516007205854,12.0,0.0,-235.97516007205854,18
ETHUSDT,2025-03-04 18:50:00+00:00,2025-03-04 18:55:00+00:00,2025-03-04 20:25:00+00:00,SHORT,-19.247545948933823,2146.0265291602245,2187.19,-191.81249756443418,12.0,0.0,-203.81249756443418,18
ETHUSDT,2025-03-04 20:35:00+00:00,2025-03-04 20:40:00+00:00,2025-03-04 22:10:00+00:00,LONG,23.483428977927257,2163.3123469586153,2173.19,45.65985607797973,12.0,0.0,33.65985607797973,18
BTCUSDT,2025-03-04 20:50:00+00:00,2025-03-04 20:55:00+00:00,2025-03-04 22:25:00+00:00,LONG,15.61561648887981,87408.9994761731,87631.4,25.443664286251,12.0,0.0,13.443664286251,18
ETHUSDT,2025-03-05 11:25:00+00:00,2025-03-05 11:30:00+00:00,2025-03-05 13:00:00+00:00,LONG,19.72217116037068,2218.2092126327766,2217.09,-5.045568408977852,12.0,0.0,-17.04556840897785,18
ETHUSDT,2025-03-05 13:05:00+00:00,2025-03-05 13:10:00+00:00,2025-03-05 14:40:00+00:00,LONG,21.52049211865699,2211.7313701104504,2181.4,-137.1385807533021,12.0,0.0,-149.1385807533021,18
BTCUSDT,2025-03-05 14:30:00+00:00,2025-03-05 14:35:00+00:00,2025-03-05 16:05:00+00:00,LONG,20.132654403637996,89244.70737141918,88330.5,-102.43827318682564,12.0,-0.5028,-114.94107318682563,18
ETHUSDT,2025-03-05 14:45:00+00:00,2025-03-05 14:50:00+00:00,2025-03-05 16:20:00+00:00,LONG,20.886423711055105,2179.9375075334324,2178.8,-5.218074048000121,12.0,-0.2539,-17.47197404800012,18
BTCUSDT,2025-03-05 16:10:00+00:00,2025-03-05 16:15:00+00:00,2025-03-05 17:45:00+00:00,LONG,21.095570189347193,87795.38250666403,89700.0,216.9382305716816,12.0,0.0,204.9382305716816,18
ETHUSDT,2025-03-05 16:25:00+00:00,2025-03-05 16:30:00+00:00,2025-03-05 18:00:00+00:00,LONG,16.699177130539773,2166.4790725572084,2193.56,124.99971860252757,12.0,0.0,112.99971860252757,18
BTCUSDT,2025-03-06 09:15:00+00:00,2025-03-06 09:20:00+00:00,2025-03-06 10:50:00+00:00,LONG,23.75027518101058,90891.47230506637,91204.9,34.48372954963696,12.0,0.0,22.483729549636962,18
ETHUSDT,2025-03-06 14:30:00+00:00,2025-03-06 14:35:00+00:00,2025-03-06 16:05:00+00:00,LONG,20.297474226866786,2223.1074992146164,2258.31,158.34817163731475,12.0,-0.26849999999999996,146.07967163731476,18
BTCUSDT,2025-03-06 15:05:00+00:00,2025-03-06 15:10:00+00:00,2025-03-06 16:40:00+00:00,SHORT,-18.397071153267067,90842.0725348197,90144.8,76.75656393158926,12.0,0.6818,65.43836393158925,18
BTCUSDT,2025-03-06 16:55:00+00:00,2025-03-06 17:00:00+00:00,2025-03-06 18:30:00+00:00,LONG,22.303906013154112,89191.22345269048,88448.2,-83.30679005480901,12.0,0.0,-95.30679005480901,18
ETHUSDT,2025-03-06 17:00:00+00:00,2025-03-06 17:05:00+00:00,2025-03-06 18:35:00+00:00,LONG,22.38834261714284,2203.9609185248355,2202.66,-5.902638807707694,12.0,0.0,-17.902638807707696,18
BTCUSDT,2025-03-06 18:35:00+00:00,2025-03-06 18:40:00+00:00,2025-03-06 20:10:00+00:00,LONG,16.153124388986136,88277.1743367761,88833.5,63.020329706242606,12.0,0.0,51.020329706242606,18
ETHUSDT,2025-03-06 19:00:00+00:00,2025-03-06 19:05:00+00:00,2025-03-06 20:35:00+00:00,LONG,17.126679632187127,2193.114055822054,2205.79,57.79883697473398,12.0,0.0,45.79883697473398,18
BTCUSDT,2025-03-06 20:45:00+00:00,2025-03-06 20:50:00+00:00,2025-03-06 22:20:00+00:00,LONG,19.79530833112104,88875.6528189632,90019.7,128.72447568595513,12.0,0.0,116.72447568595513,18
ETHUSDT,2025-03-06 20:45:00+00:00,2025-03-06 20:50:00+00:00,2025-03-06 22:20:00+00:00,LONG,15.589637051288195,2199.2442224871284,2210.41,50.77097576841272,12.0,0.0,38.77097576841272,18
BTCUSDT,2025-03-07 06:00:00+00:00,2025-03-07 06:05:00+00:00,2025-03-07 07:35:00+00:00,LONG,19.258898367545793,88080.29596513475,88241.3,18.279234089879637,12.0,0.0,6.279234089879637,18
ETHUSDT,2025-03-07 06:00:00+00:00,2025-03-07 06:05:00+00:00,2025-03-07 07:35:00+00:00,LONG,29.714583113998497,2169.6699043132194,2183.0,61.438358251091344,12.0,0.0,49.438358251091344,18
BTCUSDT,2025-03-07 14:45:00+00:00,2025-03-07 14:50:00+00:00,2025-03-07 16:20:00+00:00,SHORT,-22.99053225418075,90751.06292850523,88288.6,271.34259908836333,12.0,0.20279999999999998,259.54539908836335,18
ETHUSDT,2025-03-07 14:50:00+00:00,2025-03-07 14:55:00+00:00,2025-03-07 16:25:00+00:00,SHORT,-15.88733689549235,2238.7269495449805,2177.07,275.41076216334505,12.0,0.5628000000000001,263.97356216334504,18
ETHUSDT,2025-03-07 16:30:00+00:00,2025-03-07 16:35:00+00:00,2025-03-07 18:05:00+00:00,LONG,19.231394316633573,2164.8512928465007,2170.03,23.921768532610965,12.0,0.0,11.921768532610965,18
BTCUSDT,2025-03-07 16:35:00+00:00,2025-03-07 16:40:00+00:00,2025-03-07 18:10:00+00:00,LONG,24.027926596489316,87254.84583195786,88049.3,91.04986209845123,12.0,0.0,79.04986209845123,18
BTCUSDT,2025-03-07 18:25:00+00:00,2025-03-07 18:30:00+00:00,2025-03-07 20:00:00+00:00,LONG,15.637868458720412,88001.85971605321,87787.3,-24.381270662404695,12.0,0.0,-36.381270662404695,18
ETHUSDT,2025-03-07 19:25:00+00:00,2025-03-07 19:30:00+00:00,2025-03-07 21:00:00+00:00,LONG,15.605286739892353,2183.216805433348,2156.34,-123.10644259635461,12.0,0.0,-135.1064425963546,18
BTCUSDT,2025-03-07 20:10:00+00:00,2025-03-07 20:15:00+00:00,2025-03-07 21:45:00+00:00,LONG,20.065608998678847,87697.26823246725,86249.8,-165.05283022389074,12.0,0.0,-177.05283022389074,18
ETHUSDT,2025-03-07 21:05:00+00:00,2025-03-07 21:10:00+00:00,2025-03-07 22:40:00+00:00,LONG,19.091903070600672,2127.2227792032363,2144.29,80.23240895886019,12.0,0.0,68.23240895886019,18
BTCUSDT,2025-03-07 21:50:00+00:00,2025-03-07 21:55:00+00:00,2025-03-07 23:25:00+00:00,LONG,22.21315700441789,86058.82347363912,86314.1,29.6630276893195,12.0,0.0,17.6630276893195,18
BTCUSDT,2025-03-08 06:00:00+00:00,2025-03-08 06:05:00+00:00,2025-03-08 07:35:00+00:00,LONG,18.175856656497043,86330.63591517849,86311.8,-2.1818344066171225,12.0,0.0,-14.181834406617122,18
ETHUSDT,2025-03-08 06:00:00+00:00,2025-03-08 06:05:00+00:00,2025-03-08 07:35:00+00:00,LONG,16.2700065163777,2141.200342575781,2139.07,-9.949291214937928,12.0,0.0,-21.94929121493793,18
BTCUSDT,2025-03-08 14:35:00+00:00,2025-03-08 14:40:00+00:00,2025-03-08 16:10:00+00:00,SHORT,-16.677462118078747,86476.07491358485,86245.0,26.72125368961997,12.0,0.12079999999999999,14.84205368961997,18
ETHUSDT,2025-03-08 17:15:00+00:00,2025-03-08 17:20:00+00:00,2025-03-08 18:50:00+00:00,SHORT,-15.481977424000235,2209.195203424516,2206.56,11.928341236805418,12.0,0.0,-0.07165876319458242,18
ETHUSDT,2025-03-08 19:25:00+00:00,2025-03-08 19:30:00+00:00,2025-03-08 21:00:00+00:00,SHORT,-15.691894476700458,2219.3969703670477,2212.0,33.328739589224554,12.0,0.0,21.328739589224554,18
ETHUSDT,2025-03-09 10:20:00+00:00,2025-03-09 10:25:00+00:00,2025-03-09 11:55:00+00:00,LONG,21.39935074497746,2152.8478747689182,2144.0,-41.09846716349175,12.0,0.0,-53.09846716349175,18
BTCUSDT,2025-03-09 14:00:00+00:00,2025-03-09 14:05:00+00:00,2025-03-09 15:35:00+00:00,LONG,15.268633065900605,83432.09030866859,83454.8,2.7219372363074257,12.0,0.0,-9.278062763692574,18
ETHUSDT,2025-03-09 14:00:00+00:00,2025-03-09 14:05:00+00:00,2025-03-09 15:35:00+00:00,LONG,16.74280492532549,2109.8512648989836,2111.39,7.293097511733571,12.0,0.0,-4.706902488266429,18
ETHUSDT,2025-03-09 16:20:00+00:00,2025-03-09 16:25:00+00:00,2025-03-09 17:55:00+00:00,LONG,25.76025426825907,2090.382395370607,2020.2,-335.73950644644634,12.0,0.0,-347.73950644644634,18
ETHUSDT,2025-03-09 18:00:00+00:00,2025-03-09 18:05:00+00:00,2025-03-09 19:35:00+00:00,LONG,70.15920000366967,2019.8561511746618,2039.77,98.59043087675934,12.0,0.0,86.59043087675934,18
BTCUSDT,2025-03-09 18:45:00+00:00,2025-03-09 18:50:00+00:00,2025-03-09 20:20:00+00:00,LONG,18.888646755535454,82522.48903490751,83002.8,58.20364493481556,12.0,0.0,46.20364493481556,18
BTCUSDT,2025-03-09 21:30:00+00:00,2025-03-09 21:35:00+00:00,2025-03-09 23:05:00+00:00,LONG,20.972145070362988,82080.6694564687,80185.0,-230.95199747049656,12.0,0.0,-242.95199747049656,18
ETHUSDT,2025-03-09 21:30:00+00:00,2025-03-09 21:35:00+00:00,2025-03-09 23:05:00+00:00,LONG,53.334048368766254,2021.7321699028869,2003.85,-88.44974704906639,12.0,0.0,-100.44974704906639,18
ETHUSDT,2025-03-10 06:15:00+00:00,2025-03-10 06:20:00+00:00,2025-03-10 07:50:00+00:00,LONG,15.15498950045797,2062.0761453613763,2067.81,27.806221664130604,12.0,0.0,15.806221664130604,18
ETHUSDT,2025-03-10 09:15:00+00:00,2025-03-10 09:20:00+00:00,2025-03-10 10:50:00+00:00,LONG,24.552426974973663,2129.005713724025,2090.02,-183.11699904192346,12.0,0.0,-195.11699904192346,18
ETHUSDT,2025-03-10 13:30:00+00:00,2025-03-10 13:35:00+00:00,2025-03-10 15:05:00+00:00,LONG,21.35221302811027,2088.974909046738,2016.95,-344.7858982643559,12.0,0.0,-356.7858982643559,18
BTCUSDT,2025-03-10 14:00:00+00:00,2025-03-10 14:05:00+00:00,2025-03-10 15:35:00+00:00,LONG,15.911089797989373,80627.46453671106,80879.9,31.30886785779996,12.0,0.0,19.30886785779996,18
ETHUSDT,2025-03-10 15:10:00+00:00,2025-03-10 15:15:00+00:00,2025-03-10 16:45:00+00:00,LONG,15.593415695517992,2023.2945451580154,2013.42,-48.804288933839146,12.0,-0.3433,-61.147588933839145,18
BTCUSDT,2025-03-10 16:15:00+00:00,2025-03-10 16:20:00+00:00,2025-03-10 17:50:00+00:00,LONG,16.820407114746548,79547.79965193456,78471.3,-135.3273951818701,12.0,0.0,-147.3273951818701,18
ETHUSDT,2025-03-10 16:50:00+00:00,2025-03-10 16:55:00+00:00,2025-03-10 18:25:00+00:00,LONG,26.097142255006364,2005.5381208671147,1913.97,-456.57631692148647,12.0,0.0,-468.57631692148647,18
BTCUSDT,2025-03-10 18:15:00+00:00,2025-03-10 18:20:00+00:00,2025-03-10 19:50:00+00:00,LONG,22.621312605245365,78366.47977054463,78897.4,67.7483831109793,12.0,0.0,55.748383110979304,18
ETHUSDT,2025-03-10 18:30:00+00:00,2025-03-10 18:35:00+00:00,2025-03-10 20:05:00+00:00,LONG,46.07766476289626,1892.7881818369829,1875.17,-93.08057819699678,12.0,0.0,-105.08057819699678,18
BTCUSDT,2025-03-10 20:10:00+00:00,2025-03-10 20:15:00+00:00,2025-03-10 21:45:00+00:00,LONG,19.79525175256726,78812.38778041385,79584.3,97.94300633763964,12.0,0.0,85.94300633763964,18
ETHUSDT,2025-03-10 20:10:00+00:00,2025-03-10 20:15:00+00:00,2025-03-10 21:45:00+00:00,LONG,58.4228398507963,1866.7009024869135,1892.79,139.76045909834366,12.0,0.0,127.76045909834366,18
ETHUSDT,2025-03-11 06:00:00+00:00,2025-03-11 06:05:00+00:00,2025-03-11 07:35:00+00:00,LONG,53.15996199635312,1887.365371916889,1894.02,35.25882260069446,12.0,0.0,23.258822600694458,18
ETHUSDT,2025-03-11 07:50:00+00:00,2025-03-11 07:55:00+00:00,2025-03-11 09:25:00+00:00,LONG,19.855514952398224,1904.236182637947,1915.37,58.4686787467148,12.0,-0.2173,46.2513787467148,18
BTCUSDT,2025-03-11 08:45:00+00:00,2025-03-11 08:50:00+00:00,2025-03-11 10:20:00+00:00,SHORT,-15.013175557986216,81341.0213918525,81633.9,-36.00626143315688,12.0,0.0,-48.00626143315688,18
ETHUSDT,2025-03-11 10:15:00+00:00,2025-03-11 10:20:00+00:00,2025-03-11 11:50:00+00:00,SHORT,-17.810241041622316,1922.2626957432701,1915.64,34.45260503642689,12.0,0.0,22.45260503642689,18
ETHUSDT,2025-03-11 11:55:00+00:00,2025-03-11 12:00:00+00:00,2025-03-11 13:30:00+00:00,LONG,21.259628878267815,1912.063773984821,1919.87,40.82618017970496,12.0,0.0,28.826180179704963,18
ETHUSDT,2025-03-11 13:35:00+00:00,2025-03-11 13:40:00+00:00,2025-03-11 15:10:00+00:00,LONG,25.556413095189196,1908.3731455212478,1896.91,-60.06763167963558,12.0,0.0,-72.06763167963558,18
BTCUSDT,2025-03-11 14:35:00+00:00,2025-03-11 14:40:00+00:00,2025-03-11 16:10:00+00:00,LONG,16.118726975036715,79274.79522196112,81009.3,218.79650060053103,12.0,-0.8746,205.92190060053105,18
ETHUSDT,2025-03-11 16:05:00+00:00,2025-03-11 16:10:00+00:00,2025-03-11 17:40:00+00:00,LONG,16.401514009470958,1903.8880749944676,1894.64,-48.57467787067415,12.0,0.0,-60.57467787067415,18
ETHUSDT,2025-03-11 17:45:00+00:00,2025-03-11 17:50:00+00:00,2025-03-11 19:20:00+00:00,LONG,16.698126590685135,1904.202121181922,1948.65,233.41996274266253,12.0,0.0,221.41996274266253,18
BTCUSDT,2025-03-11 18:25:00+00:00,2025-03-11 18:30:00+00:00,2025-03-11 20:00:00+00:00,SHORT,-15.165839847003532,82600.85980055894,83060.1,-55.59750837338839,12.0,0.0,-67.5975083733884,18
ETHUSDT,2025-03-12 06:00:00+00:00,2025-03-12 06:05:00+00:00,2025-03-12 07:35:00+00:00,LONG,19.176121197477872,1871.3108297470728,1911.79,216.31451926347412,12.0,0.0,204.31451926347412,18
ETHUSDT,2025-03-12 09:10:00+00:00,2025-03-12 09:15:00+00:00,2025-03-12 10:45:00+00:00,LONG,19.084997780369882,1910.0498188837623,1892.49,-91.93382659528959,12.0,0.0,-103.93382659528959,18
ETHUSDT,2025-03-12 11:40:00+00:00,2025-03-12 11:45:00+00:00,2025-03-12 13:15:00+00:00,LONG,18.473614923123794,1906.2764000943891,1919.34,68.5294110810153,12.0,0.0,56.5294110810153,18
BTCUSDT,2025-03-12 12:05:00+00:00,2025-03-12 12:10:00+00:00,2025-03-12 13:40:00+00:00,SHORT,-15.665107514351586,82964.59256488523,83521.2,-67.08975695619345,12.0,0.0,-79.08975695619345,18
ETHUSDT,2025-03-12 13:50:00+00:00,2025-03-12 13:55:00+00:00,2025-03-12 15:25:00+00:00,LONG,15.145048429303586,1882.407182217993,1846.05,-193.14196504049863,12.0,0.0,-205.14196504049863,18
BTCUSDT,2025-03-12 15:00:00+00:00,2025-03-12 15:05:00+00:00,2025-03-12 16:35:00+00:00,LONG,16.22501098078626,80990.65550684865,82046.4,130.35386447292962,12.0,-0.4013,117.95256447292961,18
ETHUSDT,2025-03-12 15:55:00+00:00,2025-03-12 16:00:00+00:00,2025-03-12 17:30:00+00:00,SHORT,-15.927690937902712,1870.7880336382884,1886.63,-84.680712495806,12.0,-0.3413,-97.02201249580601,18
ETHUSDT,2025-03-12 17:50:00+00:00,2025-03-12 17:55:00+00:00,2025-03-12 19:25:00+00:00,LONG,15.662519060383794,1868.789070589175,1874.18,28.847179682645052,12.0,0.0,16.847179682645052,18
BTCUSDT,2025-03-13 06:00:00+00:00,2025-03-13 06:05:00+00:00,2025-03-13 07:35:00+00:00,LONG,19.49580947951962,83018.94343776675,83403.9,46.36972554605157,12.0,0.0,34.36972554605157,18
ETHUSDT,2025-03-13 06:00:00+00:00,2025-03-13 06:05:00+00:00,2025-03-13 07:35:00+00:00,LONG,25.098060032539706,1863.3113141700371,1875.26,64.12608424097411,12.0,0.0,52.12608424097411,18
ETHUSDT,2025-03-13 13:50:00+00:00,2025-03-13 13:55:00+00:00,2025-03-13 15:25:00+00:00,LONG,15.782003464727605,1871.1057161575375,1881.94,57.90310910231078,12.0,0.0,45.90310910231078,18
BTCUSDT,2025-03-13 15:30:00+00:00,2025-03-13 15:35:00+00:00,2025-03-13 17:05:00+00:00,LONG,19.838029649952922,81296.08545322671,80735.6,-68.94371975009528,12.0,-0.319,-81.26271975009529,18
ETHUSDT,2025-03-13 16:00:00+00:00,2025-03-13 16:05:00+00:00,2025-03-13 17:35:00+00:00,LONG,15.602597921614388,1875.217194192022,1836.97,-203.96140943290342,12.0,0.0,-215.96140943290342,18
ETHUSDT,2025-03-13 17:40:00+00:00,2025-03-13 17:45:00+00:00,2025-03-13 19:15:00+00:00,LONG,21.98209455772234,1832.1247745124456,1851.97,108.31808926788699,12.0,0.0,96.31808926788699,18
ETHUSDT,2025-03-13 19:20:00+00:00,2025-03-13 19:25:00+00:00,2025-03-13 20:55:00+00:00,LONG,16.618715742926383,1846.495234985912,1842.89,-19.5247456782055,12.0,0.0,-31.5247456782055,18
ETHUSDT,2025-03-14 13:50:00+00:00,2025-03-14 13:55:00+00:00,2025-03-14 15:25:00+00:00,SHORT,-18.144471678882613,1910.110458342399,1933.94,-124.75478343948909,12.0,0.0,-136.75478343948907,18
BTCUSDT,2025-03-14 15:00:00+00:00,2025-03-14 15:05:00+00:00,2025-03-14 16:35:00+00:00,SHORT,-19.693981143702224,84024.91653346086,84089.3,-7.662425527492633,12.0,0.0357,-19.626725527492635,18
ETHUSDT,2025-03-14 15:30:00+00:00,2025-03-14 15:35:00+00:00,2025-03-14 17:05:00+00:00,SHORT,-19.196936374848963,1937.6763414782645,1933.61,20.98565891124227,12.0,0.5537,9.539358911242267,18
BTCUSDT,2025-03-14 16:50:00+00:00,2025-03-14 16:55:00+00:00,2025-03-14 18:25:00+00:00,SHORT,-17.645742259264985,84789.50330395377,84204.1,69.04195462204888,12.0,0.0,57.04195462204888,18
ETHUSDT,2025-03-14 19:15:00+00:00,2025-03-14 19:20:00+00:00,2025-03-14 20:50:00+00:00,SHORT,-16.720869055484844,1943.6729404940445,1925.59,93.0348934602554,12.0,0.0,81.0348934602554,18
ETHUSDT,2025-03-16 09:35:00+00:00,2025-03-16 09:40:00+00:00,2025-03-16 11:10:00+00:00,LONG,16.68603283444406,1909.424659289115,1894.14,-80.0485068355894,12.0,0.0,-92.0485068355894,18
BTCUSDT,2025-03-16 11:15:00+00:00,2025-03-16 11:20:00+00:00,2025-03-16 12:50:00+00:00,LONG,15.074674760970492,82901.99845366596,82682.5,-26.476859154201946,12.0,0.0,-38.47685915420195,18
ETHUSDT,2025-03-16 11:15:00+00:00,2025-03-16 11:20:00+00:00,2025-03-16 12:50:00+00:00,LONG,23.360485565377413,1884.6210424024664,1882.01,-13.854469114585877,12.0,0.0,-25.854469114585875,18
ETHUSDT,2025-03-16 16:05:00+00:00,2025-03-16 16:10:00+00:00,2025-03-16 17:40:00+00:00,SHORT,-15.493840952954905,1915.7062888734677,1910.22,28.638465642318867,12.0,0.0,16.638465642318867,18
BTCUSDT,2025-03-16 16:15:00+00:00,2025-03-16 16:20:00+00:00,2025-03-16 17:50:00+00:00,SHORT,-17.614479006302787,84317.39327080584,83647.7,79.4252816444363,12.0,0.0,67.4252816444363,18
ETHUSDT,2025-03-16 19:00:00+00:00,2025-03-16 19:05:00+00:00,2025-03-16 20:35:00+00:00,LONG,16.38578461177686,1890.370586647817,1887.69,-14.180217713661847,12.0,0.0,-26.180217713661847,18
BTCUSDT,2025-03-16 19:15:00+00:00,2025-03-16 19:20:00+00:00,2025-03-16 20:50:00+00:00,LONG,19.635586313295097,82838.81926761445,82988.2,18.032696953702576,12.0,0.0,6.032696953702576,18
BTCUSDT,2025-03-16 21:00:00+00:00,2025-03-16 21:05:00+00:00,2025-03-16 22:35:00+00:00,LONG,15.060872845307134,82955.20016685894,82360.9,-71.6410985283078,12.0,0.0,-83.6410985283078,18
BTCUSDT,2025-03-18 06:40:00+00:00,2025-03-18 06:45:00+00:00,2025-03-18 08:15:00+00:00,LONG,15.119309147791004,82246.46010070608,83056.5,98.48933295148132,12.0,-0.2059,86.28343295148132,18
BTCUSDT,2025-03-19 11:10:00+00:00,2025-03-19 11:15:00+00:00,2025-03-19 12:45:00+00:00,SHORT,-15.19854581301467,83668.36850433759,83630.4,4.537975941962813,12.0,0.0,-7.462024058037187,18
ETHUSDT,2025-03-19 12:30:00+00:00,2025-03-19 12:35:00+00:00,2025-03-19 14:05:00+00:00,LONG,23.397497953289374,2006.456210037061,2018.71,61.071803618941715,12.0,0.0,49.071803618941715,18
BTCUSDT,2025-03-19 13:40:00+00:00,2025-03-19 13:45:00+00:00,2025-03-19 15:15:00+00:00,SHORT,-15.146876426577846,83947.62280571877,84170.6,-26.5614661653113,12.0,0.0,-38.5614661653113,18
BTCUSDT,2025-03-19 15:30:00+00:00,2025-03-19 15:35:00+00:00,2025-03-19 17:05:00+00:00,SHORT,-15.009788021407136,84325.53299875483,84543.4,-25.836421484388694,12.0,0.5024,-37.33402148438869,18
BTCUSDT,2025-03-19 18:50:00+00:00,2025-03-19 18:55:00+00:00,2025-03-19 20:25:00+00:00,SHORT,-17.56381490293802,85354.09946428513,85668.9,-36.881712500123065,12.0,0.0,-48.881712500123065,18
ETHUSDT,2025-03-19 18:55:00+00:00,2025-03-19 19:00:00+00:00,2025-03-19 20:30:00+00:00,SHORT,-15.630373253336748,2047.243432774494,2041.82,26.49139173031334,12.0,0.0,14.491391730313339,18
ETHUSDT,2025-03-20 10:10:00+00:00,2025-03-20 10:15:00+00:00,2025-03-20 11:45:00+00:00,LONG,20.42838628702775,1988.2029316301948,1991.89,18.54472856441358,12.0,0.0,6.544728564413582,18
BTCUSDT,2025-03-20 14:35:00+00:00,2025-03-20 14:40:00+00:00,2025-03-20 16:10:00+00:00,SHORT,-18.749946267160585,86238.17235081174,84571.9,193.21749352867235,12.0,0.10859999999999999,181.32609352867235,18
ETHUSDT,2025-03-20 15:30:00+00:00,2025-03-20 15:35:00+00:00,2025-03-20 17:05:00+00:00,LONG,16.63249019984089,1974.4824993049942,1962.31,-61.6490615099341,12.0,0.0857,-73.5633615099341,18
BTCUSDT,2025-03-20 16:30:00+00:00,2025-03-20 16:35:00+00:00,2025-03-20 18:05:00+00:00,LONG,20.45327941123939,83844.56217306272,84040.3,23.345321612302516,12.0,0.0,11.345321612302516,18
ETHUSDT,2025-03-20 17:20:00+00:00,2025-03-20 17:25:00+00:00,2025-03-20 18:55:00+00:00,LONG,18.93839506890689,1960.7139086371508,1972.7,61.13126096596311,12.0,0.0,49.13126096596311,18
ETHUSDT,2025-03-20 19:00:00+00:00,2025-03-20 19:05:00+00:00,2025-03-20 20:35:00+00:00,LONG,16.70350585575208,1969.3845302540005,1979.28,50.24650896756633,12.0,0.0,38.24650896756633,18
ETHUSDT,2025-03-21 13:30:00+00:00,2025-03-21 13:35:00+00:00,2025-03-21 15:05:00+00:00,LONG,17.5881605137153,1940.4161667516817,1949.77,48.20529435176191,12.0,0.0,36.20529435176191,18
ETHUSDT,2025-03-23 17:35:00+00:00,2025-03-23 17:40:00+00:00,2025-03-23 19:10:00+00:00,LONG,17.736305826956418,1992.038299066405,1995.42,16.97608391957095,12.0,0.0,4.97608391957095,18
ETHUSDT,2025-03-26 15:30:00+00:00,2025-03-26 15:35:00+00:00,2025-03-26 17:05:00+00:00,SHORT,-26.154332652813626,2015.6164596409635,2014.0,8.019678710360356,12.0,-0.2235,-4.203821289639643,18
ETHUSDT,2025-03-26 19:10:00+00:00,2025-03-26 19:15:00+00:00,2025-03-26 20:45:00+00:00,LONG,15.759082362737441,1982.7028181214616,2011.7,146.25077249858398,12.0,0.0,134.25077249858398,18
BTCUSDT,2025-03-28 06:00:00+00:00,2025-03-28 06:05:00+00:00,2025-03-28 07:35:00+00:00,LONG,20.61929091919683,86160.50826487926,85341.5,-95.05610881047954,12.0,0.0,-107.05610881047954,18
ETHUSDT,2025-03-28 06:10:00+00:00,2025-03-28 06:15:00+00:00,2025-03-28 07:45:00+00:00,LONG,18.322658291240266,1924.8582433196375,1905.74,-99.32286383160348,12.0,0.0,-111.32286383160348,18
BTCUSDT,2025-03-28 07:55:00+00:00,2025-03-28 08:00:00+00:00,2025-03-28 09:30:00+00:00,LONG,16.42759040605787,85144.00011256809,85290.1,17.159152405190614,12.0,0.045700000000000005,5.204852405190614,18
ETHUSDT,2025-03-28 09:25:00+00:00,2025-03-28 09:30:00+00:00,2025-03-28 11:00:00+00:00,SHORT,-29.225657655686227,1912.0608328672624,1908.79,17.106322199789137,12.0,0.0,5.106322199789137,18
ETHUSDT,2025-03-28 11:15:00+00:00,2025-03-28 11:20:00+00:00,2025-03-28 12:50:00+00:00,SHORT,-17.703152362577747,1912.4993120284305,1890.54,114.81997347826511,12.0,0.0,102.81997347826511,18
BTCUSDT,2025-03-28 14:30:00+00:00,2025-03-28 14:35:00+00:00,2025-03-28 16:05:00+00:00,LONG,15.04893354110902,84240.02960477826,84090.1,-17.797905043679396,12.0,-0.8118000000000001,-30.609705043679398,18
ETHUSDT,2025-03-28 15:55:00+00:00,2025-03-28 16:00:00+00:00,2025-03-28 17:30:00+00:00,LONG,15.02255511861495,1870.1388992861923,1872.01,10.005143011151407,12.0,0.0,-1.9948569888485927,18
ETHUSDT,2025-03-28 18:10:00+00:00,2025-03-28 18:15:00+00:00,2025-03-28 19:45:00+00:00,LONG,17.221374956099627,1878.9180854441543,1874.05,-25.908981779817488,12.0,0.0,-37.90898177981749,18
ETHUSDT,2025-03-28 20:00:00+00:00,2025-03-28 20:05:00+00:00,2025-03-28 21:35:00+00:00,LONG,15.918127844570089,1879.0780285562694,1887.96,47.26770952963033,12.0,0.0,35.26770952963033,18
ETHUSDT,2025-03-29 06:00:00+00:00,2025-03-29 06:05:00+00:00,2025-03-29 07:35:00+00:00,LONG,21.013093352818167,1882.0969547484747,1880.56,-8.166182643232212,12.0,0.0,-20.16618264323221,18
BTCUSDT,2025-03-29 11:15:00+00:00,2025-03-29 11:20:00+00:00,2025-03-29 12:50:00+00:00,LONG,22.428859544566574,82672.83776663794,82323.8,-42.21915880318172,12.0,0.0,-54.21915880318172,18
ETHUSDT,2025-03-29 11:20:00+00:00,2025-03-29 11:25:00+00:00,2025-03-29 12:55:00+00:00,LONG,22.803563805627295,1845.3907850242813,1849.61,22.86353118243767,12.0,0.0,10.863531182437669,18
ETHUSDT,2025-03-29 16:45:00+00:00,2025-03-29 16:50:00+00:00,2025-03-29 18:20:00+00:00,LONG,18.021979044397387,1823.5327030278538,1816.91,-36.31798331259483,12.0,0.0,-48.31798331259483,18
ETHUSDT,2025-03-29 19:25:00+00:00,2025-03-29 19:30:00+00:00,2025-03-29 21:00:00+00:00,LONG,17.279719418943394,1814.0411032687232,1816.97,16.145702134306994,12.0,0.0,4.145702134306994,18
ETHUSDT,2025-03-30 13:30:00+00:00,2025-03-30 13:35:00+00:00,2025-03-30 15:05:00+00:00,LONG,28.776295952107166,1807.971892454931,1814.04,33.563063509960415,12.0,0.0,21.563063509960415,18
ETHUSDT,2025-03-30 16:50:00+00:00,2025-03-30 16:55:00+00:00,2025-03-30 18:25:00+00:00,LONG,19.65850020905982,1792.7783140134284,1820.18,152.84480949141255,12.0,0.0,140.84480949141255,18
ETHUSDT,2025-03-30 20:00:00+00:00,2025-03-30 20:05:00+00:00,2025-03-30 21:35:00+00:00,LONG,16.1977209399151,1809.8892629781433,1814.05,22.988903834979535,12.0,0.0,10.988903834979535,18
BTCUSDT,2025-03-31 19:45:00+00:00,2025-03-31 19:50:00+00:00,2025-03-31 21:20:00+00:00,LONG,16.379018866066758,82551.23806755862,82513.6,-4.559358337885566,12.0,0.0,-16.559358337885566,18
ETHUSDT,2025-03-31 19:45:00+00:00,2025-03-31 19:50:00+00:00,2025-03-31 21:20:00+00:00,LONG,15.424343817498233,1825.4658150640128,1824.79,-3.7021512998813844,12.0,0.0,-15.702151299881384,18
BTCUSDT,2025-04-01 08:40:00+00:00,2025-04-01 08:45:00+00:00,2025-04-01 10:15:00+00:00,SHORT,-15.039242206736114,83977.21877568177,84250.0,-32.482764765866534,12.0,0.0,-44.482764765866534,18
ETHUSDT,2025-04-01 08:50:00+00:00,2025-04-01 08:55:00+00:00,2025-04-01 10:25:00+00:00,SHORT,-15.776266473452745,1882.7069587095752,1880.53,11.562918485558127,12.0,0.0,-0.43708151444187315,18
ETHUSDT,2025-04-01 15:00:00+00:00,2025-04-01 15:05:00+00:00,2025-04-01 16:35:00+00:00,SHORT,-18.487359543259323,1888.7689436107335,1914.99,-138.82617287819255,12.0,0.3314,-150.49477287819255,18
BTCUSDT,2025-04-01 15:35:00+00:00,2025-04-01 15:40:00+00:00,2025-04-01 17:10:00+00:00,SHORT,-15.435662083222448,85210.2119118196,84966.2,28.636463440804285,12.0,0.3573,16.993763440804283,18
ETHUSDT,2025-04-02 06:00:00+00:00,2025-04-02 06:05:00+00:00,2025-04-02 07:35:00+00:00,LONG,16.94951271122697,1856.7586789874044,1862.53,31.082773856982993,12.0,0.0,19.082773856982993,18
BTCUSDT,2025-04-02 13:35:00+00:00,2025-04-02 13:40:00+00:00,2025-04-02 15:10:00+00:00,SHORT,-18.24050480460397,85300.94494768686,86365.3,-124.7764667748852,12.0,0.0,-136.7764667748852,18
BTCUSDT,2025-04-02 20:25:00+00:00,2025-04-02 20:30:00+00:00,2025-04-02 22:00:00+00:00,LONG,21.29937207698811,85720.43294141188,84812.8,-105.8829161574848,12.0,0.0,-117.8829161574848,18
ETHUSDT,2025-04-02 20:30:00+00:00,2025-04-02 20:35:00+00:00,2025-04-02 22:05:00+00:00,LONG,21.73046449852785,1888.828932558633,1851.69,-196.6241194131013,12.0,0.0,-208.6241194131013,18
ETHUSDT,2025-04-03 06:00:00+00:00,2025-04-03 06:05:00+00:00,2025-04-03 07:35:00+00:00,LONG,20.937129859657574,1823.7103252454729,1816.02,-42.16856777645162,12.0,0.0,-54.16856777645162,18
ETHUSDT,2025-04-03 08:15:00+00:00,2025-04-03 08:20:00+00:00,2025-04-03 09:50:00+00:00,LONG,16.242120092684853,1819.6287915723933,1814.75,-26.812015697869064,12.0,0.0,-38.812015697869064,18
ETHUSDT,2025-04-03 10:20:00+00:00,2025-04-03 10:25:00+00:00,2025-04-03 11:55:00+00:00,LONG,18.68783683153784,1803.2922790340288,1794.55,-48.47954563811374,12.0,0.0,-60.47954563811374,18
BTCUSDT,2025-04-03 11:15:00+00:00,2025-04-03 11:20:00+00:00,2025-04-03 12:50:00+00:00,LONG,15.80375289126702,83138.32127586567,81882.7,-151.02798043026831,12.0,0.0,-163.02798043026831,18
ETHUSDT,2025-04-03 12:20:00+00:00,2025-04-03 12:25:00+00:00,2025-04-03 13:55:00+00:00,LONG,21.180765115677172,1791.8708659000786,1782.13,-54.36142796587884,12.0,0.0,-66.36142796587885,18
BTCUSDT,2025-04-03 12:55:00+00:00,2025-04-03 13:00:00+00:00,2025-04-03 14:30:00+00:00,LONG,34.05288931628091,81868.18990767733,82260.0,47.85864848905419,12.0,0.0,35.85864848905419,18
ETHUSDT,2025-04-03 14:00:00+00:00,2025-04-03 14:05:00+00:00,2025-04-03 15:35:00+00:00,LONG,21.51976572815161,1771.260436658526,1778.12,38.72701721049143,12.0,0.0,26.727017210491432,18
BTCUSDT,2025-04-03 14:45:00+00:00,2025-04-03 14:50:00+00:00,2025-04-03 16:20:00+00:00,LONG,27.34765728302384,81447.31555046326,82261.3,99.93999728971082,12.0,-0.6484,87.29159728971082,18
ETHUSDT,2025-04-03 16:25:00+00:00,2025-04-03 16:30:00+00:00,2025-04-03 18:00:00+00:00,LONG,15.303629354953484,1785.7066077889324,1775.35,-57.997252985225735,12.0,0.0,-69.99725298522574,18
BTCUSDT,2025-04-03 17:45:00+00:00,2025-04-03 17:50:00+00:00,2025-04-03 19:20:00+00:00,LONG,15.305942402392063,81869.52748031668,81950.1,9.841576244922212,12.0,0.0,-2.158423755077788,18
ETHUSDT,2025-04-03 18:05:00+00:00,2025-04-03 18:10:00+00:00,2025-04-03 19:40:00+00:00,LONG,16.865573275329933,1773.313215798646,1786.08,71.99396072624431,12.0,0.0,59.99396072624431,18
BTCUSDT,2025-04-03 20:00:00+00:00,2025-04-03 20:05:00+00:00,2025-04-03 21:35:00+00:00,LONG,15.15136702658735,81951.68709447638,82393.5,53.91138623104696,12.0,0.0,41.91138623104696,18
ETHUSDT,2025-04-03 20:50:00+00:00,2025-04-03 20:55:00+00:00,2025-04-03 22:25:00+00:00,SHORT,-16.417356846041724,1799.0413818830332,1806.56,-41.79235782279189,12.0,0.0,-53.79235782279189,18
BTCUSDT,2025-04-03 21:55:00+00:00,2025-04-03 22:00:00+00:00,2025-04-03 23:30:00+00:00,SHORT,-16.433827746455965,82710.2739211735,82774.9,-7.813549123061314,12.0,0.0,-19.813549123061314,18
ETHUSDT,2025-04-04 08:40:00+00:00,2025-04-04 08:45:00+00:00,2025-04-04 10:15:00+00:00,SHORT,-15.924794228299284,1828.405210706992,1812.69,85.95037147654638,12.0,0.0,73.95037147654638,18
ETHUSDT,2025-04-04 10:50:00+00:00,2025-04-04 10:55:00+00:00,2025-04-04 12:25:00+00:00,LONG,16.940331584097024,1781.7725964599372,1774.18,-42.612600929109455,12.0,0.0,-54.612600929109455,18
BTCUSDT,2025-04-04 11:05:00+00:00,2025-04-04 11:10:00+00:00,2025-04-04 12:40:00+00:00,LONG,17.200881069755862,82351.78926261647,82481.0,15.690094719311709,12.0,0.0,3.690094719311709,18
BTCUSDT,2025-04-04 15:15:00+00:00,2025-04-04 15:20:00+00:00,2025-04-04 16:50:00+00:00,SHORT,-16.59572776531043,83410.57520117697,83213.5,23.62712410286627,12.0,0.8038,12.43092410286627,18
BTCUSDT,2025-04-04 17:35:00+00:00,2025-04-04 17:40:00+00:00,2025-04-04 19:10:00+00:00,SHORT,-22.09521302837795,84215.11600314899,84000.0,25.54363318111985,12.0,0.0,13.543633181119851,18
ETHUSDT,2025-04-04 17:35:00+00:00,2025-04-04 17:40:00+00:00,2025-04-04 19:10:00+00:00,SHORT,-17.94230992162999,1817.8697431774901,1807.49,57.098387915006654,12.0,0.0,45.098387915006654,18
ETHUSDT,2025-04-05 12:45:00+00:00,2025-04-05 12:50:00+00:00,2025-04-05 14:20:00+00:00,LONG,17.446673245025337,1792.6818135187186,1787.56,-28.57067818781256,12.0,0.0,-40.57067818781256,18
ETHUSDT,2025-04-06 13:20:00+00:00,2025-04-06 13:25:00+00:00,2025-04-06 14:55:00+00:00,LONG,16.632536472007853,1769.5032457842779,1765.71,-21.43678342108157,12.0,0.0,-33.43678342108157,18
ETHUSDT,2025-04-06 16:40:00+00:00,2025-04-06 16:45:00+00:00,2025-04-06 18:15:00+00:00,LONG,16.423821654782397,1744.5836845072674,1670.64,-423.8471628728524,12.0,0.0,-435.8471628728524,18
BTCUSDT,2025-04-06 17:20:00+00:00,2025-04-06 17:25:00+00:00,2025-04-06 18:55:00+00:00,LONG,18.803147735155544,81723.95819231175,79016.0,-331.35426283922965,12.0,0.0,-343.35426283922965,18
ETHUSDT,2025-04-06 18:20:00+00:00,2025-04-06 18:25:00+00:00,2025-04-06 19:55:00+00:00,LONG,70.7548194671197,1641.0391635239223,1622.58,-112.48460082015188,12.0,0.0,-124.48460082015188,18
BTCUSDT,2025-04-06 19:00:00+00:00,2025-04-06 19:05:00+00:00,2025-04-06 20:35:00+00:00,LONG,20.63680529965199,78945.14857258485,78980.0,4.41463827040689,12.0,0.0,-7.58536172959311,18
ETHUSDT,2025-04-06 20:00:00+00:00,2025-04-06 20:05:00+00:00,2025-04-06 21:35:00+00:00,LONG,38.54758387874679,1621.2727397435012,1591.67,-182.5895114241205,12.0,0.0,-194.5895114241205,18
BTCUSDT,2025-04-06 20:40:00+00:00,2025-04-06 20:45:00+00:00,2025-04-06 22:15:00+00:00,LONG,33.45491792637046,79120.97508268262,78802.8,-40.213746399121455,12.0,0.0,-52.213746399121455,18
ETHUSDT,2025-04-06 21:50:00+00:00,2025-04-06 21:55:00+00:00,2025-04-06 23:25:00+00:00,LONG,47.18383711934046,1587.3107768692444,1548.99,-241.4194965955374,12.0,0.0,-253.4194965955374,18
BTCUSDT,2025-04-07 06:00:00+00:00,2025-04-07 06:05:00+00:00,2025-04-07 07:35:00+00:00,LONG,22.616999063223076,77034.78927497288,74896.1,-277.6264198424561,12.0,0.0,-289.6264198424561,18
ETHUSDT,2025-04-07 06:00:00+00:00,2025-04-07 06:05:00+00:00,2025-04-07 07:35:00+00:00,LONG,101.78132252536041,1545.335373017954,1446.12,-642.0313334586525,12.0,0.0,-654.0313334586525,18
BTCUSDT,2025-04-07 07:40:00+00:00,2025-04-07 07:45:00+00:00,2025-04-07 09:15:00+00:00,LONG,49.859294981343574,75115.88773105881,76075.8,127.79084397937402,12.0,-0.6857,115.10514397937402,18
ETHUSDT,2025-04-07 07:40:00+00:00,2025-04-07 07:45:00+00:00,2025-04-07 09:15:00+00:00,LONG,88.30856131221982,1463.088117762132,1484.5,146.34718153967663,12.0,0.0965,134.44368153967662,18
ETHUSDT,2025-04-07 09:30:00+00:00,2025-04-07 09:35:00+00:00,2025-04-07 11:05:00+00:00,LONG,84.34146704574636,1492.2352320713721,1498.9,44.66298466480056,12.0,0.0,32.66298466480056,18
BTCUSDT,2025-04-07 09:35:00+00:00,2025-04-07 09:40:00+00:00,2025-04-07 11:10:00+00:00,SHORT,-18.031229212856502,76550.95702842344,77318.2,-100.22643757303884,12.0,0.0,-112.22643757303884,18
ETHUSDT,2025-04-07 11:10:00+00:00,2025-04-07 11:15:00+00:00,2025-04-07 12:45:00+00:00,LONG,42.00488388336327,1490.991639116314,1505.58,97.84334466377275,12.0,0.0,85.84334466377275,18
BTCUSDT,2025-04-07 12:05:00+00:00,2025-04-07 12:10:00+00:00,2025-04-07 13:40:00+00:00,LONG,18.736136503816713,76440.2144078132,76466.1,3.386384037165069,12.0,0.0,-8.613615962834931,18
ETHUSDT,2025-04-07 13:00:00+00:00,2025-04-07 13:05:00+00:00,2025-04-07 14:35:00+00:00,LONG,28.983601864658386,1515.0775914726553,1556.47,273.2032257642425,12.0,0.0,261.2032257642425,18
ETHUSDT,2025-04-07 14:40:00+00:00,2025-04-07 14:45:00+00:00,2025-04-07 16:15:00+00:00,LONG,37.95292628418644,1558.1431888480824,1550.41,-49.63079711434837,12.0,0.3451,-61.285697114348366,18
BTCUSDT,2025-04-07 15:05:00+00:00,2025-04-07 15:10:00+00:00,2025-04-07 16:40:00+00:00,LONG,15.456864063302234,78160.58205120901,78160.6,0.0022963993506763813,12.0,-0.49979999999999997,-12.497503600649324,18
ETHUSDT,2025-04-07 16:30:00+00:00,2025-04-07 16:35:00+00:00,2025-04-07 18:05:00+00:00,LONG,48.92007247855156,1550.5051806231243,1561.31,69.68579990512147,12.0,0.0,57.68579990512147,18
BTCUSDT,2025-04-07 16:45:00+00:00,2025-04-07 16:50:00+00:00,2025-04-07 18:20:00+00:00,LONG,17.96451495920218,77673.30845018434,79225.9,199.8873977167337,12.0,0.0,187.8873977167337,18
ETHUSDT,2025-04-07 18:20:00+00:00,2025-04-07 18:25:00+00:00,2025-04-07 19:55:00+00:00,LONG,15.80002894331599,1562.1990846603996,1547.76,-92.42794213733974,12.0,0.0,-104.42794213733974,18
BTCUSDT,2025-04-07 18:25:00+00:00,2025-04-07 18:30:00+00:00,2025-04-07 20:00:00+00:00,LONG,17.825093559633146,78503.20012547444,78093.7,-52.163494586198176,12.0,0.0,-64.16349458619817,18
BTCUSDT,2025-04-07 20:05:00+00:00,2025-04-07 20:10:00+00:00,2025-04-07 21:40:00+00:00,LONG,18.31743470384893,78400.75699634936,78841.5,56.21667704958089,12.0,0.0,44.21667704958089,18
ETHUSDT,2025-04-07 21:15:00+00:00,2025-04-07 21:20:00+00:00,2025-04-07 22:50:00+00:00,LONG,19.562791261013892,1567.3646643521574,1579.03,74.42643000162397,12.0,0.0,62.42643000162397,18
BTCUSDT,2025-04-08 06:00:00+00:00,2025-04-08 06:05:00+00:00,2025-04-08 07:35:00+00:00,LONG,15.397975505285482,79595.41239697463,79404.7,-23.960224745550597,12.0,0.0,-35.9602247455506,18
ETHUSDT,2025-04-08 06:00:00+00:00,2025-04-08 06:05:00+00:00,2025-04-08 07:35:00+00:00,LONG,18.408488924573444,1582.040686401168,1567.24,-93.55439798983012,12.0,0.0,-105.55439798983012,18
ETHUSDT,2025-04-08 07:40:00+00:00,2025-04-08 07:45:00+00:00,2025-04-08 09:15:00+00:00,LONG,39.444597271516486,1566.3849877297384,1569.49,19.82279129706166,12.0,-0.11549999999999999,7.707291297061659,18
ETHUSDT,2025-04-08 09:55:00+00:00,2025-04-08 10:00:00+00:00,2025-04-08 11:30:00+00:00,LONG,28.938190391261973,1566.5485471433017,1571.24,29.947701686319217,12.0,0.0,17.947701686319217,18
ETHUSDT,2025-04-08 11:40:00+00:00,2025-04-08 11:45:00+00:00,2025-04-08 13:15:00+00:00,SHORT,-15.0594583181334,1582.376824075196,1576.62,36.38086698192544,12.0,0.0,24.380866981925443,18
BTCUSDT,2025-04-08 11:45:00+00:00,2025-04-08 11:50:00+00:00,2025-04-08 13:20:00+00:00,SHORT,-16.257552375788958,79752.36455715483,80014.9,-32.91882871472973,12.0,0.0,-44.91882871472973,18
BTCUSDT,2025-04-08 13:25:00+00:00,2025-04-08 13:30:00+00:00,2025-04-08 15:00:00+00:00,SHORT,-15.941651262071892,80181.77903653824,78440.4,217.17889743313233,12.0,0.0,205.17889743313233,18
ETHUSDT,2025-04-08 14:25:00+00:00,2025-04-08 14:30:00+00:00,2025-04-08 16:00:00+00:00,LONG,15.790587529752681,1554.8750840576467,1530.75,-155.157699194004,12.0,0.1429,-167.014799194004,18
ETHUSDT,2025-04-08 16:30:00+00:00,2025-04-08 16:35:00+00:00,2025-04-08 18:05:00+00:00,LONG,35.618282117250594,1506.0492953801634,1482.17,-158.55586834649827,12.0,0.0,-170.55586834649827,18
ETHUSDT,2025-04-08 18:35:00+00:00,2025-04-08 18:40:00+00:00,2025-04-08 20:10:00+00:00,LONG,28.760723885483774,1478.4945008743907,1467.85,-71.99553916565571,12.0,0.0,-83.99553916565571,18
BTCUSDT,2025-04-08 19:00:00+00:00,2025-04-08 19:05:00+00:00,2025-04-08 20:35:00+00:00,LONG,25.51599587471673,77050.9669230842,76724.0,-42.43514859594066,12.0,0.0,-54.43514859594066,18
ETHUSDT,2025-04-08 21:05:00+00:00,2025-04-08 21:10:00+00:00,2025-04-08 22:40:00+00:00,LONG,26.373190355772685,1472.7547682121046,1454.16,-126.25841459456444,12.0,0.0,-138.25841459456444,18
ETHUSDT,2025-04-09 06:10:00+00:00,2025-04-09 06:15:00+00:00,2025-04-09 07:45:00+00:00,LONG,44.15511162722149,1472.5308922853333,1489.12,112.65711165434844,12.0,0.0,100.65711165434844,18
ETHUSDT,2025-04-09 08:00:00+00:00,2025-04-09 08:05:00+00:00,2025-04-09 09:35:00+00:00,LONG,23.61979203234696,1477.3071165355525,1471.14,-41.74566321737405,12.0,0.0,-53.74566321737405,18
BTCUSDT,2025-04-09 11:00:00+00:00,2025-04-09 11:05:00+00:00,2025-04-09 12:35:00+00:00,LONG,21.963827471413563,76184.78610049355,76222.1,4.897815090958435,12.0,0.0,-7.102184909041565,18
ETHUSDT,2025-04-09 11:00:00+00:00,2025-04-09 11:05:00+00:00,2025-04-09 12:35:00+00:00,LONG,31.693705525584402,1456.243150489073,1446.19,-69.0348345034053,12.0,0.0,-81.0348345034053,18
ETHUSDT,2025-04-09 13:05:00+00:00,2025-04-09 13:10:00+00:00,2025-04-09 14:40:00+00:00,LONG,15.252731660695847,1458.6451773178555,1483.54,170.67085998200503,12.0,0.0,158.67085998200503,18
ETHUSDT,2025-04-09 14:45:00+00:00,2025-04-09 14:50:00+00:00,2025-04-09 16:20:00+00:00,LONG,20.80545414550268,1475.6918568801862,1495.84,136.53353866443175,12.0,-0.1591,124.37443866443175,18
BTCUSDT,2025-04-09 16:30:00+00:00,2025-04-09 16:35:00+00:00,2025-04-09 18:05:00+00:00,SHORT,-16.897406478607866,77854.94785125798,81971.7,-528.7720642504423,12.0,0.0,-540.7720642504423,18
ETHUSDT,2025-04-09 17:35:00+00:00,2025-04-09 17:40:00+00:00,2025-04-09 19:10:00+00:00,LONG,17.663196244749134,1578.8893580522747,1629.27,319.0891223047765,12.0,0.0,307.0891223047765,18
BTCUSDT,2025-04-09 18:10:00+00:00,2025-04-09 18:15:00+00:00,2025-04-09 19:45:00+00:00,LONG,17.939294591030873,82159.32293050273,82276.9,14.310861543578302,12.0,0.0,2.3108615435783015,18
ETHUSDT,2025-04-09 19:35:00+00:00,2025-04-09 19:40:00+00:00,2025-04-09 21:10:00+00:00,LONG,17.40920707461777,1637.6690145293205,1672.28,211.34298300580002,12.0,0.0,199.34298300580002,18
BTCUSDT,2025-04-09 19:50:00+00:00,2025-04-09 19:55:00+00:00,2025-04-09 21:25:00+00:00,LONG,20.562629564575133,82208.83902789402,83343.8,138.05826545256085,12.0,0.0,126.05826545256085,18
ETHUSDT,2025-04-09 21:15:00+00:00,2025-04-09 21:20:00+00:00,2025-04-09 22:50:00+00:00,LONG,16.92609040033244,1668.9188923354957,1672.41,20.918378241969737,12.0,0.0,8.918378241969737,18
ETHUSDT,2025-04-10 06:10:00+00:00,2025-04-10 06:15:00+00:00,2025-04-10 07:45:00+00:00,LONG,37.366812957318736,1618.1570748853633,1591.3,-165.97322535740867,12.0,0.0,-177.97322535740867,18
BTCUSDT,2025-04-10 06:15:00+00:00,2025-04-10 06:20:00+00:00,2025-04-10 07:50:00+00:00,LONG,16.08140865729137,82156.00534981285,81757.0,-48.566790475501605,12.0,0.0,-60.566790475501605,18
ETHUSDT,2025-04-10 07:50:00+00:00,2025-04-10 07:55:00+00:00,2025-04-10 09:25:00+00:00,LONG,25.802126888222457,1596.8331014049063,1594.72,-13.233076162105784,12.0,-0.3042,-25.537276162105783,18
ETHUSDT,2025-04-10 09:35:00+00:00,2025-04-10 09:40:00+00:00,2025-04-10 11:10:00+00:00,SHORT,-15.44837818051445,1600.086766541441,1591.41,54.226850211351874,12.0,0.0,42.226850211351874,18
ETHUSDT,2025-04-10 12:15:00+00:00,2025-04-10 12:20:00+00:00,2025-04-10 13:50:00+00:00,SHORT,-21.109022020485202,1601.2215078661338,1574.43,167.31918559998226,12.0,0.0,155.31918559998226,18
BTCUSDT,2025-04-10 12:25:00+00:00,2025-04-10 12:30:00+00:00,2025-04-10 14:00:00+00:00,SHORT,-16.175541114918207,82017.83491640992,80844.9,143.00973899217695,12.0,0.0,131.00973899217695,18
ETHUSDT,2025-04-10 13:55:00+00:00,2025-04-10 14:00:00+00:00,2025-04-10 15:30:00+00:00,LONG,34.59368049581996,1566.0487922929965,1526.56,-252.15556812362982,12.0,0.0,-264.1555681236298,18
BTCUSDT,2025-04-10 14:35:00+00:00,2025-04-10 14:40:00+00:00,2025-04-10 16:10:00+00:00,SHORT,-16.452201247978003,81608.97938998787,79044.0,314.3011233764492,12.0,0.6774999999999999,302.9786233764492,18
ETHUSDT,2025-04-10 15:35:00+00:00,2025-04-10 15:40:00+00:00,2025-04-10 17:10:00+00:00,LONG,81.70912065927556,1498.0533253113867,1497.31,-4.961941599991304,12.0,0.0078000000000000005,-16.954141599991306,18
BTCUSDT,2025-04-10 16:15:00+00:00,2025-04-10 16:20:00+00:00,2025-04-10 17:50:00+00:00,LONG,30.470418616595925,78706.03179546424,79198.7,62.59599084045719,12.0,0.0,50.59599084045719,18
ETHUSDT,2025-04-10 17:15:00+00:00,2025-04-10 17:20:00+00:00,2025-04-10 18:50:00+00:00,LONG,60.021254478375624,1491.9250165850733,1516.37,163.84860594991446,12.0,0.0,151.84860594991446,18
ETHUSDT,2025-04-10 18:55:00+00:00,2025-04-10 19:00:00+00:00,2025-04-10 20:30:00+00:00,LONG,34.571510280080886,1516.0719263648593,1518.98,19.181633698035494,12.0,0.0,7.181633698035494,18
ETHUSDT,2025-04-10 21:10:00+00:00,2025-04-10 21:15:00+00:00,2025-04-10 22:45:00+00:00,LONG,20.695150631305683,1526.5273085194067,1530.03,22.945488502204014,12.0,0.0,10.945488502204014,18
ETHUSDT,2025-04-11 10:00:00+00:00,2025-04-11 10:05:00+00:00,2025-04-11 11:35:00+00:00,SHORT,-18.22934535749441,1560.0182160619017,1560.21,-1.2293698632737105,12.0,0.0,-13.22936986327371,18
BTCUSDT,2025-04-11 15:30:00+00:00,2025-04-11 15:35:00+00:00,2025-04-11 17:05:00+00:00,SHORT,-15.18625755310559,82463.47963599308,82765.1,-36.5762353636212,12.0,0.329,-48.2472353636212,18
BTCUSDT,2025-04-11 17:10:00+00:00,2025-04-11 17:15:00+00:00,2025-04-11 18:45:00+00:00,SHORT,-15.867283412412066,82966.8989183561,83840.3,-105.27102893207685,12.0,0.0,-117.27102893207685,18
ETHUSDT,2025-04-11 17:35:00+00:00,2025-04-11 17:40:00+00:00,2025-04-11 19:10:00+00:00,SHORT,-20.661623781043303,1588.3040812982088,1570.28,113.48004145073199,12.0,0.0,101.48004145073199,18
ETHUSDT,2025-04-11 21:10:00+00:00,2025-04-11 21:15:00+00:00,2025-04-11 22:45:00+00:00,SHORT,-19.62489415095469,1579.0956315135445,1567.99,70.3290623564068,12.0,0.0,58.329062356406794,18
BTCUSDT,2025-04-12 08:05:00+00:00,2025-04-12 08:10:00+00:00,2025-04-12 09:40:00+00:00,SHORT,-17.85691631660718,83838.76434195484,83453.1,46.00071875842771,12.0,0.0,34.00071875842771,18
BTCUSDT,2025-04-12 12:55:00+00:00,2025-04-12 13:00:00+00:00,2025-04-12 14:30:00+00:00,SHORT,-15.666326224823788,83821.91685664219,84856.8,-123.46211852059419,12.0,0.0,-135.46211852059417,18
ETHUSDT,2025-04-12 12:55:00+00:00,2025-04-12 13:00:00+00:00,2025-04-12 14:30:00+00:00,SHORT,-21.003679070084146,1607.4185865801069,1656.36,-304.4721134152062,12.0,0.0,-316.4721134152062,18
BTCUSDT,2025-04-12 14:45:00+00:00,2025-04-12 14:50:00+00:00,2025-04-12 16:20:00+00:00,SHORT,-20.482328581861836,84713.39651267447,84930.1,-25.580781345853065,12.0,0.5388,-37.04198134585307,18
BTCUSDT,2025-04-12 20:30:00+00:00,2025-04-12 20:35:00+00:00,2025-04-12 22:05:00+00:00,SHORT,-16.402670698664668,85488.42912617463,85379.9,12.695183112377828,12.0,0.0,0.695183112377828,18
ETHUSDT,2025-04-13 11:15:00+00:00,2025-04-13 11:20:00+00:00,2025-04-13 12:50:00+00:00,LONG,20.914037829470438,1601.0631905229525,1603.31,14.033234230521607,12.0,0.0,2.0332342305216073,18
ETHUSDT,2025-04-13 13:50:00+00:00,2025-04-13 13:55:00+00:00,2025-04-13 15:25:00+00:00,LONG,46.015626691313585,1569.756326148355,1580.88,70.8624240995337,12.0,0.0,58.8624240995337,18
BTCUSDT,2025-04-13 17:40:00+00:00,2025-04-13 17:45:00+00:00,2025-04-13 19:15:00+00:00,SHORT,-16.991625798032764,84832.75148316586,84497.6,39.50732203144014,12.0,0.0,27.50732203144014,18
BTCUSDT,2025-04-13 19:35:00+00:00,2025-04-13 19:40:00+00:00,2025-04-13 21:10:00+00:00,LONG,19.231812784306797,83462.26675711155,83187.1,-32.969001178978495,12.0,0.0,-44.969001178978495,18
ETHUSDT,2025-04-13 19:35:00+00:00,2025-04-13 19:40:00+00:00,2025-04-13 21:10:00+00:00,LONG,19.54812935661127,1588.8192726023995,1581.6,-45.437972253287164,12.0,0.0,-57.437972253287164,18
ETHUSDT,2025-04-13 21:15:00+00:00,2025-04-13 21:20:00+00:00,2025-04-13 22:50:00+00:00,LONG,23.59540547293711,1587.1608194697758,1585.67,-9.39299566551699,12.0,0.0,-21.39299566551699,18
ETHUSDT,2025-04-14 06:00:00+00:00,2025-04-14 06:05:00+00:00,2025-04-14 07:35:00+00:00,LONG,22.87215021729226,1617.7428290680946,1624.55,42.07820185997413,12.0,0.0,30.07820185997413,18
ETHUSDT,2025-04-14 15:30:00+00:00,2025-04-14 15:35:00+00:00,2025-04-14 17:05:00+00:00,LONG,16.428117669788584,1653.5858827145767,1629.18,-147.59368091913805,12.0,-0.5384,-160.13208091913805,18
BTCUSDT,2025-04-14 15:45:00+00:00,2025-04-14 15:50:00+00:00,2025-04-14 17:20:00+00:00,LONG,17.914519307217173,83706.07497925841,84320.3,73.37878653297159,12.0,-0.24280000000000002,61.135986532971586,18
ETHUSDT,2025-04-14 19:05:00+00:00,2025-04-14 19:10:00+00:00,2025-04-14 20:40:00+00:00,LONG,21.87536334891373,1640.8410339643572,1627.51,-81.24512788511117,12.0,0.0,-93.24512788511117,18
ETHUSDT,2025-04-14 21:35:00+00:00,2025-04-14 21:40:00+00:00,2025-04-14 23:10:00+00:00,LONG,29.308436169506113,1616.1958812808139,1622.81,40.92399192320961,12.0,0.0,28.923991923209613,18
ETHUSDT,2025-04-15 11:15:00+00:00,2025-04-15 11:20:00+00:00,2025-04-15 12:50:00+00:00,LONG,16.39603167050152,1624.1115574629926,1635.59,70.67520998950138,12.0,0.0,58.67520998950138,18
BTCUSDT,2025-04-15 13:45:00+00:00,2025-04-15 13:50:00+00:00,2025-04-15 15:20:00+00:00,SHORT,-15.780486085761732,86408.0538792917,85234.5,135.8153350995628,12.0,0.0,123.81533509956279,18
ETHUSDT,2025-04-15 14:15:00+00:00,2025-04-15 14:20:00+00:00,2025-04-15 15:50:00+00:00,LONG,20.217739505184692,1607.7430800572542,1615.72,49.61563847913908,12.0,0.0,37.61563847913908,18
ETHUSDT,2025-04-15 17:20:00+00:00,2025-04-15 17:25:00+00:00,2025-04-15 18:55:00+00:00,LONG,18.7112127492651,1614.3141541750922,1609.02,-32.79506756104445,12.0,0.0,-44.79506756104445,18
ETHUSDT,2025-04-15 19:45:00+00:00,2025-04-15 19:50:00+00:00,2025-04-15 21:20:00+00:00,LONG,19.78443538438137,1601.6031549852762,1592.49,-56.90020625215397,12.0,0.0,-68.90020625215396,18
ETHUSDT,2025-04-16 06:00:00+00:00,2025-04-16 06:05:00+00:00,2025-04-16 07:35:00+00:00,LONG,33.91863337077996,1570.24584458796,1568.22,-12.901448489369693,12.0,0.0,-24.90144848936969,18
ETHUSDT,2025-04-16 07:55:00+00:00,2025-04-16 08:00:00+00:00,2025-04-16 09:30:00+00:00,LONG,16.64657558459832,1562.606498568564,1574.06,73.29741327665174,12.0,0.0,61.29741327665174,18
ETHUSDT,2025-04-16 17:15:00+00:00,2025-04-16 17:20:00+00:00,2025-04-16 18:50:00+00:00,SHORT,-15.187051536260828,1604.015114641434,1561.34,266.05182365113666,12.0,0.0,254.05182365113666,18
ETHUSDT,2025-04-16 19:10:00+00:00,2025-04-16 19:15:00+00:00,2025-04-16 20:45:00+00:00,LONG,15.419646572222407,1563.9159523348997,1579.61,100.35096605843341,12.0,0.0,88.35096605843341,18
ETHUSDT,2025-04-16 20:50:00+00:00,2025-04-16 20:55:00+00:00,2025-04-16 22:25:00+00:00,LONG,23.698136928098677,1572.837488300531,1587.27,91.76098488765882,12.0,0.0,79.76098488765882,18
ETHUSDT,2025-04-17 16:20:00+00:00,2025-04-17 16:25:00+00:00,2025-04-17 17:55:00+00:00,SHORT,-15.41727049708647,1607.4240020555037,1612.63,-32.38721045498494,12.0,0.0,-44.38721045498494,18
ETHUSDT,2025-04-17 18:00:00+00:00,2025-04-17 18:05:00+00:00,2025-04-17 19:35:00+00:00,SHORT,-16.692524774309437,1613.4124493260888,1577.35,223.51661747219032,12.0,0.0,211.51661747219032,18
BTCUSDT,2025-04-17 18:15:00+00:00,2025-04-17 18:20:00+00:00,2025-04-17 19:50:00+00:00,SHORT,-15.1042648353676,85363.6623319162,84696.1,78.20216631762355,12.0,0.0,66.20216631762355,18
ETHUSDT,2025-04-19 17:55:00+00:00,2025-04-19 18:00:00+00:00,2025-04-19 19:30:00+00:00,SHORT,-15.362425140712894,1618.9207586375014,1614.69,26.133203956578697,12.0,0.0,14.133203956578697,18
ETHUSDT,2025-04-20 07:15:00+00:00,2025-04-20 07:20:00+00:00,2025-04-20 08:50:00+00:00,LONG,19.167729272916752,1593.9111647381649,1591.13,-17.448680953443542,12.0,-0.7724,-30.221080953443543,18
ETHUSDT,2025-04-20 11:05:00+00:00,2025-04-20 11:10:00+00:00,2025-04-20 12:40:00+00:00,LONG,16.82807008152356,1574.5134752896906,1576.85,14.839661565166917,12.0,0.0,2.8396615651669173,18
ETHUSDT,2025-04-21 11:10:00+00:00,2025-04-21 11:15:00+00:00,2025-04-21 12:45:00+00:00,LONG,16.351800264785076,1629.0470318456512,1626.51,-15.573717615610105,12.0,0.0,-27.573717615610107,18
ETHUSDT,2025-04-21 16:40:00+00:00,2025-04-21 16:45:00+00:00,2025-04-21 18:15:00+00:00,LONG,17.915096085795952,1609.9748764116684,1575.62,-213.38765539148707,12.0,0.0,-225.38765539148707,18
ETHUSDT,2025-04-21 18:40:00+00:00,2025-04-21 18:45:00+00:00,2025-04-21 20:15:00+00:00,LONG,24.278929268778406,1573.0387032966535,1574.09,6.683222104728603,12.0,0.0,-5.316777895271397,18
BTCUSDT,2025-04-22 11:20:00+00:00,2025-04-22 11:25:00+00:00,2025-04-22 12:55:00+00:00,SHORT,-15.71288010099631,88586.37175149852,88807.6,-24.973169588893285,12.0,0.0,-36.973169588893285,18
BTCUSDT,2025-04-22 13:00:00+00:00,2025-04-22 13:05:00+00:00,2025-04-22 14:35:00+00:00,SHORT,-18.255062487878874,89134.01119557249,90346.1,-135.98499474774206,12.0,0.0,-147.98499474774206,18
ETHUSDT,2025-04-22 13:45:00+00:00,2025-04-22 13:50:00+00:00,2025-04-22 15:20:00+00:00,SHORT,-19.042337085636248,1648.581235012313,1711.8,-383.4737630458029,12.0,0.0,-395.4737630458029,18
BTCUSDT,2025-04-22 14:40:00+00:00,2025-04-22 14:45:00+00:00,2025-04-22 16:15:00+00:00,SHORT,-15.200158957238582,90695.06692148783,90748.9,-5.935612634673237,12.0,-0.7045,-18.640112634673237,18
ETHUSDT,2025-04-22 16:45:00+00:00,2025-04-22 16:50:00+00:00,2025-04-22 18:20:00+00:00,LONG,24.79311511497683,1689.1968982584822,1695.95,39.978179858606296,12.0,0.0,27.978179858606296,18
ETHUSDT,2025-04-22 21:30:00+00:00,2025-04-22 21:35:00+00:00,2025-04-22 23:05:00+00:00,SHORT,-21.859381849697083,1723.2746465158712,1744.57,-123.57492479323496,12.0,0.0,-135.57492479323497,18
BTCUSDT,2025-04-22 21:40:00+00:00,2025-04-22 21:45:00+00:00,2025-04-22 23:15:00+00:00,SHORT,-19.235884195457928,91639.6030515385,93122.5,-161.8183513548721,12.0,0.0,-173.8183513548721,18
ETHUSDT,2025-04-23 06:10:00+00:00,2025-04-23 06:15:00+00:00,2025-04-23 07:45:00+00:00,LONG,19.01478735009521,1794.8980162342523,1781.03,-77.2635331301319,12.0,0.0,-89.2635331301319,18
ETHUSDT,2025-04-23 10:55:00+00:00,2025-04-23 11:00:00+00:00,2025-04-23 12:30:00+00:00,SHORT,-18.482603389075777,1804.110283447132,1814.69,-58.64229393257148,12.0,0.0,-70.64229393257148,18
ETHUSDT,2025-04-23 13:05:00+00:00,2025-04-23 13:10:00+00:00,2025-04-23 14:40:00+00:00,SHORT,-16.162615129079928,1812.577547302556,1791.09,118.54691312122578,12.0,0.0,106.54691312122578,18
ETHUSDT,2025-04-23 14:55:00+00:00,2025-04-23 15:00:00+00:00,2025-04-23 16:30:00+00:00,LONG,15.957648476002607,1785.4310611253813,1791.79,35.61570655441937,12.0,-1.0,22.61570655441937,18
ETHUSDT,2025-04-23 19:10:00+00:00,2025-04-23 19:15:00+00:00,2025-04-23 20:45:00+00:00,LONG,17.032433336510564,1784.6925852454679,1794.01,52.20739320352274,12.0,0.0,40.20739320352274,18
ETHUSDT,2025-04-23 21:35:00+00:00,2025-04-23 21:40:00+00:00,2025-04-23 23:10:00+00:00,LONG,15.378589258429765,1794.1305530020197,1805.22,61.809587821939346,12.0,0.0,49.809587821939346,18
ETHUSDT,2025-04-24 06:00:00+00:00,2025-04-24 06:05:00+00:00,2025-04-24 07:35:00+00:00,LONG,15.066070809677678,1770.9248782064683,1763.21,-43.564118960718325,12.0,0.0,-55.564118960718325,18
ETHUSDT,2025-04-24 09:25:00+00:00,2025-04-24 09:30:00+00:00,2025-04-24 11:00:00+00:00,SHORT,-16.01992452858418,1743.7343112120968,1749.47,-32.893134871654354,12.0,0.0,-44.893134871654354,18
ETHUSDT,2025-04-24 17:40:00+00:00,2025-04-24 17:45:00+00:00,2025-04-24 19:15:00+00:00,LONG,16.16835484415247,1747.9655137869297,1756.69,49.912233074718145,12.0,0.0,37.912233074718145,18
ETHUSDT,2025-04-25 09:55:00+00:00,2025-04-25 10:00:00+00:00,2025-04-25 11:30:00+00:00,SHORT,-19.249783189229113,1788.3354943238903,1784.73,20.161174093641378,12.0,0.0,8.161174093641378,18
BTCUSDT,2025-04-25 11:25:00+00:00,2025-04-25 11:30:00+00:00,2025-04-25 13:00:00+00:00,SHORT,-16.204432892441275,94165.49773905367,94369.0,-21.611127836893562,12.0,0.0,-33.61112783689356,18
ETHUSDT,2025-04-25 11:45:00+00:00,2025-04-25 11:50:00+00:00,2025-04-25 13:20:00+00:00,SHORT,-17.775455462370513,1783.6086946594748,1774.54,50.844642586844735,12.0,0.0,38.844642586844735,18
ETHUSDT,2025-04-25 13:25:00+00:00,2025-04-25 13:30:00+00:00,2025-04-25 15:00:00+00:00,LONG,15.17223176590666,1764.0274962152414,1807.59,246.94912000081004,12.0,0.0,234.94912000081004,18
BTCUSDT,2025-04-25 14:40:00+00:00,2025-04-25 14:45:00+00:00,2025-04-25 16:15:00+00:00,SHORT,-17.835055566269084,95283.90004517869,94852.8,45.243744743265204,12.0,0.012,33.255744743265204,18
ETHUSDT,2025-04-25 15:05:00+00:00,2025-04-25 15:10:00+00:00,2025-04-25 16:40:00+00:00,SHORT,-17.58731731922878,1804.6792471933084,1799.16,30.582981446104498,12.0,-0.0965,18.4864814461045,18
BTCUSDT,2025-04-25 17:10:00+00:00,2025-04-25 17:15:00+00:00,2025-04-25 18:45:00+00:00,SHORT,-17.544188268230307,95436.96550363599,95126.4,32.5414268985913,12.0,0.0,20.541426898591297,18
ETHUSDT,2025-04-25 17:15:00+00:00,2025-04-25 17:20:00+00:00,2025-04-25 18:50:00+00:00,SHORT,-16.11095811511809,1808.5954540470275,1800.26,46.08799623141535,12.0,0.0,34.08799623141535,18
ETHUSDT,2025-04-26 11:40:00+00:00,2025-04-26 11:45:00+00:00,2025-04-26 13:15:00+00:00,LONG,23.97372281352396,1785.8393844125958,1791.65,32.53716788934824,12.0,0.0,20.53716788934824,18
ETHUSDT,2025-04-28 13:30:00+00:00,2025-04-28 13:35:00+00:00,2025-04-28 15:05:00+00:00,LONG,19.56161838144895,1788.6135700871923,1781.52,-39.65960118957668,12.0,0.0,-51.65960118957668,18
ETHUSDT,2025-04-28 16:30:00+00:00,2025-04-28 16:35:00+00:00,2025-04-28 18:05:00+00:00,SHORT,-15.066057476108359,1766.4773748257344,1772.7,-35.226181002627754,12.0,0.0,-47.226181002627754,18
ETHUSDT,2025-04-29 21:10:00+00:00,2025-04-29 21:15:00+00:00,2025-04-29 22:45:00+00:00,LONG,19.11284895008413,1799.0629185370633,1791.79,-40.42614886964224,12.0,0.0,-52.42614886964224,18
ETHUSDT,2025-04-30 12:35:00+00:00,2025-04-30 12:40:00+00:00,2025-04-30 14:10:00+00:00,LONG,23.525313333570168,1779.098456905336,1750.71,-159.56653098736507,12.0,0.0,-171.56653098736507,18
ETHUSDT,2025-04-30 14:50:00+00:00,2025-04-30 14:55:00+00:00,2025-04-30 16:25:00+00:00,SHORT,-17.943409551919125,1758.9186860476145,1757.77,6.530637582773391,12.0,-0.6069,-6.076262417226609,18
ETHUSDT,2025-05-01 10:15:00+00:00,2025-05-01 10:20:00+00:00,2025-05-01 11:50:00+00:00,SHORT,-17.351932341034626,1832.560035893235,1844.9,-67.3372979060427,12.0,0.0,-79.3372979060427,18
BTCUSDT,2025-05-01 10:30:00+00:00,2025-05-01 10:35:00+00:00,2025-05-01 12:05:00+00:00,SHORT,-15.182522457678168,96120.3757869264,96127.9,-0.7827906426705056,12.0,0.0,-12.782790642670506,18
ETHUSDT,2025-05-01 12:30:00+00:00,2025-05-01 12:35:00+00:00,2025-05-01 14:05:00+00:00,SHORT,-16.392199126340415,1849.6085178060398,1833.33,88.01061224214646,12.0,0.0,76.01061224214646,18
BTCUSDT,2025-05-01 14:55:00+00:00,2025-05-01 15:00:00+00:00,2025-05-01 16:30:00+00:00,SHORT,-20.379012275308018,96813.01842246257,97137.5,-33.51631658889964,12.0,-0.8028,-46.31911658889964,18
ETHUSDT,2025-05-01 15:10:00+00:00,2025-05-01 15:15:00+00:00,2025-05-01 16:45:00+00:00,SHORT,-21.632626867463106,1871.3304231623656,1867.9,18.3314668532375,12.0,0.0723,6.403766853237501,18
ETHUSDT,2025-05-01 20:40:00+00:00,2025-05-01 20:45:00+00:00,2025-05-01 22:15:00+00:00,LONG,17.421798127943582,1839.542353337099,1845.0,29.668502347881542,12.0,0.0,17.668502347881542,18
ETHUSDT,2025-05-02 06:00:00+00:00,2025-05-02 06:05:00+00:00,2025-05-02 07:35:00+00:00,LONG,15.278312145002497,1829.1640182793324,1820.02,-49.99014953253944,12.0,0.0,-61.99014953253944,18
ETHUSDT,2025-05-02 07:40:00+00:00,2025-05-02 07:45:00+00:00,2025-05-02 09:15:00+00:00,LONG,17.027655281914562,1817.2501148079143,1825.55,45.67277296863903,12.0,0.5797,34.25247296863903,18
ETHUSDT,2025-05-02 21:50:00+00:00,2025-05-02 21:55:00+00:00,2025-05-02 23:25:00+00:00,LONG,15.1110701311169,1834.0002185486946,1838.01,21.863582189092234,12.0,0.0,9.863582189092234,18
ETHUSDT,2025-05-03 17:05:00+00:00,2025-05-03 17:10:00+00:00,2025-05-03 18:40:00+00:00,LONG,15.936009924099427,1814.9838260770448,1826.31,62.403718205223946,12.0,0.0,50.403718205223946,18
ETHUSDT,2025-05-06 11:25:00+00:00,2025-05-06 11:30:00+00:00,2025-05-06 13:00:00+00:00,LONG,17.257873288162283,1780.8846923706242,1774.33,-36.80582127919219,12.0,0.0,-48.80582127919219,18
BTCUSDT,2025-05-07 13:40:00+00:00,2025-05-07 13:45:00+00:00,2025-05-07 15:15:00+00:00,SHORT,-16.692021892912397,97208.23598940259,96818.9,40.05174926176358,12.0,0.0,28.051749261763582,18
ETHUSDT,2025-05-07 16:20:00+00:00,2025-05-07 16:25:00+00:00,2025-05-07 17:55:00+00:00,LONG,19.824926902486027,1805.649925282808,1796.53,-50.50771556053269,12.0,0.0,-62.50771556053269,18
ETHUSDT,2025-05-07 19:55:00+00:00,2025-05-07 20:00:00+00:00,2025-05-07 21:30:00+00:00,LONG,15.947920943928828,1793.556980697937,1805.46,66.36543711831865,12.0,0.0,54.36543711831865,18
BTCUSDT,2025-05-08 10:30:00+00:00,2025-05-08 10:35:00+00:00,2025-05-08 12:05:00+00:00,SHORT,-15.625059086168882,99724.1320349372,99425.6,29.93578673942232,12.0,0.0,17.93578673942232,18
ETHUSDT,2025-05-08 10:45:00+00:00,2025-05-08 10:50:00+00:00,2025-05-08 12:20:00+00:00,SHORT,-20.191909942509483,1952.9700406495826,1968.63,-80.18535371494329,12.0,0.0,-92.18535371494329,18
ETHUSDT,2025-05-08 12:25:00+00:00,2025-05-08 12:30:00+00:00,2025-05-08 14:00:00+00:00,SHORT,-18.88029824655626,1967.8753677767909,1975.37,-38.08489270169524,12.0,0.0,-50.08489270169524,18
ETHUSDT,2025-05-08 14:05:00+00:00,2025-05-08 14:10:00+00:00,2025-05-08 15:40:00+00:00,SHORT,-17.812899392547802,1976.075258693951,2042.2,-334.6266343608439,12.0,0.0,-346.6266343608439,18
BTCUSDT,2025-05-08 15:05:00+00:00,2025-05-08 15:10:00+00:00,2025-05-08 16:40:00+00:00,SHORT,-15.360225819213728,99632.19575840882,101100.1,-147.33231867644525,12.0,0.5728,-158.75951867644525,18
BTCUSDT,2025-05-08 17:25:00+00:00,2025-05-08 17:30:00+00:00,2025-05-08 19:00:00+00:00,SHORT,-19.1356048699338,101533.80105155428,101320.0,21.05713066387849,12.0,0.0,9.057130663878489,18
ETHUSDT,2025-05-08 18:15:00+00:00,2025-05-08 18:20:00+00:00,2025-05-08 19:50:00+00:00,SHORT,-17.50069767010978,2058.3762881969237,2093.68,-171.51242950821822,12.0,0.0,-183.51242950821822,18
BTCUSDT,2025-05-08 20:30:00+00:00,2025-05-08 20:35:00+00:00,2025-05-08 22:05:00+00:00,SHORT,-15.021640564709957,101790.83192427673,102554.3,-75.00361882209816,12.0,0.0,-87.00361882209816,18
ETHUSDT,2025-05-09 06:15:00+00:00,2025-05-09 06:20:00+00:00,2025-05-09 07:50:00+00:00,SHORT,-15.825101181317722,2236.983919031527,2386.06,-666.4155235993529,12.0,0.0,-678.4155235993529,18
BTCUSDT,2025-05-09 06:45:00+00:00,2025-05-09 06:50:00+00:00,2025-05-09 08:20:00+00:00,SHORT,-15.022882571882027,103140.88352513289,103542.7,-38.95802141051119,12.0,1.0,-49.95802141051119,18
ETHUSDT,2025-05-09 09:05:00+00:00,2025-05-09 09:10:00+00:00,2025-05-09 10:40:00+00:00,LONG,19.610613512840985,2368.8950817087384,2340.43,-120.16185068106088,12.0,0.0,-132.16185068106088,18
ETHUSDT,2025-05-09 10:55:00+00:00,2025-05-09 11:00:00+00:00,2025-05-09 12:30:00+00:00,LONG,28.639208349379008,2344.4286799698602,2340.02,-18.804922527722034,12.0,0.0,-30.804922527722034,18
ETHUSDT,2025-05-09 12:35:00+00:00,2025-05-09 12:40:00+00:00,2025-05-09 14:10:00+00:00,LONG,43.785662565837455,2337.3154809254893,2351.1,58.97586007111322,12.0,0.0,46.97586007111322,18
ETHUSDT,2025-05-09 14:15:00+00:00,2025-05-09 14:20:00+00:00,2025-05-09 15:50:00+00:00,LONG,15.933745842727113,2344.687018509967,2289.94,-233.49392937210945,12.0,0.0,-245.49392937210945,18
ETHUSDT,2025-05-09 15:55:00+00:00,2025-05-09 16:00:00+00:00,2025-05-09 17:30:00+00:00,LONG,32.86179904116794,2297.292311365113,2329.89,141.8961290803966,12.0,0.0,129.8961290803966,18
ETHUSDT,2025-05-09 18:15:00+00:00,2025-05-09 18:20:00+00:00,2025-05-09 19:50:00+00:00,LONG,16.976577538266838,2333.866039026964,2321.87,-51.399861116130374,12.0,0.0,-63.399861116130374,18
ETHUSDT,2025-05-10 10:10:00+00:00,2025-05-10 10:15:00+00:00,2025-05-10 11:45:00+00:00,SHORT,-15.932096295466573,2410.078090790164,2381.37,119.11684895136277,12.0,0.0,107.11684895136277,18
ETHUSDT,2025-05-10 13:45:00+00:00,2025-05-10 13:50:00+00:00,2025-05-10 15:20:00+00:00,SHORT,-15.357358131937616,2440.5809237154954,2432.21,34.298898406333045,12.0,0.0,22.298898406333045,18
ETHUSDT,2025-05-10 16:15:00+00:00,2025-05-10 16:20:00+00:00,2025-05-10 17:50:00+00:00,SHORT,-17.022956287081314,2455.59501273435,2461.56,-24.291413016872543,12.0,0.0,-36.29141301687254,18
ETHUSDT,2025-05-10 21:05:00+00:00,2025-05-10 21:10:00+00:00,2025-05-10 22:40:00+00:00,SHORT,-18.128349783338845,2509.871296591421,2564.62,-218.13350940716126,12.0,0.0,-230.13350940716126,18
BTCUSDT,2025-05-10 21:55:00+00:00,2025-05-10 22:00:00+00:00,2025-05-10 23:30:00+00:00,SHORT,-15.578576260690868,103738.77611396006,104772.2,-99.61789841290258,12.0,0.0,-111.61789841290258,18
ETHUSDT,2025-05-11 06:00:00+00:00,2025-05-11 06:05:00+00:00,2025-05-11 07:35:00+00:00,LONG,23.590428404694904,2540.5556351906807,2493.13,-186.6742634318308,12.0,0.0,-198.6742634318308,18
ETHUSDT,2025-05-11 07:50:00+00:00,2025-05-11 07:55:00+00:00,2025-05-11 09:25:00+00:00,LONG,36.63583635151048,2471.387132150413,2508.23,149.07768746666994,12.0,-0.7363,136.34138746666994,18
ETHUSDT,2025-05-11 13:30:00+00:00,2025-05-11 13:35:00+00:00,2025-05-11 15:05:00+00:00,LONG,21.07971349778335,2490.472337869791,2494.4,15.770751879014,12.0,0.0,3.770751879014,18
ETHUSDT,2025-05-11 15:45:00+00:00,2025-05-11 15:50:00+00:00,2025-05-11 17:20:00+00:00,LONG,20.8323303363144,2468.994868777255,2485.2,65.63452774922318,12.0,-0.24380000000000002,53.39072774922318,18
BTCUSDT,2025-05-11 16:00:00+00:00,2025-05-11 16:05:00+00:00,2025-05-11 17:35:00+00:00,LONG,15.223086573351257,103917.2876472419,103816.0,-9.746948706526037,12.0,0.0,-21.746948706526037,18
ETHUSDT,2025-05-12 06:15:00+00:00,2025-05-12 06:20:00+00:00,2025-05-12 07:50:00+00:00,LONG,21.99752125790142,2493.3932327787797,2549.23,223.93887368898024,12.0,0.0,211.93887368898024,18
BTCUSDT,2025-05-12 07:00:00+00:00,2025-05-12 07:05:00+00:00,2025-05-12 08:35:00+00:00,LONG,28.905395557226107,105585.01553643928,104319.8,-119.8290808606861,12.0,-1.0,-132.8290808606861,18
ETHUSDT,2025-05-12 11:40:00+00:00,2025-05-12 11:45:00+00:00,2025-05-12 13:15:00+00:00,LONG,16.38335601810598,2538.825955281643,2561.41,88.954678722164,12.0,0.0,76.954678722164,18
ETHUSDT,2025-05-12 14:25:00+00:00,2025-05-12 14:30:00+00:00,2025-05-12 16:00:00+00:00,LONG,17.82960778047878,2506.188384924985,2485.95,-80.7536458421132,12.0,-0.5717,-93.32534584211321,18
ETHUSDT,2025-05-12 16:05:00+00:00,2025-05-12 16:10:00+00:00,2025-05-12 17:40:00+00:00,LONG,25.523668870776962,2475.51615843613,2485.98,42.26933251157084,12.0,0.0,30.269332511570838,18
BTCUSDT,2025-05-12 17:40:00+00:00,2025-05-12 17:45:00+00:00,2025-05-12 19:15:00+00:00,LONG,18.388757350683235,102686.02267172711,101813.0,-85.01864703807315,12.0,0.0,-97.01864703807315,18
ETHUSDT,2025-05-12 18:15:00+00:00,2025-05-12 18:20:00+00:00,2025-05-12 19:50:00+00:00,LONG,16.84968628524223,2470.798644702146,2458.81,-48.521334297522145,12.0,0.0,-60.521334297522145,18
ETHUSDT,2025-05-12 20:15:00+00:00,2025-05-12 20:20:00+00:00,2025-05-12 21:50:00+00:00,LONG,15.094897564227562,2459.9331767585727,2473.2,53.931640772895136,12.0,0.0,41.931640772895136,18
ETHUSDT,2025-05-13 06:10:00+00:00,2025-05-13 06:15:00+00:00,2025-05-13 07:45:00+00:00,LONG,17.249918898498922,2457.612978616534,2463.49,23.9135349406161,12.0,0.0,11.913534940616099,18
ETHUSDT,2025-05-13 09:20:00+00:00,2025-05-13 09:25:00+00:00,2025-05-13 10:55:00+00:00,SHORT,-15.633044849014482,2477.0732719479765,2484.5,-29.98186664935787,12.0,0.0,-41.98186664935787,18
ETHUSDT,2025-05-13 11:15:00+00:00,2025-05-13 11:20:00+00:00,2025-05-13 12:50:00+00:00,SHORT,-15.713832738334549,2486.5263627572426,2532.81,-186.13772987081666,12.0,0.0,-198.13772987081666,18
ETHUSDT,2025-05-13 13:20:00+00:00,2025-05-13 13:25:00+00:00,2025-05-13 14:55:00+00:00,SHORT,-16.29870848967095,2542.332508930181,2541.46,3.4319229570334286,12.0,0.0,-8.568077042966571,18
BTCUSDT,2025-05-13 15:10:00+00:00,2025-05-13 15:15:00+00:00,2025-05-13 16:45:00+00:00,SHORT,-16.471011268329978,103745.36485203584,103900.1,-14.914897468898403,12.0,0.7255999999999999,-26.189297468898403,18
ETHUSDT,2025-05-13 15:10:00+00:00,2025-05-13 15:15:00+00:00,2025-05-13 16:45:00+00:00,SHORT,-17.48094864142917,2553.4824885034072,2587.8,-134.39493574403326,12.0,1.0,-145.39493574403326,18
ETHUSDT,2025-05-13 16:50:00+00:00,2025-05-13 16:55:00+00:00,2025-05-13 18:25:00+00:00,SHORT,-16.669009860531744,2588.3504207814467,2619.3,-119.57260102830159,12.0,0.0,-131.5726010283016,18
BTCUSDT,2025-05-13 18:30:00+00:00,2025-05-13 18:35:00+00:00,2025-05-13 20:05:00+00:00,SHORT,-19.506909017214795,104238.53523802338,104633.5,-37.89047506037369,12.0,0.0,-49.89047506037369,18
ETHUSDT,2025-05-13 18:30:00+00:00,2025-05-13 18:35:00+00:00,2025-05-13 20:05:00+00:00,SHORT,-16.982712353288527,2634.82182842673,2682.56,-181.1817826094697,12.0,0.0,-193.1817826094697,18
ETHUSDT,2025-05-13 20:10:00+00:00,2025-05-13 20:15:00+00:00,2025-05-13 21:45:00+00:00,LONG,16.751225817748534,2663.5439793108576,2681.7,68.16489921011026,12.0,0.0,56.16489921011026,18
ETHUSDT,2025-05-14 07:20:00+00:00,2025-05-14 07:25:00+00:00,2025-05-14 08:55:00+00:00,LONG,17.716125304107358,2645.093069258975,2612.89,-121.746450562501,12.0,-0.5479999999999999,-134.294450562501,18
ETHUSDT,2025-05-14 09:00:00+00:00,2025-05-14 09:05:00+00:00,2025-05-14 10:35:00+00:00,LONG,29.312373550094776,2585.4043775155,2603.91,71.5772845649898,12.0,0.0,59.577284564989796,18
ETHUSDT,2025-05-14 10:45:00+00:00,2025-05-14 10:50:00+00:00,2025-05-14 12:20:00+00:00,LONG,15.1580358384908,2594.0925342017135,2631.24,143.20023402603078,12.0,0.0,131.20023402603078,18
ETHUSDT,2025-05-14 14:00:00+00:00,2025-05-14 14:05:00+00:00,2025-05-14 15:35:00+00:00,SHORT,-18.68568046948076,2605.0148998198038,2588.19,64.58657806896807,12.0,0.0,52.586578068968066,18
ETHUSDT,2025-05-14 16:25:00+00:00,2025-05-14 16:30:00+00:00,2025-05-14 18:00:00+00:00,LONG,15.08507563747047,2584.143945448939,2589.02,18.869129019103426,12.0,0.0,6.8691290191034255,18
ETHUSDT,2025-05-15 06:30:00+00:00,2025-05-15 06:35:00+00:00,2025-05-15 08:05:00+00:00,LONG,18.82604683411877,2566.2316815679874,2545.29,-81.60479709763302,12.0,-1.0,-94.60479709763302,18
ETHUSDT,2025-05-15 08:25:00+00:00,2025-05-15 08:30:00+00:00,2025-05-15 10:00:00+00:00,SHORT,-16.87410268570921,2549.3134195096245,2538.32,43.12305982266729,12.0,0.0,31.123059822667287,18
ETHUSDT,2025-05-15 10:05:00+00:00,2025-05-15 10:10:00+00:00,2025-05-15 11:40:00+00:00,LONG,15.138647080732808,2525.316781326542,2553.47,111.48390919363926,12.0,0.0,99.48390919363926,18
ETHUSDT,2025-05-15 14:25:00+00:00,2025-05-15 14:30:00+00:00,2025-05-15 16:00:00+00:00,LONG,21.88174701980596,2511.9075669856925,2562.91,203.0426345484937,12.0,-0.5698,190.47283454849372,18
ETHUSDT,2025-05-15 19:20:00+00:00,2025-05-15 19:25:00+00:00,2025-05-15 20:55:00+00:00,LONG,15.320415697831487,2524.4946480562885,2533.98,37.57327016325584,12.0,0.0,25.57327016325584,18
ETHUSDT,2025-05-15 21:00:00+00:00,2025-05-15 21:05:00+00:00,2025-05-15 22:35:00+00:00,LONG,16.200296991727622,2531.6049985301756,2556.46,98.1788291785457,12.0,0.0,86.1788291785457,18
ETHUSDT,2025-05-16 09:40:00+00:00,2025-05-16 09:45:00+00:00,2025-05-16 11:15:00+00:00,SHORT,-16.110887645340004,2610.171480778782,2629.13,-72.63323257045818,12.0,0.0,-84.63323257045818,18
ETHUSDT,2025-05-16 14:35:00+00:00,2025-05-16 14:40:00+00:00,2025-05-16 16:10:00+00:00,LONG,17.537381217996977,2581.915498428364,2589.73,30.266294835723517,12.0,-0.7202000000000001,17.54609483572352,18
BTCUSDT,2025-05-16 15:10:00+00:00,2025-05-16 15:15:00+00:00,2025-05-16 16:45:00+00:00,SHORT,-16.707171180653006,104099.745833629,103921.3,17.141812614430705,12.0,0.4768,5.618612614430705,18
ETHUSDT,2025-05-16 16:15:00+00:00,2025-05-16 16:20:00+00:00,2025-05-16 17:50:00+00:00,LONG,17.30450667977387,2579.1944881173094,2581.73,9.830634697662877,12.0,0.0,-2.1693653023371233,18
ETHUSDT,2025-05-16 20:50:00+00:00,2025-05-16 20:55:00+00:00,2025-05-16 22:25:00+00:00,LONG,16.455256900250117,2563.969629480659,2554.65,-36.348439441330484,12.0,0.0,-48.348439441330484,18
ETHUSDT,2025-05-17 06:25:00+00:00,2025-05-17 06:30:00+00:00,2025-05-17 08:00:00+00:00,LONG,16.374955794249765,2483.1865159512195,2491.49,33.438825458504965,12.0,0.0,21.438825458504965,18
ETHUSDT,2025-05-17 08:55:00+00:00,2025-05-17 09:00:00+00:00,2025-05-17 10:30:00+00:00,LONG,19.778305064153887,2478.588590701718,2487.8,37.16393004001617,12.0,0.0,25.16393004001617,18
ETHUSDT,2025-05-17 13:00:00+00:00,2025-05-17 13:05:00+00:00,2025-05-17 14:35:00+00:00,LONG,15.38783213585321,2466.9657966215427,2481.12,57.37494779149755,12.0,0.0,45.37494779149755,18
ETHUSDT,2025-05-17 16:30:00+00:00,2025-05-17 16:35:00+00:00,2025-05-17 18:05:00+00:00,LONG,19.188416598686562,2457.416616553821,2470.94,55.03089445673126,12.0,0.0,43.03089445673126,18
ETHUSDT,2025-05-17 21:00:00+00:00,2025-05-17 21:05:00+00:00,2025-05-17 22:35:00+00:00,SHORT,-15.235966115143135,2487.3946598719344,2460.28,109.00827403613644,12.0,0.0,97.00827403613644,18
ETHUSDT,2025-05-18 14:00:00+00:00,2025-05-18 14:05:00+00:00,2025-05-18 15:35:00+00:00,SHORT,-17.110807653176156,2533.7176096936323,2563.0,-115.57085207261287,12.0,0.0,-127.57085207261287,18
ETHUSDT,2025-05-18 15:40:00+00:00,2025-05-18 15:45:00+00:00,2025-05-18 17:15:00+00:00,SHORT,-16.356610255150706,2569.5222229308833,2569.91,-1.509140748641169,12.0,0.013000000000000001,-13.496140748641169,18
BTCUSDT,2025-05-18 15:55:00+00:00,2025-05-18 16:00:00+00:00,2025-05-18 17:30:00+00:00,SHORT,-15.22587095292862,105520.03677486637,105507.7,1.1691405010305633,12.0,0.0,-10.830859498969437,18
ETHUSDT,2025-05-18 17:45:00+00:00,2025-05-18 17:50:00+00:00,2025-05-18 19:20:00+00:00,LONG,26.746737097529348,2510.3528844351604,2457.86,-209.1055992989266,12.0,0.0,-221.1055992989266,18
BTCUSDT,2025-05-18 17:55:00+00:00,2025-05-18 18:00:00+00:00,2025-05-18 19:30:00+00:00,LONG,16.202540431572814,104758.02611451958,104495.8,-25.031601324075893,12.0,0.0,-37.03160132407589,18
ETHUSDT,2025-05-18 19:25:00+00:00,2025-05-18 19:30:00+00:00,2025-05-18 21:00:00+00:00,LONG,21.34479234956435,2463.543748114055,2392.4,-288.7862176935896,12.0,0.0,-300.7862176935896,18
BTCUSDT,2025-05-18 19:45:00+00:00,2025-05-18 19:50:00+00:00,2025-05-18 21:20:00+00:00,LONG,17.86563637131821,104037.56218949612,104233.4,18.823760032666836,12.0,0.0,6.823760032666836,18
ETHUSDT,2025-05-19 06:10:00+00:00,2025-05-19 06:15:00+00:00,2025-05-19 07:45:00+00:00,LONG,26.502580003351344,2391.262449116714,2407.51,67.94549418566609,12.0,0.0,55.94549418566609,18
BTCUSDT,2025-05-19 07:15:00+00:00,2025-05-19 07:20:00+00:00,2025-05-19 08:50:00+00:00,SHORT,-17.760869187334038,102783.33347074877,103168.3,-37.45417824581487,12.0,0.604,-48.850178245814874,18
ETHUSDT,2025-05-19 08:00:00+00:00,2025-05-19 08:05:00+00:00,2025-05-19 09:35:00+00:00,SHORT,-34.10670977530956,2399.086328270261,2408.19,-37.94641160871581,12.0,0.0,-49.94641160871581,18
ETHUSDT,2025-05-19 12:15:00+00:00,2025-05-19 12:20:00+00:00,2025-05-19 13:50:00+00:00,LONG,24.016476720943984,2392.349875391225,2431.55,163.85615253021734,12.0,0.0,151.85615253021734,18
ETHUSDT,2025-05-19 17:55:00+00:00,2025-05-19 18:00:00+00:00,2025-05-19 19:30:00+00:00,LONG,18.12707211735707,2501.7826886418907,2497.36,-17.678148713593522,12.0,0.0,-29.678148713593522,18
ETHUSDT,2025-05-20 06:15:00+00:00,2025-05-20 06:20:00+00:00,2025-05-20 07:50:00+00:00,LONG,20.864523553890468,2544.7441179306516,2524.93,-77.8629088521654,12.0,0.0,-89.8629088521654,18
ETHUSDT,2025-05-20 10:50:00+00:00,2025-05-20 10:55:00+00:00,2025-05-20 12:25:00+00:00,LONG,15.261238617928699,2512.811034772835,2499.12,-54.48493572885238,12.0,0.0,-66.48493572885238,18
ETHUSDT,2025-05-20 12:30:00+00:00,2025-05-20 12:35:00+00:00,2025-05-20 14:05:00+00:00,LONG,16.26697754313719,2488.8237070987484,2476.83,-48.1902637962639,12.0,0.0,-60.1902637962639,18
ETHUSDT,2025-05-20 14:15:00+00:00,2025-05-20 14:20:00+00:00,2025-05-20 15:50:00+00:00,SHORT,-17.43828976954506,2481.125661725667,2481.75,-2.51635088042379,12.0,0.0,-14.51635088042379,18
ETHUSDT,2025-05-20 18:45:00+00:00,2025-05-20 18:50:00+00:00,2025-05-20 20:20:00+00:00,LONG,23.607617893139725,2453.2990312098136,2505.0,210.74059106724886,12.0,0.0,198.74059106724886,18
ETHUSDT,2025-05-20 20:45:00+00:00,2025-05-20 20:50:00+00:00,2025-05-20 22:20:00+00:00,SHORT,-19.106362172003493,2521.3106125328686,2495.92,100.70402435407021,12.0,0.0,88.70402435407021,18
ETHUSDT,2025-05-21 09:25:00+00:00,2025-05-21 09:30:00+00:00,2025-05-21 11:00:00+00:00,LONG,17.604518763682087,2524.3650562239845,2527.59,12.775267063946938,12.0,0.0,0.7752670639469379,18
ETHUSDT,2025-05-21 14:30:00+00:00,2025-05-21 14:35:00+00:00,2025-05-21 16:05:00+00:00,SHORT,-20.757614667238144,2536.100854486062,2562.76,-105.11863306532643,12.0,0.0647,-117.05393306532643,18
BTCUSDT,2025-05-21 14:35:00+00:00,2025-05-21 14:40:00+00:00,2025-05-21 16:10:00+00:00,SHORT,-17.33406346341855,107471.82611155162,108906.5,-133.4930223442221,12.0,0.5119,-144.98112234422211,18
ETHUSDT,2025-05-21 17:20:00+00:00,2025-05-21 17:25:00+00:00,2025-05-21 18:55:00+00:00,LONG,26.936341005849467,2497.1488288652763,2474.44,-90.93902855439873,12.0,0.0,-102.93902855439873,18
BTCUSDT,2025-05-21 17:25:00+00:00,2025-05-21 17:30:00+00:00,2025-05-21 19:00:00+00:00,LONG,17.80118738591158,106833.517272851,106911.7,7.318183388957955,12.0,0.0,-4.681816611042045,18
BTCUSDT,2025-05-21 19:15:00+00:00,2025-05-21 19:20:00+00:00,2025-05-21 20:50:00+00:00,LONG,21.339198015184035,106796.66119178284,107935.7,106.65490807542088,12.0,0.0,94.65490807542088,18
ETHUSDT,2025-05-21 19:55:00+00:00,2025-05-21 20:00:00+00:00,2025-05-21 21:30:00+00:00,LONG,15.977394468890909,2508.0196306742473,2500.09,-31.61709971191695,12.0,0.0,-43.61709971191695,18
BTCUSDT,2025-05-21 20:55:00+00:00,2025-05-21 21:00:00+00:00,2025-05-21 22:30:00+00:00,LONG,20.240689954350092,108132.87097257886,108585.2,41.83085340773385,12.0,0.0,29.830853407733848,18
ETHUSDT,2025-05-22 06:20:00+00:00,2025-05-22 06:25:00+00:00,2025-05-22 07:55:00+00:00,LONG,15.952603262348124,2610.4852500220345,2627.36,64.64219622701606,12.0,0.0,52.64219622701606,18
ETHUSDT,2025-05-22 08:50:00+00:00,2025-05-22 08:55:00+00:00,2025-05-22 10:25:00+00:00,SHORT,-16.254024063826193,2664.1790479486235,2672.1,-29.73130524945633,12.0,0.0,-41.73130524945633,18
BTCUSDT,2025-05-22 12:30:00+00:00,2025-05-22 12:35:00+00:00,2025-05-22 14:05:00+00:00,SHORT,-16.840681822538578,111403.17240664261,110876.5,47.27624853627654,12.0,0.0,35.27624853627654,18
ETHUSDT,2025-05-22 13:15:00+00:00,2025-05-22 13:20:00+00:00,2025-05-22 14:50:00+00:00,LONG,15.88182447638438,2639.0429152231836,2669.22,114.3485943435829,12.0,0.0,102.3485943435829,18
ETHUSDT,2025-05-22 19:55:00+00:00,2025-05-22 20:00:00+00:00,2025-05-22 21:30:00+00:00,LONG,18.379326700357804,2632.4315312170907,2630.11,-8.818961441391382,12.0,0.0,-20.81896144139138,18
ETHUSDT,2025-05-23 06:05:00+00:00,2025-05-23 06:10:00+00:00,2025-05-23 07:40:00+00:00,LONG,17.85476644155901,2678.892604574072,2659.07,-73.99551792492743,12.0,0.0,-85.99551792492743,18
ETHUSDT,2025-05-23 08:00:00+00:00,2025-05-23 08:05:00+00:00,2025-05-23 09:35:00+00:00,LONG,15.279173757075835,2654.223645858978,2682.12,105.10174673691975,12.0,0.0,93.10174673691975,18
ETHUSDT,2025-05-23 11:20:00+00:00,2025-05-23 11:25:00+00:00,2025-05-23 12:55:00+00:00,LONG,15.116482761604031,2642.558344036325,2544.42,-371.3762621657968,12.0,0.0,-383.3762621657968,18
BTCUSDT,2025-05-23 11:45:00+00:00,2025-05-23 11:50:00+00:00,2025-05-23 13:20:00+00:00,LONG,15.977823505013271,109647.32640808109,108554.8,-99.64004083555689,12.0,0.0,-111.64004083555689,18
ETHUSDT,2025-05-23 13:15:00+00:00,2025-05-23 13:20:00+00:00,2025-05-23 14:50:00+00:00,SHORT,-19.399145328979714,2554.712405094452,2583.26,-111.7448478686689,12.0,0.0,-123.7448478686689,18
ETHUSDT,2025-05-23 17:00:00+00:00,2025-05-23 17:05:00+00:00,2025-05-23 18:35:00+00:00,SHORT,-17.92107558810109,2574.8342052636144,2563.29,44.8347518454395,12.0,0.0,32.8347518454395,18
ETHUSDT,2025-05-23 20:50:00+00:00,2025-05-23 20:55:00+00:00,2025-05-23 22:25:00+00:00,LONG,20.77638541657322,2541.0936820359757,2551.56,41.18824126011056,12.0,0.0,29.18824126011056,18
ETHUSDT,2025-05-24 10:30:00+00:00,2025-05-24 10:35:00+00:00,2025-05-24 12:05:00+00:00,SHORT,-15.295766206146777,2567.709652476784,2562.66,19.665979258648434,12.0,0.0,7.665979258648434,18
ETHUSDT,2025-05-24 21:25:00+00:00,2025-05-24 21:30:00+00:00,2025-05-24 23:00:00+00:00,LONG,19.092248675585957,2534.1028953298687,2524.3,-38.68388828225711,12.0,0.0,-50.68388828225711,18
ETHUSDT,2025-05-25 08:00:00+00:00,2025-05-25 08:05:00+00:00,2025-05-25 09:35:00+00:00,LONG,16.157916980981717,2483.975708425048,2482.0,-7.953815403053399,12.0,0.0,-19.953815403053397,18
ETHUSDT,2025-05-27 13:10:00+00:00,2025-05-27 13:15:00+00:00,2025-05-27 14:45:00+00:00,SHORT,-20.3677149993786,2665.239215419348,2659.73,20.670622687356534,12.0,0.0,8.670622687356534,18
BTCUSDT,2025-05-27 13:15:00+00:00,2025-05-27 13:20:00+00:00,2025-05-27 14:50:00+00:00,SHORT,-16.070635131743884,110637.74511006328,109523.2,100.73823440223894,12.0,0.0,88.73823440223894,18
ETHUSDT,2025-05-27 16:15:00+00:00,2025-05-27 16:20:00+00:00,2025-05-27 17:50:00+00:00,SHORT,-15.15899099368163,2678.484786402428,2709.89,-117.24992337833307,12.0,0.0,-129.24992337833305,18
ETHUSDT,2025-05-27 17:55:00+00:00,2025-05-27 18:00:00+00:00,2025-05-27 19:30:00+00:00,SHORT,-16.87668060411624,2697.0128334751585,2680.42,61.52300526422793,12.0,0.0,49.52300526422793,18
ETHUSDT,2025-05-28 19:35:00+00:00,2025-05-28 19:40:00+00:00,2025-05-28 21:10:00+00:00,LONG,16.611926530813633,2626.0125246655166,2633.95,30.22634225819054,12.0,0.0,18.22634225819054,18
ETHUSDT,2025-05-29 06:00:00+00:00,2025-05-29 06:05:00+00:00,2025-05-29 07:35:00+00:00,LONG,15.6824571002259,2722.8997825289866,2730.0,26.075941232104327,12.0,0.0,14.075941232104327,18
ETHUSDT,2025-05-29 08:25:00+00:00,2025-05-29 08:30:00+00:00,2025-05-29 10:00:00+00:00,LONG,16.611917297345297,2718.4751265921623,2735.08,61.08157196440311,12.0,0.0,49.08157196440311,18
ETHUSDT,2025-05-29 12:40:00+00:00,2025-05-29 12:45:00+00:00,2025-05-29 14:15:00+00:00,LONG,16.62384631160748,2685.4327220517825,2649.06,-135.44454773751434,12.0,0.0,-147.44454773751434,18
ETHUSDT,2025-05-29 15:05:00+00:00,2025-05-29 15:10:00+00:00,2025-05-29 16:40:00+00:00,SHORT,-16.635425548382848,2665.739443436599,2644.8,78.55022548491797,12.0,0.8321,67.38232548491797,18
ETHUSDT,2025-05-29 16:50:00+00:00,2025-05-29 16:55:00+00:00,2025-05-29 18:25:00+00:00,LONG,17.73029686803262,2634.9103860676664,2656.97,83.72054719194777,12.0,0.0,71.72054719194777,18
ETHUSDT,2025-05-30 09:35:00+00:00,2025-05-30 09:40:00+00:00,2025-05-30 11:10:00+00:00,LONG,20.23187191061405,2591.449100836272,2622.85,121.17119781976271,12.0,0.0,109.17119781976271,18
ETHUSDT,2025-05-30 13:50:00+00:00,2025-05-30 13:55:00+00:00,2025-05-30 15:25:00+00:00,LONG,20.896477557270792,2575.367717133542,2608.58,128.9613232529918,12.0,0.0,116.9613232529918,18
ETHUSDT,2025-05-30 16:25:00+00:00,2025-05-30 16:30:00+00:00,2025-05-30 18:00:00+00:00,LONG,18.00428095496412,2569.6315984292432,2548.06,-83.94821437605837,12.0,0.0,-95.94821437605837,18
ETHUSDT,2025-05-30 20:00:00+00:00,2025-05-30 20:05:00+00:00,2025-05-30 21:35:00+00:00,LONG,17.40146727502917,2567.6135555099486,2580.67,50.85050459417096,12.0,0.0,38.85050459417096,18
ETHUSDT,2025-05-31 12:30:00+00:00,2025-05-31 12:35:00+00:00,2025-05-31 14:05:00+00:00,SHORT,-15.734043703565481,2528.0867894089333,2537.85,-38.61896922197516,12.0,0.0,-50.61896922197516,18
ETHUSDT,2025-06-01 09:40:00+00:00,2025-06-01 09:45:00+00:00,2025-06-01 11:15:00+00:00,LONG,19.639511399000472,2483.5980052936443,2492.41,35.48076092658059,12.0,0.0,23.480760926580587,18
ETHUSDT,2025-06-01 12:40:00+00:00,2025-06-01 12:45:00+00:00,2025-06-01 14:15:00+00:00,LONG,15.007175306667378,2479.372098243352,2501.93,90.98231674314006,12.0,0.0,78.98231674314006,18
ETHUSDT,2025-06-01 18:30:00+00:00,2025-06-01 18:35:00+00:00,2025-06-01 20:05:00+00:00,LONG,18.620623288806645,2508.077912283406,2524.66,66.11472329221657,12.0,0.0,54.11472329221657,18
BTCUSDT,2025-06-03 09:00:00+00:00,2025-06-03 09:05:00+00:00,2025-06-03 10:35:00+00:00,SHORT,-15.934723089138343,105085.16140032676,105245.3,-15.238935501387108,12.0,0.0,-27.238935501387108,18
ETHUSDT,2025-06-03 13:15:00+00:00,2025-06-03 13:20:00+00:00,2025-06-03 14:50:00+00:00,SHORT,-16.075732512899318,2623.3456832743377,2630.7,-28.03411221232066,12.0,0.0,-40.034112212320665,18
ETHUSDT,2025-06-03 14:55:00+00:00,2025-06-03 15:00:00+00:00,2025-06-03 16:30:00+00:00,SHORT,-18.317824131680823,2648.8795698209697,2609.45,148.85376545689778,12.0,0.5397,137.3934654568978,18
ETHUSDT,2025-06-03 21:55:00+00:00,2025-06-03 22:00:00+00:00,2025-06-03 23:30:00+00:00,LONG,18.891000277236145,2586.185278480627,2592.45,24.223792361286467,12.0,0.0,12.223792361286467,18
ETHUSDT,2025-06-04 19:15:00+00:00,2025-06-04 19:20:00+00:00,2025-06-04 20:50:00+00:00,LONG,15.14314969589313,2625.790137876822,2601.59,-92.1632598421962,12.0,0.0,-104.1632598421962,18
ETHUSDT,2025-06-04 20:55:00+00:00,2025-06-04 21:00:00+00:00,2025-06-04 22:30:00+00:00,LONG,18.66524834993663,2603.022656095248,2606.01,11.476442195987868,12.0,0.0,-0.5235578040121318,18
ETHUSDT,2025-06-05 14:15:00+00:00,2025-06-05 14:20:00+00:00,2025-06-05 15:50:00+00:00,LONG,16.416760050907172,2566.7061256012075,2591.48,96.52010470419414,12.0,0.0,84.52010470419414,18
ETHUSDT,2025-06-05 16:20:00+00:00,2025-06-05 16:25:00+00:00,2025-06-05 17:55:00+00:00,LONG,16.44720968923713,2562.453464602377,2569.23,26.445496440163918,12.0,0.0,14.445496440163918,18
BTCUSDT,2025-06-05 18:10:00+00:00,2025-06-05 18:15:00+00:00,2025-06-05 19:45:00+00:00,LONG,18.416424699171607,102628.51577807013,102161.6,-45.49571574042899,12.0,0.0,-57.49571574042899,18
ETHUSDT,2025-06-05 18:10:00+00:00,2025-06-05 18:15:00+00:00,2025-06-05 19:45:00+00:00,LONG,19.144476510025267,2556.884889668254,2541.14,-61.578406332937206,12.0,0.0,-73.5784063329372,18
ETHUSDT,2025-06-05 19:50:00+00:00,2025-06-05 19:55:00+00:00,2025-06-05 21:25:00+00:00,LONG,20.86822000137198,2527.1473891651794,2424.47,-406.2975891528753,12.0,0.0,-418.2975891528753,18
ETHUSDT,2025-06-05 21:30:00+00:00,2025-06-05 21:35:00+00:00,2025-06-05 23:05:00+00:00,LONG,50.002633292776665,2426.306880689466,2430.13,15.756948723022468,12.0,0.0,3.756948723022468,18
ETHUSDT,2025-06-06 06:00:00+00:00,2025-06-06 06:05:00+00:00,2025-06-06 07:35:00+00:00,LONG,16.373652299075204,2454.704076891279,2454.74,0.14634394858159538,12.0,0.0,-11.853656051418405,18
ETHUSDT,2025-06-06 08:40:00+00:00,2025-06-06 08:45:00+00:00,2025-06-06 10:15:00+00:00,LONG,16.690870512798103,2461.40611280535,2477.93,67.13190118723178,12.0,0.0,55.131901187231776,18
ETHUSDT,2025-06-06 12:30:00+00:00,2025-06-06 12:35:00+00:00,2025-06-06 14:05:00+00:00,SHORT,-16.245723123918133,2488.310941990531,2497.47,-36.80833393812976,12.0,0.0,-48.80833393812976,18
BTCUSDT,2025-06-06 13:45:00+00:00,2025-06-06 13:50:00+00:00,2025-06-06 15:20:00+00:00,SHORT,-15.284439342438398,104417.424246406,104917.5,-47.891983277994484,12.0,0.0,-59.891983277994484,18
ETHUSDT,2025-06-06 14:10:00+00:00,2025-06-06 14:15:00+00:00,2025-06-06 15:45:00+00:00,SHORT,-15.730738685547406,2510.2511093075095,2499.7,42.03208702264205,12.0,0.0,30.032087022642052,18
ETHUSDT,2025-06-09 09:40:00+00:00,2025-06-09 09:45:00+00:00,2025-06-09 11:15:00+00:00,LONG,15.844516856539709,2511.2190052383285,2535.8,97.88471141065847,12.0,0.0,85.88471141065847,18
ETHUSDT,2025-06-10 06:00:00+00:00,2025-06-10 06:05:00+00:00,2025-06-10 07:35:00+00:00,LONG,21.89477306468478,2657.8416970621147,2675.89,67.90586120247522,12.0,0.0,55.90586120247522,18
ETHUSDT,2025-06-10 10:10:00+00:00,2025-06-10 10:15:00+00:00,2025-06-10 11:45:00+00:00,SHORT,-16.962833427968036,2694.340694027918,2788.79,-350.5470046213222,12.0,0.0,-362.5470046213222,18
BTCUSDT,2025-06-10 11:25:00+00:00,2025-06-10 11:30:00+00:00,2025-06-10 13:00:00+00:00,SHORT,-15.320967969328656,109720.87648052575,109645.0,6.915409624823621,12.0,0.0,-5.084590375176379,18
ETHUSDT,2025-06-10 11:50:00+00:00,2025-06-10 11:55:00+00:00,2025-06-10 13:25:00+00:00,SHORT,-17.33480034947618,2771.7428689880926,2767.67,14.694252607853064,12.0,0.0,2.6942526078530644,18
BTCUSDT,2025-06-10 13:10:00+00:00,2025-06-10 13:15:00+00:00,2025-06-10 14:45:00+00:00,SHORT,-16.125947892878138,109749.29034830394,108572.7,107.20710307737579,12.0,0.0,95.20710307737579,18
ETHUSDT,2025-06-10 19:20:00+00:00,2025-06-10 19:25:00+00:00,2025-06-10 20:55:00+00:00,SHORT,-19.38380073474577,2776.3631944479785,2767.58,31.635610447302565,12.0,0.0,19.635610447302565,18
BTCUSDT,2025-06-11 14:15:00+00:00,2025-06-11 14:20:00+00:00,2025-06-11 15:50:00+00:00,SHORT,-15.500555682065526,110281.07135063592,109807.0,42.987553968225626,12.0,0.0,30.987553968225626,18
ETHUSDT,2025-06-11 18:25:00+00:00,2025-06-11 18:30:00+00:00,2025-06-11 20:00:00+00:00,LONG,16.769128716556928,2814.112546649017,2811.93,-7.755719122236604,12.0,0.0,-19.755719122236606,18
ETHUSDT,2025-06-11 21:35:00+00:00,2025-06-11 21:40:00+00:00,2025-06-11 23:10:00+00:00,LONG,26.22476786906012,2787.989756882536,2768.32,-70.55175448180239,12.0,0.0,-82.55175448180239,18
ETHUSDT,2025-06-12 06:05:00+00:00,2025-06-12 06:10:00+00:00,2025-06-12 07:40:00+00:00,LONG,15.132511891301183,2758.6089955491684,2749.87,-31.678993156580848,12.0,0.0,-43.678993156580844,18
ETHUSDT,2025-06-12 07:45:00+00:00,2025-06-12 07:50:00+00:00,2025-06-12 09:20:00+00:00,LONG,15.453901809079056,2745.213551625102,2751.89,24.32032426382902,12.0,-1.0,11.320324263829018,18
ETHUSDT,2025-06-12 11:25:00+00:00,2025-06-12 11:30:00+00:00,2025-06-12 13:00:00+00:00,LONG,17.031262503645486,2725.1506499308816,2735.44,37.756995450433095,12.0,0.0,25.756995450433095,18
ETHUSDT,2025-06-12 15:00:00+00:00,2025-06-12 15:05:00+00:00,2025-06-12 16:35:00+00:00,SHORT,-15.091155706088683,2769.5050344003066,2735.64,122.27829153464542,12.0,0.5333,110.81159153464542,18
ETHUSDT,2025-06-12 18:40:00+00:00,2025-06-12 18:45:00+00:00,2025-06-12 20:15:00+00:00,LONG,21.35232960744422,2722.6214867965064,2683.62,-143.24975757976753,12.0,0.0,-155.24975757976753,18
ETHUSDT,2025-06-12 20:20:00+00:00,2025-06-12 20:25:00+00:00,2025-06-12 21:55:00+00:00,LONG,25.95954315496598,2681.8059718170684,2648.45,-124.3787662776663,12.0,0.0,-136.3787662776663,18
BTCUSDT,2025-06-12 20:40:00+00:00,2025-06-12 20:45:00+00:00,2025-06-12 22:15:00+00:00,LONG,15.087259959005962,105885.33829779572,106107.2,20.953014437210538,12.0,0.0,8.953014437210538,18
ETHUSDT,2025-06-13 06:00:00+00:00,2025-06-13 06:05:00+00:00,2025-06-13 07:35:00+00:00,LONG,42.22365267569795,2504.0690870481862,2528.4,97.16550185320693,12.0,0.0,85.16550185320693,18
ETHUSDT,2025-06-13 07:40:00+00:00,2025-06-13 07:45:00+00:00,2025-06-13 09:15:00+00:00,SHORT,-17.816349899894142,2531.1593794942305,2515.92,60.20711148294278,12.0,-0.1069,48.100211482942775,18
ETHUSDT,2025-06-13 09:20:00+00:00,2025-06-13 09:25:00+00:00,2025-06-13 10:55:00+00:00,LONG,45.04214266886413,2507.302109535176,2525.85,73.97549100400357,12.0,0.0,61.97549100400357,18
ETHUSDT,2025-06-13 12:20:00+00:00,2025-06-13 12:25:00+00:00,2025-06-13 13:55:00+00:00,SHORT,-15.269017911945191,2552.9317409532805,2545.36,29.659002752863152,12.0,0.0,17.659002752863152,18
ETHUSDT,2025-06-13 14:15:00+00:00,2025-06-13 14:20:00+00:00,2025-06-13 15:50:00+00:00,LONG,35.844750002327594,2523.8986077350064,2553.9,118.86924527414911,12.0,0.0,106.86924527414911,18
ETHUSDT,2025-06-13 17:40:00+00:00,2025-06-13 17:45:00+00:00,2025-06-13 19:15:00+00:00,LONG,21.565017318367513,2532.9982407301472,2533.0,0.006945404953384582,12.0,0.0,-11.993054595046615,18
ETHUSDT,2025-06-13 19:35:00+00:00,2025-06-13 19:40:00+00:00,2025-06-13 21:10:00+00:00,LONG,15.339719961809845,2526.5995917189703,2543.0,64.91099078295815,12.0,0.0,52.91099078295815,18
ETHUSDT,2025-06-14 16:20:00+00:00,2025-06-14 16:25:00+00:00,2025-06-14 17:55:00+00:00,LONG,15.185104002978967,2510.7926502629834,2508.0,-11.122584187471807,12.0,0.0,-23.12258418747181,18
ETHUSDT,2025-06-14 18:35:00+00:00,2025-06-14 18:40:00+00:00,2025-06-14 20:10:00+00:00,LONG,18.090048512979795,2490.624656189027,2496.74,24.553454073363845,12.0,0.0,12.553454073363845,18
ETHUSDT,2025-06-15 20:10:00+00:00,2025-06-15 20:15:00+00:00,2025-06-15 21:45:00+00:00,LONG,15.584743589167946,2521.416620527055,2508.71,-50.39476786029451,12.0,0.0,-62.39476786029451,18
BTCUSDT,2025-06-15 20:45:00+00:00,2025-06-15 20:50:00+00:00,2025-06-15 22:20:00+00:00,LONG,15.115829577240925,104575.80977616188,105096.6,49.800257339898124,12.0,0.0,37.800257339898124,18
ETHUSDT,2025-06-17 06:05:00+00:00,2025-06-17 06:10:00+00:00,2025-06-17 07:40:00+00:00,LONG,15.242518132076425,2584.504019835257,2576.74,-30.04065683655743,12.0,0.0,-42.04065683655743,18
ETHUSDT,2025-06-17 16:45:00+00:00,2025-06-17 16:50:00+00:00,2025-06-17 18:20:00+00:00,LONG,15.951132834150439,2474.9290206612823,2472.9,-8.198298392977366,12.0,0.0,-20.198298392977364,18
BTCUSDT,2025-06-17 17:40:00+00:00,2025-06-17 17:45:00+00:00,2025-06-17 19:15:00+00:00,LONG,15.073439956377387,103764.99350632366,104795.9,99.35012366318885,12.0,0.0,87.35012366318885,18
ETHUSDT,2025-06-18 10:50:00+00:00,2025-06-18 10:55:00+00:00,2025-06-18 12:25:00+00:00,LONG,15.310684423151622,2495.6724345854773,2508.84,52.76159335674269,12.0,0.0,40.76159335674269,18
ETHUSDT,2025-06-18 13:25:00+00:00,2025-06-18 13:30:00+00:00,2025-06-18 15:00:00+00:00,LONG,21.392959561457896,2468.1868200881745,2503.98,145.01811459534107,12.0,0.0,133.01811459534107,18
ETHUSDT,2025-06-18 17:30:00+00:00,2025-06-18 17:35:00+00:00,2025-06-18 19:05:00+00:00,LONG,19.414158009293864,2469.0567409698215,2488.26,77.77568944258294,12.0,0.0,65.77568944258294,18
ETHUSDT,2025-06-20 17:20:00+00:00,2025-06-20 17:25:00+00:00,2025-06-20 18:55:00+00:00,LONG,46.74629676471613,2423.570174563853,2423.31,-1.0735177655829542,12.0,0.0,-13.073517765582954,18
BTCUSDT,2025-06-20 19:30:00+00:00,2025-06-20 19:35:00+00:00,2025-06-20 21:05:00+00:00,LONG,17.381575149272056,103194.5497873723,103423.5,22.186269827180194,12.0,0.0,10.186269827180194,18
ETHUSDT,2025-06-20 20:10:00+00:00,2025-06-20 20:15:00+00:00,2025-06-20 21:45:00+00:00,SHORT,-17.375276077898974,2429.230760351963,2422.66,27.048728590161055,12.0,0.0,15.048728590161055,18
ETHUSDT,2025-06-21 17:35:00+00:00,2025-06-21 17:40:00+00:00,2025-06-21 19:10:00+00:00,LONG,22.33094619059542,2397.347851958984,2390.31,-29.356824264084036,12.0,0.0,-41.35682426408404,18
BTCUSDT,2025-06-21 21:20:00+00:00,2025-06-21 21:25:00+00:00,2025-06-21 22:55:00+00:00,LONG,22.71407182749689,101467.5920809336,101750.0,27.83232688138959,12.0,0.0,15.83232688138959,18
ETHUSDT,2025-06-21 21:20:00+00:00,2025-06-21 21:25:00+00:00,2025-06-21 22:55:00+00:00,LONG,60.028974782471174,2300.5531869222586,2283.21,-75.3870287409475,12.0,0.0,-87.3870287409475,18
ETHUSDT,2025-06-22 06:00:00+00:00,2025-06-22 06:05:00+00:00,2025-06-22 07:35:00+00:00,LONG,35.00215640837621,2284.5896036438435,2276.81,-34.0525214306997,12.0,0.0,-46.0525214306997,18
ETHUSDT,2025-06-22 07:40:00+00:00,2025-06-22 07:45:00+00:00,2025-06-22 09:15:00+00:00,LONG,16.658206124907775,2267.7946444323948,2272.29,19.822586576088153,12.0,0.17609999999999998,7.9986865760881525,18
ETHUSDT,2025-06-22 09:20:00+00:00,2025-06-22 09:25:00+00:00,2025-06-22 10:55:00+00:00,LONG,46.63255107389203,2257.003763534272,2259.48,10.971343981502901,12.0,0.0,-1.0286560184970988,18
ETHUSDT,2025-06-22 12:35:00+00:00,2025-06-22 12:40:00+00:00,2025-06-22 14:10:00+00:00,LONG,15.430657563419489,2265.9230531288995,2203.06,-277.42801346274825,12.0,0.0,-289.42801346274825,18
BTCUSDT,2025-06-22 13:25:00+00:00,2025-06-22 13:30:00+00:00,2025-06-22 15:00:00+00:00,LONG,17.352680162224562,100974.6042579133,99584.2,-137.69841121257454,12.0,0.0,-149.69841121257454,18
ETHUSDT,2025-06-22 14:15:00+00:00,2025-06-22 14:20:00+00:00,2025-06-22 15:50:00+00:00,LONG,107.34097496458638,2181.0110378264576,2181.38,1.6917024588303242,12.0,0.0,-10.308297541169676,18
ETHUSDT,2025-06-22 16:05:00+00:00,2025-06-22 16:10:00+00:00,2025-06-22 17:40:00+00:00,LONG,82.27868211301747,2182.3977826712285,2197.2,67.82547822539398,12.0,0.0,55.82547822539398,18
BTCUSDT,2025-06-22 16:45:00+00:00,2025-06-22 16:50:00+00:00,2025-06-22 18:20:00+00:00,SHORT,-15.119934214971988,99483.91379241039,99450.0,3.4089724778174624,12.0,0.0,-8.591027522182538,18
ETHUSDT,2025-06-22 18:05:00+00:00,2025-06-22 18:10:00+00:00,2025-06-22 19:40:00+00:00,LONG,31.264945847186553,2187.878267527034,2187.9,0.09933127125272279,12.0,0.0,-11.900668728747277,18
ETHUSDT,2025-06-22 19:45:00+00:00,2025-06-22 19:50:00+00:00,2025-06-22 21:20:00+00:00,LONG,40.1097027954275,2178.8950339507064,2189.88,50.415306281992315,12.0,0.0,38.415306281992315,18
BTCUSDT,2025-06-23 06:00:00+00:00,2025-06-23 06:05:00+00:00,2025-06-23 07:35:00+00:00,LONG,16.918150481553,101825.06282727233,101762.8,-6.114685868442438,12.0,0.0,-18.114685868442436,18
ETHUSDT,2025-06-23 16:10:00+00:00,2025-06-23 16:15:00+00:00,2025-06-23 17:45:00+00:00,LONG,23.000693378514693,2226.3541289154996,2277.76,230.89709950834037,12.0,0.0,218.89709950834037,18
ETHUSDT,2025-06-23 21:25:00+00:00,2025-06-23 21:30:00+00:00,2025-06-23 23:00:00+00:00,LONG,19.41428088774897,2340.624163464185,2405.8,278.4549418619742,12.0,0.0,266.4549418619742,18
ETHUSDT,2025-06-24 09:25:00+00:00,2025-06-24 09:30:00+00:00,2025-06-24 11:00:00+00:00,SHORT,-18.237322520294136,2432.029002955142,2412.79,79.10679902157769,12.0,0.0,67.10679902157769,18
ETHUSDT,2025-06-24 14:00:00+00:00,2025-06-24 14:05:00+00:00,2025-06-24 15:35:00+00:00,SHORT,-18.40778444391118,2429.3365905133987,2438.8,-38.95470690869374,12.0,0.0,-50.95470690869374,18
BTCUSDT,2025-06-24 14:40:00+00:00,2025-06-24 14:45:00+00:00,2025-06-24 16:15:00+00:00,SHORT,-15.76385363411687,105594.2417022551,105198.1,37.51546446747467,12.0,0.044700000000000004,25.56016446747467,18
ETHUSDT,2025-06-24 16:15:00+00:00,2025-06-24 16:20:00+00:00,2025-06-24 17:50:00+00:00,SHORT,-18.48984197636957,2444.3680660013056,2459.52,-61.98712137276851,12.0,0.0,-73.98712137276851,18
BTCUSDT,2025-06-24 16:40:00+00:00,2025-06-24 16:45:00+00:00,2025-06-24 18:15:00+00:00,SHORT,-20.63287576790447,105794.42623963943,105816.5,-2.086476683618166,12.0,0.0,-14.086476683618166,18
ETHUSDT,2025-06-25 14:15:00+00:00,2025-06-25 14:20:00+00:00,2025-06-25 15:50:00+00:00,LONG,21.52506970144026,2395.3002090821756,2410.73,64.41693971937168,12.0,0.0,52.41693971937168,18
ETHUSDT,2025-06-26 09:50:00+00:00,2025-06-26 09:55:00+00:00,2025-06-26 11:25:00+00:00,LONG,15.125016147475185,2462.349426194548,2441.83,-83.33271458657254,12.0,0.0,-95.33271458657254,18
ETHUSDT,2025-06-26 21:30:00+00:00,2025-06-26 21:35:00+00:00,2025-06-26 23:05:00+00:00,LONG,18.046275053245644,2406.409206392111,2409.98,14.838679965167856,12.0,0.0,2.838679965167856,18
ETHUSDT,2025-06-27 13:25:00+00:00,2025-06-27 13:30:00+00:00,2025-06-27 15:00:00+00:00,LONG,16.956398349802733,2423.493245636979,2422.09,-5.790177626882054,12.0,0.0,-17.790177626882056,18
ETHUSDT,2025-06-27 17:35:00+00:00,2025-06-27 17:40:00+00:00,2025-06-27 19:10:00+00:00,LONG,17.535983226300417,2411.2077987164657,2404.35,-28.44134263383036,12.0,0.0,-40.44134263383036,18
ETHUSDT,2025-06-30 06:45:00+00:00,2025-06-30 06:50:00+00:00,2025-06-30 08:20:00+00:00,LONG,21.32205037126643,2463.074139275301,2474.9,48.01260561396737,12.0,-0.9119,35.100705613967364,18
ETHUSDT,2025-07-01 14:40:00+00:00,2025-07-01 14:45:00+00:00,2025-07-01 16:15:00+00:00,LONG,15.385555584078881,2414.2789826928597,2428.39,58.44816364760419,12.0,0.1429,46.59106364760419,18
ETHUSDT,2025-07-01 20:05:00+00:00,2025-07-01 20:10:00+00:00,2025-07-01 21:40:00+00:00,LONG,15.914841696968592,2400.257866037846,2408.92,36.088347359330974,12.0,0.0,24.088347359330974,18
ETHUSDT,2025-07-02 14:25:00+00:00,2025-07-02 14:30:00+00:00,2025-07-02 16:00:00+00:00,SHORT,-16.06383698019807,2463.9794030226917,2497.73,-136.9759703993667,12.0,0.0,-148.9759703993667,18
BTCUSDT,2025-07-02 14:50:00+00:00,2025-07-02 14:55:00+00:00,2025-07-02 16:25:00+00:00,SHORT,-15.39881219866382,107998.10556224312,109264.4,-117.25154169737407,12.0,0.41300000000000003,-128.83854169737407,18
BTCUSDT,2025-07-03 09:55:00+00:00,2025-07-03 10:00:00+00:00,2025-07-03 11:30:00+00:00,SHORT,-15.030167452001038,109923.66787284808,109588.0,30.536451279660206,12.0,0.0,18.536451279660206,18
ETHUSDT,2025-07-03 13:30:00+00:00,2025-07-03 13:35:00+00:00,2025-07-03 15:05:00+00:00,SHORT,-23.748364873120305,2605.4649488510713,2585.5,76.62720183541639,12.0,0.0,64.62720183541639,18
BTCUSDT,2025-07-03 13:35:00+00:00,2025-07-03 13:40:00+00:00,2025-07-03 15:10:00+00:00,SHORT,-16.341562924005874,109892.46485628729,109385.5,46.132813287087515,12.0,0.0,34.132813287087515,18
ETHUSDT,2025-07-03 15:50:00+00:00,2025-07-03 15:55:00+00:00,2025-07-03 17:25:00+00:00,LONG,19.166049286049837,2571.456392722603,2571.17,-1.1137374268277433,12.0,-0.4398,-13.553537426827743,18
ETHUSDT,2025-07-04 06:05:00+00:00,2025-07-04 06:10:00+00:00,2025-07-04 07:40:00+00:00,LONG,23.328146524946412,2557.956766046701,2547.9,-39.315621671915935,12.0,0.0,-51.315621671915935,18
ETHUSDT,2025-07-04 07:45:00+00:00,2025-07-04 07:50:00+00:00,2025-07-04 09:20:00+00:00,LONG,19.342803859555058,2538.2207149569304,2549.17,43.137639601429356,12.0,-0.6619,30.475739601429357,18
ETHUSDT,2025-07-05 17:20:00+00:00,2025-07-05 17:25:00+00:00,2025-07-05 18:55:00+00:00,LONG,16.667284314453553,2496.981398597436,2493.43,-14.222767536158365,12.0,0.0,-26.222767536158365,18
ETHUSDT,2025-07-05 19:05:00+00:00,2025-07-05 19:10:00+00:00,2025-07-05 20:40:00+00:00,LONG,16.020427308784697,2487.424792561565,2499.86,49.99229514645709,12.0,0.0,37.99229514645709,18
BTCUSDT,2025-07-06 13:55:00+00:00,2025-07-06 14:00:00+00:00,2025-07-06 15:30:00+00:00,SHORT,-16.139053229296923,108737.72073554921,108766.6,-2.6558644282270727,12.0,0.0,-14.655864428227073,18
ETHUSDT,2025-07-06 21:30:00+00:00,2025-07-06 21:35:00+00:00,2025-07-06 23:05:00+00:00,SHORT,-15.593627845219158,2581.4610063149253,2571.01,40.48485059181317,12.0,0.0,28.48485059181317,18
ETHUSDT,2025-07-07 21:20:00+00:00,2025-07-07 21:25:00+00:00,2025-07-07 22:55:00+00:00,LONG,15.19501914735643,2524.453529784758,2534.22,38.68746285091929,12.0,0.0,26.68746285091929,18
ETHUSDT,2025-07-08 17:05:00+00:00,2025-07-08 17:10:00+00:00,2025-07-08 18:40:00+00:00,SHORT,-16.574428840957953,2606.2586922558635,2616.01,-37.41496488092855,12.0,0.0,-49.41496488092855,18
ETHUSDT,2025-07-09 12:05:00+00:00,2025-07-09 12:10:00+00:00,2025-07-09 13:40:00+00:00,SHORT,-15.964259740662968,2632.8933816216622,2660.8,-105.9922083177911,12.0,0.0,-117.9922083177911,18
BTCUSDT,2025-07-10 07:10:00+00:00,2025-07-10 07:15:00+00:00,2025-07-10 08:45:00+00:00,SHORT,-15.040330590449738,111362.07898370558,111359.5,0.231585448935423,12.0,0.8523,-10.916114551064577,18
BTCUSDT,2025-07-10 15:25:00+00:00,2025-07-10 15:30:00+00:00,2025-07-10 17:00:00+00:00,SHORT,-15.536292256472896,111315.01015553989,112596.4,-115.11384158072069,12.0,0.1908,-126.92304158072069,18
ETHUSDT,2025-07-10 16:20:00+00:00,2025-07-10 16:25:00+00:00,2025-07-10 17:55:00+00:00,SHORT,-22.028595864137927,2792.3952298417926,2831.5,-140.04024122481695,12.0,0.0,-152.04024122481695,18
ETHUSDT,2025-07-10 18:00:00+00:00,2025-07-10 18:05:00+00:00,2025-07-10 19:35:00+00:00,SHORT,-20.964390091288767,2832.291750390585,2808.06,85.5552765256029,12.0,0.0,73.5552765256029,18
ETHUSDT,2025-07-11 09:15:00+00:00,2025-07-11 09:20:00+00:00,2025-07-11 10:50:00+00:00,SHORT,-16.794999768505885,3013.985788915289,3007.46,21.651691057367195,12.0,0.0,9.651691057367195,18
BTCUSDT,2025-07-11 09:30:00+00:00,2025-07-11 09:35:00+00:00,2025-07-11 11:05:00+00:00,SHORT,-17.472032010932367,118437.40251112147,118090.6,29.281502613914824,12.0,0.0,17.281502613914824,18
ETHUSDT,2025-07-11 15:50:00+00:00,2025-07-11 15:55:00+00:00,2025-07-11 17:25:00+00:00,LONG,18.403690587676508,2949.026013923414,2990.01,138.9746508951961,12.0,-1.0,125.9746508951961,18
BTCUSDT,2025-07-11 19:20:00+00:00,2025-07-11 19:25:00+00:00,2025-07-11 20:55:00+00:00,SHORT,-18.828263907379903,118087.06107454874,117808.8,23.564061296525995,12.0,0.0,11.564061296525995,18
ETHUSDT,2025-07-11 19:20:00+00:00,2025-07-11 19:25:00+00:00,2025-07-11 20:55:00+00:00,SHORT,-16.55411112346054,3006.3703012407213,2982.59,79.09970781346254,12.0,0.0,67.09970781346254,18
ETHUSDT,2025-07-12 12:35:00+00:00,2025-07-12 12:40:00+00:00,2025-07-12 14:10:00+00:00,LONG,26.399076321300335,2934.8462742348515,2938.4,12.108728816042635,12.0,0.0,0.1087288160426354,18
ETHUSDT,2025-07-12 15:30:00+00:00,2025-07-12 15:35:00+00:00,2025-07-12 17:05:00+00:00,LONG,15.635396087613147,2912.928985205847,2926.0,44.87241144750964,12.0,-0.6119,32.26051144750964,18
ETHUSDT,2025-07-12 20:45:00+00:00,2025-07-12 20:50:00+00:00,2025-07-12 22:20:00+00:00,LONG,15.150876026088794,2922.4727704170323,2927.52,17.27040756053899,12.0,0.0,5.270407560538992,18
ETHUSDT,2025-07-13 14:20:00+00:00,2025-07-13 14:25:00+00:00,2025-07-13 15:55:00+00:00,SHORT,-15.081107244185361,3005.270044724167,2989.24,53.339781402700346,12.0,0.0,41.339781402700346,18
ETHUSDT,2025-07-13 21:35:00+00:00,2025-07-13 21:40:00+00:00,2025-07-13 23:10:00+00:00,LONG,27.52005945796284,2952.1775602038692,2956.52,14.709277160926959,12.0,0.0,2.709277160926959,18
ETHUSDT,2025-07-14 15:45:00+00:00,2025-07-14 15:50:00+00:00,2025-07-14 17:20:00+00:00,LONG,20.023628094446348,3004.60968416331,3017.88,44.166521550654814,12.0,-1.0,31.166521550654814,18
ETHUSDT,2025-07-14 18:15:00+00:00,2025-07-14 18:20:00+00:00,2025-07-14 19:50:00+00:00,LONG,18.23256357125511,3002.152354511645,2992.12,-33.41720648043945,12.0,0.0,-45.41720648043945,18
BTCUSDT,2025-07-15 13:05:00+00:00,2025-07-15 13:10:00+00:00,2025-07-15 14:40:00+00:00,SHORT,-17.542371469834713,117896.65727043009,117032.2,73.3233062280314,12.0,0.0,61.3233062280314,18
ETHUSDT,2025-07-15 13:05:00+00:00,2025-07-15 13:10:00+00:00,2025-07-15 14:40:00+00:00,SHORT,-15.076499966807784,3016.135830219784,3033.98,-59.162354697122055,12.0,0.0,-71.16235469712205,18
ETHUSDT,2025-07-15 16:00:00+00:00,2025-07-15 16:05:00+00:00,2025-07-15 17:35:00+00:00,SHORT,-16.133999490072714,3052.396572661818,3067.84,-50.59443283516263,12.0,0.0,-62.59443283516263,18
ETHUSDT,2025-07-15 17:40:00+00:00,2025-07-15 17:45:00+00:00,2025-07-15 19:15:00+00:00,SHORT,-16.66380268362727,3090.263965683115,3081.24,29.20127789510896,12.0,0.0,17.20127789510896,18
ETHUSDT,2025-07-16 12:40:00+00:00,2025-07-16 12:45:00+00:00,2025-07-16 14:15:00+00:00,SHORT,-15.573699207264825,3172.777171405706,3178.59,-18.320948116625768,12.0,0.0,-30.320948116625768,18
ETHUSDT,2025-07-16 14:25:00+00:00,2025-07-16 14:30:00+00:00,2025-07-16 16:00:00+00:00,SHORT,-15.117886946741892,3197.286728869933,3243.41,-144.25753784793827,12.0,0.0,-156.25753784793827,18
BTCUSDT,2025-07-16 14:55:00+00:00,2025-07-16 15:00:00+00:00,2025-07-16 16:30:00+00:00,SHORT,-16.819828515180795,119074.04140601942,119121.9,-4.019229835106053,12.0,1.0,-15.019229835106053,18
ETHUSDT,2025-07-16 18:35:00+00:00,2025-07-16 18:40:00+00:00,2025-07-16 20:10:00+00:00,SHORT,-15.79816390554316,3359.5358116560155,3402.23,-127.0835935007919,12.0,0.0,-139.0835935007919,18
ETHUSDT,2025-07-16 20:15:00+00:00,2025-07-16 20:20:00+00:00,2025-07-16 21:50:00+00:00,SHORT,-16.90474525578843,3420.6762484363107,3375.56,131.8927754619714,12.0,0.0,119.89277546197141,18
ETHUSDT,2025-07-17 09:20:00+00:00,2025-07-17 09:25:00+00:00,2025-07-17 10:55:00+00:00,SHORT,-19.957456832528102,3459.9419217279483,3457.67,6.566357989077343,12.0,0.0,-5.433642010922657,18
ETHUSDT,2025-07-17 13:40:00+00:00,2025-07-17 13:45:00+00:00,2025-07-17 15:15:00+00:00,LONG,18.123746885413766,3379.0581869483394,3402.15,68.33801542942774,12.0,0.0,56.33801542942774,18
ETHUSDT,2025-07-17 16:30:00+00:00,2025-07-17 16:35:00+00:00,2025-07-17 18:05:00+00:00,LONG,20.21767493299233,3374.0562307597475,3428.67,161.86383837460517,12.0,0.0,149.86383837460517,18
ETHUSDT,2025-07-17 21:05:00+00:00,2025-07-17 21:10:00+00:00,2025-07-17 22:40:00+00:00,SHORT,-18.316686914696703,3456.32338022479,3478.11,-63.03408963368895,12.0,0.0,-75.03408963368895,18
BTCUSDT,2025-07-17 21:10:00+00:00,2025-07-17 21:15:00+00:00,2025-07-17 22:45:00+00:00,SHORT,-17.34858414324734,120142.58711797463,120162.1,-1.6241436524255803,12.0,0.0,-13.62414365242558,18
ETHUSDT,2025-07-18 13:45:00+00:00,2025-07-18 13:50:00+00:00,2025-07-18 15:20:00+00:00,SHORT,-17.38118998293785,3656.4437458304474,3539.25,320.51291904623747,12.0,0.0,308.51291904623747,18
ETHUSDT,2025-07-18 20:00:00+00:00,2025-07-18 20:05:00+00:00,2025-07-18 21:35:00+00:00,LONG,19.70861887237325,3535.199190667074,3557.77,63.845933752511016,12.0,0.0,51.845933752511016,18
ETHUSDT,2025-07-20 11:40:00+00:00,2025-07-20 11:45:00+00:00,2025-07-20 13:15:00+00:00,SHORT,-15.760685438842197,3731.3877582661753,3752.87,-57.571721636902055,12.0,0.0,-69.57172163690205,18
ETHUSDT,2025-07-20 15:45:00+00:00,2025-07-20 15:50:00+00:00,2025-07-20 17:20:00+00:00,SHORT,-16.96588760667776,3782.664684835913,3781.31,3.5812977061999707,12.0,1.0,-7.418702293800029,18
ETHUSDT,2025-07-20 17:40:00+00:00,2025-07-20 17:45:00+00:00,2025-07-20 19:15:00+00:00,LONG,15.12563677749979,3754.9084378351226,3757.54,7.008325791280079,12.0,0.0,-4.991674208719921,18
ETHUSDT,2025-07-20 20:00:00+00:00,2025-07-20 20:05:00+00:00,2025-07-20 21:35:00+00:00,LONG,21.692574193756112,3723.4243241559975,3764.17,109.43065387326811,12.0,0.0,97.43065387326811,18
BTCUSDT,2025-07-21 06:30:00+00:00,2025-07-21 06:35:00+00:00,2025-07-21 08:05:00+00:00,LONG,17.018126669048016,119184.79918895819,119341.5,13.147717838863926,12.0,-1.0,0.14771783886392598,18
ETHUSDT,2025-07-21 16:15:00+00:00,2025-07-21 16:20:00+00:00,2025-07-21 17:50:00+00:00,LONG,24.575032851020357,3759.5184099068147,3749.55,-26.515124598263107,12.0,0.0,-38.51512459826311,18
ETHUSDT,2025-07-21 18:55:00+00:00,2025-07-21 19:00:00+00:00,2025-07-21 20:30:00+00:00,LONG,20.508888987719253,3733.025396917028,3752.01,50.85581013901219,12.0,0.0,38.85581013901219,18
ETHUSDT,2025-07-22 06:25:00+00:00,2025-07-22 06:30:00+00:00,2025-07-22 08:00:00+00:00,LONG,19.645014144943026,3703.1500306379858,3676.44,-72.12786524175452,12.0,0.0,-84.12786524175452,18
ETHUSDT,2025-07-22 08:05:00+00:00,2025-07-22 08:10:00+00:00,2025-07-22 09:40:00+00:00,LONG,21.475098380169058,3646.011482704932,3655.83,26.92947441784721,12.0,0.0,14.92947441784721,18
ETHUSDT,2025-07-22 10:30:00+00:00,2025-07-22 10:35:00+00:00,2025-07-22 12:05:00+00:00,SHORT,-19.372027158311077,3679.9630560398637,3705.0,-68.03585682482182,12.0,0.0,-80.03585682482182,18
ETHUSDT,2025-07-22 15:15:00+00:00,2025-07-22 15:20:00+00:00,2025-07-22 16:50:00+00:00,SHORT,-15.350027802033374,3725.2966713811693,3727.89,-6.961401594545169,12.0,1.0,-17.96140159454517,18
ETHUSDT,2025-07-22 19:45:00+00:00,2025-07-22 19:50:00+00:00,2025-07-22 21:20:00+00:00,LONG,19.755191190868878,3666.6230280755804,3709.69,117.45677587974734,12.0,0.0,105.45677587974734,18
ETHUSDT,2025-07-23 06:15:00+00:00,2025-07-23 06:20:00+00:00,2025-07-23 07:50:00+00:00,LONG,18.986239460637467,3694.828953948719,3664.11,-83.1403952161014,12.0,0.0,-95.1403952161014,18
ETHUSDT,2025-07-23 13:45:00+00:00,2025-07-23 13:50:00+00:00,2025-07-23 15:20:00+00:00,LONG,20.38390279590046,3589.4161829176614,3605.84,45.756235123977085,12.0,0.0,33.756235123977085,18
ETHUSDT,2025-07-23 16:30:00+00:00,2025-07-23 16:35:00+00:00,2025-07-23 18:05:00+00:00,LONG,18.20640321755213,3588.854386792695,3595.86,19.52047214031971,12.0,0.0,7.520472140319711,18
BTCUSDT,2025-07-23 17:25:00+00:00,2025-07-23 17:30:00+00:00,2025-07-23 19:00:00+00:00,LONG,15.101824272639174,117547.10175225507,118334.7,67.00277897152107,12.0,0.0,55.00277897152107,18
ETHUSDT,2025-07-23 19:50:00+00:00,2025-07-23 19:55:00+00:00,2025-07-23 21:25:00+00:00,LONG,19.372251610259283,3593.9202572391832,3543.79,-139.48628141708608,12.0,0.0,-151.48628141708608,18
ETHUSDT,2025-07-24 06:00:00+00:00,2025-07-24 06:05:00+00:00,2025-07-24 07:35:00+00:00,LONG,21.788832512902793,3559.851051956482,3561.23,3.8736116297899414,12.0,0.0,-8.126388370210059,18
ETHUSDT,2025-07-24 14:45:00+00:00,2025-07-24 14:50:00+00:00,2025-07-24 16:20:00+00:00,SHORT,-16.787679534738757,3714.842801235897,3714.28,1.5150068684177675,12.0,1.0,-9.484993131582232,18
BTCUSDT,2025-07-24 14:55:00+00:00,2025-07-24 15:00:00+00:00,2025-07-24 16:30:00+00:00,SHORT,-17.867204875457194,119066.87477333161,118640.9,35.776094244730494,12.0,1.0,24.776094244730494,18
BTCUSDT,2025-07-24 17:45:00+00:00,2025-07-24 17:50:00+00:00,2025-07-24 19:20:00+00:00,SHORT,-17.214969542391383,119216.81785386486,119278.8,-5.19911093509684,12.0,0.0,-17.19911093509684,18
ETHUSDT,2025-07-25 06:00:00+00:00,2025-07-25 06:05:00+00:00,2025-07-25 07:35:00+00:00,LONG,26.206864050205922,3621.1648249761847,3620.61,-1.5321726654304868,12.0,0.0,-13.532172665430487,18
BTCUSDT,2025-07-25 07:40:00+00:00,2025-07-25 07:45:00+00:00,2025-07-25 09:15:00+00:00,SHORT,-24.580528039839074,115185.64397577624,115326.5,-12.228609344180352,12.0,1.0,-23.228609344180352,18
ETHUSDT,2025-07-25 09:20:00+00:00,2025-07-25 09:25:00+00:00,2025-07-25 10:55:00+00:00,SHORT,-17.04204142085702,3689.6908497111303,3716.84,-73.58109769818543,12.0,0.0,-85.58109769818543,18
BTCUSDT,2025-07-25 10:40:00+00:00,2025-07-25 10:45:00+00:00,2025-07-25 12:15:00+00:00,SHORT,-15.494120980794374,116422.98328561927,116486.4,-5.447095804540503,12.0,0.0,-17.447095804540503,18
ETHUSDT,2025-07-25 11:20:00+00:00,2025-07-25 11:25:00+00:00,2025-07-25 12:55:00+00:00,SHORT,-16.517031636267415,3742.352141281342,3708.85,89.52161639677047,12.0,0.0,77.52161639677047,18
ETHUSDT,2025-07-25 14:30:00+00:00,2025-07-25 14:35:00+00:00,2025-07-25 16:05:00+00:00,LONG,18.97725208827868,3654.9239779596237,3636.86,-49.42367630231259,12.0,-1.0,-62.42367630231259,18
ETHUSDT,2025-07-25 16:30:00+00:00,2025-07-25 16:35:00+00:00,2025-07-25 18:05:00+00:00,LONG,16.78040746571963,3619.5427073806463,3640.46,57.7898765407614,12.0,0.0,45.7898765407614,18
BTCUSDT,2025-07-25 21:15:00+00:00,2025-07-25 21:20:00+00:00,2025-07-25 22:50:00+00:00,SHORT,-17.801160461688234,117268.57599463624,117236.5,2.7352591573814866,12.0,0.0,-9.264740842618513,18
ETHUSDT,2025-07-27 16:30:00+00:00,2025-07-27 16:35:00+00:00,2025-07-27 18:05:00+00:00,SHORT,-16.50410455094045,3849.4732962988687,3843.78,14.789805930962574,12.0,0.0,2.789805930962574,18
ETHUSDT,2025-07-27 18:10:00+00:00,2025-07-27 18:15:00+00:00,2025-07-27 19:45:00+00:00,SHORT,-15.859248561672445,3847.7691897746668,3832.81,38.877565251108635,12.0,0.0,26.877565251108635,18
ETHUSDT,2025-07-28 13:20:00+00:00,2025-07-28 13:25:00+00:00,2025-07-28 14:55:00+00:00,LONG,16.36979350450087,3844.474207288536,3789.19,-143.80173804710572,12.0,0.0,-155.80173804710572,18
ETHUSDT,2025-07-28 15:25:00+00:00,2025-07-28 15:30:00+00:00,2025-07-28 17:00:00+00:00,SHORT,-15.62144029224648,3816.594936061888,3804.51,31.664183033155435,12.0,1.0,20.664183033155435,18
ETHUSDT,2025-07-28 18:00:00+00:00,2025-07-28 18:05:00+00:00,2025-07-28 19:35:00+00:00,LONG,20.829065091611735,3760.3086145380607,3784.43,64.14735580128061,12.0,0.0,52.14735580128061,18
ETHUSDT,2025-07-29 17:00:00+00:00,2025-07-29 17:05:00+00:00,2025-07-29 18:35:00+00:00,SHORT,-15.087066751182899,3756.988867440763,3764.38,-19.673022252717498,12.0,0.0,-31.673022252717498,18
ETHUSDT,2025-07-30 11:20:00+00:00,2025-07-30 11:25:00+00:00,2025-07-30 12:55:00+00:00,LONG,17.050906777148132,3755.3626532914454,3773.57,48.4835910390613,12.0,0.0,36.4835910390613,18
ETHUSDT,2025-07-30 18:45:00+00:00,2025-07-30 18:50:00+00:00,2025-07-30 20:20:00+00:00,LONG,20.249257387769116,3755.8795703509563,3779.06,61.71771276169524,12.0,0.0,49.71771276169524,18
ETHUSDT,2025-07-30 21:35:00+00:00,2025-07-30 21:40:00+00:00,2025-07-30 23:10:00+00:00,LONG,18.70889306662537,3747.345036739782,3779.13,84.81995372348061,12.0,0.0,72.81995372348061,18
ETHUSDT,2025-08-01 06:00:00+00:00,2025-08-01 06:05:00+00:00,2025-08-01 07:35:00+00:00,LONG,17.094994704581524,3668.8493410919004,3628.18,-110.8503983425957,12.0,0.0,-122.8503983425957,18
ETHUSDT,2025-08-01 07:40:00+00:00,2025-08-01 07:45:00+00:00,2025-08-01 09:15:00+00:00,LONG,19.671311911356682,3634.3699239928496,3626.68,-21.158891785020284,12.0,-0.1113,-33.27019178502029,18
ETHUSDT,2025-08-01 09:25:00+00:00,2025-08-01 09:30:00+00:00,2025-08-01 11:00:00+00:00,LONG,17.36819681939342,3632.520357417167,3614.17,-50.51687426802065,12.0,0.0,-62.51687426802065,18
ETHUSDT,2025-08-01 13:45:00+00:00,2025-08-01 13:50:00+00:00,2025-08-01 15:20:00+00:00,LONG,24.948245989150994,3588.821971270262,3595.18,17.71619985788009,12.0,0.0,5.716199857880088,18
ETHUSDT,2025-08-01 15:55:00+00:00,2025-08-01 16:00:00+00:00,2025-08-01 17:30:00+00:00,LONG,16.912905139802223,3611.3897679344013,3578.75,-90.38007534996729,12.0,0.0,-102.38007534996729,18
BTCUSDT,2025-08-01 17:00:00+00:00,2025-08-01 17:05:00+00:00,2025-08-01 18:35:00+00:00,LONG,15.189185651423522,114605.71005710083,114153.4,-39.466624906864254,12.0,0.0,-51.466624906864254,18
ETHUSDT,2025-08-01 17:35:00+00:00,2025-08-01 17:40:00+00:00,2025-08-01 19:10:00+00:00,LONG,26.209461173230803,3572.3722617000426,3556.77,-43.67479242663785,12.0,0.0,-55.67479242663785,18
ETHUSDT,2025-08-01 19:20:00+00:00,2025-08-01 19:25:00+00:00,2025-08-01 20:55:00+00:00,LONG,24.264081646685586,3528.823729744144,3530.88,5.827069905826043,12.0,0.0,-6.172930094173957,18
ETHUSDT,2025-08-01 21:40:00+00:00,2025-08-01 21:45:00+00:00,2025-08-01 23:15:00+00:00,LONG,18.11429204717911,3539.3978960917398,3475.31,-181.0700519500974,12.0,0.0,-193.0700519500974,18
ETHUSDT,2025-08-02 06:15:00+00:00,2025-08-02 06:20:00+00:00,2025-08-02 07:50:00+00:00,LONG,21.659266166769253,3482.0034952276874,3515.57,96.3999743777344,12.0,0.0,84.3999743777344,18
ETHUSDT,2025-08-02 15:45:00+00:00,2025-08-02 15:50:00+00:00,2025-08-02 17:20:00+00:00,LONG,18.390701896998113,3454.003620292087,3477.63,68.40288055608656,12.0,-0.7965,55.606380556086556,18
BTCUSDT,2025-08-02 17:45:00+00:00,2025-08-02 17:50:00+00:00,2025-08-02 19:20:00+00:00,LONG,15.482275491483167,112969.42688515622,112314.8,-57.947260883398634,12.0,0.0,-69.94726088339863,18
ETHUSDT,2025-08-02 17:45:00+00:00,2025-08-02 17:50:00+00:00,2025-08-02 19:20:00+00:00,LONG,21.922206599746037,3425.600739008861,3395.96,-86.52712696879283,12.0,0.0,-98.52712696879283,18
ETHUSDT,2025-08-02 20:25:00+00:00,2025-08-02 20:30:00+00:00,2025-08-02 22:00:00+00:00,LONG,19.74004839933277,3407.3315881296676,3410.92,10.531443088290793,12.0,0.0,-1.4685569117092072,18
ETHUSDT,2025-08-04 14:20:00+00:00,2025-08-04 14:25:00+00:00,2025-08-04 15:55:00+00:00,LONG,16.630888587173263,3648.613346854388,3645.17,-9.437412318180627,12.0,0.0,-21.437412318180627,18
ETHUSDT,2025-08-05 07:30:00+00:00,2025-08-05 07:35:00+00:00,2025-08-05 09:05:00+00:00,LONG,15.860910033202305,3623.3812864899814,3637.59,39.213961729605,12.0,-0.3116,26.902361729605005,18
ETHUSDT,2025-08-05 10:35:00+00:00,2025-08-05 10:40:00+00:00,2025-08-05 12:10:00+00:00,SHORT,-18.530771811471975,3686.454781745895,3671.28,41.16361828452541,12.0,0.0,29.163618284525413,18
ETHUSDT,2025-08-05 14:10:00+00:00,2025-08-05 14:15:00+00:00,2025-08-05 15:45:00+00:00,LONG,19.739698061986324,3605.3891252961507,3559.81,-126.4194341086744,12.0,0.0,-138.4194341086744,18
ETHUSDT,2025-08-05 19:10:00+00:00,2025-08-05 19:15:00+00:00,2025-08-05 20:45:00+00:00,LONG,15.136289230795999,3578.301124060575,3579.94,4.580039193473606,12.0,0.0,-7.419960806526394,18
BTCUSDT,2025-08-06 15:20:00+00:00,2025-08-06 15:25:00+00:00,2025-08-06 16:55:00+00:00,SHORT,-15.98740695222031,114917.9418949441,115090.2,-14.989661511113361,12.0,0.8288000000000001,-26.16086151111336,18
ETHUSDT,2025-08-06 15:35:00+00:00,2025-08-06 15:40:00+00:00,2025-08-06 17:10:00+00:00,SHORT,-15.198205226284669,3644.415776944505,3642.71,4.680522335832604,12.0,0.6245999999999999,-6.694877664167396,18
BTCUSDT,2025-08-07 10:10:00+00:00,2025-08-07 10:15:00+00:00,2025-08-07 11:45:00+00:00,SHORT,-19.15082682373958,115477.57922085062,116588.4,-96.19363227427291,12.0,0.0,-108.19363227427291,18
ETHUSDT,2025-08-07 10:20:00+00:00,2025-08-07 10:25:00+00:00,2025-08-07 11:55:00+00:00,SHORT,-16.86012250448374,3791.0370794069768,3832.38,-109.05438202543306,12.0,0.0,-121.05438202543306,18
BTCUSDT,2025-08-07 13:35:00+00:00,2025-08-07 13:40:00+00:00,2025-08-07 15:10:00+00:00,SHORT,-15.636454446738602,116699.78598044932,116365.8,28.61924532623128,12.0,0.0,16.61924532623128,18
ETHUSDT,2025-08-07 19:40:00+00:00,2025-08-07 19:45:00+00:00,2025-08-07 21:15:00+00:00,SHORT,-20.54496025346378,3851.2457837668726,3865.27,-36.41475257756932,12.0,0.0,-48.41475257756932,18
ETHUSDT,2025-08-08 13:35:00+00:00,2025-08-08 13:40:00+00:00,2025-08-08 15:10:00+00:00,SHORT,-16.194459515425013,3927.143470164866,3957.25,-76.6626685881433,12.0,0.0,-88.6626685881433,18
BTCUSDT,2025-08-08 14:00:00+00:00,2025-08-08 14:05:00+00:00,2025-08-08 15:35:00+00:00,SHORT,-16.83034166735666,117112.48468897297,116194.8,78.35925361930008,12.0,0.0,66.35925361930008,18
ETHUSDT,2025-08-08 17:00:00+00:00,2025-08-08 17:05:00+00:00,2025-08-08 18:35:00+00:00,SHORT,-16.773376878924346,3983.407644457104,4053.75,-176.58839320845442,12.0,0.0,-188.58839320845442,18
ETHUSDT,2025-08-09 09:45:00+00:00,2025-08-09 09:50:00+00:00,2025-08-09 11:20:00+00:00,SHORT,-16.133382758408743,4221.512994243743,4204.68,39.87431583580503,12.0,0.0,27.874315835805028,18
ETHUSDT,2025-08-09 19:40:00+00:00,2025-08-09 19:45:00+00:00,2025-08-09 21:15:00+00:00,SHORT,-17.054600477473073,4263.600129154461,4288.0,-57.228328422951336,12.0,0.0,-69.22832842295134,18
BTCUSDT,2025-08-10 06:10:00+00:00,2025-08-10 06:15:00+00:00,2025-08-10 07:45:00+00:00,LONG,15.791699357726802,117942.95996450474,117591.8,-29.77371134406215,12.0,0.0,-41.77371134406215,18
ETHUSDT,2025-08-10 06:10:00+00:00,2025-08-10 06:15:00+00:00,2025-08-10 07:45:00+00:00,LONG,19.797095153165603,4216.640901250824,4175.58,-97.37822644238835,12.0,0.0,-109.37822644238835,18
ETHUSDT,2025-08-10 08:50:00+00:00,2025-08-10 08:55:00+00:00,2025-08-10 10:25:00+00:00,SHORT,-16.80539973022174,4216.709031991308,4214.49,5.262473588935057,12.0,0.0,-6.737526411064943,18
ETHUSDT,2025-08-10 21:35:00+00:00,2025-08-10 21:40:00+00:00,2025-08-10 23:10:00+00:00,LONG,17.973967622715733,4192.049711374333,4243.76,123.3532333487397,12.0,0.0,111.3532333487397,18
ETHUSDT,2025-08-11 08:00:00+00:00,2025-08-11 08:05:00+00:00,2025-08-11 09:35:00+00:00,LONG,17.09963022624525,4255.58201254107,4271.43,37.24047007489517,12.0,0.0,25.24047007489517,18
ETHUSDT,2025-08-11 11:00:00+00:00,2025-08-11 11:05:00+00:00,2025-08-11 12:35:00+00:00,LONG,16.033168764324266,4222.462294537323,4189.9,-77.11683909990109,12.0,0.0,-89.11683909990109,18
ETHUSDT,2025-08-11 19:50:00+00:00,2025-08-11 19:55:00+00:00,2025-08-11 21:25:00+00:00,LONG,23.037939309995796,4238.832486108313,4241.01,5.137060496784862,12.0,0.0,-6.862939503215138,18
ETHUSDT,2025-08-11 21:30:00+00:00,2025-08-11 21:35:00+00:00,2025-08-11 23:05:00+00:00,LONG,25.839756657886664,4206.967821595425,4232.51,60.7139856726735,12.0,0.0,48.7139856726735,18
ETHUSDT,2025-08-12 12:30:00+00:00,2025-08-12 12:35:00+00:00,2025-08-12 14:05:00+00:00,SHORT,-21.403005096552345,4355.533331893785,4392.44,-84.73512953273143,12.0,0.0,-96.73512953273143,18
BTCUSDT,2025-08-12 12:50:00+00:00,2025-08-12 12:55:00+00:00,2025-08-12 14:25:00+00:00,SHORT,-17.25190721448345,119114.25098918205,119049.9,5.402459289938211,12.0,0.0,-6.597540710061789,18
ETHUSDT,2025-08-12 14:40:00+00:00,2025-08-12 14:45:00+00:00,2025-08-12 16:15:00+00:00,SHORT,-15.249574169414196,4404.392047420157,4465.85,-139.53787927630577,12.0,1.0,-150.53787927630577,18
BTCUSDT,2025-08-12 15:20:00+00:00,2025-08-12 15:25:00+00:00,2025-08-12 16:55:00+00:00,SHORT,-16.825228961061523,119708.92710006215,119558.3,12.58277922215778,12.0,0.8543,1.4370792221577804,18
ETHUSDT,2025-08-12 20:10:00+00:00,2025-08-12 20:15:00+00:00,2025-08-12 21:45:00+00:00,SHORT,-17.500710480641697,4533.544751051976,4600.18,-146.98266501629087,12.0,0.0,-158.98266501629087,18
BTCUSDT,2025-08-12 20:45:00+00:00,2025-08-12 20:50:00+00:00,2025-08-12 22:20:00+00:00,SHORT,-16.757429450353598,120228.52886920715,119591.2,53.009786878494005,12.0,0.0,41.009786878494005,18
ETHUSDT,2025-08-13 10:05:00+00:00,2025-08-13 10:10:00+00:00,2025-08-13 11:40:00+00:00,SHORT,-19.147139029920226,4696.334107137145,4670.41,55.2007300710311,12.0,0.0,43.2007300710311,18
ETHUSDT,2025-08-13 12:25:00+00:00,2025-08-13 12:30:00+00:00,2025-08-13 14:00:00+00:00,SHORT,-18.50176143107926,4708.897315184451,4670.01,82.58263576709113,12.0,0.0,70.58263576709113,18
BTCUSDT,2025-08-13 13:45:00+00:00,2025-08-13 13:50:00+00:00,2025-08-13 15:20:00+00:00,SHORT,-15.088013575924577,121089.85063457262,120462.7,51.79217178698625,12.0,0.0,39.79217178698625,18
BTCUSDT,2025-08-14 06:15:00+00:00,2025-08-14 06:20:00+00:00,2025-08-14 07:50:00+00:00,LONG,16.263952249950226,121484.61284491142,121727.9,20.02617034300158,12.0,0.0,8.026170343001581,18
ETHUSDT,2025-08-14 10:45:00+00:00,2025-08-14 10:50:00+00:00,2025-08-14 12:20:00+00:00,LONG,15.301964145682158,4686.37003398286,4719.39,70.45957911496092,12.0,0.0,58.45957911496092,18
BTCUSDT,2025-08-14 12:30:00+00:00,2025-08-14 12:35:00+00:00,2025-08-14 14:05:00+00:00,LONG,27.36405370524818,118534.6079706514,118207.4,-27.604425091819486,12.0,0.0,-39.604425091819486,18
ETHUSDT,2025-08-14 12:30:00+00:00,2025-08-14 12:35:00+00:00,2025-08-14 14:05:00+00:00,LONG,24.944494119531043,4554.825818965364,4594.2,86.44497638238934,12.0,0.0,74.44497638238934,18
ETHUSDT,2025-08-14 15:30:00+00:00,2025-08-14 15:35:00+00:00,2025-08-14 17:05:00+00:00,LONG,15.430068746462295,4600.709896211974,4542.31,-126.93670657230038,12.0,-1.0,-139.93670657230038,18
BTCUSDT,2025-08-14 16:05:00+00:00,2025-08-14 16:10:00+00:00,2025-08-14 17:40:00+00:00,LONG,18.965781969512566,117784.27597372895,117837.9,4.552732173097596,12.0,0.0,-7.447267826902404,18
ETHUSDT,2025-08-14 17:10:00+00:00,2025-08-14 17:15:00+00:00,2025-08-14 18:45:00+00:00,LONG,29.16451826469397,4526.7600989050725,4552.57,57.01627771520279,12.0,0.0,45.01627771520279,18
BTCUSDT,2025-08-14 19:05:00+00:00,2025-08-14 19:10:00+00:00,2025-08-14 20:40:00+00:00,LONG,17.195185911247513,118052.92587835969,117958.1,-8.032488619332812,12.0,0.0,-20.03248861933281,18
ETHUSDT,2025-08-14 19:40:00+00:00,2025-08-14 19:45:00+00:00,2025-08-14 21:15:00+00:00,LONG,20.148790955025834,4554.70544738904,4536.46,-40.05845734656566,12.0,0.0,-52.05845734656566,18
ETHUSDT,2025-08-14 21:20:00+00:00,2025-08-14 21:25:00+00:00,2025-08-14 22:55:00+00:00,LONG,33.31933240826778,4498.277449429117,4526.85,63.51887115035426,12.0,0.0,51.51887115035426,18
ETHUSDT,2025-08-15 15:00:00+00:00,2025-08-15 15:05:00+00:00,2025-08-15 16:35:00+00:00,LONG,26.277316320994704,4470.884097466438,4415.49,-123.89964995475734,12.0,-0.6474,-136.54704995475734,18
BTCUSDT,2025-08-15 15:50:00+00:00,2025-08-15 15:55:00+00:00,2025-08-15 17:25:00+00:00,LONG,15.397474004054503,117216.88452843633,117127.9,-7.591442887628919,12.0,-0.3722,-19.963642887628918,18
ETHUSDT,2025-08-15 16:50:00+00:00,2025-08-15 16:55:00+00:00,2025-08-15 18:25:00+00:00,LONG,21.004503813552574,4413.48278373551,4423.48,22.651535656446065,12.0,0.0,10.651535656446065,18
ETHUSDT,2025-08-15 18:30:00+00:00,2025-08-15 18:35:00+00:00,2025-08-15 20:05:00+00:00,LONG,15.853322529264052,4417.281406024007,4393.85,-53.04485693859662,12.0,0.0,-65.04485693859661,18
BTCUSDT,2025-08-15 18:35:00+00:00,2025-08-15 18:40:00+00:00,2025-08-15 20:10:00+00:00,LONG,17.719390974970786,117242.0448041854,116998.6,-20.764291905005507,12.0,0.0,-32.76429190500551,18
ETHUSDT,2025-08-16 06:00:00+00:00,2025-08-16 06:05:00+00:00,2025-08-16 07:35:00+00:00,LONG,17.988822627627425,4421.3073895776315,4446.83,57.726387634873255,12.0,0.0,45.726387634873255,18
ETHUSDT,2025-08-16 09:55:00+00:00,2025-08-16 10:00:00+00:00,2025-08-16 11:30:00+00:00,LONG,17.8766757054269,4393.058471056761,4404.44,25.907984194211142,12.0,0.0,13.907984194211142,18
ETHUSDT,2025-08-17 18:50:00+00:00,2025-08-17 18:55:00+00:00,2025-08-17 20:25:00+00:00,LONG,30.202602975369164,4461.151790548472,4468.84,17.233687201176906,12.0,0.0,5.233687201176906,18
ETHUSDT,2025-08-18 06:00:00+00:00,2025-08-18 06:05:00+00:00,2025-08-18 07:35:00+00:00,LONG,19.759806797973827,4293.684811167586,4245.58,-112.03619567619172,12.0,0.0,-124.03619567619172,18
ETHUSDT,2025-08-18 08:00:00+00:00,2025-08-18 08:05:00+00:00,2025-08-18 09:35:00+00:00,SHORT,-16.21876803416839,4271.113274690669,4227.05,103.16578338433247,12.0,0.0,91.16578338433247,18
ETHUSDT,2025-08-18 11:10:00+00:00,2025-08-18 11:15:00+00:00,2025-08-18 12:45:00+00:00,LONG,15.740921683327208,4268.372586745787,4334.52,154.97103851621398,12.0,0.0,142.97103851621398,18
ETHUSDT,2025-08-19 14:25:00+00:00,2025-08-19 14:30:00+00:00,2025-08-19 16:00:00+00:00,LONG,19.764732583318924,4205.3894524229445,4190.33,-35.80988774837035,12.0,-1.0,-48.80988774837035,18
ETHUSDT,2025-08-19 16:45:00+00:00,2025-08-19 16:50:00+00:00,2025-08-19 18:20:00+00:00,LONG,16.931576523382233,4147.626127426648,4173.64,62.71990718095921,12.0,0.0,50.71990718095921,18
ETHUSDT,2025-08-19 18:30:00+00:00,2025-08-19 18:35:00+00:00,2025-08-19 20:05:00+00:00,LONG,16.793324178558258,4166.886228423592,4150.09,-40.30882415032022,12.0,0.0,-52.30882415032022,18
ETHUSDT,2025-08-20 11:40:00+00:00,2025-08-20 11:45:00+00:00,2025-08-20 13:15:00+00:00,LONG,15.997375674345033,4159.552316823882,4169.01,22.73726222378425,12.0,0.0,10.73726222378425,18
ETHUSDT,2025-08-21 13:35:00+00:00,2025-08-21 13:40:00+00:00,2025-08-21 15:10:00+00:00,SHORT,-16.02695495254824,4288.464210983333,4264.28,56.393640691682066,12.0,0.0,44.393640691682066,18
ETHUSDT,2025-08-21 15:15:00+00:00,2025-08-21 15:20:00+00:00,2025-08-21 16:50:00+00:00,LONG,15.933884501771812,4248.389721760994,4221.6,-63.05853162145603,12.0,-0.2689,-75.32743162145603,18
ETHUSDT,2025-08-21 17:00:00+00:00,2025-08-21 17:05:00+00:00,2025-08-21 18:35:00+00:00,LONG,21.90446468716999,4209.744525092155,4239.76,71.29999155278455,12.0,0.0,59.29999155278455,18
ETHUSDT,2025-08-21 19:35:00+00:00,2025-08-21 19:40:00+00:00,2025-08-21 21:10:00+00:00,LONG,16.486573269053057,4224.726006266982,4223.0,-4.085486879910061,12.0,0.0,-16.08548687991006,18
ETHUSDT,2025-08-22 12:00:00+00:00,2025-08-22 12:05:00+00:00,2025-08-22 13:35:00+00:00,LONG,15.292319863725927,4264.201293131277,4257.01,-16.864337860552638,12.0,0.0,-28.864337860552638,18
BTCUSDT,2025-08-22 14:00:00+00:00,2025-08-22 14:05:00+00:00,2025-08-22 15:35:00+00:00,SHORT,-15.764872032463535,114154.19018740336,116773.5,-229.45367211633538,12.0,0.0,-241.45367211633538,18
ETHUSDT,2025-08-22 18:15:00+00:00,2025-08-22 18:20:00+00:00,2025-08-22 19:50:00+00:00,LONG,21.923390805781114,4778.8319737830725,4832.51,112.32457326687317,12.0,0.0,100.32457326687317,18
ETHUSDT,2025-08-22 20:15:00+00:00,2025-08-22 20:20:00+00:00,2025-08-22 21:50:00+00:00,LONG,16.972749872935747,4819.0236849721705,4864.0,93.33076151521125,12.0,0.0,81.33076151521125,18
ETHUSDT,2025-08-22 21:55:00+00:00,2025-08-22 22:00:00+00:00,2025-08-22 23:30:00+00:00,LONG,15.772981732112857,4846.665994577597,4832.36,-29.517186852989763,12.0,0.0,-41.51718685298977,18
ETHUSDT,2025-08-23 14:15:00+00:00,2025-08-23 14:20:00+00:00,2025-08-23 15:50:00+00:00,SHORT,-16.507684375185885,4746.495865034052,4754.01,-15.830910169547519,12.0,0.0,-27.83091016954752,18
ETHUSDT,2025-08-23 15:55:00+00:00,2025-08-23 16:00:00+00:00,2025-08-23 17:30:00+00:00,SHORT,-17.101487885281664,4751.546036738517,4729.62,46.14505798530955,12.0,0.0,34.14505798530955,18
ETHUSDT,2025-08-24 11:05:00+00:00,2025-08-24 11:10:00+00:00,2025-08-24 12:40:00+00:00,LONG,15.200505188942062,4730.369598756318,4739.4,19.090265686756425,12.0,0.0,7.090265686756425,18
BTCUSDT,2025-08-24 19:35:00+00:00,2025-08-24 19:40:00+00:00,2025-08-24 21:10:00+00:00,LONG,33.454844264062196,112561.28980251112,112506.5,-4.867552833416333,12.0,0.0,-16.867552833416333,18
ETHUSDT,2025-08-24 19:35:00+00:00,2025-08-24 19:40:00+00:00,2025-08-24 21:10:00+00:00,LONG,21.978800858442025,4828.316684173378,4773.39,-113.75948962382809,12.0,0.0,-125.75948962382809,18
ETHUSDT,2025-08-25 06:00:00+00:00,2025-08-25 06:05:00+00:00,2025-08-25 07:35:00+00:00,LONG,23.551621530609058,4686.924160242374,4610.9,-162.2048013647448,12.0,0.0,-174.2048013647448,18
ETHUSDT,2025-08-25 07:40:00+00:00,2025-08-25 07:45:00+00:00,2025-08-25 09:15:00+00:00,LONG,15.649655440001055,4620.385670219647,4591.0,-63.60003756623711,12.0,-0.4567,-76.05673756623712,18
BTCUSDT,2025-08-25 08:00:00+00:00,2025-08-25 08:05:00+00:00,2025-08-25 09:35:00+00:00,LONG,15.47608519189014,111127.18889819257,111385.8,23.27163175560587,12.0,0.0,11.27163175560587,18
ETHUSDT,2025-08-25 10:15:00+00:00,2025-08-25 10:20:00+00:00,2025-08-25 11:50:00+00:00,LONG,37.99380154966137,4574.82540525273,4591.49,36.42673385553907,12.0,0.0,24.42673385553907,18
ETHUSDT,2025-08-25 12:20:00+00:00,2025-08-25 12:25:00+00:00,2025-08-25 13:55:00+00:00,SHORT,-15.832331464983108,4614.957139497464,4627.38,-26.918690958610547,12.0,0.0,-38.91869095861055,18
ETHUSDT,2025-08-25 15:55:00+00:00,2025-08-25 16:00:00+00:00,2025-08-25 17:30:00+00:00,LONG,15.880642235898177,4606.781343825611,4590.53,-35.277002776336055,12.0,-0.1732,-47.450202776336056,18
ETHUSDT,2025-08-25 17:35:00+00:00,2025-08-25 17:40:00+00:00,2025-08-25 19:10:00+00:00,LONG,28.45465843033199,4587.543212185014,4565.0,-49.14005414736411,12.0,0.0,-61.14005414736411,18
ETHUSDT,2025-08-25 19:15:00+00:00,2025-08-25 19:20:00+00:00,2025-08-25 20:50:00+00:00,LONG,44.788634269384566,4515.002919436119,4343.14,-380.6485233847479,12.0,0.0,-392.6485233847479,18
BTCUSDT,2025-08-25 19:25:00+00:00,2025-08-25 19:30:00+00:00,2025-08-25 21:00:00+00:00,LONG,15.001625579801441,111885.84000673021,109501.1,-213.14046590585224,12.0,0.0,-225.14046590585224,18
ETHUSDT,2025-08-25 20:55:00+00:00,2025-08-25 21:00:00+00:00,2025-08-25 22:30:00+00:00,LONG,80.4295495077934,4342.753279522503,4388.94,106.35354464017422,12.0,0.0,94.35354464017422,18
ETHUSDT,2025-08-26 12:30:00+00:00,2025-08-26 12:35:00+00:00,2025-08-26 14:05:00+00:00,SHORT,-17.59352379571377,4458.314924186386,4467.11,-19.727354310259404,12.0,0.0,-31.727354310259404,18
BTCUSDT,2025-08-26 12:35:00+00:00,2025-08-26 12:40:00+00:00,2025-08-26 14:10:00+00:00,SHORT,-17.14770518693226,110482.1801786515,110014.2,42.35797826353305,12.0,0.0,30.35797826353305,18
BTCUSDT,2025-08-27 13:40:00+00:00,2025-08-27 13:45:00+00:00,2025-08-27 15:15:00+00:00,SHORT,-16.22027310504251,111544.1167731283,111932.8,-34.84569496948531,12.0,0.0,-46.84569496948531,18
ETHUSDT,2025-08-27 13:40:00+00:00,2025-08-27 13:45:00+00:00,2025-08-27 15:15:00+00:00,SHORT,-18.588804316206453,4627.915774336811,4638.67,-23.237729871454782,12.0,0.0,-35.23772987145478,18
ETHUSDT,2025-08-27 19:05:00+00:00,2025-08-27 19:10:00+00:00,2025-08-27 20:40:00+00:00,LONG,24.3707874432776,4567.6421147995525,4576.53,19.4583659951153,12.0,0.0,7.458365995115301,18
ETHUSDT,2025-08-27 21:15:00+00:00,2025-08-27 21:20:00+00:00,2025-08-27 22:50:00+00:00,LONG,19.447465532116755,4551.700102785712,4528.0,-52.068682581278836,12.0,0.0,-64.06868258127884,18
ETHUSDT,2025-08-28 19:55:00+00:00,2025-08-28 20:00:00+00:00,2025-08-28 21:30:00+00:00,LONG,16.56065735376604,4433.386215672046,4477.27,98.98479896207846,12.0,0.0,86.98479896207846,18
ETHUSDT,2025-08-29 07:00:00+00:00,2025-08-29 07:05:00+00:00,2025-08-29 08:35:00+00:00,LONG,17.1659272431137,4428.137929666455,4366.87,-138.36048162815584,12.0,-0.4981,-150.85858162815583,18
ETHUSDT,2025-08-29 08:55:00+00:00,2025-08-29 09:00:00+00:00,2025-08-29 10:30:00+00:00,LONG,27.14401091202854,4329.490515757679,4356.29,61.899856680089904,12.0,0.0,49.899856680089904,18
ETHUSDT,2025-08-29 10:40:00+00:00,2025-08-29 10:45:00+00:00,2025-08-29 12:15:00+00:00,SHORT,-18.722406559711505,4352.890097528103,4365.2,-28.279837524238793,12.0,0.0,-40.27983752423879,18
ETHUSDT,2025-08-29 12:40:00+00:00,2025-08-29 12:45:00+00:00,2025-08-29 14:15:00+00:00,SHORT,-19.708742299020308,4393.734109845868,4286.05,245.08563138711526,12.0,0.0,233.08563138711526,18
ETHUSDT,2025-08-29 14:20:00+00:00,2025-08-29 14:25:00+00:00,2025-08-29 15:55:00+00:00,LONG,19.164088880471542,4295.501903153387,4334.0,89.62421089454331,12.0,0.0,77.62421089454331,18
ETHUSDT,2025-08-29 17:10:00+00:00,2025-08-29 17:15:00+00:00,2025-08-29 18:45:00+00:00,LONG,18.315447329843124,4312.974296179188,4310.43,-5.899168426396484,12.0,0.0,-17.899168426396486,18
ETHUSDT,2025-08-29 21:35:00+00:00,2025-08-29 21:40:00+00:00,2025-08-29 23:10:00+00:00,SHORT,-16.93441329062824,4370.174209846685,4357.22,29.642319103656554,12.0,0.0,17.642319103656554,18
ETHUSDT,2025-08-31 15:45:00+00:00,2025-08-31 15:50:00+00:00,2025-08-31 17:20:00+00:00,SHORT,-15.424240933881459,4486.3958024002895,4476.16,22.815201447035083,12.0,-0.1154,10.699801447035084,18
BTCUSDT,2025-09-01 07:30:00+00:00,2025-09-01 07:35:00+00:00,2025-09-01 09:05:00+00:00,LONG,16.24498015105671,108716.79432912973,109631.4,84.12735829032903,12.0,-1.0,71.12735829032903,18
ETHUSDT,2025-09-01 07:50:00+00:00,2025-09-01 07:55:00+00:00,2025-09-01 09:25:00+00:00,LONG,23.86212903376895,4448.107740483324,4478.42,68.14641480195505,12.0,0.13,56.27641480195505,18
ETHUSDT,2025-09-01 17:15:00+00:00,2025-09-01 17:20:00+00:00,2025-09-01 18:50:00+00:00,LONG,15.827809374035478,4326.059617560074,4343.8,41.00817836147019,12.0,0.0,29.008178361470193,18
ETHUSDT,2025-09-01 20:35:00+00:00,2025-09-01 20:40:00+00:00,2025-09-01 22:10:00+00:00,LONG,21.94081458984349,4291.887515185698,4263.77,-65.51316894073179,12.0,0.0,-77.51316894073179,18
ETHUSDT,2025-09-02 12:00:00+00:00,2025-09-02 12:05:00+00:00,2025-09-02 13:35:00+00:00,LONG,25.374098882709152,4328.793500336705,4296.6,-74.37060773215487,12.0,0.0,-86.37060773215487,18
BTCUSDT,2025-09-02 12:45:00+00:00,2025-09-02 12:50:00+00:00,2025-09-02 14:20:00+00:00,LONG,15.578991226093127,108459.77591147127,111153.8,248.3892360913309,12.0,0.0,236.3892360913309,18
ETHUSDT,2025-09-02 16:20:00+00:00,2025-09-02 16:25:00+00:00,2025-09-02 17:55:00+00:00,LONG,21.30144017915877,4278.594240755472,4317.82,91.67908204728903,12.0,0.0,79.67908204728903,18
ETHUSDT,2025-09-02 18:40:00+00:00,2025-09-02 18:45:00+00:00,2025-09-02 20:15:00+00:00,LONG,17.782041769357406,4278.668403648825,4294.17,36.229954950366405,12.0,0.0,24.229954950366405,18
ETHUSDT,2025-09-03 14:00:00+00:00,2025-09-03 14:05:00+00:00,2025-09-03 15:35:00+00:00,SHORT,-16.57844657435519,4428.3216111364945,4466.76,-86.80125844256592,12.0,0.0,-98.80125844256592,18
BTCUSDT,2025-09-03 14:35:00+00:00,2025-09-03 14:40:00+00:00,2025-09-03 16:10:00+00:00,SHORT,-17.07852768678649,111988.20854474662,112100.0,-9.98243089215034,12.0,0.2344,-21.74803089215034,18
BTCUSDT,2025-09-05 12:30:00+00:00,2025-09-05 12:35:00+00:00,2025-09-05 14:05:00+00:00,SHORT,-16.87220579903964,112877.45774698633,112824.8,4.665036583686444,12.0,0.0,-7.334963416313556,18
ETHUSDT,2025-09-05 12:30:00+00:00,2025-09-05 12:35:00+00:00,2025-09-05 14:05:00+00:00,SHORT,-16.41303640736322,4458.660108343851,4436.71,49.23027952450032,12.0,0.0,37.23027952450032,18
ETHUSDT,2025-09-05 14:15:00+00:00,2025-09-05 14:20:00+00:00,2025-09-05 15:50:00+00:00,LONG,19.978758725424907,4346.253985586515,4291.75,-125.40451102781125,12.0,0.0,-137.40451102781125,18
ETHUSDT,2025-09-05 20:25:00+00:00,2025-09-05 20:30:00+00:00,2025-09-05 22:00:00+00:00,SHORT,-16.236682013577358,4326.007711793754,4294.52,72.78699875617578,12.0,0.0,60.78699875617578,18
ETHUSDT,2025-09-08 19:20:00+00:00,2025-09-08 19:25:00+00:00,2025-09-08 20:55:00+00:00,LONG,15.241803662256281,4299.919405061742,4295.37,-10.580210076464036,12.0,0.0,-22.580210076464034,18
ETHUSDT,2025-09-10 18:05:00+00:00,2025-09-10 18:10:00+00:00,2025-09-10 19:40:00+00:00,LONG,18.44672158095508,4353.236144346062,4301.56,-118.70742278288327,12.0,0.0,-130.70742278288327,18
ETHUSDT,2025-09-10 19:45:00+00:00,2025-09-10 19:50:00+00:00,2025-09-10 21:20:00+00:00,LONG,16.76164044821564,4315.694319324622,4340.38,57.19978953292015,12.0,0.0,45.19978953292015,18
ETHUSDT,2025-09-11 12:20:00+00:00,2025-09-11 12:25:00+00:00,2025-09-11 13:55:00+00:00,SHORT,-18.059568656755857,4455.815509735938,4413.79,94.31609016152476,12.0,0.0,82.31609016152476,18
BTCUSDT,2025-09-11 12:25:00+00:00,2025-09-11 12:30:00+00:00,2025-09-11 14:00:00+00:00,SHORT,-15.368942563201955,114366.9456316389,114578.2,-18.47162807351088,12.0,0.0,-30.47162807351088,18
ETHUSDT,2025-09-12 14:00:00+00:00,2025-09-12 14:05:00+00:00,2025-09-12 15:35:00+00:00,SHORT,-18.488917928410338,4551.370447711929,4538.06,29.24492274325896,12.0,0.0,17.24492274325896,18
ETHUSDT,2025-09-12 16:25:00+00:00,2025-09-12 16:30:00+00:00,2025-09-12 18:00:00+00:00,SHORT,-19.650885889287494,4569.451801676437,4611.34,-91.6700736578413,12.0,0.0,-103.6700736578413,18
BTCUSDT,2025-09-12 17:35:00+00:00,2025-09-12 17:40:00+00:00,2025-09-12 19:10:00+00:00,SHORT,-16.541728353375333,115693.94422957076,116371.4,-58.555853976676175,12.0,0.0,-70.55585397667618,18
ETHUSDT,2025-09-12 18:05:00+00:00,2025-09-12 18:10:00+00:00,2025-09-12 19:40:00+00:00,SHORT,-18.451553945070994,4609.265930184009,4636.36,-58.781745784211026,12.0,0.0,-70.78174578421103,18
ETHUSDT,2025-09-12 19:45:00+00:00,2025-09-12 19:50:00+00:00,2025-09-12 21:20:00+00:00,SHORT,-16.63526360399667,4646.814884321936,4661.89,-32.44182532195828,12.0,0.0,-44.44182532195828,18
ETHUSDT,2025-09-13 16:05:00+00:00,2025-09-13 16:10:00+00:00,2025-09-13 17:40:00+00:00,LONG,22.095935401921768,4634.174313604976,4628.67,-11.877657663451613,12.0,0.0,-23.877657663451615,18
ETHUSDT,2025-09-14 11:50:00+00:00,2025-09-14 11:55:00+00:00,2025-09-14 13:25:00+00:00,LONG,16.531955354876903,4628.765399230669,4613.36,-33.28187519123227,12.0,0.0,-45.28187519123227,18
ETHUSDT,2025-09-14 15:05:00+00:00,2025-09-14 15:10:00+00:00,2025-09-14 16:40:00+00:00,LONG,18.456082344519874,4577.016068777986,4602.37,55.394018375782835,12.0,-0.5553,42.83871837578283,18
ETHUSDT,2025-09-15 08:05:00+00:00,2025-09-15 08:10:00+00:00,2025-09-15 09:40:00+00:00,LONG,15.37680000529995,4560.050393615108,4526.95,-72.58778030491686,12.0,0.0,-84.58778030491686,18
ETHUSDT,2025-09-15 10:15:00+00:00,2025-09-15 10:20:00+00:00,2025-09-15 11:50:00+00:00,SHORT,-20.75724764752389,4509.22478513386,4526.23,-37.71205845005454,12.0,0.0,-49.71205845005454,18
ETHUSDT,2025-09-15 13:05:00+00:00,2025-09-15 13:10:00+00:00,2025-09-15 14:40:00+00:00,SHORT,-15.855301616089601,4517.91024544117,4521.12,-7.1045115649837065,12.0,0.0,-19.104511564983707,18
ETHUSDT,2025-09-15 15:05:00+00:00,2025-09-15 15:10:00+00:00,2025-09-15 16:40:00+00:00,SHORT,-16.879451946708986,4506.347896715816,4502.0,9.64838227200504,12.0,0.3563,-1.9953177279949594,18
ETHUSDT,2025-09-17 17:55:00+00:00,2025-09-17 18:00:00+00:00,2025-09-17 19:30:00+00:00,LONG,27.7947085588404,4422.4916172723215,4505.23,187.0854484031992,12.0,0.0,175.0854484031992,18
ETHUSDT,2025-09-18 06:10:00+00:00,2025-09-18 06:15:00+00:00,2025-09-18 07:45:00+00:00,LONG,19.655414438515777,4559.865146318647,4578.72,41.349586174879164,12.0,0.0,29.349586174879164,18
BTCUSDT,2025-09-18 14:15:00+00:00,2025-09-18 14:20:00+00:00,2025-09-18 15:50:00+00:00,SHORT,-15.155325029252285,117704.60816660411,117607.1,8.284141812535672,12.0,0.0,-3.7158581874643275,18
ETHUSDT,2025-09-18 14:15:00+00:00,2025-09-18 14:20:00+00:00,2025-09-18 15:50:00+00:00,SHORT,-19.726258295607288,4615.816561515428,4605.11,23.195379133335024,12.0,0.0,11.195379133335024,18
ETHUSDT,2025-09-18 16:20:00+00:00,2025-09-18 16:25:00+00:00,2025-09-18 17:55:00+00:00,SHORT,-15.953100128695556,4615.487019183783,4611.22,9.245003108115935,12.0,0.0,-2.7549968918840655,18
BTCUSDT,2025-09-22 06:10:00+00:00,2025-09-22 06:15:00+00:00,2025-09-22 07:45:00+00:00,LONG,22.87571528620321,112876.28230362324,112933.0,5.024766515979717,12.0,0.0,-6.975233484020283,18
ETHUSDT,2025-09-22 06:10:00+00:00,2025-09-22 06:15:00+00:00,2025-09-22 07:45:00+00:00,LONG,17.66383625928479,4147.217409504101,4201.52,130.93740967487167,12.0,0.0,118.93740967487167,18
ETHUSDT,2025-09-22 08:10:00+00:00,2025-09-22 08:15:00+00:00,2025-09-22 09:45:00+00:00,SHORT,-16.07544608366506,4199.759162276643,4164.97,82.83608876701432,12.0,0.0,70.83608876701432,18
ETHUSDT,2025-09-22 10:20:00+00:00,2025-09-22 10:25:00+00:00,2025-09-22 11:55:00+00:00,SHORT,-19.413650151397356,4171.283204417548,4178.2,-16.581937124591217,12.0,0.0,-28.581937124591217,18
ETHUSDT,2025-09-22 12:10:00+00:00,2025-09-22 12:15:00+00:00,2025-09-22 13:45:00+00:00,SHORT,-17.13401898643506,4179.172508800462,4179.71,-1.2861187194501689,12.0,0.0,-13.286118719450169,18
ETHUSDT,2025-09-22 15:10:00+00:00,2025-09-22 15:15:00+00:00,2025-09-22 16:45:00+00:00,LONG,15.232878759907669,4169.59847988667,4165.26,-10.405030382656388,12.0,-0.0508,-22.455830382656387,18
ETHUSDT,2025-09-22 17:00:00+00:00,2025-09-22 17:05:00+00:00,2025-09-22 18:35:00+00:00,LONG,16.224948296276573,4156.161868012917,4172.92,40.32117256081547,12.0,0.0,28.32117256081547,18
ETHUSDT,2025-09-22 18:40:00+00:00,2025-09-22 18:45:00+00:00,2025-09-22 20:15:00+00:00,LONG,19.739016251150094,4161.850342594744,4149.66,-29.290679844926615,12.0,0.0,-41.290679844926615,18
ETHUSDT,2025-09-25 06:05:00+00:00,2025-09-25 06:10:00+00:00,2025-09-25 07:40:00+00:00,LONG,16.16296517672984,4006.7334432452103,4014.79,20.10754363600542,12.0,0.0,8.10754363600542,18
BTCUSDT,2025-09-25 06:10:00+00:00,2025-09-25 06:15:00+00:00,2025-09-25 07:45:00+00:00,LONG,15.44197083486547,111513.21865243146,111774.4,23.42155941015278,12.0,0.0,11.421559410152781,18
ETHUSDT,2025-09-25 08:10:00+00:00,2025-09-25 08:15:00+00:00,2025-09-25 09:45:00+00:00,SHORT,-15.698256840874894,4031.9636802653026,4036.38,-10.953272610845222,12.0,0.0,-22.95327261084522,18
ETHUSDT,2025-09-25 11:20:00+00:00,2025-09-25 11:25:00+00:00,2025-09-25 12:55:00+00:00,LONG,15.472992852828675,3998.6336534044094,3990.01,-21.566500339602612,12.0,0.0,-33.56650033960261,18
ETHUSDT,2025-09-25 13:00:00+00:00,2025-09-25 13:05:00+00:00,2025-09-25 14:35:00+00:00,LONG,23.58530044052505,3960.726717176209,4020.36,150.56146783665625,12.0,0.0,138.56146783665625,18
ETHUSDT,2025-09-25 16:40:00+00:00,2025-09-25 16:45:00+00:00,2025-09-25 18:15:00+00:00,LONG,23.89961832079631,3947.1412853399465,3858.92,-223.50678367558996,12.0,0.0,-235.50678367558996,18
ETHUSDT,2025-09-25 18:20:00+00:00,2025-09-25 18:25:00+00:00,2025-09-25 19:55:00+00:00,LONG,17.054377063557464,3882.378529813836,3914.7,83.2517229784746,12.0,0.0,71.2517229784746,18
ETHUSDT,2025-09-25 20:00:00+00:00,2025-09-25 20:05:00+00:00,2025-09-25 21:35:00+00:00,LONG,17.923300702576064,3904.604269159961,3887.26,-44.42004352900098,12.0,0.0,-56.42004352900098,18
ETHUSDT,2025-09-25 21:50:00+00:00,2025-09-25 21:55:00+00:00,2025-09-25 23:25:00+00:00,LONG,19.941359582671495,3902.1861790926437,3893.34,-22.669802737860234,12.0,0.0,-34.66980273786024,18
ETHUSDT,2025-09-26 06:00:00+00:00,2025-09-26 06:05:00+00:00,2025-09-26 07:35:00+00:00,LONG,21.71090101414981,3917.966393326123,3909.17,-22.451426181466783,12.0,0.0,-34.451426181466786,18
ETHUSDT,2025-09-26 17:20:00+00:00,2025-09-26 17:25:00+00:00,2025-09-26 18:55:00+00:00,SHORT,-18.104913488842033,4012.576556688811,4042.75,-75.19717788534442,12.0,0.0,-87.19717788534442,18
BTCUSDT,2025-09-26 17:35:00+00:00,2025-09-26 17:40:00+00:00,2025-09-26 19:10:00+00:00,SHORT,-16.761828960254324,109894.32214550409,109462.0,39.33980728610176,12.0,0.0,27.33980728610176,18
ETHUSDT,2025-09-27 09:00:00+00:00,2025-09-27 09:05:00+00:00,2025-09-27 10:35:00+00:00,LONG,16.678344787527074,3977.71149730729,3998.04,51.10602593091818,12.0,0.0,39.10602593091818,18
ETHUSDT,2025-09-27 12:55:00+00:00,2025-09-27 13:00:00+00:00,2025-09-27 14:30:00+00:00,SHORT,-15.611101589921843,4028.720460234786,4017.15,28.71993812673668,12.0,0.0,16.71993812673668,18
ETHUSDT,2025-09-27 17:20:00+00:00,2025-09-27 17:25:00+00:00,2025-09-27 18:55:00+00:00,LONG,16.10766297053196,3984.2562869811845,3991.99,19.410681597180623,12.0,0.0,7.4106815971806235,18
ETHUSDT,2025-09-29 14:00:00+00:00,2025-09-29 14:05:00+00:00,2025-09-29 15:35:00+00:00,LONG,15.823914125244052,4172.290144277585,4169.03,-7.813800490495959,12.0,0.0,-19.813800490495957,18
BTCUSDT,2025-09-29 14:20:00+00:00,2025-09-29 14:25:00+00:00,2025-09-29 15:55:00+00:00,LONG,15.236930387056772,113765.80397858456,113719.3,-4.087693925435287,12.0,0.0,-16.08769392543529,18
ETHUSDT,2025-10-01 10:05:00+00:00,2025-10-01 10:10:00+00:00,2025-10-01 11:40:00+00:00,LONG,17.154291420595122,4294.156888020059,4291.74,-5.628317928491056,12.0,0.0,-17.628317928491057,18
ETHUSDT,2025-10-02 12:55:00+00:00,2025-10-02 13:00:00+00:00,2025-10-02 14:30:00+00:00,SHORT,-19.758464021522325,4405.133450154439,4413.77,-19.60564859904368,12.0,0.0,-31.60564859904368,18
BTCUSDT,2025-10-02 13:40:00+00:00,2025-10-02 13:45:00+00:00,2025-10-02 15:15:00+00:00,SHORT,-15.147731775012106,119536.6091240408,119128.1,34.174394525186,12.0,0.0,22.174394525186003,18
ETHUSDT,2025-10-02 15:40:00+00:00,2025-10-02 15:45:00+00:00,2025-10-02 17:15:00+00:00,SHORT,-15.178888689954032,4411.594082344878,4458.3,-105.87084120462941,12.0,0.37329999999999997,-117.49754120462941,18
BTCUSDT,2025-10-02 15:50:00+00:00,2025-10-02 15:55:00+00:00,2025-10-02 17:25:00+00:00,SHORT,-17.737226418148577,119857.01198266947,119379.1,39.87351050755095,12.0,0.9543,28.827810507550947,18
BTCUSDT,2025-10-02 18:00:00+00:00,2025-10-02 18:05:00+00:00,2025-10-02 19:35:00+00:00,SHORT,-18.284686375643304,120119.56222364474,120849.6,-60.77592715465041,12.0,0.0,-72.77592715465042,18
ETHUSDT,2025-10-02 18:00:00+00:00,2025-10-02 18:05:00+00:00,2025-10-02 19:35:00+00:00,SHORT,-16.798938053308753,4476.19680754557,4497.31,-47.16770366048229,12.0,0.0,-59.16770366048229,18
BTCUSDT,2025-10-02 19:40:00+00:00,2025-10-02 19:45:00+00:00,2025-10-02 21:15:00+00:00,SHORT,-17.29119999735386,120706.51405842617,120700.0,0.5396608854946194,12.0,0.0,-11.46033911450538,18
BTCUSDT,2025-10-03 15:15:00+00:00,2025-10-03 15:20:00+00:00,2025-10-03 16:50:00+00:00,SHORT,-15.894395108087547,121276.9489275812,123160.0,-155.26867134027623,12.0,1.0,-166.26867134027623,18
ETHUSDT,2025-10-03 15:15:00+00:00,2025-10-03 15:20:00+00:00,2025-10-03 16:50:00+00:00,SHORT,-16.13971554020569,4486.635143653665,4554.01,-150.16789685168953,12.0,0.5593,-161.60859685168953,18
ETHUSDT,2025-10-03 18:00:00+00:00,2025-10-03 18:05:00+00:00,2025-10-03 19:35:00+00:00,LONG,15.160746783750294,4454.576538871232,4531.02,171.60657239069232,12.0,0.0,159.60657239069232,18
ETHUSDT,2025-10-04 15:20:00+00:00,2025-10-04 15:25:00+00:00,2025-10-04 16:55:00+00:00,LONG,15.067866703138085,4452.625784937229,4461.0,18.807363266637456,12.0,-0.48000000000000004,6.327363266637455,18
BTCUSDT,2025-10-05 09:35:00+00:00,2025-10-05 09:40:00+00:00,2025-10-05 11:10:00+00:00,LONG,18.399338491944032,123222.65644772953,122941.2,-22.841290379819192,12.0,0.0,-34.84129037981919,18
ETHUSDT,2025-10-05 18:05:00+00:00,2025-10-05 18:10:00+00:00,2025-10-05 19:40:00+00:00,LONG,19.29237185402848,4501.58920465765,4498.34,-7.217905743793773,12.0,0.0,-19.21790574379377,18
ETHUSDT,2025-10-07 12:45:00+00:00,2025-10-07 12:50:00+00:00,2025-10-07 14:20:00+00:00,SHORT,-16.035311349940862,4720.467960090047,4657.2,134.02900014353736,12.0,0.0,122.02900014353736,18
ETHUSDT,2025-10-07 14:45:00+00:00,2025-10-07 14:50:00+00:00,2025-10-07 16:20:00+00:00,LONG,17.140933905024834,4608.935380096623,4488.71,-260.8528221415474,12.0,-1.0,-273.8528221415474,18
ETHUSDT,2025-10-07 17:30:00+00:00,2025-10-07 17:35:00+00:00,2025-10-07 19:05:00+00:00,LONG,17.705222834038885,4486.854001381909,4476.15,-23.85636211611253,12.0,0.0,-35.85636211611253,18
ETHUSDT,2025-10-07 20:00:00+00:00,2025-10-07 20:05:00+00:00,2025-10-07 21:35:00+00:00,SHORT,-21.59165034401616,4497.439978913191,4507.71,-22.83525991444213,12.0,0.0,-34.83525991444213,18
ETHUSDT,2025-10-07 21:50:00+00:00,2025-10-07 21:55:00+00:00,2025-10-07 23:25:00+00:00,SHORT,-20.78280464464949,4486.363896658172,4470.33,35.73917994060927,12.0,0.0,23.73917994060927,18
ETHUSDT,2025-10-08 06:00:00+00:00,2025-10-08 06:05:00+00:00,2025-10-08 07:35:00+00:00,LONG,17.350370805617086,4428.281372711301,4451.06,51.43897907903927,12.0,0.0,39.43897907903927,18
ETHUSDT,2025-10-08 14:00:00+00:00,2025-10-08 14:05:00+00:00,2025-10-08 15:35:00+00:00,SHORT,-17.470963892922967,4513.18297408509,4454.1,130.91198478844436,12.0,0.0,118.91198478844436,18
ETHUSDT,2025-10-09 09:55:00+00:00,2025-10-09 10:00:00+00:00,2025-10-09 11:30:00+00:00,SHORT,-18.434129471550175,4335.850585824278,4372.51,-84.54953290036649,12.0,0.0,-96.54953290036649,18
ETHUSDT,2025-10-09 15:25:00+00:00,2025-10-09 15:30:00+00:00,2025-10-09 17:00:00+00:00,LONG,17.51006845083062,4311.222398398214,4275.43,-83.02146141083267,12.0,-0.5751999999999999,-95.59666141083267,18
ETHUSDT,2025-10-09 18:50:00+00:00,2025-10-09 18:55:00+00:00,2025-10-09 20:25:00+00:00,LONG,17.005172210559877,4298.807686947927,4328.56,69.21061656795402,12.0,0.0,57.21061656795402,18
ETHUSDT,2025-10-10 06:45:00+00:00,2025-10-10 06:50:00+00:00,2025-10-10 08:20:00+00:00,LONG,16.63128037401199,4323.685568774927,4328.93,12.129538889109615,12.0,-0.2511,-0.12156111089038546,18
ETHUSDT,2025-10-10 14:55:00+00:00,2025-10-10 15:00:00+00:00,2025-10-10 16:30:00+00:00,LONG,17.176041203237286,4274.536496375302,4114.33,-374.79267403881744,12.0,0.5147,-386.27797403881743,18
ETHUSDT,2025-10-10 16:40:00+00:00,2025-10-10 16:45:00+00:00,2025-10-10 18:15:00+00:00,LONG,23.050257956297024,4105.327065631656,4082.97,-54.45867107354729,12.0,0.0,-66.4586710735473,18
ETHUSDT,2025-10-10 18:20:00+00:00,2025-10-10 18:25:00+00:00,2025-10-10 19:55:00+00:00,LONG,16.834652122149787,4090.911364746041,4005.53,-208.70988670599334,12.0,0.0,-220.70988670599334,18
ETHUSDT,2025-10-10 20:00:00+00:00,2025-10-10 20:05:00+00:00,2025-10-10 21:35:00+00:00,LONG,18.166467445390765,4011.159783229535,3739.7,-676.7613306368281,12.0,0.0,-688.7613306368281,18
BTCUSDT,2025-10-10 20:50:00+00:00,2025-10-10 20:55:00+00:00,2025-10-10 22:25:00+00:00,LONG,21.376873448905148,115244.69093316059,112636.7,-226.30031041283806,12.0,0.0,-238.30031041283806,18
ETHUSDT,2025-10-10 21:40:00+00:00,2025-10-10 21:45:00+00:00,2025-10-10 23:15:00+00:00,LONG,91.05999281291272,3797.8060564099596,3822.23,64.31066575613542,12.0,0.0,52.31066575613542,18
ETHUSDT,2025-10-11 06:00:00+00:00,2025-10-11 06:05:00+00:00,2025-10-11 07:35:00+00:00,LONG,101.09745888192626,3779.273004669404,3768.19,-29.325758302485294,12.0,0.0,-41.3257583024853,18
BTCUSDT,2025-10-11 06:30:00+00:00,2025-10-11 06:35:00+00:00,2025-10-11 08:05:00+00:00,LONG,33.37139142094596,112222.28357989618,110267.6,-174.17962970825985,12.0,-1.0,-187.17962970825985,18
ETHUSDT,2025-10-11 07:40:00+00:00,2025-10-11 07:45:00+00:00,2025-10-11 09:15:00+00:00,LONG,73.59449248470266,3752.447006421438,3830.64,208.3786751545147,12.0,1.3094,197.6880751545147,18
BTCUSDT,2025-10-11 08:50:00+00:00,2025-10-11 08:55:00+00:00,2025-10-11 10:25:00+00:00,LONG,27.736613207865265,111279.24894770516,111925.0,58.02978168897521,12.0,0.0,46.02978168897521,18
ETHUSDT,2025-10-11 09:20:00+00:00,2025-10-11 09:25:00+00:00,2025-10-11 10:55:00+00:00,LONG,16.00849173495441,3826.3906087128926,3828.22,4.78098415499284,12.0,0.0,-7.21901584500716,18
ETHUSDT,2025-10-11 11:00:00+00:00,2025-10-11 11:05:00+00:00,2025-10-11 12:35:00+00:00,LONG,36.027271213068786,3816.984631636734,3829.07,31.662082847014883,12.0,0.0,19.662082847014883,18
ETHUSDT,2025-10-11 12:40:00+00:00,2025-10-11 12:45:00+00:00,2025-10-11 14:15:00+00:00,LONG,35.76470395795066,3820.5576385508766,3818.99,-4.103166865115915,12.0,0.0,-16.103166865115917,18
ETHUSDT,2025-10-11 14:20:00+00:00,2025-10-11 14:25:00+00:00,2025-10-11 15:55:00+00:00,LONG,48.6821088362426,3801.8759122888837,3829.68,73.13254917459045,12.0,0.0,61.13254917459045,18
BTCUSDT,2025-10-11 16:25:00+00:00,2025-10-11 16:30:00+00:00,2025-10-11 18:00:00+00:00,LONG,15.279945642806002,111724.96012991933,111944.5,19.65002894835477,12.0,0.0,7.65002894835477,18
ETHUSDT,2025-10-11 16:55:00+00:00,2025-10-11 17:00:00+00:00,2025-10-11 18:30:00+00:00,LONG,19.627969346323543,3814.8897529741967,3813.59,-3.4070525188389933,12.0,0.0,-15.407052518838993,18
BTCUSDT,2025-10-11 18:10:00+00:00,2025-10-11 18:15:00+00:00,2025-10-11 19:45:00+00:00,LONG,18.13309561276392,111815.33509228742,111004.1,-72.55132684777621,12.0,0.0,-84.55132684777621,18
ETHUSDT,2025-10-11 18:45:00+00:00,2025-10-11 18:50:00+00:00,2025-10-11 20:20:00+00:00,LONG,16.49354530894448,3815.0689892613746,3732.45,-216.55962053092614,12.0,0.0,-228.55962053092614,18
BTCUSDT,2025-10-11 19:50:00+00:00,2025-10-11 19:55:00+00:00,2025-10-11 21:25:00+00:00,LONG,26.01347507114872,110820.73656655861,110718.2,-9.252471129086448,12.0,0.0,-21.252471129086448,18
ETHUSDT,2025-10-11 20:25:00+00:00,2025-10-11 20:30:00+00:00,2025-10-11 22:00:00+00:00,LONG,59.216329714063576,3714.691308847816,3734.34,52.89454632578572,12.0,0.0,40.89454632578572,18
BTCUSDT,2025-10-12 14:45:00+00:00,2025-10-12 14:50:00+00:00,2025-10-12 16:20:00+00:00,SHORT,-16.336389443652653,112080.75397121123,113574.9,-133.30977673227773,12.0,-1.0915,-146.40127673227772,18
BTCUSDT,2025-10-12 16:45:00+00:00,2025-10-12 16:50:00+00:00,2025-10-12 18:20:00+00:00,SHORT,-16.591161997605823,114179.1989007405,114000.0,15.694531268894973,12.0,0.0,3.6945312688949734,18
ETHUSDT,2025-10-12 18:20:00+00:00,2025-10-12 18:25:00+00:00,2025-10-12 19:55:00+00:00,LONG,23.81488653195726,4125.363741280072,4135.66,24.958426373169473,12.0,0.0,12.958426373169473,18
ETHUSDT,2025-10-12 20:05:00+00:00,2025-10-12 20:10:00+00:00,2025-10-12 21:40:00+00:00,LONG,16.380748244152578,4124.964294921073,4107.22,-43.01684488013824,12.0,0.0,-55.01684488013824,18
BTCUSDT,2025-10-12 20:25:00+00:00,2025-10-12 20:30:00+00:00,2025-10-12 22:00:00+00:00,SHORT,-17.435938326910623,115222.70758306011,114822.0,34.77678935562722,12.0,0.0,22.776789355627223,18
ETHUSDT,2025-10-13 11:20:00+00:00,2025-10-13 11:25:00+00:00,2025-10-13 12:55:00+00:00,LONG,18.17943527918597,4101.543049423527,4104.35,6.843645288248101,12.0,0.0,-5.156354711751899,18
ETHUSDT,2025-10-13 14:40:00+00:00,2025-10-13 14:45:00+00:00,2025-10-13 16:15:00+00:00,LONG,15.715282478680802,4105.419577081932,4148.11,103.98552965543928,12.0,-0.5202,91.46532965543928,18
ETHUSDT,2025-10-14 06:35:00+00:00,2025-10-14 06:40:00+00:00,2025-10-14 08:10:00+00:00,LONG,26.182004615190372,4004.9760956544574,3969.03,-89.75358353189633,12.0,-0.0352,-101.78878353189633,18
ETHUSDT,2025-10-14 10:00:00+00:00,2025-10-14 10:05:00+00:00,2025-10-14 11:35:00+00:00,LONG,18.30493510485313,3975.7549856794744,3975.92,0.41505153391074856,12.0,0.0,-11.584948466089251,18
ETHUSDT,2025-10-14 11:40:00+00:00,2025-10-14 11:45:00+00:00,2025-10-14 13:15:00+00:00,SHORT,-21.747663084976068,3971.9904860808956,3939.54,81.69829760320991,12.0,0.0,69.69829760320991,18
ETHUSDT,2025-10-14 13:30:00+00:00,2025-10-14 13:35:00+00:00,2025-10-14 15:05:00+00:00,LONG,36.3289026876418,3939.9001798365084,3985.14,114.82478768121584,12.0,0.0,102.82478768121584,18
BTCUSDT,2025-10-14 14:15:00+00:00,2025-10-14 14:20:00+00:00,2025-10-14 15:50:00+00:00,SHORT,-15.65056516627886,111916.9381173068,112252.0,-29.938442592309933,12.0,0.0,-41.93844259230993,18
ETHUSDT,2025-10-14 15:40:00+00:00,2025-10-14 15:45:00+00:00,2025-10-14 17:15:00+00:00,SHORT,-15.234184383237457,4025.434386837282,4122.18,-240.3358342619266,12.0,0.26930000000000004,-252.06653426192662,18
BTCUSDT,2025-10-14 16:05:00+00:00,2025-10-14 16:10:00+00:00,2025-10-14 17:40:00+00:00,SHORT,-18.82400776091999,112343.76766740398,112460.9,-10.426242151926335,12.0,0.0,-22.426242151926335,18
BTCUSDT,2025-10-14 18:00:00+00:00,2025-10-14 18:05:00+00:00,2025-10-14 19:35:00+00:00,SHORT,-16.488965643744503,112883.39715824313,113294.9,-36.4537967598566,12.0,0.0,-48.4537967598566,18
ETHUSDT,2025-10-15 06:00:00+00:00,2025-10-15 06:05:00+00:00,2025-10-15 07:35:00+00:00,LONG,15.002060310377386,4110.726124980998,4107.34,-8.237291607485764,12.0,0.0,-20.237291607485766,18
ETHUSDT,2025-10-15 11:25:00+00:00,2025-10-15 11:30:00+00:00,2025-10-15 13:00:00+00:00,LONG,15.225477041755507,4099.69055691575,4092.93,-16.490407804914398,12.0,0.0,-28.490407804914398,18
ETHUSDT,2025-10-15 13:05:00+00:00,2025-10-15 13:10:00+00:00,2025-10-15 14:40:00+00:00,LONG,17.64474393851547,4070.753942198285,4063.07,-18.875968204885574,12.0,0.0,-30.875968204885574,18
ETHUSDT,2025-10-15 14:45:00+00:00,2025-10-15 14:50:00+00:00,2025-10-15 16:20:00+00:00,LONG,17.748562418743187,4021.4066866737617,3983.48,-94.31198988016808,12.0,-0.25,-106.56198988016808,18
ETHUSDT,2025-10-15 17:00:00+00:00,2025-10-15 17:05:00+00:00,2025-10-15 18:35:00+00:00,LONG,21.054958748912302,3963.642874266538,3990.8,68.51557164692323,12.0,0.0,56.515571646923235,18
BTCUSDT,2025-10-15 17:10:00+00:00,2025-10-15 17:15:00+00:00,2025-10-15 18:45:00+00:00,LONG,15.303297634823492,110158.70356831406,111105.8,85.9756334276951,12.0,0.0,73.9756334276951,18
ETHUSDT,2025-10-15 20:25:00+00:00,2025-10-15 20:30:00+00:00,2025-10-15 22:00:00+00:00,LONG,20.458140276113614,3955.5394988241696,3952.06,-8.796521499037091,12.0,0.0,-20.79652149903709,18
BTCUSDT,2025-10-16 14:15:00+00:00,2025-10-16 14:20:00+00:00,2025-10-16 15:50:00+00:00,LONG,15.06504878079649,109939.99212817918,108689.4,-113.75224829206054,12.0,0.0,-125.75224829206054,18
ETHUSDT,2025-10-16 14:15:00+00:00,2025-10-16 14:20:00+00:00,2025-10-16 15:50:00+00:00,LONG,15.672422273281782,3971.960050742187,3922.15,-125.40420876811065,12.0,0.0,-137.40420876811066,18
BTCUSDT,2025-10-16 15:55:00+00:00,2025-10-16 16:00:00+00:00,2025-10-16 17:30:00+00:00,LONG,16.905153188744706,108383.8163492379,108748.3,33.628973682533484,12.0,0.3004,21.929373682533484,18
ETHUSDT,2025-10-16 15:55:00+00:00,2025-10-16 16:00:00+00:00,2025-10-16 17:30:00+00:00,LONG,20.926465591711008,3900.237372503861,3943.99,112.1793965787532,12.0,-0.0618,100.1175965787532,18
BTCUSDT,2025-10-16 18:00:00+00:00,2025-10-16 18:05:00+00:00,2025-10-16 19:35:00+00:00,LONG,19.541649007483148,107808.7587113763,107728.9,-7.407441874931475,12.0,0.0,-19.407441874931475,18
ETHUSDT,2025-10-16 18:10:00+00:00,2025-10-16 18:15:00+00:00,2025-10-16 19:45:00+00:00,LONG,15.6955407567411,3880.32520376123,3860.74,-50.47309885843121,12.0,0.0,-62.47309885843121,18
BTCUSDT,2025-10-16 19:40:00+00:00,2025-10-16 19:45:00+00:00,2025-10-16 21:15:00+00:00,LONG,18.040413674911413,107876.18621561816,108073.3,18.272224046542718,12.0,0.0,6.272224046542718,18
ETHUSDT,2025-10-16 19:50:00+00:00,2025-10-16 19:55:00+00:00,2025-10-16 21:25:00+00:00,LONG,20.75971466674018,3874.546832076985,3863.39,-28.795192213496577,12.0,0.0,-40.79519221349658,18
ETHUSDT,2025-10-17 06:15:00+00:00,2025-10-17 06:20:00+00:00,2025-10-17 07:50:00+00:00,LONG,17.47642736038514,3882.8390889583575,3778.12,-269.6972152571231,12.0,0.0,-281.6972152571231,18
BTCUSDT,2025-10-17 06:35:00+00:00,2025-10-17 06:40:00+00:00,2025-10-17 08:10:00+00:00,LONG,16.34885081168814,107289.59076096733,105273.3,-187.92976528910987,12.0,0.0634,-199.86636528910986,18
ETHUSDT,2025-10-17 07:55:00+00:00,2025-10-17 08:00:00+00:00,2025-10-17 09:30:00+00:00,LONG,54.24441023379021,3750.923993338589,3742.25,-23.124950956067146,12.0,-0.563,-35.68795095606715,18
BTCUSDT,2025-10-17 09:25:00+00:00,2025-10-17 09:30:00+00:00,2025-10-17 11:00:00+00:00,SHORT,-16.53074962590095,105126.98126395776,104728.4,37.91426893130168,12.0,0.0,25.914268931301677,18
ETHUSDT,2025-10-17 09:40:00+00:00,2025-10-17 09:45:00+00:00,2025-10-17 11:15:00+00:00,LONG,25.829186806573507,3739.2949856809673,3775.87,97.81259424327615,12.0,0.0,85.81259424327615,18
BTCUSDT,2025-10-17 11:05:00+00:00,2025-10-17 11:10:00+00:00,2025-10-17 12:40:00+00:00,SHORT,-27.777628584990193,104958.90013331674,105605.5,-61.605053584017355,12.0,0.0,-73.60505358401736,18
ETHUSDT,2025-10-17 11:20:00+00:00,2025-10-17 11:25:00+00:00,2025-10-17 12:55:00+00:00,SHORT,-23.682454788747272,3808.609239767425,3781.31,71.6777123848289,12.0,0.0,59.677712384828894,18
BTCUSDT,2025-10-17 13:15:00+00:00,2025-10-17 13:20:00+00:00,2025-10-17 14:50:00+00:00,SHORT,-16.472107223697954,105360.37336612771,105667.7,-29.169091191840746,12.0,0.0,-41.16909119184075,18
ETHUSDT,2025-10-17 13:30:00+00:00,2025-10-17 13:35:00+00:00,2025-10-17 15:05:00+00:00,SHORT,-23.9362153714134,3795.9031935197695,3764.65,82.33401097563208,12.0,0.0,70.33401097563208,18
ETHUSDT,2025-10-17 15:20:00+00:00,2025-10-17 15:25:00+00:00,2025-10-17 16:55:00+00:00,LONG,20.449143577526108,3755.0804918604867,3784.74,78.98501298122085,12.0,-0.2963,66.68871298122085,18
BTCUSDT,2025-10-17 15:40:00+00:00,2025-10-17 15:45:00+00:00,2025-10-17 17:15:00+00:00,SHORT,-15.236505313865635,106156.93492446153,106603.8,-42.09476054074513,12.0,-0.0291,-54.12386054074513,18
ETHUSDT,2025-10-17 17:10:00+00:00,2025-10-17 17:15:00+00:00,2025-10-17 18:45:00+00:00,LONG,18.227959072226742,3793.463647736438,3836.21,112.68422801169908,12.0,0.0,100.68422801169908,18
BTCUSDT,2025-10-17 18:25:00+00:00,2025-10-17 18:30:00+00:00,2025-10-17 20:00:00+00:00,SHORT,-19.245752102068913,106887.30723157842,106416.5,44.04706637041511,12.0,0.0,32.04706637041511,18
BTCUSDT,2025-10-17 21:05:00+00:00,2025-10-17 21:10:00+00:00,2025-10-17 22:40:00+00:00,SHORT,-15.858893456964887,107238.03067849627,106835.7,37.517537010958165,12.0,0.0,25.517537010958165,18
ETHUSDT,2025-10-18 17:55:00+00:00,2025-10-18 18:00:00+00:00,2025-10-18 19:30:00+00:00,SHORT,-15.673894314010042,3893.781096019069,3888.54,13.4601712058946,12.0,0.0,1.4601712058946,18
ETHUSDT,2025-10-19 13:50:00+00:00,2025-10-19 13:55:00+00:00,2025-10-19 15:25:00+00:00,SHORT,-15.932814221969846,3965.310669811988,3980.2,-37.548962560145505,12.0,0.0,-49.548962560145505,18
BTCUSDT,2025-10-19 14:15:00+00:00,2025-10-19 14:20:00+00:00,2025-10-19 15:50:00+00:00,SHORT,-15.469543382937474,108412.50915228465,108429.9,-1.6041366306640548,12.0,0.0,-13.604136630664055,18
ETHUSDT,2025-10-19 17:00:00+00:00,2025-10-19 17:05:00+00:00,2025-10-19 18:35:00+00:00,SHORT,-15.25025111431676,4000.473288361302,3993.32,17.88110517351282,12.0,0.0,5.881105173512822,18
BTCUSDT,2025-10-19 17:05:00+00:00,2025-10-19 17:10:00+00:00,2025-10-19 18:40:00+00:00,SHORT,-16.262938933742465,108995.25651581514,109212.6,-19.940636971971237,12.0,0.0,-31.940636971971237,18
ETHUSDT,2025-10-20 16:10:00+00:00,2025-10-20 16:15:00+00:00,2025-10-20 17:45:00+00:00,LONG,16.38693021754316,3970.522359427296,3927.4,-108.6062626619133,12.0,0.0,-120.6062626619133,18
BTCUSDT,2025-10-20 17:20:00+00:00,2025-10-20 17:25:00+00:00,2025-10-20 18:55:00+00:00,LONG,15.47220447652465,110344.78009360282,110814.0,42.52307231924712,12.0,0.0,30.52307231924712,18
ETHUSDT,2025-10-21 08:40:00+00:00,2025-10-21 08:45:00+00:00,2025-10-21 10:15:00+00:00,SHORT,-20.653698469060746,3858.2917015730923,3868.26,-25.83604143471918,12.0,0.0,-37.83604143471918,18
ETHUSDT,2025-10-21 12:35:00+00:00,2025-10-21 12:40:00+00:00,2025-10-21 14:10:00+00:00,SHORT,-15.157678668483992,3905.373238966239,3896.19,23.51436957321318,12.0,0.0,11.51436957321318,18
BTCUSDT,2025-10-21 14:15:00+00:00,2025-10-21 14:20:00+00:00,2025-10-21 15:50:00+00:00,SHORT,-19.600048580647126,110195.98376903936,113308.6,-282.4618579098481,12.0,0.0,-294.4618579098481,18
ETHUSDT,2025-10-21 14:15:00+00:00,2025-10-21 14:20:00+00:00,2025-10-21 15:50:00+00:00,SHORT,-21.814255086784797,3943.1440997914474,4069.93,-321.5350415807983,12.0,0.0,-333.5350415807983,18
BTCUSDT,2025-10-21 16:55:00+00:00,2025-10-21 17:00:00+00:00,2025-10-21 18:30:00+00:00,LONG,19.209392854997056,112426.25132987046,111790.4,-56.5571939248255,12.0,0.0,-68.5571939248255,18
ETHUSDT,2025-10-21 16:55:00+00:00,2025-10-21 17:00:00+00:00,2025-10-21 18:30:00+00:00,LONG,17.461301289058834,4023.4336181862873,3988.42,-87.02422236574914,12.0,0.0,-99.02422236574914,18
ETHUSDT,2025-10-21 19:55:00+00:00,2025-10-21 20:00:00+00:00,2025-10-21 21:30:00+00:00,LONG,16.57774059595271,3991.4160033972635,3928.19,-158.40494537138983,12.0,0.0,-170.40494537138983,18
BTCUSDT,2025-10-21 20:00:00+00:00,2025-10-21 20:05:00+00:00,2025-10-21 21:35:00+00:00,LONG,15.772797484578263,111560.49544527885,110668.0,-80.0010291919706,12.0,0.0,-92.0010291919706,18
ETHUSDT,2025-10-21 21:35:00+00:00,2025-10-21 21:40:00+00:00,2025-10-21 23:10:00+00:00,LONG,18.788482030668412,3942.3068664614525,3899.91,-107.5432935526588,12.0,0.0,-119.5432935526588,18
ETHUSDT,2025-10-22 06:00:00+00:00,2025-10-22 06:05:00+00:00,2025-10-22 07:35:00+00:00,LONG,21.906736722331857,3852.223867687101,3854.47,5.830741904020442,12.0,0.0,-6.169258095979558,18
ETHUSDT,2025-10-22 14:30:00+00:00,2025-10-22 14:35:00+00:00,2025-10-22 16:05:00+00:00,LONG,16.006947537581933,3801.7784289966253,3839.27,98.61587597378652,12.0,-0.23920000000000002,86.37667597378652,18
ETHUSDT,2025-10-22 17:15:00+00:00,2025-10-22 17:20:00+00:00,2025-10-22 18:50:00+00:00,LONG,16.80998640993858,3822.3558612732313,3800.79,-56.42033880656982,12.0,0.0,-68.42033880656982,18
ETHUSDT,2025-10-22 18:55:00+00:00,2025-10-22 19:00:00+00:00,2025-10-22 20:30:00+00:00,LONG,21.73288255404439,3798.3460050801186,3782.42,-41.928789685874435,12.0,0.0,-53.928789685874435,18
ETHUSDT,2025-10-22 20:35:00+00:00,2025-10-22 20:40:00+00:00,2025-10-22 22:10:00+00:00,LONG,17.20041134751212,3796.0710013050843,3756.11,-105.26937270495141,12.0,0.0,-117.26937270495141,18
BTCUSDT,2025-10-22 21:00:00+00:00,2025-10-22 21:05:00+00:00,2025-10-22 22:35:00+00:00,LONG,16.099014096424483,107201.50638643015,107081.5,-11.194468293902471,12.0,0.0,-23.19446829390247,18
ETHUSDT,2025-10-23 16:50:00+00:00,2025-10-23 16:55:00+00:00,2025-10-23 18:25:00+00:00,SHORT,-17.886259746184752,3927.626157170489,3886.45,104.83726180333109,12.0,0.0,92.83726180333109,18
BTCUSDT,2025-10-23 17:35:00+00:00,2025-10-23 17:40:00+00:00,2025-10-23 19:10:00+00:00,SHORT,-20.78828279499547,110892.72353451945,110260.3,57.03021031155275,12.0,0.0,45.03021031155275,18
ETHUSDT,2025-10-23 20:40:00+00:00,2025-10-23 20:45:00+00:00,2025-10-23 22:15:00+00:00,LONG,16.952082707645793,3845.531645212792,3838.77,-17.583122014375174,12.0,0.0,-29.583122014375174,18
BTCUSDT,2025-10-24 12:30:00+00:00,2025-10-24 12:35:00+00:00,2025-10-24 14:05:00+00:00,SHORT,-18.490463848593873,111546.3611069725,110375.5,104.96632031318786,12.0,0.0,92.96632031318786,18
ETHUSDT,2025-10-24 12:30:00+00:00,2025-10-24 12:35:00+00:00,2025-10-24 14:05:00+00:00,SHORT,-21.85220257085577,3986.7876883184936,3925.62,153.42599882536612,12.0,0.0,141.42599882536612,18
ETHUSDT,2025-10-24 15:55:00+00:00,2025-10-24 16:00:00+00:00,2025-10-24 17:30:00+00:00,LONG,16.791935650505838,3884.1494997027485,3899.87,40.47346864082924,12.0,-0.3074,28.166068640829238,18
ETHUSDT,2025-10-26 11:40:00+00:00,2025-10-26 11:45:00+00:00,2025-10-26 13:15:00+00:00,SHORT,-19.026564524566783,4042.8546127849395,4069.22,-65.21477950674593,12.0,0.0,-77.21477950674593,18
BTCUSDT,2025-10-26 11:55:00+00:00,2025-10-26 12:00:00+00:00,2025-10-26 13:30:00+00:00,SHORT,-15.601137292190426,113270.22035141295,113586.6,-27.931405766272732,12.0,0.0,-39.93140576627273,18
ETHUSDT,2025-10-27 20:05:00+00:00,2025-10-27 20:10:00+00:00,2025-10-27 21:40:00+00:00,LONG,16.191663304443576,4151.774897126437,4127.16,-59.28764862342173,12.0,0.0,-71.28764862342173,18
ETHUSDT,2025-10-28 19:15:00+00:00,2025-10-28 19:20:00+00:00,2025-10-28 20:50:00+00:00,LONG,18.971192628454673,4069.195519440161,3975.0,-231.48437815325386,12.0,0.0,-243.48437815325386,18
ETHUSDT,2025-10-28 20:55:00+00:00,2025-10-28 21:00:00+00:00,2025-10-28 22:30:00+00:00,LONG,16.473204087416235,3973.2972082535643,3991.89,46.794364408011546,12.0,0.0,34.794364408011546,18
BTCUSDT,2025-10-28 21:50:00+00:00,2025-10-28 21:55:00+00:00,2025-10-28 23:25:00+00:00,LONG,18.37518519314929,112951.27709327605,112863.2,-7.797795256738738,12.0,0.0,-19.797795256738738,18
BTCUSDT,2025-10-29 18:35:00+00:00,2025-10-29 18:40:00+00:00,2025-10-29 20:10:00+00:00,LONG,20.10128376069932,109141.07702248637,110558.8,129.89820296729792,12.0,0.0,117.89820296729792,18
ETHUSDT,2025-10-29 19:15:00+00:00,2025-10-29 19:20:00+00:00,2025-10-29 20:50:00+00:00,LONG,19.631467306871276,3923.8924855146975,3936.74,32.74175970093385,12.0,0.0,20.741759700933848,18
BTCUSDT,2025-10-30 06:00:00+00:00,2025-10-30 06:05:00+00:00,2025-10-30 07:35:00+00:00,LONG,15.477647279996047,110132.05291895379,111162.7,93.58284475135204,12.0,0.0,81.58284475135204,18
ETHUSDT,2025-10-30 06:00:00+00:00,2025-10-30 06:05:00+00:00,2025-10-30 07:35:00+00:00,LONG,19.985833442644175,3913.5985327033923,3930.88,44.157486140179444,12.0,0.0,32.157486140179444,18
BTCUSDT,2025-10-30 11:50:00+00:00,2025-10-30 11:55:00+00:00,2025-10-30 13:25:00+00:00,LONG,15.435629712903607,109686.92677545117,108279.8,-128.28573256791208,12.0,0.0,-140.28573256791208,18
ETHUSDT,2025-10-30 11:50:00+00:00,2025-10-30 11:55:00+00:00,2025-10-30 13:25:00+00:00,LONG,16.978035153779402,3880.489793006944,3806.29,-191.2124421526895,12.0,0.0,-203.2124421526895,18
ETHUSDT,2025-10-30 13:30:00+00:00,2025-10-30 13:35:00+00:00,2025-10-30 15:05:00+00:00,LONG,15.440553959059852,3802.830648468686,3796.93,-15.516463955769222,12.0,0.0,-27.516463955769222,18
ETHUSDT,2025-10-30 15:35:00+00:00,2025-10-30 15:40:00+00:00,2025-10-30 17:10:00+00:00,LONG,20.78851857148884,3764.8085215040765,3763.51,-3.449103710478907,12.0,0.6394,-14.809703710478907,18
ETHUSDT,2025-10-30 17:15:00+00:00,2025-10-30 17:20:00+00:00,2025-10-30 18:50:00+00:00,LONG,25.15110713758033,3744.5973840275547,3728.22,-43.736034473057515,12.0,0.0,-55.736034473057515,18
ETHUSDT,2025-10-30 18:55:00+00:00,2025-10-30 19:00:00+00:00,2025-10-30 20:30:00+00:00,LONG,21.915339498261623,3717.538057908707,3714.66,-7.741838452962613,12.0,0.0,-19.74183845296261,18
ETHUSDT,2025-10-30 20:40:00+00:00,2025-10-30 20:45:00+00:00,2025-10-30 22:15:00+00:00,LONG,17.09149886714816,3731.234846898823,3770.16,104.32244202888796,12.0,0.0,92.32244202888796,18
BTCUSDT,2025-10-31 14:05:00+00:00,2025-10-31 14:10:00+00:00,2025-10-31 15:40:00+00:00,SHORT,-16.45870883984919,110326.93901474391,110229.5,8.831842486891617,12.0,0.0,-3.1681575131083832,18
ETHUSDT,2025-10-31 14:05:00+00:00,2025-10-31 14:10:00+00:00,2025-10-31 15:40:00+00:00,SHORT,-16.083626450497533,3865.3554755776922,3854.48,28.135770814369245,12.0,0.0,16.135770814369245,18
BTCUSDT,2025-10-31 16:55:00+00:00,2025-10-31 17:00:00+00:00,2025-10-31 18:30:00+00:00,LONG,16.35517152600312,108746.84663601559,109201.3,41.790026841468375,12.0,0.0,29.790026841468375,18
ETHUSDT,2025-10-31 19:40:00+00:00,2025-10-31 19:45:00+00:00,2025-10-31 21:15:00+00:00,SHORT,-18.4351782137649,3894.602297203458,3841.11,137.34983220717646,12.0,0.0,125.34983220717646,18
ETHUSDT,2025-11-02 10:00:00+00:00,2025-11-02 10:05:00+00:00,2025-11-02 11:35:00+00:00,LONG,17.100856829892738,3859.5152309413033,3882.41,59.32032312025104,12.0,0.0,47.32032312025104,18
ETHUSDT,2025-11-03 06:40:00+00:00,2025-11-03 06:45:00+00:00,2025-11-03 08:15:00+00:00,LONG,17.867602940471382,3705.996015378819,3712.72,18.14352900887828,12.0,-0.2373,5.906229008878278,18
BTCUSDT,2025-11-03 07:55:00+00:00,2025-11-03 08:00:00+00:00,2025-11-03 09:30:00+00:00,SHORT,-15.871200754852284,107460.49511534612,107333.0,11.864370735428231,12.0,0.6852999999999999,0.5496707354282312,18
ETHUSDT,2025-11-03 09:00:00+00:00,2025-11-03 09:05:00+00:00,2025-11-03 10:35:00+00:00,SHORT,-19.030893623526012,3725.7850839008765,3705.44,54.6061660635977,12.0,0.0,42.6061660635977,18
ETHUSDT,2025-11-03 10:50:00+00:00,2025-11-03 10:55:00+00:00,2025-11-03 12:25:00+00:00,SHORT,-17.773014988893998,3697.791634866402,3719.62,-59.0308143048901,12.0,0.0,-71.0308143048901,18
ETHUSDT,2025-11-03 15:25:00+00:00,2025-11-03 15:30:00+00:00,2025-11-03 17:00:00+00:00,LONG,20.164569473896247,3631.1534565234983,3617.56,-37.435643208846294,12.0,-0.052399999999999995,-49.48804320884629,18
ETHUSDT,2025-11-03 18:35:00+00:00,2025-11-03 18:40:00+00:00,2025-11-03 20:10:00+00:00,LONG,21.330293387332972,3645.293416884592,3616.23,-79.72860771638612,12.0,0.0,-91.72860771638612,18
ETHUSDT,2025-11-03 20:50:00+00:00,2025-11-03 20:55:00+00:00,2025-11-03 22:25:00+00:00,LONG,35.29933994948532,3573.60543140963,3591.56,50.242168406622326,12.0,0.0,38.242168406622326,18
ETHUSDT,2025-11-04 06:00:00+00:00,2025-11-04 06:05:00+00:00,2025-11-04 07:35:00+00:00,LONG,34.81197256503784,3503.181585201945,3488.97,-40.5676521650411,12.0,0.0,-52.5676521650411,18
ETHUSDT,2025-11-04 07:40:00+00:00,2025-11-04 07:45:00+00:00,2025-11-04 09:15:00+00:00,LONG,29.524986448581252,3475.0220746809878,3484.94,28.54061098280347,12.0,-0.8984,15.642210982803471,18
BTCUSDT,2025-11-04 08:25:00+00:00,2025-11-04 08:30:00+00:00,2025-11-04 10:00:00+00:00,SHORT,-16.87996285320419,104230.65856363483,103822.4,39.16875986978319,12.0,0.0,27.168759869783187,18
ETHUSDT,2025-11-04 10:15:00+00:00,2025-11-04 10:20:00+00:00,2025-11-04 11:50:00+00:00,SHORT,-17.46701148078231,3497.67097584955,3516.0,-52.403511585299434,12.0,0.0,-64.40351158529944,18
BTCUSDT,2025-11-04 11:10:00+00:00,2025-11-04 11:15:00+00:00,2025-11-04 12:45:00+00:00,SHORT,-15.153774846730624,104204.5105370905,103995.1,20.096110620465566,12.0,0.0,8.096110620465566,18
ETHUSDT,2025-11-04 12:15:00+00:00,2025-11-04 12:20:00+00:00,2025-11-04 13:50:00+00:00,SHORT,-21.133709804307912,3513.923984915502,3505.99,22.578703892175422,12.0,0.0,10.578703892175422,18
BTCUSDT,2025-11-04 13:05:00+00:00,2025-11-04 13:10:00+00:00,2025-11-04 14:40:00+00:00,SHORT,-17.230194708417457,103786.97840298514,103052.3,70.78714635399885,12.0,0.0,58.78714635399885,18
ETHUSDT,2025-11-04 14:45:00+00:00,2025-11-04 14:50:00+00:00,2025-11-04 16:20:00+00:00,SHORT,-17.77057726548874,3538.0447477883736,3485.0,149.92672950654983,12.0,0.4875,138.41422950654984,18
BTCUSDT,2025-11-04 15:15:00+00:00,2025-11-04 15:20:00+00:00,2025-11-04 16:50:00+00:00,SHORT,-25.305259314181534,104693.34220271395,102484.4,210.99165966417033,12.0,0.6339,199.62555966417034,18
ETHUSDT,2025-11-04 16:40:00+00:00,2025-11-04 16:45:00+00:00,2025-11-04 18:15:00+00:00,LONG,17.771862309810654,3453.564481435766,3350.99,-297.0104713178034,12.0,0.0,-309.0104713178034,18
BTCUSDT,2025-11-04 18:15:00+00:00,2025-11-04 18:20:00+00:00,2025-11-04 19:50:00+00:00,LONG,62.279058391520834,100261.75282752234,100632.2,36.948004800487766,12.0,0.0,24.948004800487766,18
ETHUSDT,2025-11-04 18:20:00+00:00,2025-11-04 18:25:00+00:00,2025-11-04 19:55:00+00:00,LONG,80.28266865987253,3320.7742681266786,3248.45,-217.7933887914596,12.0,0.0,-229.7933887914596,18
BTCUSDT,2025-11-04 19:55:00+00:00,2025-11-04 20:00:00+00:00,2025-11-04 21:30:00+00:00,LONG,19.186976935620006,100416.4594984053,99874.8,-53.94130614751469,12.0,0.0,-65.9413061475147,18
ETHUSDT,2025-11-04 20:10:00+00:00,2025-11-04 20:15:00+00:00,2025-11-04 21:45:00+00:00,LONG,40.73141533261885,3222.6495299761923,3106.07,-361.75056856726616,12.0,0.0,-373.75056856726616,18
BTCUSDT,2025-11-04 21:35:00+00:00,2025-11-04 21:40:00+00:00,2025-11-04 23:10:00+00:00,LONG,45.75554927482209,99137.83304031786,101055.6,193.44451062413447,12.0,0.0,181.44451062413447,18
ETHUSDT,2025-11-05 06:00:00+00:00,2025-11-05 06:05:00+00:00,2025-11-05 07:35:00+00:00,LONG,25.485241396544733,3318.531727459611,3323.37,14.579557882041794,12.0,0.0,2.5795578820417937,18
ETHUSDT,2025-11-05 08:35:00+00:00,2025-11-05 08:40:00+00:00,2025-11-05 10:10:00+00:00,LONG,28.37085412258227,3296.264136222137,3295.02,-3.7743826669267566,12.0,0.0,-15.774382666926757,18
ETHUSDT,2025-11-05 10:15:00+00:00,2025-11-05 10:20:00+00:00,2025-11-05 11:50:00+00:00,LONG,32.129182746869276,3286.9225960443287,3315.12,85.78663820561383,12.0,0.0,73.78663820561383,18
ETHUSDT,2025-11-05 12:05:00+00:00,2025-11-05 12:10:00+00:00,2025-11-05 13:40:00+00:00,SHORT,-17.54830744552489,3318.019965798393,3343.3,-76.19012080153142,12.0,0.0,-88.19012080153142,18
ETHUSDT,2025-11-05 14:00:00+00:00,2025-11-05 14:05:00+00:00,2025-11-05 15:35:00+00:00,SHORT,-16.822308871758263,3367.081071518671,3359.05,23.8517319544318,12.0,0.0,11.851731954431798,18
BTCUSDT,2025-11-05 15:40:00+00:00,2025-11-05 15:45:00+00:00,2025-11-05 17:15:00+00:00,SHORT,-18.490169979318487,103568.65078469324,103426.9,13.686649736117662,12.0,0.2816,1.968249736117662,18
ETHUSDT,2025-11-05 15:40:00+00:00,2025-11-05 15:45:00+00:00,2025-11-05 17:15:00+00:00,SHORT,-18.09398037418503,3383.7839390711806,3417.54,-99.75832244798922,12.0,0.4337,-111.32462244798921,18
ETHUSDT,2025-11-06 06:00:00+00:00,2025-11-06 06:05:00+00:00,2025-11-06 07:35:00+00:00,LONG,20.812568833707324,3386.231023356928,3369.37,-49.79289139053766,12.0,0.0,-61.79289139053766,18
ETHUSDT,2025-11-06 07:40:00+00:00,2025-11-06 07:45:00+00:00,2025-11-06 09:15:00+00:00,LONG,21.906056180765535,3368.2173489570546,3392.02,70.66839392153801,12.0,-0.4986,58.16979392153801,18
ETHUSDT,2025-11-06 12:40:00+00:00,2025-11-06 12:45:00+00:00,2025-11-06 14:15:00+00:00,LONG,31.03236407985281,3345.653306797281,3365.04,57.94591197878063,12.0,0.0,45.94591197878063,18
ETHUSDT,2025-11-06 14:20:00+00:00,2025-11-06 14:25:00+00:00,2025-11-06 15:55:00+00:00,LONG,15.461386686790641,3353.400474144426,3301.45,-154.9187892856152,12.0,0.0,-166.9187892856152,18
ETHUSDT,2025-11-06 16:10:00+00:00,2025-11-06 16:15:00+00:00,2025-11-06 17:45:00+00:00,LONG,22.522250912175164,3289.082048682506,3308.95,60.40576374630735,12.0,0.0,48.40576374630735,18
BTCUSDT,2025-11-06 19:50:00+00:00,2025-11-06 19:55:00+00:00,2025-11-06 21:25:00+00:00,LONG,16.98573075636613,101237.9479965977,100650.0,-58.07585082793776,12.0,0.0,-70.07585082793776,18
ETHUSDT,2025-11-06 20:40:00+00:00,2025-11-06 20:45:00+00:00,2025-11-06 22:15:00+00:00,LONG,16.74721256365795,3288.5644091862055,3311.12,68.58795512956428,12.0,0.0,56.58795512956428,18
ETHUSDT,2025-11-07 11:25:00+00:00,2025-11-07 11:30:00+00:00,2025-11-07 13:00:00+00:00,LONG,15.572303071174893,3228.5329347283077,3221.67,-21.25713092310466,12.0,0.0,-33.25713092310466,18
BTCUSDT,2025-11-07 12:30:00+00:00,2025-11-07 12:35:00+00:00,2025-11-07 14:05:00+00:00,LONG,17.89077030168451,99731.68756511477,100179.9,44.94182800151458,12.0,0.0,32.94182800151458,18
ETHUSDT,2025-11-07 13:15:00+00:00,2025-11-07 13:20:00+00:00,2025-11-07 14:50:00+00:00,SHORT,-16.394448125445276,3235.2155644238765,3264.02,-89.03405353532622,12.0,0.0,-101.03405353532622,18
BTCUSDT,2025-11-07 15:25:00+00:00,2025-11-07 15:30:00+00:00,2025-11-07 17:00:00+00:00,SHORT,-15.112560586345872,101058.25413402627,101128.3,-6.9312365005669285,12.0,0.8631000000000001,-18.06813650056693,18
BTCUSDT,2025-11-07 17:10:00+00:00,2025-11-07 17:15:00+00:00,2025-11-07 18:45:00+00:00,SHORT,-18.890795020487474,101663.73685357139,102567.0,-88.8481157966492,12.0,0.0,-100.8481157966492,18
BTCUSDT,2025-11-07 18:50:00+00:00,2025-11-07 18:55:00+00:00,2025-11-07 20:25:00+00:00,SHORT,-21.7781336889658,102669.34787277709,103049.2,-36.99761760380671,12.0,0.0,-48.99761760380671,18
ETHUSDT,2025-11-07 20:20:00+00:00,2025-11-07 20:25:00+00:00,2025-11-07 21:55:00+00:00,LONG,15.17071579775814,3431.939474986068,3464.94,96.15707169214005,12.0,0.0,84.15707169214005,18
BTCUSDT,2025-11-07 20:35:00+00:00,2025-11-07 20:40:00+00:00,2025-11-07 22:10:00+00:00,SHORT,-16.20502733479981,103535.91629949736,103957.8,-40.74757007821894,12.0,0.0,-52.74757007821894,18
ETHUSDT,2025-11-08 06:00:00+00:00,2025-11-08 06:05:00+00:00,2025-11-08 07:35:00+00:00,LONG,18.92766629288077,3423.7261463548075,3436.84,38.302869694046834,12.0,0.0,26.302869694046834,18
ETHUSDT,2025-11-09 10:15:00+00:00,2025-11-09 10:20:00+00:00,2025-11-09 11:50:00+00:00,LONG,19.340400573838913,3381.6244501072856,3427.48,135.60213610136262,12.0,0.0,123.60213610136262,18
BTCUSDT,2025-11-09 14:05:00+00:00,2025-11-09 14:10:00+00:00,2025-11-09 15:40:00+00:00,SHORT,-16.06576318826782,102995.41636602102,103647.0,-63.263362290162384,12.0,0.0,-75.26336229016238,18
ETHUSDT,2025-11-09 14:05:00+00:00,2025-11-09 14:10:00+00:00,2025-11-09 15:40:00+00:00,SHORT,-15.442691071313119,3469.922946423058,3529.64,-172.0990768354125,12.0,0.0,-184.0990768354125,18
BTCUSDT,2025-11-09 19:25:00+00:00,2025-11-09 19:30:00+00:00,2025-11-09 21:00:00+00:00,SHORT,-15.10136467241802,104741.56934624058,104585.4,14.909968144962704,12.0,0.0,2.909968144962704,18
ETHUSDT,2025-11-09 19:25:00+00:00,2025-11-09 19:30:00+00:00,2025-11-09 21:00:00+00:00,SHORT,-16.370291830718738,3557.7124640274137,3577.43,-55.421949277669746,12.0,0.0,-67.42194927766974,18
ETHUSDT,2025-11-10 15:05:00+00:00,2025-11-10 15:10:00+00:00,2025-11-10 16:40:00+00:00,LONG,17.698815271673524,3538.8248487685564,3524.61,-40.16827443014792,12.0,-0.7806,-52.94887443014792,18
ETHUSDT,2025-11-10 16:45:00+00:00,2025-11-10 16:50:00+00:00,2025-11-10 18:20:00+00:00,LONG,16.979957762864462,3519.6425085986248,3540.02,57.89648054196572,12.0,0.0,45.89648054196572,18
ETHUSDT,2025-11-11 06:05:00+00:00,2025-11-11 06:10:00+00:00,2025-11-11 07:40:00+00:00,LONG,24.432084994320046,3535.977211652855,3542.4,18.16411125608708,12.0,0.0,6.164111256087079,18
ETHUSDT,2025-11-11 14:40:00+00:00,2025-11-11 14:45:00+00:00,2025-11-11 16:15:00+00:00,LONG,20.276941007904515,3506.0807671978714,3479.8,-74.95767765462902,12.0,-0.2827,-87.24037765462903,18
ETHUSDT,2025-11-11 17:30:00+00:00,2025-11-11 17:35:00+00:00,2025-11-11 19:05:00+00:00,LONG,16.167933722930115,3464.531649151646,3463.77,-2.1984188016654915,12.0,0.0,-14.198418801665492,18
ETHUSDT,2025-11-11 19:35:00+00:00,2025-11-11 19:40:00+00:00,2025-11-11 21:10:00+00:00,LONG,15.639812300840834,3450.9824454612667,3442.67,-24.08718558449707,12.0,0.0,-36.08718558449707,18
ETHUSDT,2025-11-11 21:25:00+00:00,2025-11-11 21:30:00+00:00,2025-11-11 23:00:00+00:00,LONG,19.085671884186812,3435.051786258904,3428.47,-19.160660940347185,12.0,0.0,-31.160660940347185,18
ETHUSDT,2025-11-12 14:55:00+00:00,2025-11-12 15:00:00+00:00,2025-11-12 16:30:00+00:00,LONG,16.18953912290163,3497.8894640703547,3394.38,-295.91976857354706,12.0,-0.7040000000000001,-308.62376857354707,18
ETHUSDT,2025-11-12 16:45:00+00:00,2025-11-12 16:50:00+00:00,2025-11-12 18:20:00+00:00,LONG,17.946152927738655,3392.1552276832995,3438.96,137.97945310617843,12.0,0.0,125.97945310617843,18
ETHUSDT,2025-11-12 18:35:00+00:00,2025-11-12 18:40:00+00:00,2025-11-12 20:10:00+00:00,LONG,15.981405037724498,3440.3937140628927,3419.01,-62.15484575351038,12.0,0.0,-74.15484575351039,18
ETHUSDT,2025-11-13 09:45:00+00:00,2025-11-13 09:50:00+00:00,2025-11-13 11:20:00+00:00,LONG,16.098302642453667,3489.684960777552,3506.8,49.04465421610604,12.0,0.0,37.04465421610604,18
ETHUSDT,2025-11-13 13:30:00+00:00,2025-11-13 13:35:00+00:00,2025-11-13 15:05:00+00:00,LONG,23.195764052655495,3446.299387495544,3411.29,-101.58545024431476,12.0,0.0,-113.58545024431476,18
ETHUSDT,2025-11-13 15:10:00+00:00,2025-11-13 15:15:00+00:00,2025-11-13 16:45:00+00:00,SHORT,-17.411314966121182,3445.631829042081,3351.54,273.0756903538334,12.0,0.2321,261.3077903538334,18
BTCUSDT,2025-11-13 15:55:00+00:00,2025-11-13 16:00:00+00:00,2025-11-13 17:30:00+00:00,LONG,16.433147349370923,101257.90699741979,100267.4,-97.82021244474693,12.0,-0.7448,-110.56501244474693,18
ETHUSDT,2025-11-13 16:50:00+00:00,2025-11-13 16:55:00+00:00,2025-11-13 18:25:00+00:00,LONG,29.088571061969798,3324.632842460542,3242.93,-245.749970995518,12.0,0.0,-257.74997099551797,18
ETHUSDT,2025-11-13 18:30:00+00:00,2025-11-13 18:35:00+00:00,2025-11-13 20:05:00+00:00,LONG,31.463660047022994,3206.767234079826,3179.64,-84.59371104809877,12.0,0.0,-96.59371104809877,18
BTCUSDT,2025-11-13 19:30:00+00:00,2025-11-13 19:35:00+00:00,2025-11-13 21:05:00+00:00,LONG,16.979129079264776,98636.22918129436,98294.8,-34.614987224096396,12.0,0.0,-46.614987224096396,18
ETHUSDT,2025-11-13 20:10:00+00:00,2025-11-13 20:15:00+00:00,2025-11-13 21:45:00+00:00,LONG,24.026664738361042,3172.8953099569208,3183.93,34.77798340352001,12.0,0.0,22.77798340352001,18
BTCUSDT,2025-11-13 21:20:00+00:00,2025-11-13 21:25:00+00:00,2025-11-13 22:55:00+00:00,LONG,27.388695171692266,98272.03973754375,99850.0,160.5706228008019,12.0,0.0,148.5706228008019,18
ETHUSDT,2025-11-13 21:50:00+00:00,2025-11-13 21:55:00+00:00,2025-11-13 23:25:00+00:00,LONG,33.8593097487304,3178.9505793367066,3245.9,210.60226949883187,12.0,0.0,198.60226949883187,18
BTCUSDT,2025-11-14 06:00:00+00:00,2025-11-14 06:05:00+00:00,2025-11-14 07:35:00+00:00,LONG,32.418515295406635,97128.15028411153,97191.9,6.563464423237075,12.0,0.0,-5.436535576762925,18
ETHUSDT,2025-11-14 06:00:00+00:00,2025-11-14 06:05:00+00:00,2025-11-14 07:35:00+00:00,LONG,85.35961054752853,3175.608777289337,3207.99,101.96855148606465,12.0,0.0,89.96855148606465,18
BTCUSDT,2025-11-14 07:50:00+00:00,2025-11-14 07:55:00+00:00,2025-11-14 09:25:00+00:00,LONG,21.180657348680366,97077.25810617594,97337.4,26.79740846610379,12.0,-0.9126000000000001,13.88480846610379,18
ETHUSDT,2025-11-14 07:50:00+00:00,2025-11-14 07:55:00+00:00,2025-11-14 09:25:00+00:00,LONG,62.1316534536673,3215.3288743403305,3200.5,-46.11930822588928,12.0,-0.3573,-58.47660822588928,18
BTCUSDT,2025-11-14 09:30:00+00:00,2025-11-14 09:35:00+00:00,2025-11-14 11:05:00+00:00,SHORT,-18.81770410333691,96803.78130630305,96845.7,-4.3302744098716595,12.0,0.0,-16.33027440987166,18
ETHUSDT,2025-11-14 09:30:00+00:00,2025-11-14 09:35:00+00:00,2025-11-14 11:05:00+00:00,LONG,61.92218315368367,3154.731676458369,3176.79,69.92139365207262,12.0,0.0,57.921393652072624,18
ETHUSDT,2025-11-14 11:10:00+00:00,2025-11-14 11:15:00+00:00,2025-11-14 12:45:00+00:00,LONG,55.46332509780609,3161.0196546815723,3081.77,-250.70914875268468,12.0,0.0,-262.70914875268465,18
BTCUSDT,2025-11-14 11:30:00+00:00,2025-11-14 11:35:00+00:00,2025-11-14 13:05:00+00:00,LONG,24.622102997523815,96191.67853173056,95461.5,-75.90870051089715,12.0,0.0,-87.90870051089715,18
ETHUSDT,2025-11-14 13:00:00+00:00,2025-11-14 13:05:00+00:00,2025-11-14 14:35:00+00:00,LONG,36.35334157257885,3133.7620808492993,3147.83,44.89147161704121,12.0,0.0,32.89147161704121,18
BTCUSDT,2025-11-14 13:10:00+00:00,2025-11-14 13:15:00+00:00,2025-11-14 14:45:00+00:00,LONG,26.56403632745884,94947.18678219197,96367.3,149.56875142238425,12.0,0.0,137.56875142238425,18
ETHUSDT,2025-11-14 15:30:00+00:00,2025-11-14 15:35:00+00:00,2025-11-14 17:05:00+00:00,LONG,15.107832330604756,3190.0666069259237,3234.6,139.6001982447337,12.0,-0.7962,126.80399824473369,18
BTCUSDT,2025-11-14 18:00:00+00:00,2025-11-14 18:05:00+00:00,2025-11-14 19:35:00+00:00,LONG,15.095770155086639,95726.60037075913,95600.1,-13.214756428117092,12.0,0.0,-25.21475642811709,18
ETHUSDT,2025-11-14 18:20:00+00:00,2025-11-14 18:25:00+00:00,2025-11-14 19:55:00+00:00,LONG,17.945321904589157,3179.9298069779843,3205.29,79.75079502184457,12.0,0.0,67.75079502184457,18
BTCUSDT,2025-11-14 19:40:00+00:00,2025-11-14 19:45:00+00:00,2025-11-14 21:15:00+00:00,LONG,15.658499303288307,95258.5788057456,94851.1,-42.77607443383458,12.0,0.0,-54.77607443383458,18
ETHUSDT,2025-11-14 20:10:00+00:00,2025-11-14 20:15:00+00:00,2025-11-14 21:45:00+00:00,LONG,16.043590830361545,3185.4097687142103,3167.79,-55.31397840009333,12.0,0.0,-67.31397840009333,18
BTCUSDT,2025-11-14 21:20:00+00:00,2025-11-14 21:25:00+00:00,2025-11-14 22:55:00+00:00,LONG,19.832000995378113,94832.0048672171,94981.0,15.711481898070812,12.0,0.0,3.7114818980708115,18
ETHUSDT,2025-11-15 13:50:00+00:00,2025-11-15 13:55:00+00:00,2025-11-15 15:25:00+00:00,SHORT,-17.407617463590782,3184.908465595103,3179.25,17.76649362525862,12.0,0.0,5.766493625258619,18
ETHUSDT,2025-11-16 10:05:00+00:00,2025-11-16 10:10:00+00:00,2025-11-16 11:40:00+00:00,SHORT,-17.63643567670624,3234.5706122486763,3173.19,189.7643292010387,12.0,0.0,177.7643292010387,18
ETHUSDT,2025-11-16 11:45:00+00:00,2025-11-16 11:50:00+00:00,2025-11-16 13:20:00+00:00,LONG,34.48626849048966,3167.3024205414376,3170.25,9.30627728961353,12.0,0.0,-2.6937227103864707,18
ETHUSDT,2025-11-16 15:50:00+00:00,2025-11-16 15:55:00+00:00,2025-11-16 17:25:00+00:00,LONG,28.895767360254943,3124.581636486711,3068.98,-177.94905992352227,12.0,-0.7779,-190.72695992352226,18
BTCUSDT,2025-11-16 16:20:00+00:00,2025-11-16 16:25:00+00:00,2025-11-16 17:55:00+00:00,LONG,18.59240921744365,94121.12717267142,94120.2,-0.09850845386960572,12.0,0.0,-12.098508453869606,18
ETHUSDT,2025-11-16 17:30:00+00:00,2025-11-16 17:35:00+00:00,2025-11-16 19:05:00+00:00,LONG,16.748175961633788,3059.555902094574,3068.2,28.25278629329242,12.0,0.0,16.25278629329242,18
BTCUSDT,2025-11-16 18:45:00+00:00,2025-11-16 18:50:00+00:00,2025-11-16 20:20:00+00:00,LONG,15.381965683565845,93790.78289956806,94183.3,41.850285102349446,12.0,0.0,29.850285102349446,18
BTCUSDT,2025-11-16 21:00:00+00:00,2025-11-16 21:05:00+00:00,2025-11-16 22:35:00+00:00,LONG,16.557877241389036,93794.4706183069,93738.0,-6.020676691775861,12.0,0.0,-18.02067669177586,18
ETHUSDT,2025-11-17 06:00:00+00:00,2025-11-17 06:05:00+00:00,2025-11-17 07:35:00+00:00,LONG,24.842977569572863,3184.7396594291363,3192.42,24.116070361117625,12.0,0.0,12.116070361117625,18
BTCUSDT,2025-11-17 07:45:00+00:00,2025-11-17 07:50:00+00:00,2025-11-17 09:20:00+00:00,LONG,16.17489750686738,95771.39594620962,95722.1,-5.147251506838479,12.0,-0.9568000000000001,-18.10405150683848,18
ETHUSDT,2025-11-17 13:25:00+00:00,2025-11-17 13:30:00+00:00,2025-11-17 15:00:00+00:00,LONG,21.83682684949762,3145.821203846948,3150.45,14.714110730105201,12.0,0.0,2.714110730105201,18
BTCUSDT,2025-11-17 13:30:00+00:00,2025-11-17 13:35:00+00:00,2025-11-17 15:05:00+00:00,LONG,16.056232371661775,94169.21647185911,94658.6,51.96852501020199,12.0,0.0,39.96852501020199,18
ETHUSDT,2025-11-17 15:30:00+00:00,2025-11-17 15:35:00+00:00,2025-11-17 17:05:00+00:00,LONG,23.189068667596768,3123.5807843693874,3126.4,9.025588980187127,12.0,-0.5992000000000001,-3.573611019812873,18
BTCUSDT,2025-11-17 16:25:00+00:00,2025-11-17 16:30:00+00:00,2025-11-17 18:00:00+00:00,LONG,17.14205384806917,93368.71388165068,92724.0,-69.0503119136765,12.0,0.0,-81.0503119136765,18
ETHUSDT,2025-11-17 17:25:00+00:00,2025-11-17 17:30:00+00:00,2025-11-17 19:00:00+00:00,LONG,17.69900982900252,3094.82133327083,3023.51,-230.4214867081289,12.0,0.0,-242.4214867081289,18
BTCUSDT,2025-11-17 18:05:00+00:00,2025-11-17 18:10:00+00:00,2025-11-17 19:40:00+00:00,LONG,16.250828972902855,92823.62148530655,91859.7,-103.84441695793222,12.0,0.0,-115.84441695793222,18
ETHUSDT,2025-11-17 19:05:00+00:00,2025-11-17 19:10:00+00:00,2025-11-17 20:40:00+00:00,LONG,22.449688696332228,3024.5412163767046,2977.99,-153.9116614600855,12.0,0.0,-165.9116614600855,18
BTCUSDT,2025-11-17 19:45:00+00:00,2025-11-17 19:50:00+00:00,2025-11-17 21:20:00+00:00,LONG,28.742290963876776,91854.76920277641,91739.1,-12.592618083995255,12.0,0.0,-24.592618083995255,18
ETHUSDT,2025-11-17 21:15:00+00:00,2025-11-17 21:20:00+00:00,2025-11-17 22:50:00+00:00,LONG,23.7597805407742,3001.3353032812274,3020.17,62.75439034812757,12.0,0.0,50.75439034812757,18
ETHUSDT,2025-11-18 06:00:00+00:00,2025-11-18 06:05:00+00:00,2025-11-18 07:35:00+00:00,LONG,33.216620478273626,2998.345615286797,3018.27,66.45126102748256,12.0,0.0,54.45126102748256,18
BTCUSDT,2025-11-18 06:10:00+00:00,2025-11-18 06:15:00+00:00,2025-11-18 07:45:00+00:00,LONG,18.012175023267485,90059.28297970671,90416.4,39.65354913759933,12.0,0.0,27.653549137599327,18
ETHUSDT,2025-11-18 08:05:00+00:00,2025-11-18 08:10:00+00:00,2025-11-18 09:40:00+00:00,LONG,16.09692259699621,3031.3116027224,3037.68,21.008718707375973,12.0,0.0,9.008718707375973,18
BTCUSDT,2025-11-18 08:20:00+00:00,2025-11-18 08:25:00+00:00,2025-11-18 09:55:00+00:00,LONG,17.765870354706866,90803.33629205964,91203.1,44.025222449377566,12.0,0.0,32.025222449377566,18
BTCUSDT,2025-11-18 10:00:00+00:00,2025-11-18 10:05:00+00:00,2025-11-18 11:35:00+00:00,SHORT,-24.487599868599574,91534.34356931146,91280.8,27.699283069579916,12.0,0.0,15.699283069579916,18
ETHUSDT,2025-11-18 10:30:00+00:00,2025-11-18 10:35:00+00:00,2025-11-18 12:05:00+00:00,SHORT,-22.377303740056337,3067.2150836966966,3048.64,60.560095036796824,12.0,0.0,48.560095036796824,18
BTCUSDT,2025-11-18 14:30:00+00:00,2025-11-18 14:35:00+00:00,2025-11-18 16:05:00+00:00,SHORT,-18.969599986487044,92095.64894020598,92710.0,-66.7079353762845,12.0,0.3725,-78.3354353762845,18
ETHUSDT,2025-11-18 14:35:00+00:00,2025-11-18 14:40:00+00:00,2025-11-18 16:10:00+00:00,SHORT,-20.363042932258857,3083.522301471435,3124.96,-134.38429976261546,12.0,0.5928,-145.79149976261544,18
BTCUSDT,2025-11-18 16:10:00+00:00,2025-11-18 16:15:00+00:00,2025-11-18 17:45:00+00:00,SHORT,-27.999792338729964,93181.64940564812,93282.7,-10.84447367012853,12.0,0.0,-22.84447367012853,18
ETHUSDT,2025-11-18 16:15:00+00:00,2025-11-18 16:20:00+00:00,2025-11-18 17:50:00+00:00,SHORT,-15.688992306589313,3150.557503376686,3130.47,63.758567666696294,12.0,0.0,51.758567666696294,18
ETHUSDT,2025-11-18 18:40:00+00:00,2025-11-18 18:45:00+00:00,2025-11-18 20:15:00+00:00,SHORT,-16.242642358660447,3159.180196599844,3140.72,58.433503159180944,12.0,0.0,46.433503159180944,18
ETHUSDT,2025-11-18 20:30:00+00:00,2025-11-18 20:35:00+00:00,2025-11-18 22:05:00+00:00,LONG,17.37427860899829,3130.5613896723507,3101.67,-92.28820673398252,12.0,0.0,-104.28820673398252,18
ETHUSDT,2025-11-19 06:00:00+00:00,2025-11-19 06:05:00+00:00,2025-11-19 07:35:00+00:00,LONG,25.7708214287139,3014.3063555155077,3061.38,156.16741940764678,12.0,0.0,144.16741940764678,18
ETHUSDT,2025-11-19 14:15:00+00:00,2025-11-19 14:20:00+00:00,2025-11-19 15:50:00+00:00,LONG,19.2222950037282,3040.571959737971,2982.71,-190.2995900250215,12.0,0.0,-202.2995900250215,18
ETHUSDT,2025-11-19 16:05:00+00:00,2025-11-19 16:10:00+00:00,2025-11-19 17:40:00+00:00,LONG,17.312431874427755,2965.5539467519375,2909.01,-190.66908836329776,12.0,0.0,-202.66908836329776,18
BTCUSDT,2025-11-19 16:25:00+00:00,2025-11-19 16:30:00+00:00,2025-11-19 18:00:00+00:00,LONG,18.01572655780671,89589.08525409148,89459.8,-14.43091574434563,12.0,0.0,-26.43091574434563,18
ETHUSDT,2025-11-19 17:45:00+00:00,2025-11-19 17:50:00+00:00,2025-11-19 19:20:00+00:00,LONG,48.76338806170683,2913.7458704481987,2886.58,-93.23349274801384,12.0,0.0,-105.23349274801384,18
BTCUSDT,2025-11-19 19:15:00+00:00,2025-11-19 19:20:00+00:00,2025-11-19 20:50:00+00:00,LONG,18.11698576875181,89043.06923206807,89190.3,16.534781336907667,12.0,0.0,4.534781336907667,18
ETHUSDT,2025-11-19 19:25:00+00:00,2025-11-19 19:30:00+00:00,2025-11-19 21:00:00+00:00,LONG,43.49960691781698,2878.126603058373,2944.09,229.1886565084833,12.0,0.0,217.1886565084833,18
ETHUSDT,2025-11-20 14:00:00+00:00,2025-11-20 14:05:00+00:00,2025-11-20 15:35:00+00:00,LONG,15.377973611024947,2978.250186654718,2975.91,-7.857589215319871,12.0,0.0,-19.85758921531987,18
ETHUSDT,2025-11-20 15:45:00+00:00,2025-11-20 15:50:00+00:00,2025-11-20 17:20:00+00:00,LONG,15.938295699444414,2972.2999119489255,2813.57,-534.0306047543053,12.0,-0.6788,-546.7094047543053,18
BTCUSDT,2025-11-20 15:50:00+00:00,2025-11-20 15:55:00+00:00,2025-11-20 17:25:00+00:00,LONG,15.279260203392003,90088.01988320217,87038.1,-338.5488866506714,12.0,-0.8998999999999999,-351.4487866506714,18
ETHUSDT,2025-11-20 17:25:00+00:00,2025-11-20 17:30:00+00:00,2025-11-20 19:00:00+00:00,LONG,60.20733647810493,2820.7196123051176,2812.2,-30.203683726491846,12.0,0.0,-42.203683726491846,18
BTCUSDT,2025-11-20 17:30:00+00:00,2025-11-20 17:35:00+00:00,2025-11-20 19:05:00+00:00,LONG,22.645917624661298,86676.6028765147,86096.3,-66.95034845117797,12.0,0.0,-78.95034845117797,18
ETHUSDT,2025-11-20 19:05:00+00:00,2025-11-20 19:10:00+00:00,2025-11-20 20:40:00+00:00,LONG,27.24138766718598,2806.5234469117604,2840.65,121.59724917242931,12.0,0.0,109.59724917242931,18
BTCUSDT,2025-11-20 19:10:00+00:00,2025-11-20 19:15:00+00:00,2025-11-20 20:45:00+00:00,LONG,27.6858600740694,86308.22505045868,86557.5,28.881946001737546,12.0,0.0,16.881946001737546,18
ETHUSDT,2025-11-20 20:50:00+00:00,2025-11-20 20:55:00+00:00,2025-11-20 22:25:00+00:00,LONG,19.7383488406746,2832.636423561662,2900.07,238.0594130522029,12.0,0.0,226.0594130522029,18
BTCUSDT,2025-11-21 06:00:00+00:00,2025-11-21 06:05:00+00:00,2025-11-21 07:35:00+00:00,LONG,25.89194817124788,85970.09373387371,83342.6,-305.62880878172496,12.0,0.0,-317.62880878172496,18
ETHUSDT,2025-11-21 06:00:00+00:00,2025-11-21 06:05:00+00:00,2025-11-21 07:35:00+00:00,LONG,30.01405716953212,2796.5057598992294,2681.51,-411.21231197955075,12.0,0.0,-423.21231197955075,18
BTCUSDT,2025-11-21 07:40:00+00:00,2025-11-21 07:45:00+00:00,2025-11-21 09:15:00+00:00,LONG,21.510230382954386,84212.8673312917,83677.5,-63.57310328664711,12.0,-0.4524,-76.02550328664711,18
ETHUSDT,2025-11-21 07:40:00+00:00,2025-11-21 07:45:00+00:00,2025-11-21 09:15:00+00:00,LONG,79.48987732175164,2726.664120781277,2735.71,33.17562713273104,12.0,-0.1947,20.980927132731036,18
BTCUSDT,2025-11-21 09:20:00+00:00,2025-11-21 09:25:00+00:00,2025-11-21 10:55:00+00:00,LONG,67.64584304350474,83218.29688159694,82676.3,-65.1295330362367,12.0,0.0,-77.1295330362367,18
ETHUSDT,2025-11-21 09:20:00+00:00,2025-11-21 09:25:00+00:00,2025-11-21 10:55:00+00:00,LONG,95.73636749240083,2716.409944218457,2700.89,-57.13402813698809,12.0,0.0,-69.13402813698809,18
BTCUSDT,2025-11-21 11:00:00+00:00,2025-11-21 11:05:00+00:00,2025-11-21 12:35:00+00:00,LONG,33.18731643626754,82832.07600815172,81673.1,-139.9187445256911,12.0,0.0,-151.9187445256911,18
ETHUSDT,2025-11-21 11:10:00+00:00,2025-11-21 11:15:00+00:00,2025-11-21 12:45:00+00:00,LONG,53.13335989795863,2716.7585141730087,2728.15,41.93043204820501,12.0,0.0,29.930432048205013,18
ETHUSDT,2025-11-21 14:20:00+00:00,2025-11-21 14:25:00+00:00,2025-11-21 15:55:00+00:00,LONG,34.96756589975048,2724.3588781552885,2702.89,-78.80341436450445,12.0,0.0,-90.80341436450445,18
BTCUSDT,2025-11-21 15:05:00+00:00,2025-11-21 15:10:00+00:00,2025-11-21 16:40:00+00:00,LONG,22.958354157164532,84312.60734307478,83528.5,-93.00001124199375,12.0,-0.2642,-105.26421124199375,18
ETHUSDT,2025-11-21 16:00:00+00:00,2025-11-21 16:05:00+00:00,2025-11-21 17:35:00+00:00,LONG,44.07854495171449,2678.500380553601,2799.42,451.4452203340991,12.0,0.0,439.4452203340991,18
ETHUSDT,2025-11-21 18:00:00+00:00,2025-11-21 18:05:00+00:00,2025-11-21 19:35:00+00:00,LONG,20.589367688433963,2752.8014752667723,2766.33,49.14457092085378,12.0,0.0,37.14457092085378,18
BTCUSDT,2025-11-21 18:15:00+00:00,2025-11-21 18:20:00+00:00,2025-11-21 19:50:00+00:00,LONG,15.774994371245775,83329.06490681374,84331.2,120.26237115548177,12.0,0.0,108.26237115548177,18
ETHUSDT,2025-11-21 19:40:00+00:00,2025-11-21 19:45:00+00:00,2025-11-21 21:15:00+00:00,LONG,21.59691779826648,2751.2172938734507,2743.96,-26.3784830431657,12.0,0.0,-38.3784830431657,18
BTCUSDT,2025-11-22 06:00:00+00:00,2025-11-22 06:05:00+00:00,2025-11-22 07:35:00+00:00,LONG,19.104887482182903,84196.45361746228,84500.0,36.05215772113812,12.0,0.0,24.052157721138123,18
ETHUSDT,2025-11-22 06:00:00+00:00,2025-11-22 06:05:00+00:00,2025-11-22 07:35:00+00:00,LONG,37.30058044943984,2739.336863746666,2759.0,71.78064338695611,12.0,0.0,59.780643386956115,18
ETHUSDT,2025-11-22 08:30:00+00:00,2025-11-22 08:35:00+00:00,2025-11-22 10:05:00+00:00,LONG,19.704421832073482,2722.4911839908805,2726.48,14.651345916472103,12.0,0.0,2.6513459164721027,18
ETHUSDT,2025-11-22 10:45:00+00:00,2025-11-22 10:50:00+00:00,2025-11-22 12:20:00+00:00,LONG,15.23420759774871,2705.075996066741,2719.72,54.13527736208401,12.0,0.0,42.13527736208401,18
BTCUSDT,2025-11-22 16:10:00+00:00,2025-11-22 16:15:00+00:00,2025-11-22 17:45:00+00:00,SHORT,-16.690732513899,84584.69213364103,84506.3,9.26788661914979,12.0,0.0,-2.73211338085021,18
ETHUSDT,2025-11-22 16:10:00+00:00,2025-11-22 16:15:00+00:00,2025-11-22 17:45:00+00:00,SHORT,-15.982416655201593,2749.7572535818354,2747.75,7.299748293129182,12.0,0.0,-4.700251706870818,18
ETHUSDT,2025-11-23 07:25:00+00:00,2025-11-23 07:30:00+00:00,2025-11-23 09:00:00+00:00,LONG,22.657759123620856,2779.068539807887,2810.0,111.30153772404228,12.0,0.2356,99.53713772404228,18
BTCUSDT,2025-11-23 12:10:00+00:00,2025-11-23 12:15:00+00:00,2025-11-23 13:45:00+00:00,SHORT,-18.131335521026855,86592.12293481795,86668.3,-8.797228038790461,12.0,0.0,-20.79722803879046,18
ETHUSDT,2025-11-23 12:10:00+00:00,2025-11-23 12:15:00+00:00,2025-11-23 13:45:00+00:00,SHORT,-15.133407981013951,2827.9414774534616,2838.48,-37.265702386557464,12.0,0.0,-49.265702386557464,18
ETHUSDT,2025-11-23 15:00:00+00:00,2025-11-23 15:05:00+00:00,2025-11-23 16:35:00+00:00,LONG,15.409734360866418,2809.889297935432,2827.0,60.894577153414176,12.0,0.058699999999999995,48.95327715341418,18
BTCUSDT,2025-11-23 15:50:00+00:00,2025-11-23 15:55:00+00:00,2025-11-23 17:25:00+00:00,SHORT,-15.521296158569994,87054.08631124864,86611.8,50.805921926204704,12.0,-0.08929999999999999,38.7166219262047,18
ETHUSDT,2025-11-23 16:55:00+00:00,2025-11-23 17:00:00+00:00,2025-11-23 18:30:00+00:00,LONG,24.446742938227626,2796.8904060960376,2802.03,18.376100446269028,12.0,0.0,6.376100446269028,18
BTCUSDT,2025-11-23 19:15:00+00:00,2025-11-23 19:20:00+00:00,2025-11-23 20:50:00+00:00,SHORT,-15.103549655560597,87374.15051197843,87425.9,-5.922745768438542,12.0,0.0,-17.922745768438542,18
BTCUSDT,2025-11-23 21:50:00+00:00,2025-11-23 21:55:00+00:00,2025-11-23 23:25:00+00:00,SHORT,-16.579767581785546,87887.20320432294,86976.2,103.65595571462327,12.0,0.0,91.65595571462327,18
ETHUSDT,2025-11-24 06:05:00+00:00,2025-11-24 06:10:00+00:00,2025-11-24 07:40:00+00:00,LONG,17.301975122055836,2837.276661451769,2835.49,-6.297099877652368,12.0,0.0,-18.297099877652368,18
BTCUSDT,2025-11-24 06:20:00+00:00,2025-11-24 06:25:00+00:00,2025-11-24 07:55:00+00:00,LONG,15.1862059554386,87012.09181958002,87088.5,8.781328987976789,12.0,0.0,-3.2186710120232114,18
ETHUSDT,2025-11-24 13:10:00+00:00,2025-11-24 13:15:00+00:00,2025-11-24 14:45:00+00:00,SHORT,-15.882751131912642,2816.9775959001545,2802.34,51.962060051375936,12.0,0.0,39.962060051375936,18
ETHUSDT,2025-11-24 20:00:00+00:00,2025-11-24 20:05:00+00:00,2025-11-24 21:35:00+00:00,LONG,17.937107862984448,2952.775284502171,2967.31,49.223913428546595,12.0,0.0,37.223913428546595,18
ETHUSDT,2025-11-25 08:50:00+00:00,2025-11-25 08:55:00+00:00,2025-11-25 10:25:00+00:00,LONG,15.034718972298476,2876.8260382085778,2889.1,42.664942643055866,12.0,0.0,30.664942643055866,18
ETHUSDT,2025-11-25 12:40:00+00:00,2025-11-25 12:45:00+00:00,2025-11-25 14:15:00+00:00,SHORT,-16.94393327158153,2927.8998055490297,2911.11,57.344194351217624,12.0,0.0,45.344194351217624,18
ETHUSDT,2025-11-25 16:20:00+00:00,2025-11-25 16:25:00+00:00,2025-11-25 17:55:00+00:00,SHORT,-15.749711552473691,2918.8412104432527,2940.28,-73.44966036536115,12.0,0.0,-85.44966036536115,18
ETHUSDT,2025-11-26 14:45:00+00:00,2025-11-26 14:50:00+00:00,2025-11-26 16:20:00+00:00,SHORT,-22.342682043697142,2944.82518867189,2946.55,-5.857092416707843,12.0,0.1886,-17.668492416707842,18
BTCUSDT,2025-11-26 16:10:00+00:00,2025-11-26 16:15:00+00:00,2025-11-26 17:45:00+00:00,SHORT,-15.339383627943489,87562.55930173729,89473.2,-218.20292982514422,12.0,0.0,-230.20292982514422,18
ETHUSDT,2025-11-27 12:50:00+00:00,2025-11-27 12:55:00+00:00,2025-11-27 14:25:00+00:00,LONG,21.065374139606245,2993.952469753908,2987.18,-22.62049856277426,12.0,0.0,-34.62049856277426,18
BTCUSDT,2025-11-27 18:40:00+00:00,2025-11-27 18:45:00+00:00,2025-11-27 20:15:00+00:00,SHORT,-15.14381363753352,91744.86451369699,91446.3,32.542912922652874,12.0,0.0,20.542912922652874,18
BTCUSDT,2025-11-28 13:55:00+00:00,2025-11-28 14:00:00+00:00,2025-11-28 15:30:00+00:00,SHORT,-16.462345996232916,92368.70182613302,92616.7,-26.848723535575214,12.0,0.0,-38.84872353557522,18
ETHUSDT,2025-11-28 13:55:00+00:00,2025-11-28 14:00:00+00:00,2025-11-28 15:30:00+00:00,SHORT,-21.441842532830847,3074.3262170978087,3081.99,-24.928333433091865,12.0,0.0,-36.928333433091865,18
BTCUSDT,2025-11-28 17:35:00+00:00,2025-11-28 17:40:00+00:00,2025-11-28 19:10:00+00:00,LONG,18.565891214813693,90207.84329044225,90834.7,69.49026677641079,12.0,0.0,57.49026677641079,18
ETHUSDT,2025-11-28 17:35:00+00:00,2025-11-28 17:40:00+00:00,2025-11-28 19:10:00+00:00,LONG,16.278641002275158,3015.828769323539,3037.2,70.86354137159745,12.0,0.0,58.86354137159745,18
ETHUSDT,2025-11-29 06:40:00+00:00,2025-11-29 06:45:00+00:00,2025-11-29 08:15:00+00:00,LONG,18.649725483196598,3004.0887876309034,3005.29,3.9985914332563155,12.0,-0.051000000000000004,-8.052408566743685,18
ETHUSDT,2025-11-29 17:50:00+00:00,2025-11-29 17:55:00+00:00,2025-11-29 19:25:00+00:00,LONG,17.43581241204351,2972.173587125516,2995.7,79.15558154608648,12.0,0.0,67.15558154608648,18
BTCUSDT,2025-12-01 07:05:00+00:00,2025-12-01 07:10:00+00:00,2025-12-01 08:40:00+00:00,SHORT,-21.68804776714552,86110.58824792111,86657.0,-63.45465327744826,12.0,0.31529999999999997,-75.13935327744827,18
ETHUSDT,2025-12-01 07:10:00+00:00,2025-12-01 07:15:00+00:00,2025-12-01 08:45:00+00:00,SHORT,-17.422448811624413,2824.8111894414237,2840.37,-55.07911685117995,12.0,0.7757000000000001,-66.30341685117995,18
ETHUSDT,2025-12-01 11:55:00+00:00,2025-12-01 12:00:00+00:00,2025-12-01 13:30:00+00:00,LONG,15.170630211301562,2835.6154957712247,2822.03,-47.91021840402809,12.0,0.0,-59.91021840402809,18
BTCUSDT,2025-12-01 12:25:00+00:00,2025-12-01 12:30:00+00:00,2025-12-01 14:00:00+00:00,LONG,15.707459265793478,85779.41033932204,85943.7,19.152575195851007,12.0,0.0,7.152575195851007,18
BTCUSDT,2025-12-01 15:10:00+00:00,2025-12-01 15:15:00+00:00,2025-12-01 16:45:00+00:00,LONG,17.17362081412162,85484.40215499136,85105.1,-44.37091977360308,12.0,-0.14909999999999998,-56.520019773603074,18
ETHUSDT,2025-12-01 15:10:00+00:00,2025-12-01 15:15:00+00:00,2025-12-01 16:45:00+00:00,LONG,19.47989799589151,2797.363728100578,2744.72,-188.19050083388245,12.0,0.2535,-199.93700083388245,18
ETHUSDT,2025-12-01 17:00:00+00:00,2025-12-01 17:05:00+00:00,2025-12-01 18:35:00+00:00,LONG,43.99983550546634,2736.6138111988116,2741.0,16.027796042097364,12.0,0.0,4.027796042097364,18
BTCUSDT,2025-12-01 17:05:00+00:00,2025-12-01 17:10:00+00:00,2025-12-01 18:40:00+00:00,LONG,15.239036911424257,84713.91779658257,84877.6,19.321760541222144,12.0,0.0,7.321760541222144,18
BTCUSDT,2025-12-01 18:55:00+00:00,2025-12-01 19:00:00+00:00,2025-12-01 20:30:00+00:00,LONG,17.37807029962562,85103.22901808635,85221.1,13.850353655628922,12.0,0.0,1.850353655628922,18
ETHUSDT,2025-12-01 19:00:00+00:00,2025-12-01 19:05:00+00:00,2025-12-01 20:35:00+00:00,LONG,28.35378441563553,2744.8973081938434,2744.27,-2.285361248199891,12.0,0.0,-14.28536124819989,18
ETHUSDT,2025-12-01 20:40:00+00:00,2025-12-01 20:45:00+00:00,2025-12-01 22:15:00+00:00,LONG,35.69750748917778,2755.919741706345,2792.35,132.18911183203952,12.0,0.0,120.18911183203952,18
BTCUSDT,2025-12-01 20:45:00+00:00,2025-12-01 20:50:00+00:00,2025-12-01 22:20:00+00:00,LONG,15.266156563927725,85302.08352761563,86380.7,126.44667372458507,12.0,0.0,114.44667372458507,18
BTCUSDT,2025-12-02 14:05:00+00:00,2025-12-02 14:10:00+00:00,2025-12-02 15:40:00+00:00,SHORT,-16.9999196831429,88093.42132811465,90251.7,-244.998847739899,12.0,0.0,-256.998847739899,18
ETHUSDT,2025-12-02 14:20:00+00:00,2025-12-02 14:25:00+00:00,2025-12-02 15:55:00+00:00,SHORT,-15.084006553179698,2856.1403566094423,3006.66,-527.0036643760778,12.0,0.0,-539.0036643760778,18
BTCUSDT,2025-12-02 17:15:00+00:00,2025-12-02 17:20:00+00:00,2025-12-02 18:50:00+00:00,SHORT,-15.014088978602691,91386.64313650303,91958.7,-62.597426042063645,12.0,0.0,-74.59742604206365,18
ETHUSDT,2025-12-02 17:25:00+00:00,2025-12-02 17:30:00+00:00,2025-12-02 19:00:00+00:00,SHORT,-19.12689668549762,3028.0999396893644,3012.38,51.913543153985216,12.0,0.0,39.913543153985216,18
ETHUSDT,2025-12-03 10:20:00+00:00,2025-12-03 10:25:00+00:00,2025-12-03 11:55:00+00:00,SHORT,-15.639857894171492,3068.9549347244215,3071.1,-6.989562640062896,12.0,0.0,-18.989562640062896,18
ETHUSDT,2025-12-03 13:00:00+00:00,2025-12-03 13:05:00+00:00,2025-12-03 14:35:00+00:00,SHORT,-20.88861547210171,3087.968263035087,3054.39,108.73901599650515,12.0,0.0,96.73901599650515,18
ETHUSDT,2025-12-03 16:00:00+00:00,2025-12-03 16:05:00+00:00,2025-12-03 17:35:00+00:00,LONG,15.485116641136484,3081.04958357796,3102.15,68.4845077940488,12.0,0.0,56.484507794048795,18
BTCUSDT,2025-12-03 16:05:00+00:00,2025-12-03 16:10:00+00:00,2025-12-03 17:40:00+00:00,LONG,23.705163006954713,91780.61151865669,92764.6,107.21093105195756,12.0,0.0,95.21093105195756,18
ETHUSDT,2025-12-04 15:45:00+00:00,2025-12-04 15:50:00+00:00,2025-12-04 17:20:00+00:00,SHORT,-17.577568972198673,3202.5517300807646,3161.0,129.7456952544429,12.0,0.9628000000000001,118.7084952544429,18
ETHUSDT,2025-12-04 17:35:00+00:00,2025-12-04 17:40:00+00:00,2025-12-04 19:10:00+00:00,LONG,25.29717348120578,3139.895850464845,3121.58,-58.33266877986909,12.0,0.0,-70.3326687798691,18
ETHUSDT,2025-12-04 19:15:00+00:00,2025-12-04 19:20:00+00:00,2025-12-04 20:50:00+00:00,LONG,25.417055716853064,3073.7691031586787,3135.79,201.77474221335422,12.0,0.0,189.77474221335422,18
BTCUSDT,2025-12-04 19:40:00+00:00,2025-12-04 19:45:00+00:00,2025-12-04 21:15:00+00:00,LONG,20.88940045981624,91834.34006402626,92404.6,62.096589965818794,12.0,0.0,50.096589965818794,18
ETHUSDT,2025-12-04 21:50:00+00:00,2025-12-04 21:55:00+00:00,2025-12-04 23:25:00+00:00,LONG,18.720691073583524,3122.5189394751437,3136.93,46.15203559751091,12.0,0.0,34.15203559751091,18
ETHUSDT,2025-12-05 16:00:00+00:00,2025-12-05 16:05:00+00:00,2025-12-05 17:35:00+00:00,LONG,17.99914588139539,3088.8616676069746,3022.08,-216.2015486394775,12.0,0.0,-228.2015486394775,18
ETHUSDT,2025-12-05 18:40:00+00:00,2025-12-05 18:45:00+00:00,2025-12-05 20:15:00+00:00,LONG,20.910387126736655,3007.434040433834,3041.37,112.840245571173,12.0,0.0,100.840245571173,18
BTCUSDT,2025-12-05 18:50:00+00:00,2025-12-05 18:55:00+00:00,2025-12-05 20:25:00+00:00,LONG,18.238861391746862,88935.5725975543,89661.0,81.56774407113376,12.0,0.0,69.56774407113376,18
ETHUSDT,2025-12-07 14:20:00+00:00,2025-12-07 14:25:00+00:00,2025-12-07 15:55:00+00:00,LONG,23.907564098377136,2966.2476927713255,2995.83,99.72972688951698,12.0,0.0,87.72972688951698,18
BTCUSDT,2025-12-07 17:20:00+00:00,2025-12-07 17:25:00+00:00,2025-12-07 18:55:00+00:00,SHORT,-17.527213291822797,90619.35579693069,91352.5,-80.9037094362286,12.0,0.0,-92.9037094362286,18
ETHUSDT,2025-12-07 20:00:00+00:00,2025-12-07 20:05:00+00:00,2025-12-07 21:35:00+00:00,LONG,15.044903667573202,3131.214225319119,3127.32,-12.436789816646643,12.0,0.0,-24.436789816646645,18
BTCUSDT,2025-12-07 21:45:00+00:00,2025-12-07 21:50:00+00:00,2025-12-07 23:20:00+00:00,LONG,17.179346538385214,90180.5619975447,89751.3,-47.60027970954428,12.0,0.0,-59.60027970954428,18
ETHUSDT,2025-12-07 21:45:00+00:00,2025-12-07 21:50:00+00:00,2025-12-07 23:20:00+00:00,LONG,26.550790814643182,3086.5005019499513,3034.34,-168.99560494805678,12.0,0.0,-180.99560494805678,18
BTCUSDT,2025-12-08 15:20:00+00:00,2025-12-08 15:25:00+00:00,2025-12-08 16:55:00+00:00,LONG,15.918454990875619,89857.4461371091,89829.0,-3.1656961478399026,12.0,-0.33949999999999997,-15.505196147839902,18
ETHUSDT,2025-12-08 15:55:00+00:00,2025-12-08 16:00:00+00:00,2025-12-08 17:30:00+00:00,LONG,15.321004442031784,3096.044830003059,3105.15,29.409037972270013,12.0,-0.41390000000000005,16.99513797227001,18
ETHUSDT,2025-12-09 15:00:00+00:00,2025-12-09 15:05:00+00:00,2025-12-09 16:35:00+00:00,SHORT,-15.10680091707693,3144.9957656334204,3328.34,-582.9713234276901,12.0,0.3873,-594.5840234276901,18
BTCUSDT,2025-12-09 15:35:00+00:00,2025-12-09 15:40:00+00:00,2025-12-09 17:10:00+00:00,SHORT,-19.94396820768027,91619.64942466798,94421.5,-305.8132827320814,12.0,0.5443,-317.2689827320814,18
ETHUSDT,2025-12-09 18:45:00+00:00,2025-12-09 18:50:00+00:00,2025-12-09 20:20:00+00:00,LONG,17.016099717813567,3362.8072727732615,3337.39,-75.58349531075037,12.0,0.0,-87.58349531075037,18
BTCUSDT,2025-12-09 20:40:00+00:00,2025-12-09 20:45:00+00:00,2025-12-09 22:15:00+00:00,LONG,17.179254163232017,92930.81732296322,92598.5,-35.759647072544084,12.0,0.0,-47.759647072544084,18
ETHUSDT,2025-12-09 20:55:00+00:00,2025-12-09 21:00:00+00:00,2025-12-09 22:30:00+00:00,LONG,17.2423859539132,3323.3195169738674,3311.78,-34.722863434975,12.0,0.0,-46.722863434975,18
BTCUSDT,2025-12-10 09:45:00+00:00,2025-12-10 09:50:00+00:00,2025-12-10 11:20:00+00:00,SHORT,-15.169953899053061,92791.29584080858,92309.5,51.92252532340347,12.0,0.0,39.92252532340347,18
ETHUSDT,2025-12-10 09:55:00+00:00,2025-12-10 10:00:00+00:00,2025-12-10 11:30:00+00:00,SHORT,-15.746048373706383,3347.34190253414,3316.32,92.67622919144958,12.0,0.0,80.67622919144958,18
ETHUSDT,2025-12-10 13:20:00+00:00,2025-12-10 13:25:00+00:00,2025-12-10 14:55:00+00:00,SHORT,-15.045147637761863,3336.6682228942714,3315.19,64.3702683620151,12.0,0.0,52.370268362015096,18
BTCUSDT,2025-12-10 20:10:00+00:00,2025-12-10 20:15:00+00:00,2025-12-10 21:45:00+00:00,SHORT,-16.504231507114355,94315.76917900873,92433.7,199.5497884809283,12.0,0.0,187.5497884809283,18
ETHUSDT,2025-12-10 20:50:00+00:00,2025-12-10 20:55:00+00:00,2025-12-10 22:25:00+00:00,LONG,16.701567470812716,3353.2933375500766,3333.99,-57.565311492193686,12.0,0.0,-69.56531149219369,18
ETHUSDT,2025-12-11 06:20:00+00:00,2025-12-11 06:25:00+00:00,2025-12-11 07:55:00+00:00,LONG,29.747644490175645,3195.1357460763766,3200.97,18.25979985603965,12.0,0.0,6.259799856039649,18
ETHUSDT,2025-12-11 08:00:00+00:00,2025-12-11 08:05:00+00:00,2025-12-11 09:35:00+00:00,SHORT,-25.014978710698536,3198.917706187917,3202.46,-11.073413377378216,12.0,0.0,-23.073413377378216,18
ETHUSDT,2025-12-11 09:50:00+00:00,2025-12-11 09:55:00+00:00,2025-12-11 11:25:00+00:00,LONG,18.521094285953808,3193.5471559869534,3196.49,9.214969653821292,12.0,0.0,-2.785030346178708,18
ETHUSDT,2025-12-11 12:05:00+00:00,2025-12-11 12:10:00+00:00,2025-12-11 13:40:00+00:00,LONG,22.83210381610615,3186.2125600212235,3195.28,28.458364933181546,12.0,0.0,16.458364933181546,18
ETHUSDT,2025-12-11 14:25:00+00:00,2025-12-11 14:30:00+00:00,2025-12-11 16:00:00+00:00,LONG,22.66114914371917,3182.9161336975644,3177.71,-16.356490334278327,12.0,-0.2616,-28.618090334278328,18
ETHUSDT,2025-12-11 16:05:00+00:00,2025-12-11 16:10:00+00:00,2025-12-11 17:40:00+00:00,LONG,26.652427233288236,3158.4951762790665,3195.63,117.57125355081666,12.0,0.0,105.57125355081666,18
ETHUSDT,2025-12-11 17:50:00+00:00,2025-12-11 17:55:00+00:00,2025-12-11 19:25:00+00:00,LONG,17.322425025297715,3181.2714594276745,3209.95,90.14804595607995,12.0,0.0,78.14804595607995,18
BTCUSDT,2025-12-11 19:35:00+00:00,2025-12-11 19:40:00+00:00,2025-12-11 21:10:00+00:00,SHORT,-15.108808606663747,91423.09750149417,92206.2,-85.65696414880586,12.0,0.0,-97.65696414880586,18
ETHUSDT,2025-12-11 20:55:00+00:00,2025-12-11 21:00:00+00:00,2025-12-11 22:30:00+00:00,SHORT,-23.822811491939664,3222.3512769009035,3237.01,-45.49076695696152,12.0,0.0,-57.49076695696152,18
BTCUSDT,2025-12-11 21:15:00+00:00,2025-12-11 21:20:00+00:00,2025-12-11 22:50:00+00:00,SHORT,-18.624011161920112,92929.84264856667,92230.8,75.22262264128,12.0,0.0,63.22262264128,18
BTCUSDT,2025-12-12 10:05:00+00:00,2025-12-12 10:10:00+00:00,2025-12-12 11:40:00+00:00,SHORT,-17.776034323133604,92581.29358790567,92278.5,32.705698545697494,12.0,0.0,20.705698545697494,18
BTCUSDT,2025-12-12 15:45:00+00:00,2025-12-12 15:50:00+00:00,2025-12-12 17:20:00+00:00,LONG,15.201051362181895,90632.00308506875,90426.2,-22.707551203031695,12.0,-0.3383,-35.045851203031695,18
ETHUSDT,2025-12-12 15:50:00+00:00,2025-12-12 15:55:00+00:00,2025-12-12 17:25:00+00:00,LONG,61.76932329966063,3078.400737517592,3078.88,1.5568554040656934,12.0,0.0236,-10.419544595934306,18
BTCUSDT,2025-12-12 18:15:00+00:00,2025-12-12 18:20:00+00:00,2025-12-12 19:50:00+00:00,LONG,15.057130186418922,90364.53714126909,90122.4,-26.795593595588805,12.0,0.0,-38.795593595588805,18
ETHUSDT,2025-12-12 18:15:00+00:00,2025-12-12 18:20:00+00:00,2025-12-12 19:50:00+00:00,LONG,22.257105893729925,3079.6448653692282,3065.09,-47.26150580834254,12.0,0.0,-59.26150580834254,18
ETHUSDT,2025-12-12 21:55:00+00:00,2025-12-12 22:00:00+00:00,2025-12-12 23:30:00+00:00,SHORT,-20.45622439691991,3081.3679178349726,3087.11,-18.634847633067775,12.0,0.0,-30.634847633067775,18
ETHUSDT,2025-12-14 11:40:00+00:00,2025-12-14 11:45:00+00:00,2025-12-14 13:15:00+00:00,LONG,21.183635233838782,3062.777367838799,3089.72,87.96797457143457,12.0,0.0,75.96797457143457,18
BTCUSDT,2025-12-14 19:35:00+00:00,2025-12-14 19:40:00+00:00,2025-12-14 21:10:00+00:00,LONG,15.512406818173814,88542.15333199296,88411.5,-14.756059919061038,12.0,0.0,-26.756059919061038,18
ETHUSDT,2025-12-15 14:45:00+00:00,2025-12-15 14:50:00+00:00,2025-12-15 16:20:00+00:00,LONG,15.875955612153335,3087.2582587410143,3008.47,-255.20462539193045,12.0,-0.20509999999999998,-267.40972539193046,18
BTCUSDT,2025-12-15 16:20:00+00:00,2025-12-15 16:25:00+00:00,2025-12-15 17:55:00+00:00,SHORT,-16.76608076812887,86971.68473879118,85728.1,142.98731162057265,12.0,0.0,130.98731162057265,18
ETHUSDT,2025-12-15 16:35:00+00:00,2025-12-15 16:40:00+00:00,2025-12-15 18:10:00+00:00,LONG,15.294069787276802,2979.315160664375,2933.06,-155.25433923566646,12.0,0.0,-167.25433923566646,18
BTCUSDT,2025-12-15 18:10:00+00:00,2025-12-15 18:15:00+00:00,2025-12-15 19:45:00+00:00,LONG,25.98344896329326,85795.31322974419,86160.5,42.56488571559913,12.0,0.0,30.564885715599132,18
ETHUSDT,2025-12-15 18:15:00+00:00,2025-12-15 18:20:00+00:00,2025-12-15 19:50:00+00:00,LONG,20.485939945943077,2929.578943574311,2940.6,37.61993323259772,12.0,0.0,25.619933232597717,18
BTCUSDT,2025-12-15 20:05:00+00:00,2025-12-15 20:10:00+00:00,2025-12-15 21:40:00+00:00,LONG,15.705568999620688,85805.69626820652,86110.0,35.46428093098797,12.0,0.0,23.464280930987968,18
ETHUSDT,2025-12-15 20:45:00+00:00,2025-12-15 20:50:00+00:00,2025-12-15 22:20:00+00:00,LONG,37.53822297838306,2925.9395530194265,2940.7,50.44686232612339,12.0,0.0,38.44686232612339,18
ETHUSDT,2025-12-16 06:50:00+00:00,2025-12-16 06:55:00+00:00,2025-12-16 08:25:00+00:00,LONG,24.086044082054954,2945.9254188887244,2923.5,-76.12351196991219,12.0,-0.2281,-88.35161196991218,18
ETHUSDT,2025-12-16 08:40:00+00:00,2025-12-16 08:45:00+00:00,2025-12-16 10:15:00+00:00,LONG,20.209212893025867,2932.8344565771145,2927.13,-19.450319005634988,12.0,0.0,-31.450319005634988,18
BTCUSDT,2025-12-16 10:35:00+00:00,2025-12-16 10:40:00+00:00,2025-12-16 12:10:00+00:00,SHORT,-16.72151272308953,86741.59488203435,87195.1,-52.28231260705041,12.0,0.0,-64.28231260705041,18
ETHUSDT,2025-12-16 10:40:00+00:00,2025-12-16 10:45:00+00:00,2025-12-16 12:15:00+00:00,SHORT,-21.252101145854162,2955.585668467353,2957.66,-7.018343453135678,12.0,0.0,-19.018343453135678,18
ETHUSDT,2025-12-16 13:20:00+00:00,2025-12-16 13:25:00+00:00,2025-12-16 14:55:00+00:00,SHORT,-19.01483212192796,2957.1160144198166,2934.81,75.43165134896834,12.0,0.0,63.431651348968344,18
BTCUSDT,2025-12-16 15:50:00+00:00,2025-12-16 15:55:00+00:00,2025-12-16 17:25:00+00:00,SHORT,-15.47836159397104,87970.62392001823,87445.5,59.69309942551626,12.0,0.40890000000000004,48.10199942551626,18
BTCUSDT,2025-12-16 18:30:00+00:00,2025-12-16 18:35:00+00:00,2025-12-16 20:05:00+00:00,SHORT,-15.181425847416117,87708.41291722949,87588.5,13.671769131503586,12.0,0.0,1.671769131503586,18
ETHUSDT,2025-12-17 15:50:00+00:00,2025-12-17 15:55:00+00:00,2025-12-17 17:25:00+00:00,LONG,18.933666635039334,2901.664532326815,2872.67,-99.92379202968804,12.0,-0.0086,-111.93239202968805,18
BTCUSDT,2025-12-17 16:15:00+00:00,2025-12-17 16:20:00+00:00,2025-12-17 17:50:00+00:00,LONG,23.450906778828205,86524.03427156943,86449.1,-8.660515219878206,12.0,0.0,-20.660515219878206,18
BTCUSDT,2025-12-17 18:05:00+00:00,2025-12-17 18:10:00+00:00,2025-12-17 19:40:00+00:00,LONG,19.928982830925634,86627.59312694821,85764.7,-99.60950036828176,12.0,0.0,-111.60950036828176,18
ETHUSDT,2025-12-17 18:35:00+00:00,2025-12-17 18:40:00+00:00,2025-12-17 20:10:00+00:00,LONG,17.140340036359618,2841.1447748765254,2809.98,-109.69090752469546,12.0,0.0,-121.69090752469546,18
BTCUSDT,2025-12-17 21:15:00+00:00,2025-12-17 21:20:00+00:00,2025-12-17 22:50:00+00:00,LONG,15.074113491010133,85817.83667037432,86175.2,41.64208088795141,12.0,0.0,29.64208088795141,18
ETHUSDT,2025-12-17 21:30:00+00:00,2025-12-17 21:35:00+00:00,2025-12-17 23:05:00+00:00,LONG,21.18337438435523,2812.0993591262677,2827.66,55.33460552605396,12.0,0.0,43.33460552605396,18
ETHUSDT,2025-12-18 06:00:00+00:00,2025-12-18 06:05:00+00:00,2025-12-18 07:35:00+00:00,LONG,18.912882304168615,2825.9372431581064,2835.89,35.21931304734327,12.0,0.0,23.21931304734327,18
BTCUSDT,2025-12-18 13:05:00+00:00,2025-12-18 13:10:00+00:00,2025-12-18 14:40:00+00:00,SHORT,-15.59412646028654,87738.40718319602,88176.3,-49.908908864697565,12.0,0.0,-61.908908864697565,18
ETHUSDT,2025-12-18 15:10:00+00:00,2025-12-18 15:15:00+00:00,2025-12-18 16:45:00+00:00,LONG,18.21124671829395,2932.270452351781,2950.02,60.53175495453811,12.0,-0.589,47.94275495453811,18
BTCUSDT,2025-12-18 15:45:00+00:00,2025-12-18 15:50:00+00:00,2025-12-18 17:20:00+00:00,SHORT,-22.416039087637355,88773.2675936882,86129.9,297.7661705308399,12.0,0.8355,286.6016705308399,18
ETHUSDT,2025-12-18 17:05:00+00:00,2025-12-18 17:10:00+00:00,2025-12-18 18:40:00+00:00,LONG,18.844075115370803,2861.301820387043,2848.98,-43.06368625374923,12.0,0.0,-55.06368625374923,18
BTCUSDT,2025-12-18 17:25:00+00:00,2025-12-18 17:30:00+00:00,2025-12-18 19:00:00+00:00,LONG,23.05823546868783,85775.20518632165,85946.7,19.99351832570051,12.0,0.0,7.99351832570051,18
BTCUSDT,2025-12-18 19:10:00+00:00,2025-12-18 19:15:00+00:00,2025-12-18 20:45:00+00:00,LONG,17.301944086799956,85552.26334070264,84979.3,-66.97231824491668,12.0,0.0,-78.97231824491668,18
ETHUSDT,2025-12-18 19:10:00+00:00,2025-12-18 19:15:00+00:00,2025-12-18 20:45:00+00:00,LONG,16.30117815273815,2813.291050483603,2791.63,-76.99541247209174,12.0,0.0,-88.99541247209174,18
ETHUSDT,2025-12-18 20:50:00+00:00,2025-12-18 20:55:00+00:00,2025-12-18 22:25:00+00:00,LONG,15.056306359438757,2783.2171902082573,2821.86,138.8422359839314,12.0,0.0,126.8422359839314,18
ETHUSDT,2025-12-19 06:55:00+00:00,2025-12-19 07:00:00+00:00,2025-12-19 08:30:00+00:00,SHORT,-15.841836810879752,2948.107263864332,2939.4,29.535098573443275,12.0,0.7284999999999999,18.263598573443275,18
ETHUSDT,2025-12-19 15:10:00+00:00,2025-12-19 15:15:00+00:00,2025-12-19 16:45:00+00:00,SHORT,-17.730653970197185,2989.57258016114,2980.62,29.946020446366404,12.0,0.9196,18.865620446366403,18
BTCUSDT,2025-12-19 17:40:00+00:00,2025-12-19 17:45:00+00:00,2025-12-19 19:15:00+00:00,LONG,25.44490816726435,87016.07316350548,87267.7,28.917282445244386,12.0,0.0,16.917282445244386,18
ETHUSDT,2025-12-19 19:20:00+00:00,2025-12-19 19:25:00+00:00,2025-12-19 20:55:00+00:00,SHORT,-20.254405047234428,2985.264037683045,2993.75,-28.426170046724764,12.0,0.0,-40.42617004672476,18
ETHUSDT,2025-12-21 13:30:00+00:00,2025-12-21 13:35:00+00:00,2025-12-21 15:05:00+00:00,LONG,24.906760021900237,2956.074724095709,2964.65,29.008995727990428,12.0,0.0,17.008995727990428,18
BTCUSDT,2025-12-22 08:25:00+00:00,2025-12-22 08:30:00+00:00,2025-12-22 10:00:00+00:00,LONG,15.615418449787423,89755.83654746559,89785.3,3.282622464204632,12.0,0.0,-8.717377535795368,18
ETHUSDT,2025-12-22 18:55:00+00:00,2025-12-22 19:00:00+00:00,2025-12-22 20:30:00+00:00,LONG,17.74279513300985,3012.726238327148,2971.94,-135.379835739059,12.0,0.0,-147.379835739059,18
BTCUSDT,2025-12-23 06:10:00+00:00,2025-12-23 06:15:00+00:00,2025-12-23 07:45:00+00:00,LONG,15.345902717875997,87473.3582046775,87474.8,0.16482679436213843,12.0,0.0,-11.835173205637862,18
ETHUSDT,2025-12-24 06:00:00+00:00,2025-12-24 06:05:00+00:00,2025-12-24 07:35:00+00:00,LONG,18.086708400655336,2924.4276555160527,2937.41,44.39277018687626,12.0,0.0,32.39277018687626,18
BTCUSDT,2025-12-25 15:25:00+00:00,2025-12-25 15:30:00+00:00,2025-12-25 17:00:00+00:00,SHORT,-15.772929059678756,88054.89619067607,88042.1,1.4532060373284583,12.0,0.8322,-9.714593962671541,18
ETHUSDT,2025-12-25 15:45:00+00:00,2025-12-25 15:50:00+00:00,2025-12-25 17:20:00+00:00,SHORT,-16.215548495280206,2964.734164639409,2946.54,61.36862068920723,12.0,0.497,49.86562068920723,18
BTCUSDT,2025-12-29 12:30:00+00:00,2025-12-29 12:35:00+00:00,2025-12-29 14:05:00+00:00,SHORT,-15.604388859151262,87359.75970609373,87287.9,8.225721583425827,12.0,0.0,-3.774278416574173,18
ETHUSDT,2025-12-29 13:10:00+00:00,2025-12-29 13:15:00+00:00,2025-12-29 14:45:00+00:00,SHORT,-23.333615289954402,2933.6796800825578,2957.47,-81.09378838787373,12.0,0.0,-93.09378838787373,18
BTCUSDT,2025-12-29 14:10:00+00:00,2025-12-29 14:15:00+00:00,2025-12-29 15:45:00+00:00,SHORT,-18.564124802176828,87414.31379024996,87774.8,-41.23880793882595,12.0,0.0,-53.23880793882595,18
ETHUSDT,2025-12-29 14:50:00+00:00,2025-12-29 14:55:00+00:00,2025-12-29 16:25:00+00:00,SHORT,-15.358807860357881,2936.882714240055,2934.09,9.509110549474897,12.0,0.1862,-2.3046894505251028,18
ETHUSDT,2026-01-02 09:55:00+00:00,2026-01-02 10:00:00+00:00,2026-01-02 11:30:00+00:00,SHORT,-15.556813165362437,3048.4073547080557,3046.22,7.175401623007449,12.0,0.0,-4.824598376992551,18
BTCUSDT,2026-01-02 10:05:00+00:00,2026-01-02 10:10:00+00:00,2026-01-02 11:40:00+00:00,SHORT,-17.194871510707394,89703.32089938568,89441.1,29.232016914936267,12.0,0.0,17.232016914936267,18
BTCUSDT,2026-01-02 14:45:00+00:00,2026-01-02 14:50:00+00:00,2026-01-02 16:20:00+00:00,SHORT,-16.912824589571727,89820.12426419517,89717.3,11.447798033847878,12.0,0.4813,-0.07090196615212202,18
ETHUSDT,2026-01-02 14:45:00+00:00,2026-01-02 14:50:00+00:00,2026-01-02 16:20:00+00:00,SHORT,-21.495566781705413,3083.1650713059407,3097.08,-45.13196138462128,12.0,1.0,-56.13196138462128,18
BTCUSDT,2026-01-02 16:25:00+00:00,2026-01-02 16:30:00+00:00,2026-01-02 18:00:00+00:00,SHORT,-20.053482019530904,90069.64962375173,90320.0,-27.795198193183435,12.0,0.0,-39.79519819318344,18
ETHUSDT,2026-01-02 16:25:00+00:00,2026-01-02 16:30:00+00:00,2026-01-02 18:00:00+00:00,SHORT,-19.50976108460241,3107.4522343676626,3121.94,-46.62264948791961,12.0,0.0,-58.62264948791961,18
ETHUSDT,2026-01-03 14:25:00+00:00,2026-01-03 14:30:00+00:00,2026-01-03 16:00:00+00:00,SHORT,-15.48311432542851,3109.594183824173,3099.91,31.14291850219275,12.0,0.3231,19.46601850219275,18
ETHUSDT,2026-01-06 14:10:00+00:00,2026-01-06 14:15:00+00:00,2026-01-06 15:45:00+00:00,SHORT,-15.829873030763896,3275.3888292812144,3269.2,18.89494531424174,12.0,0.0,6.894945314241738,18
BTCUSDT,2026-01-06 14:15:00+00:00,2026-01-06 14:20:00+00:00,2026-01-06 15:50:00+00:00,SHORT,-15.305493275166196,94126.13624718362,93504.4,66.05351839269025,12.0,0.0,54.05351839269025,18
BTCUSDT,2026-01-06 17:40:00+00:00,2026-01-06 17:45:00+00:00,2026-01-06 19:15:00+00:00,LONG,16.79403276948101,92147.5269445266,92188.2,4.413906354521213,12.0,0.0,-7.586093645478787,18
ETHUSDT,2026-01-06 17:55:00+00:00,2026-01-06 18:00:00+00:00,2026-01-06 19:30:00+00:00,LONG,19.794090176928638,3191.871625836137,3223.36,98.65175625794365,12.0,0.0,86.65175625794365,18
ETHUSDT,2026-01-07 16:00:00+00:00,2026-01-07 16:05:00+00:00,2026-01-07 17:35:00+00:00,SHORT,-15.010942392370257,3169.6705286974707,3168.12,4.891766142356424,12.0,0.0,-7.108233857643576,18
ETHUSDT,2026-01-08 06:10:00+00:00,2026-01-08 06:15:00+00:00,2026-01-08 07:45:00+00:00,LONG,16.651556881246048,3129.356506262996,3128.83,-1.6824745341170733,12.0,0.0,-13.682474534117073,18
BTCUSDT,2026-01-08 06:30:00+00:00,2026-01-08 06:35:00+00:00,2026-01-08 08:05:00+00:00,LONG,16.316721150020108,90248.2110303245,90517.5,29.838704457534337,12.0,-1.0,16.838704457534337,18
ETHUSDT,2026-01-08 14:35:00+00:00,2026-01-08 14:40:00+00:00,2026-01-08 16:10:00+00:00,LONG,16.450164116950177,3063.7003432492334,3098.25,112.77100525479256,12.0,-0.0049,100.76610525479255,18
BTCUSDT,2026-01-09 15:35:00+00:00,2026-01-09 15:40:00+00:00,2026-01-09 17:10:00+00:00,SHORT,-17.192007439915997,91646.62256251743,91539.9,11.645007697325127,12.0,0.0218,-0.33319230267487293,18
ETHUSDT,2026-01-09 19:20:00+00:00,2026-01-09 19:25:00+00:00,2026-01-09 20:55:00+00:00,LONG,18.6604039698419,3074.5573990354483,3073.97,-1.9105157562926411,12.0,0.0,-13.910515756292641,18
ETHUSDT,2026-01-09 21:00:00+00:00,2026-01-09 21:05:00+00:00,2026-01-09 22:35:00+00:00,LONG,16.387266505600714,3069.945440752774,3084.72,48.12645544476801,12.0,0.0,36.12645544476801,18
ETHUSDT,2026-01-12 17:30:00+00:00,2026-01-12 17:35:00+00:00,2026-01-12 19:05:00+00:00,LONG,17.371212339537376,3088.614267269151,3097.41,28.47792559938611,12.0,0.0,16.47792559938611,18
ETHUSDT,2026-01-12 21:15:00+00:00,2026-01-12 21:20:00+00:00,2026-01-12 22:50:00+00:00,LONG,16.82351367235238,3099.3215067399155,3100.12,2.576348592258082,12.0,0.0,-9.423651407741918,18
ETHUSDT,2026-01-13 14:25:00+00:00,2026-01-13 14:30:00+00:00,2026-01-13 16:00:00+00:00,SHORT,-16.319776670261838,3155.9730308635903,3183.11,-85.98606157601995,12.0,0.0,-97.98606157601995,18
ETHUSDT,2026-01-13 16:05:00+00:00,2026-01-13 16:10:00+00:00,2026-01-13 17:40:00+00:00,SHORT,-16.890195851356662,3182.910557212419,3173.33,30.09998880021847,12.0,0.0,18.09998880021847,18
ETHUSDT,2026-01-13 19:30:00+00:00,2026-01-13 19:35:00+00:00,2026-01-13 21:05:00+00:00,SHORT,-15.529747820088426,3209.143274493076,3209.46,-0.9869472311851979,12.0,0.0,-12.986947231185198,18
BTCUSDT,2026-01-13 20:00:00+00:00,2026-01-13 20:05:00+00:00,2026-01-13 21:35:00+00:00,SHORT,-15.84295684578353,94233.1253693708,94200.0,3.5152574257679703,12.0,0.0,-8.48474257423203,18
ETHUSDT,2026-01-14 06:00:00+00:00,2026-01-14 06:05:00+00:00,2026-01-14 07:35:00+00:00,LONG,21.922011075988284,3327.154851595357,3329.81,7.980236938385232,12.0,0.0,-4.019763061614768,18
BTCUSDT,2026-01-14 14:00:00+00:00,2026-01-14 14:05:00+00:00,2026-01-14 15:35:00+00:00,SHORT,-16.907402910101727,95226.50538428243,96776.3,-162.74824004760546,12.0,0.0,-174.74824004760546,18
ETHUSDT,2026-01-14 14:45:00+00:00,2026-01-14 14:50:00+00:00,2026-01-14 16:20:00+00:00,SHORT,-15.1997625522191,3341.764871431195,3365.69,-71.5942907095024,12.0,0.8331,-82.7611907095024,18
ETHUSDT,2026-01-14 19:25:00+00:00,2026-01-14 19:30:00+00:00,2026-01-14 21:00:00+00:00,SHORT,-15.03678597624481,3392.678654675362,3381.91,31.74086252030417,12.0,0.0,19.74086252030417,18
BTCUSDT,2026-01-15 09:35:00+00:00,2026-01-15 09:40:00+00:00,2026-01-15 11:10:00+00:00,SHORT,-15.625932895678247,96960.79799613741,96693.4,27.57794919840295,12.0,0.0,15.577949198402951,18
BTCUSDT,2026-01-15 12:50:00+00:00,2026-01-15 12:55:00+00:00,2026-01-15 14:25:00+00:00,SHORT,-16.627587030134126,96917.36396893482,96745.6,17.722723968212062,12.0,0.0,5.722723968212062,18
ETHUSDT,2026-01-15 15:45:00+00:00,2026-01-15 15:50:00+00:00,2026-01-15 17:20:00+00:00,LONG,25.702255476193553,3289.5193438439364,3320.12,93.02470348238057,12.0,-0.9722,80.05250348238057,18
ETHUSDT,2026-01-15 17:45:00+00:00,2026-01-15 17:50:00+00:00,2026-01-15 19:20:00+00:00,LONG,16.27051441341129,3314.23117570794,3295.66,-56.03464189239404,12.0,0.0,-68.03464189239403,18
ETHUSDT,2026-01-15 19:25:00+00:00,2026-01-15 19:30:00+00:00,2026-01-15 21:00:00+00:00,LONG,17.44453693820714,3285.0369238309786,3286.53,4.545081847300292,12.0,0.0,-7.454918152699708,18
BTCUSDT,2026-01-15 20:20:00+00:00,2026-01-15 20:25:00+00:00,2026-01-15 21:55:00+00:00,LONG,15.242043249854337,95328.50581312425,95503.6,18.36745319589772,12.0,0.0,6.3674531958977205,18
BTCUSDT,2026-01-19 06:25:00+00:00,2026-01-19 06:30:00+00:00,2026-01-19 08:00:00+00:00,SHORT,-20.630505789182024,92509.65207876591,92787.8,-30.06690815324564,12.0,0.0,-42.06690815324564,18
ETHUSDT,2026-01-19 06:55:00+00:00,2026-01-19 07:00:00+00:00,2026-01-19 08:30:00+00:00,SHORT,-22.409514775355923,3195.2555391802957,3207.61,-38.665016516563625,12.0,-0.11399999999999999,-50.77901651656362,18
BTCUSDT,2026-01-19 08:20:00+00:00,2026-01-19 08:25:00+00:00,2026-01-19 09:55:00+00:00,LONG,17.577522081703748,93126.99901578388,92972.7,-16.568666167126047,12.0,0.0,-28.568666167126047,18
ETHUSDT,2026-01-20 06:20:00+00:00,2026-01-20 06:25:00+00:00,2026-01-20 07:55:00+00:00,LONG,16.907141587047974,3138.3482727742894,3127.36,-35.012917048162784,12.0,0.0,-47.012917048162784,18
ETHUSDT,2026-01-20 08:00:00+00:00,2026-01-20 08:05:00+00:00,2026-01-20 09:35:00+00:00,SHORT,-16.74296185447874,3118.6124770663355,3092.63,83.31422149242762,12.0,0.0,71.31422149242762,18
ETHUSDT,2026-01-20 09:40:00+00:00,2026-01-20 09:45:00+00:00,2026-01-20 11:15:00+00:00,SHORT,-22.15812284143565,3094.922382542541,3105.61,-34.53274795434113,12.0,0.0,-46.53274795434113,18
ETHUSDT,2026-01-20 11:20:00+00:00,2026-01-20 11:25:00+00:00,2026-01-20 12:55:00+00:00,SHORT,-27.967010009069597,3106.128999685786,3108.69,-8.24499019349556,12.0,0.0,-20.24499019349556,18
ETHUSDT,2026-01-20 13:30:00+00:00,2026-01-20 13:35:00+00:00,2026-01-20 15:05:00+00:00,SHORT,-20.834549078264047,3085.1235327726745,3025.53,193.16417037964163,12.0,0.0,181.16417037964163,18
ETHUSDT,2026-01-20 15:10:00+00:00,2026-01-20 15:15:00+00:00,2026-01-20 16:45:00+00:00,LONG,21.265741782617038,3012.8617450563092,3002.71,-33.69469267206493,12.0,-0.1232,-45.81789267206493,18
BTCUSDT,2026-01-20 16:40:00+00:00,2026-01-20 16:45:00+00:00,2026-01-20 18:15:00+00:00,LONG,15.983365799662447,90035.23605232766,89874.7,-17.830358353740916,12.0,0.0,-29.830358353740916,18
ETHUSDT,2026-01-20 17:20:00+00:00,2026-01-20 17:25:00+00:00,2026-01-20 18:55:00+00:00,LONG,15.068838329482661,3007.3646393877607,2989.74,-58.604929900848425,12.0,0.0,-70.60492990084842,18
ETHUSDT,2026-01-20 19:25:00+00:00,2026-01-20 19:30:00+00:00,2026-01-20 21:00:00+00:00,LONG,17.383608595666647,2989.4437163291395,3005.64,54.17825257050923,12.0,0.0,42.17825257050923,18
ETHUSDT,2026-01-20 21:30:00+00:00,2026-01-20 21:35:00+00:00,2026-01-20 23:05:00+00:00,SHORT,-16.083045609423866,2990.365266592315,2937.88,175.5145673295111,12.0,0.0,163.5145673295111,18
ETHUSDT,2026-01-21 12:10:00+00:00,2026-01-21 12:15:00+00:00,2026-01-21 13:45:00+00:00,LONG,19.17651450863959,2918.620998741186,2926.2,25.967747309714184,12.0,0.0,13.967747309714184,18
BTCUSDT,2026-01-21 12:25:00+00:00,2026-01-21 12:30:00+00:00,2026-01-21 14:00:00+00:00,LONG,15.124045188708555,88284.03284086593,88631.1,39.31256286849427,12.0,0.0,27.31256286849427,18
ETHUSDT,2026-01-21 16:50:00+00:00,2026-01-21 16:55:00+00:00,2026-01-21 18:25:00+00:00,LONG,15.525287689592455,2907.9071219914017,2900.47,-25.575514207993866,12.0,0.0,-37.57551420799386,18
BTCUSDT,2026-01-21 17:00:00+00:00,2026-01-21 17:05:00+00:00,2026-01-21 18:35:00+00:00,LONG,16.015439863853377,87973.63382094682,87933.8,-4.527927200085324,12.0,0.0,-16.527927200085323,18
ETHUSDT,2026-01-21 18:55:00+00:00,2026-01-21 19:00:00+00:00,2026-01-21 20:30:00+00:00,LONG,17.69149158958643,2923.0665566503503,3008.8,293.29966214623136,12.0,0.0,281.29966214623136,18
ETHUSDT,2026-01-21 20:35:00+00:00,2026-01-21 20:40:00+00:00,2026-01-21 22:10:00+00:00,LONG,21.31462736703765,3016.294457634117,3036.69,67.61787568273725,12.0,0.0,55.61787568273725,18
ETHUSDT,2026-01-22 11:35:00+00:00,2026-01-22 11:40:00+00:00,2026-01-22 13:10:00+00:00,LONG,15.107428489389306,2982.4162231304476,2988.51,20.432348852892357,12.0,0.0,8.432348852892357,18
ETHUSDT,2026-01-22 14:45:00+00:00,2026-01-22 14:50:00+00:00,2026-01-22 16:20:00+00:00,LONG,15.194049859138527,2935.206427845102,2928.14,-24.074721893717623,12.0,0.2933,-35.78142189371762,18
ETHUSDT,2026-01-22 20:35:00+00:00,2026-01-22 20:40:00+00:00,2026-01-22 22:10:00+00:00,LONG,15.970467075620125,2934.6013018120107,2947.62,44.36274931095552,12.0,0.0,32.36274931095552,18
ETHUSDT,2026-01-23 06:30:00+00:00,2026-01-23 06:35:00+00:00,2026-01-23 08:05:00+00:00,LONG,15.354982713019437,2943.794194988537,2947.88,13.879384022219554,12.0,-0.2868,1.5925840222195542,18
BTCUSDT,2026-01-23 16:35:00+00:00,2026-01-23 16:40:00+00:00,2026-01-23 18:10:00+00:00,SHORT,-16.366128064268725,90208.32225500021,90917.6,-78.62664189616675,12.0,0.0,-90.62664189616675,18
ETHUSDT,2026-01-23 17:25:00+00:00,2026-01-23 17:30:00+00:00,2026-01-23 19:00:00+00:00,SHORT,-20.42228622690473,2999.614206337929,2987.18,41.452685187504116,12.0,0.0,29.452685187504116,18
ETHUSDT,2026-01-23 20:45:00+00:00,2026-01-23 20:50:00+00:00,2026-01-23 22:20:00+00:00,LONG,22.346898207911213,2931.55273148317,2950.15,63.43828755698722,12.0,0.0,51.43828755698722,18
ETHUSDT,2026-01-25 16:15:00+00:00,2026-01-25 16:20:00+00:00,2026-01-25 17:50:00+00:00,LONG,16.893836217657828,2887.8617189078104,2889.57,5.9153839707937195,12.0,0.0,-6.0846160292062805,18
ETHUSDT,2026-01-25 18:10:00+00:00,2026-01-25 18:15:00+00:00,2026-01-25 19:45:00+00:00,LONG,19.553152955765942,2867.7900115674724,2822.7,-157.22912551336842,12.0,0.0,-169.22912551336842,18
BTCUSDT,2026-01-25 18:40:00+00:00,2026-01-25 18:45:00+00:00,2026-01-25 20:15:00+00:00,LONG,15.376896708525235,86986.7697313514,86399.2,-67.54702274449964,12.0,0.0,-79.54702274449964,18
ETHUSDT,2026-01-25 20:10:00+00:00,2026-01-25 20:15:00+00:00,2026-01-25 21:45:00+00:00,LONG,23.268900353347853,2800.046345689624,2806.86,24.33407690149547,12.0,0.0,12.334076901495472,18
ETHUSDT,2026-01-27 16:05:00+00:00,2026-01-27 16:10:00+00:00,2026-01-27 17:40:00+00:00,SHORT,-20.378798629130934,2967.1886134602555,2937.0,101.7414711127862,12.0,0.0,89.7414711127862,18
BTCUSDT,2026-01-27 16:10:00+00:00,2026-01-27 16:15:00+00:00,2026-01-27 17:45:00+00:00,SHORT,-16.078872126703768,88451.85947855584,87329.0,126.94583078019517,12.0,0.0,114.94583078019517,18
ETHUSDT,2026-01-27 19:05:00+00:00,2026-01-27 19:10:00+00:00,2026-01-27 20:40:00+00:00,SHORT,-16.299313198804438,2973.9381191807156,3002.13,-94.79646075168269,12.0,0.0,-106.79646075168269,18
ETHUSDT,2026-01-27 20:55:00+00:00,2026-01-27 21:00:00+00:00,2026-01-27 22:30:00+00:00,SHORT,-16.1919821336676,3021.927361564685,3007.43,47.97389159340582,12.0,0.0,35.97389159340582,18
BTCUSDT,2026-01-28 09:55:00+00:00,2026-01-28 10:00:00+00:00,2026-01-28 11:30:00+00:00,SHORT,-15.045667196400334,89567.57727261503,89418.9,16.599452295389394,12.0,0.0,4.599452295389394,18
ETHUSDT,2026-01-28 09:55:00+00:00,2026-01-28 10:00:00+00:00,2026-01-28 11:30:00+00:00,SHORT,-16.117714277554366,3017.310197068027,3019.53,-7.356893348686722,12.0,0.0,-19.35689334868672,18
BTCUSDT,2026-01-28 11:50:00+00:00,2026-01-28 11:55:00+00:00,2026-01-28 13:25:00+00:00,SHORT,-15.345024741791267,90043.61231041249,90050.4,-0.7538224437397822,12.0,0.0,-12.753822443739782,18
ETHUSDT,2026-01-29 11:15:00+00:00,2026-01-29 11:20:00+00:00,2026-01-29 12:50:00+00:00,LONG,17.077050524831243,2930.7360828011574,2931.23,1.6853008421380267,12.0,0.0,-10.314699157861973,18
ETHUSDT,2026-01-29 14:30:00+00:00,2026-01-29 14:35:00+00:00,2026-01-29 16:05:00+00:00,LONG,15.273529558166764,2910.8934477145062,2814.83,-330.01361760572445,12.0,0.1167,-341.89691760572447,18
BTCUSDT,2026-01-29 15:40:00+00:00,2026-01-29 15:45:00+00:00,2026-01-29 17:15:00+00:00,LONG,16.900347753123032,84520.02618055872,85198.4,80.26190360993057,12.0,-0.4023,67.85960360993057,18
ETHUSDT,2026-01-29 16:10:00+00:00,2026-01-29 16:15:00+00:00,2026-01-29 17:45:00+00:00,LONG,41.642322865096546,2813.839567337788,2831.99,64.50414896747026,12.0,0.0,52.50414896747026,18
ETHUSDT,2026-01-29 17:50:00+00:00,2026-01-29 17:55:00+00:00,2026-01-29 19:25:00+00:00,LONG,18.956289777713433,2822.4686952013726,2770.72,-183.345506326974,12.0,0.0,-195.345506326974,18
BTCUSDT,2026-01-29 19:15:00+00:00,2026-01-29 19:20:00+00:00,2026-01-29 20:50:00+00:00,LONG,16.49450426316034,83698.25938245993,84084.0,46.08705370770405,12.0,0.0,34.08705370770405,18
BTCUSDT,2026-01-30 06:00:00+00:00,2026-01-30 06:05:00+00:00,2026-01-30 07:35:00+00:00,LONG,16.137001207670234,82827.87498998056,82657.6,-20.55769147779607,12.0,0.0,-32.55769147779607,18
ETHUSDT,2026-01-30 06:40:00+00:00,2026-01-30 06:45:00+00:00,2026-01-30 08:15:00+00:00,LONG,60.02277887994658,2704.1926977954627,2744.12,147.64961918981356,12.0,0.0308,135.68041918981356,18
BTCUSDT,2026-01-30 08:30:00+00:00,2026-01-30 08:35:00+00:00,2026-01-30 10:05:00+00:00,LONG,16.88612689738192,82441.68081160527,82226.0,-26.161622310701958,12.0,0.0,-38.16162231070196,18
ETHUSDT,2026-01-30 09:45:00+00:00,2026-01-30 09:50:00+00:00,2026-01-30 11:20:00+00:00,LONG,20.971555568404074,2713.6217428089917,2738.07,90.09456552224071,12.0,0.0,78.09456552224071,18
BTCUSDT,2026-01-30 11:55:00+00:00,2026-01-30 12:00:00+00:00,2026-01-30 13:30:00+00:00,SHORT,-15.032940697109815,83140.26124486208,82676.0,55.84072480777414,12.0,0.0,43.84072480777414,18
ETHUSDT,2026-01-30 11:55:00+00:00,2026-01-30 12:00:00+00:00,2026-01-30 13:30:00+00:00,SHORT,-18.722584904931985,2760.2146464760813,2735.06,91.13293601349382,12.0,0.0,79.13293601349382,18
BTCUSDT,2026-01-30 14:40:00+00:00,2026-01-30 14:45:00+00:00,2026-01-30 16:15:00+00:00,SHORT,-17.919861657363576,83654.0801079106,83045.0,72.8093724926404,12.0,0.031,60.840372492640405,18
ETHUSDT,2026-01-30 14:40:00+00:00,2026-01-30 14:45:00+00:00,2026-01-30 16:15:00+00:00,SHORT,-15.813239260842291,2759.891786140735,2735.34,88.95923479328327,12.0,-0.005600000000000001,76.95363479328327,18
ETHUSDT,2026-01-30 16:20:00+00:00,2026-01-30 16:25:00+00:00,2026-01-30 17:55:00+00:00,LONG,24.154977322099583,2708.2734880239614,2714.03,21.25528312223457,12.0,0.0,9.25528312223457,18
ETHUSDT,2026-01-30 18:05:00+00:00,2026-01-30 18:10:00+00:00,2026-01-30 19:40:00+00:00,LONG,25.414890500087562,2703.8003131495357,2744.42,150.2318298171512,12.0,0.0,138.2318298171512,18
BTCUSDT,2026-01-30 18:15:00+00:00,2026-01-30 18:20:00+00:00,2026-01-30 19:50:00+00:00,LONG,29.65365866924933,82123.84867422852,84297.9,264.7283780373688,12.0,0.0,252.72837803736883,18
ETHUSDT,2026-01-30 20:45:00+00:00,2026-01-30 20:50:00+00:00,2026-01-30 22:20:00+00:00,LONG,28.025845978358152,2682.6828126646183,2694.47,43.93805812500595,12.0,0.0,31.938058125005952,18
BTCUSDT,2026-01-30 20:55:00+00:00,2026-01-30 21:00:00+00:00,2026-01-30 22:30:00+00:00,LONG,15.981997110537435,83818.97405671135,83904.0,10.143997137346261,12.0,0.0,-1.8560028626537388,18
ETHUSDT,2026-01-31 06:00:00+00:00,2026-01-31 06:05:00+00:00,2026-01-31 07:35:00+00:00,LONG,16.258325921652144,2693.7618545205687,2679.53,-52.83263810676231,12.0,0.0,-64.83263810676232,18
ETHUSDT,2026-01-31 08:30:00+00:00,2026-01-31 08:35:00+00:00,2026-01-31 10:05:00+00:00,LONG,18.551067382805197,2648.940781348276,2642.62,-23.861542669363356,12.0,0.0,-35.86154266936336,18
ETHUSDT,2026-01-31 14:15:00+00:00,2026-01-31 14:20:00+00:00,2026-01-31 15:50:00+00:00,LONG,27.51883933800506,2597.8536123817616,2543.99,-207.33890518326302,12.0,0.0,-219.33890518326302,18
BTCUSDT,2026-01-31 14:25:00+00:00,2026-01-31 14:30:00+00:00,2026-01-31 16:00:00+00:00,LONG,22.42658101419868,81520.17409375233,81268.6,-30.86034795055759,12.0,0.0,-42.86034795055759,18
ETHUSDT,2026-01-31 15:55:00+00:00,2026-01-31 16:00:00+00:00,2026-01-31 17:30:00+00:00,LONG,60.465866882905964,2529.8613423230195,2418.88,-438.6854744422941,12.0,0.8907999999999999,-449.7946744422941,18
BTCUSDT,2026-01-31 16:45:00+00:00,2026-01-31 16:50:00+00:00,2026-01-31 18:20:00+00:00,LONG,34.133442624469694,80340.17247720023,78327.5,-250.5188145782744,12.0,0.0,-262.5188145782744,18
ETHUSDT,2026-01-31 17:35:00+00:00,2026-01-31 17:40:00+00:00,2026-01-31 19:10:00+00:00,LONG,54.999665750322514,2398.081401390225,2409.63,48.157658881304855,12.0,0.0,36.157658881304855,18
BTCUSDT,2026-01-31 18:35:00+00:00,2026-01-31 18:40:00+00:00,2026-01-31 20:10:00+00:00,LONG,80.44632623519792,77414.74464882382,77773.6,46.354909882355685,12.0,0.0,34.354909882355685,18
ETHUSDT,2026-01-31 19:15:00+00:00,2026-01-31 19:20:00+00:00,2026-01-31 20:50:00+00:00,LONG,33.254354535768094,2413.609046587971,2365.03,-201.2713975225,12.0,0.0,-213.2713975225,18
BTCUSDT,2026-01-31 20:15:00+00:00,2026-01-31 20:20:00+00:00,2026-01-31 21:50:00+00:00,LONG,23.462996727447752,77483.28767183961,78117.7,81.87731151100274,12.0,0.0,69.87731151100274,18
ETHUSDT,2026-01-31 20:55:00+00:00,2026-01-31 21:00:00+00:00,2026-01-31 22:30:00+00:00,LONG,64.55821857368494,2376.8353631951913,2417.94,172.9385107664827,12.0,0.0,160.9385107664827,18
ETHUSDT,2026-02-01 06:10:00+00:00,2026-02-01 06:15:00+00:00,2026-02-01 07:45:00+00:00,LONG,40.716441882270516,2435.2619228458466,2430.0,-21.607215209514806,12.0,0.0,-33.607215209514806,18
BTCUSDT,2026-02-01 07:00:00+00:00,2026-02-01 07:05:00+00:00,2026-02-01 08:35:00+00:00,LONG,15.135386685416913,78080.89590421323,78461.7,48.77045676498382,12.0,-0.3421,36.42835676498382,18
ETHUSDT,2026-02-01 07:50:00+00:00,2026-02-01 07:55:00+00:00,2026-02-01 09:25:00+00:00,LONG,45.944461632850405,2415.224478213259,2413.49,-7.181436876385616,12.0,-0.1415,-19.32293687638562,18
ETHUSDT,2026-02-01 10:30:00+00:00,2026-02-01 10:35:00+00:00,2026-02-01 12:05:00+00:00,LONG,47.13646220714401,2405.080290187683,2406.52,5.986119541165902,12.0,0.0,-6.013880458834098,18
ETHUSDT,2026-02-01 12:10:00+00:00,2026-02-01 12:15:00+00:00,2026-02-01 13:45:00+00:00,LONG,31.459620133480694,2403.8209599346615,2391.73,-50.29892049443707,12.0,0.0,-62.29892049443707,18
ETHUSDT,2026-02-01 13:50:00+00:00,2026-02-01 13:55:00+00:00,2026-02-01 15:25:00+00:00,LONG,67.0400171718528,2376.272507926142,2324.03,-219.8506600227257,12.0,0.0,-231.8506600227257,18
BTCUSDT,2026-02-01 14:30:00+00:00,2026-02-01 14:35:00+00:00,2026-02-01 16:05:00+00:00,LONG,18.378326316104282,77421.50602220342,77118.4,-39.15010670504149,12.0,-0.17220000000000002,-51.322306705041484,18
ETHUSDT,2026-02-01 15:30:00+00:00,2026-02-01 15:35:00+00:00,2026-02-01 17:05:00+00:00,LONG,85.37306941246493,2296.7394560818157,2313.27,71.973962368308,12.0,0.7308,60.704762368307996,18
BTCUSDT,2026-02-01 16:10:00+00:00,2026-02-01 16:15:00+00:00,2026-02-01 17:45:00+00:00,LONG,18.922940648516246,77470.49799167181,77442.3,-3.639836118627393,12.0,0.0,-15.639836118627393,18
ETHUSDT,2026-02-01 17:10:00+00:00,2026-02-01 17:15:00+00:00,2026-02-01 18:45:00+00:00,LONG,26.189045645923258,2313.2479039554173,2343.66,131.46924716793683,12.0,0.0,119.46924716793683,18
ETHUSDT,2026-02-01 19:10:00+00:00,2026-02-01 19:15:00+00:00,2026-02-01 20:45:00+00:00,LONG,18.257722733688265,2336.82370989891,2333.02,-16.277265087636383,12.0,0.0,-28.277265087636383,18
BTCUSDT,2026-02-01 19:45:00+00:00,2026-02-01 19:50:00+00:00,2026-02-01 21:20:00+00:00,LONG,16.66252121063719,77199.85043318669,76586.7,-79.4237851169599,12.0,0.0,-91.4237851169599,18
BTCUSDT,2026-02-01 21:40:00+00:00,2026-02-01 21:45:00+00:00,2026-02-01 23:15:00+00:00,LONG,19.78808466034571,76756.33317973441,76589.8,-21.696343850149404,12.0,0.0,-33.696343850149404,18
ETHUSDT,2026-02-01 21:50:00+00:00,2026-02-01 21:55:00+00:00,2026-02-01 23:25:00+00:00,LONG,15.877412638064055,2292.015079873403,2239.58,-228.77283982049246,12.0,0.0,-240.77283982049246,18
BTCUSDT,2026-02-02 06:00:00+00:00,2026-02-02 06:05:00+00:00,2026-02-02 07:35:00+00:00,LONG,32.13020746792123,75300.00276508236,76481.5,156.9053375208518,12.0,0.0,144.9053375208518,18
ETHUSDT,2026-02-02 06:00:00+00:00,2026-02-02 06:05:00+00:00,2026-02-02 07:35:00+00:00,LONG,112.09032405706489,2188.981115628785,2227.08,174.0484835579359,12.0,0.0,162.0484835579359,18
ETHUSDT,2026-02-02 07:50:00+00:00,2026-02-02 07:55:00+00:00,2026-02-02 09:25:00+00:00,LONG,42.29449067522172,2230.171826026764,2256.03,115.94700314775608,12.0,0.8208,104.76780314775608,18
ETHUSDT,2026-02-02 11:15:00+00:00,2026-02-02 11:20:00+00:00,2026-02-02 12:50:00+00:00,LONG,16.399455758562844,2277.5358695017544,2299.01,94.2866840685297,12.0,0.0,82.2866840685297,18
BTCUSDT,2026-02-02 15:10:00+00:00,2026-02-02 15:15:00+00:00,2026-02-02 16:45:00+00:00,SHORT,-16.279312344291323,78320.30894757874,79016.6,-88.90300124930528,12.0,-0.5712999999999999,-101.47430124930527,18
ETHUSDT,2026-02-02 16:20:00+00:00,2026-02-02 16:25:00+00:00,2026-02-02 17:55:00+00:00,LONG,17.66969112276325,2375.30794000516,2355.57,-83.09634162683378,12.0,0.0,-95.09634162683378,18
ETHUSDT,2026-02-02 18:00:00+00:00,2026-02-02 18:05:00+00:00,2026-02-02 19:35:00+00:00,LONG,18.829899210335054,2346.1665725992757,2331.45,-62.7260347630465,12.0,0.0,-74.7260347630465,18
ETHUSDT,2026-02-02 19:40:00+00:00,2026-02-02 19:45:00+00:00,2026-02-02 21:15:00+00:00,LONG,26.343993040954768,2338.3340531741924,2333.42,-21.015188858587443,12.0,0.0,-33.01518885858744,18
ETHUSDT,2026-02-03 06:00:00+00:00,2026-02-03 06:05:00+00:00,2026-02-03 07:35:00+00:00,LONG,28.778418189743736,2315.215455705267,2328.96,59.36615644502208,12.0,0.0,47.36615644502208,18
ETHUSDT,2026-02-03 09:10:00+00:00,2026-02-03 09:15:00+00:00,2026-02-03 10:45:00+00:00,LONG,19.757898051433326,2279.912089238048,2278.6,-5.754999257390203,12.0,0.0,-17.754999257390203,18
ETHUSDT,2026-02-03 11:05:00+00:00,2026-02-03 11:10:00+00:00,2026-02-03 12:40:00+00:00,LONG,15.06416655499859,2280.2688717905517,2295.42,66.44448116134294,12.0,0.0,54.444481161342935,18
ETHUSDT,2026-02-03 12:45:00+00:00,2026-02-03 12:50:00+00:00,2026-02-03 14:20:00+00:00,SHORT,-15.574565727212626,2301.1091784465634,2300.0,4.82019044099502,12.0,0.0,-7.17980955900498,18
BTCUSDT,2026-02-03 16:15:00+00:00,2026-02-03 16:20:00+00:00,2026-02-03 17:50:00+00:00,LONG,15.163590987063328,77073.85572633463,74995.6,-269.644707242086,12.0,0.0,-281.644707242086,18
ETHUSDT,2026-02-03 16:45:00+00:00,2026-02-03 16:50:00+00:00,2026-02-03 18:20:00+00:00,LONG,17.433608928729196,2239.933921050175,2167.53,-323.2413258701339,12.0,0.0,-335.2413258701339,18
BTCUSDT,2026-02-03 18:05:00+00:00,2026-02-03 18:10:00+00:00,2026-02-03 19:40:00+00:00,LONG,32.17882609380111,74750.68059040615,74916.3,22.156241024928747,12.0,0.0,10.156241024928747,18
ETHUSDT,2026-02-03 18:25:00+00:00,2026-02-03 18:30:00+00:00,2026-02-03 20:00:00+00:00,LONG,74.63234862318517,2131.6962996758666,2204.33,340.7319341651882,12.0,0.0,328.7319341651882,18
BTCUSDT,2026-02-03 20:45:00+00:00,2026-02-03 20:50:00+00:00,2026-02-03 22:20:00+00:00,SHORT,-16.984942908802847,76389.58014956169,75782.4,79.48468212194749,12.0,0.0,67.48468212194749,18
ETHUSDT,2026-02-03 21:20:00+00:00,2026-02-03 21:25:00+00:00,2026-02-03 22:55:00+00:00,LONG,18.438078763309676,2300.024715837656,2240.49,-258.8438090586953,12.0,0.0,-270.8438090586953,18
ETHUSDT,2026-02-04 06:10:00+00:00,2026-02-04 06:15:00+00:00,2026-02-04 07:45:00+00:00,LONG,19.35979681000192,2272.3610757880697,2286.72,63.189448036775616,12.0,0.0,51.189448036775616,18
ETHUSDT,2026-02-04 09:35:00+00:00,2026-02-04 09:40:00+00:00,2026-02-04 11:10:00+00:00,LONG,16.073081396628236,2253.6329646915606,2226.16,-121.90523089602002,12.0,0.0,-133.90523089602002,18
ETHUSDT,2026-02-04 11:25:00+00:00,2026-02-04 11:30:00+00:00,2026-02-04 13:00:00+00:00,LONG,35.23064051298032,2238.317768967369,2243.1,21.365290929344916,12.0,0.0,9.365290929344916,18
ETHUSDT,2026-02-04 13:15:00+00:00,2026-02-04 13:20:00+00:00,2026-02-04 14:50:00+00:00,LONG,42.41554412060288,2229.960949330227,2207.03,-102.83116992301555,12.0,0.0,-114.83116992301555,18
BTCUSDT,2026-02-04 14:55:00+00:00,2026-02-04 15:00:00+00:00,2026-02-04 16:30:00+00:00,LONG,18.89229694064976,74249.2271071082,74110.0,-18.75132072517882,12.0,-0.46180000000000004,-31.213120725178822,18
ETHUSDT,2026-02-04 14:55:00+00:00,2026-02-04 15:00:00+00:00,2026-02-04 16:30:00+00:00,LONG,49.61106238211922,2167.161583325411,2136.28,-142.49783478546328,12.0,0.6117,-153.88613478546327,18
BTCUSDT,2026-02-04 16:55:00+00:00,2026-02-04 17:00:00+00:00,2026-02-04 18:30:00+00:00,LONG,15.786409481345526,73515.07285749464,73383.9,-17.842988165014397,12.0,0.0,-29.842988165014397,18
ETHUSDT,2026-02-04 17:05:00+00:00,2026-02-04 17:10:00+00:00,2026-02-04 18:40:00+00:00,LONG,68.8017156675855,2119.4861116507263,2154.66,165.95479515493895,12.0,0.0,153.95479515493895,18
BTCUSDT,2026-02-04 19:25:00+00:00,2026-02-04 19:30:00+00:00,2026-02-04 21:00:00+00:00,LONG,17.288825124180867,73044.70031917245,73488.9,60.812034122474934,12.0,0.0,48.812034122474934,18
BTCUSDT,2026-02-05 06:00:00+00:00,2026-02-05 06:05:00+00:00,2026-02-05 07:35:00+00:00,LONG,70.10410298546273,70489.95863442043,71282.6,112.4474153390298,12.0,0.0,100.4474153390298,18
ETHUSDT,2026-02-05 06:00:00+00:00,2026-02-05 06:05:00+00:00,2026-02-05 07:35:00+00:00,LONG,64.98369740478539,2087.8971074245533,2112.49,117.78785692069916,12.0,0.0,105.78785692069916,18
ETHUSDT,2026-02-05 07:40:00+00:00,2026-02-05 07:45:00+00:00,2026-02-05 09:15:00+00:00,LONG,44.959184873037124,2099.108362412808,2138.38,187.08723327675924,12.0,0.0504,175.13763327675923,18
BTCUSDT,2026-02-05 07:55:00+00:00,2026-02-05 08:00:00+00:00,2026-02-05 09:30:00+00:00,SHORT,-20.101872839656487,70772.83953673612,71700.9,-131.13229161621388,12.0,0.0,-143.13229161621388,18
ETHUSDT,2026-02-05 10:45:00+00:00,2026-02-05 10:50:00+00:00,2026-02-05 12:20:00+00:00,LONG,15.344590054073693,2110.5663356317827,2052.29,-276.1170527925538,12.0,0.0,-288.1170527925538,18
BTCUSDT,2026-02-05 10:50:00+00:00,2026-02-05 10:55:00+00:00,2026-02-05 12:25:00+00:00,LONG,19.155089795263418,70696.8782602432,69147.5,-219.15794563654777,12.0,0.0,-231.15794563654777,18
ETHUSDT,2026-02-05 12:25:00+00:00,2026-02-05 12:30:00+00:00,2026-02-05 14:00:00+00:00,LONG,40.461583071438056,2065.89633295304,2057.52,-40.54575643235192,12.0,0.0,-52.54575643235192,18
BTCUSDT,2026-02-05 12:30:00+00:00,2026-02-05 12:35:00+00:00,2026-02-05 14:05:00+00:00,LONG,74.10795366882786,69500.83179416708,70084.1,83.9224784474979,12.0,0.0,71.9224784474979,18
ETHUSDT,2026-02-05 14:05:00+00:00,2026-02-05 14:10:00+00:00,2026-02-05 15:40:00+00:00,LONG,30.522716117468715,2064.0714187149583,1959.43,-506.9660757189576,12.0,0.0,-518.9660757189577,18
BTCUSDT,2026-02-05 14:55:00+00:00,2026-02-05 15:00:00+00:00,2026-02-05 16:30:00+00:00,LONG,40.30903121443757,69284.02719449652,68139.8,-165.15021438987753,12.0,0.49570000000000003,-176.65451438987753,18
ETHUSDT,2026-02-05 15:55:00+00:00,2026-02-05 16:00:00+00:00,2026-02-05 17:30:00+00:00,LONG,71.80566306249032,1954.302193373528,1979.59,129.39558023429277,12.0,0.7797000000000001,118.17528023429277,18
BTCUSDT,2026-02-05 16:35:00+00:00,2026-02-05 16:40:00+00:00,2026-02-05 18:10:00+00:00,LONG,34.73345130708048,67844.96582128489,66260.2,-233.58635413855632,12.0,0.0,-245.58635413855632,18
ETHUSDT,2026-02-05 17:45:00+00:00,2026-02-05 17:50:00+00:00,2026-02-05 19:20:00+00:00,LONG,75.19864882119462,1959.3266162895131,1939.82,-99.55775687084723,12.0,0.0,-111.55775687084723,18
BTCUSDT,2026-02-05 18:15:00+00:00,2026-02-05 18:20:00+00:00,2026-02-05 19:50:00+00:00,LONG,67.8463403106337,65682.33405205965,65532.8,-22.76625126341081,12.0,0.0,-34.76625126341081,18
ETHUSDT,2026-02-05 19:25:00+00:00,2026-02-05 19:30:00+00:00,2026-02-05 21:00:00+00:00,LONG,76.87761477695659,1932.5959417351303,1868.37,-332.32990066959786,12.0,0.0,-344.32990066959786,18
BTCUSDT,2026-02-05 20:05:00+00:00,2026-02-05 20:10:00+00:00,2026-02-05 21:40:00+00:00,LONG,88.81309787054866,65511.61823284675,63824.5,-257.5296227381008,12.0,0.0,-269.5296227381008,18
ETHUSDT,2026-02-05 21:05:00+00:00,2026-02-05 21:10:00+00:00,2026-02-05 22:40:00+00:00,LONG,93.5304248813796,1880.2719559195673,1866.57,-72.87220274934225,12.0,0.0,-84.87220274934225,18
BTCUSDT,2026-02-05 21:45:00+00:00,2026-02-05 21:50:00+00:00,2026-02-05 23:20:00+00:00,LONG,89.95176577790397,63489.67360477846,64323.2,131.28534892307363,12.0,0.0,119.28534892307363,18
BTCUSDT,2026-02-06 06:00:00+00:00,2026-02-06 06:05:00+00:00,2026-02-06 07:35:00+00:00,LONG,35.0558602196372,66491.04986032129,65214.7,-191.95814519435973,12.0,0.0,-203.95814519435973,18
ETHUSDT,2026-02-06 06:00:00+00:00,2026-02-06 06:05:00+00:00,2026-02-06 07:35:00+00:00,LONG,40.75795267073501,1959.7551132458273,1910.58,-250.9247860278907,12.0,0.0,-262.9247860278907,18
ETHUSDT,2026-02-06 07:40:00+00:00,2026-02-06 07:45:00+00:00,2026-02-06 09:15:00+00:00,LONG,47.91079421521498,1902.1662056318341,1885.36,-88.3529818902018,12.0,0.843,-99.5099818902018,18
BTCUSDT,2026-02-06 07:45:00+00:00,2026-02-06 07:50:00+00:00,2026-02-06 09:20:00+00:00,LONG,29.19660948801853,64633.26541335304,65249.1,95.28136675572173,12.0,1.3688,84.65016675572173,18
ETHUSDT,2026-02-06 09:20:00+00:00,2026-02-06 09:25:00+00:00,2026-02-06 10:55:00+00:00,LONG,31.761428659869953,1900.08776528403,1925.4,133.21613442517145,12.0,0.0,121.21613442517145,18
BTCUSDT,2026-02-06 11:50:00+00:00,2026-02-06 11:55:00+00:00,2026-02-06 13:25:00+00:00,SHORT,-32.763034157208224,66528.62528232482,67380.1,-127.98621857310621,12.0,0.0,-139.9862185731062,18
ETHUSDT,2026-02-06 13:10:00+00:00,2026-02-06 13:15:00+00:00,2026-02-06 14:45:00+00:00,SHORT,-22.179625510666483,1943.6091650692067,1984.09,-208.27662092935074,12.0,0.0,-220.27662092935074,18
BTCUSDT,2026-02-06 13:30:00+00:00,2026-02-06 13:35:00+00:00,2026-02-06 15:05:00+00:00,SHORT,-21.126066321638962,67018.08557579486,68087.2,-159.526255490543,12.0,0.0,-171.526255490543,18
BTCUSDT,2026-02-06 15:10:00+00:00,2026-02-06 15:15:00+00:00,2026-02-06 16:45:00+00:00,SHORT,-18.130340422870795,67970.16298984781,69748.7,-261.6643732953583,12.0,-1.3478,-275.0121732953583,18
ETHUSDT,2026-02-06 15:10:00+00:00,2026-02-06 15:15:00+00:00,2026-02-06 16:45:00+00:00,SHORT,-20.35718473939077,1964.997213702867,2032.93,-345.71441538647105,12.0,0.18519999999999998,-357.52921538647104,18
BTCUSDT,2026-02-06 18:15:00+00:00,2026-02-06 18:20:00+00:00,2026-02-06 19:50:00+00:00,LONG,21.592675898919328,69765.28075726927,70609.6,121.02284023887577,12.0,0.0,109.02284023887577,18
ETHUSDT,2026-02-06 18:15:00+00:00,2026-02-06 18:20:00+00:00,2026-02-06 19:50:00+00:00,LONG,29.64285850094369,2037.1533505522318,2063.47,129.18344826929217,12.0,0.0,117.18344826929217,18
ETHUSDT,2026-02-06 20:20:00+00:00,2026-02-06 20:25:00+00:00,2026-02-06 21:55:00+00:00,LONG,15.654105866750045,2049.3032513960447,2051.19,9.206780903070477,12.0,0.0,-2.7932190969295227,18
BTCUSDT,2026-02-07 06:00:00+00:00,2026-02-07 06:05:00+00:00,2026-02-07 07:35:00+00:00,LONG,21.329537361947253,70110.81485873688,67655.2,-350.2476563258594,12.0,0.0,-362.2476563258594,18
ETHUSDT,2026-02-07 06:05:00+00:00,2026-02-07 06:10:00+00:00,2026-02-07 07:40:00+00:00,LONG,15.023583436541513,2086.3370148749195,2018.18,-326.68267105928516,12.0,0.0,-338.68267105928516,18
BTCUSDT,2026-02-07 07:55:00+00:00,2026-02-07 08:00:00+00:00,2026-02-07 09:30:00+00:00,LONG,20.695834961255184,67971.42111688065,68431.2,67.64297046676803,12.0,0.0,55.642970466768034,18
ETHUSDT,2026-02-07 07:55:00+00:00,2026-02-07 08:00:00+00:00,2026-02-07 09:30:00+00:00,LONG,17.572351246737682,2023.5461971497548,2021.19,-11.643900955033981,12.0,0.0,-23.64390095503398,18
BTCUSDT,2026-02-07 09:35:00+00:00,2026-02-07 09:40:00+00:00,2026-02-07 11:10:00+00:00,LONG,24.247510898686798,67965.41748851248,68060.1,13.930983577570277,12.0,0.0,1.9309835775702773,18
ETHUSDT,2026-02-07 09:35:00+00:00,2026-02-07 09:40:00+00:00,2026-02-07 11:10:00+00:00,LONG,28.333533970079454,2006.0923006685496,2014.33,41.063411333093214,12.0,0.0,29.063411333093214,18
BTCUSDT,2026-02-07 12:10:00+00:00,2026-02-07 12:15:00+00:00,2026-02-07 13:45:00+00:00,SHORT,-15.708238221597913,68864.63470960235,68867.5,-0.41607574188473606,12.0,0.0,-12.416075741884736,18
ETHUSDT,2026-02-07 12:20:00+00:00,2026-02-07 12:25:00+00:00,2026-02-07 13:55:00+00:00,SHORT,-22.258528787072226,2056.3247102367313,2036.59,95.97078777728419,12.0,0.0,83.97078777728419,18
BTCUSDT,2026-02-07 15:30:00+00:00,2026-02-07 15:35:00+00:00,2026-02-07 17:05:00+00:00,SHORT,-20.715354559909585,69529.76674891605,69050.9,68.87219263158606,12.0,-0.2907,56.58149263158606,18
ETHUSDT,2026-02-07 15:30:00+00:00,2026-02-07 15:35:00+00:00,2026-02-07 17:05:00+00:00,SHORT,-16.300253214487434,2057.000110411721,2044.11,62.664607291348375,12.0,0.1636,50.82820729134838,18
ETHUSDT,2026-02-08 08:50:00+00:00,2026-02-08 08:55:00+00:00,2026-02-08 10:25:00+00:00,SHORT,-16.601600027459707,2113.856911856709,2087.86,122.98330937581925,12.0,0.0,110.98330937581925,18
BTCUSDT,2026-02-08 11:10:00+00:00,2026-02-08 11:15:00+00:00,2026-02-08 12:45:00+00:00,SHORT,-16.622169574109744,70637.81043828852,70712.2,-10.531125080166515,12.0,0.0,-22.531125080166515,18
ETHUSDT,2026-02-08 11:10:00+00:00,2026-02-08 11:15:00+00:00,2026-02-08 12:45:00+00:00,SHORT,-15.686631804644927,2111.4526846270346,2130.36,-89.54647911660452,12.0,0.0,-101.54647911660452,18
ETHUSDT,2026-02-08 15:30:00+00:00,2026-02-08 15:35:00+00:00,2026-02-08 17:05:00+00:00,LONG,17.4097171055832,2105.3808523247067,2088.76,-78.9446351540346,12.0,0.5398000000000001,-90.4048351540346,18
BTCUSDT,2026-02-08 19:50:00+00:00,2026-02-08 19:55:00+00:00,2026-02-08 21:25:00+00:00,SHORT,-15.689326772083778,71467.12716568189,71049.5,58.436260452123804,12.0,0.0,46.436260452123804,18
ETHUSDT,2026-02-09 07:35:00+00:00,2026-02-09 07:40:00+00:00,2026-02-09 09:10:00+00:00,LONG,16.70301917715269,2066.0740772709164,2053.64,-60.18214645692077,12.0,0.4865,-71.69564645692077,18
ETHUSDT,2026-02-09 09:15:00+00:00,2026-02-09 09:20:00+00:00,2026-02-09 10:50:00+00:00,LONG,18.357099489498236,2044.3928300320374,2014.91,-144.21313555269765,12.0,0.0,-156.21313555269765,18
BTCUSDT,2026-02-09 11:30:00+00:00,2026-02-09 11:35:00+00:00,2026-02-09 13:05:00+00:00,SHORT,-19.080006905562257,68815.49947643476,68958.8,-20.82387320523793,12.0,0.0,-32.82387320523793,18
ETHUSDT,2026-02-09 13:30:00+00:00,2026-02-09 13:35:00+00:00,2026-02-09 15:05:00+00:00,SHORT,-15.582873630522911,2038.1370289924173,2062.74,-120.71303674682454,12.0,0.0,-132.71303674682454,18
ETHUSDT,2026-02-09 18:10:00+00:00,2026-02-09 18:15:00+00:00,2026-02-09 19:45:00+00:00,LONG,15.410342917221621,2122.3311131571663,2129.55,34.013951913918206,12.0,0.0,22.013951913918206,18
BTCUSDT,2026-02-09 19:50:00+00:00,2026-02-09 19:55:00+00:00,2026-02-09 21:25:00+00:00,SHORT,-16.898732758350477,70958.11524248477,70442.1,72.72110324821668,12.0,0.0,60.72110324821668,18
BTCUSDT,2026-02-10 06:40:00+00:00,2026-02-10 06:45:00+00:00,2026-02-10 08:15:00+00:00,LONG,17.1437464914752,68960.00530631769,68799.3,-23.30413195356318,12.0,0.4829,-34.82123195356318,18
ETHUSDT,2026-02-10 06:45:00+00:00,2026-02-10 06:50:00+00:00,2026-02-10 08:20:00+00:00,LONG,23.332922319731708,2008.2916978821647,2003.17,-25.502758825153293,12.0,1.5210000000000001,-35.98175882515329,18
ETHUSDT,2026-02-10 09:10:00+00:00,2026-02-10 09:15:00+00:00,2026-02-10 10:45:00+00:00,SHORT,-27.709057216643366,2021.7725398951907,2013.7,39.928032139605605,12.0,0.0,27.928032139605605,18
ETHUSDT,2026-02-10 10:50:00+00:00,2026-02-10 10:55:00+00:00,2026-02-10 12:25:00+00:00,SHORT,-26.171967395473175,2016.1050755446026,2014.81,6.423651030454947,12.0,0.0,-5.576348969545053,18
ETHUSDT,2026-02-10 13:15:00+00:00,2026-02-10 13:20:00+00:00,2026-02-10 14:50:00+00:00,SHORT,-19.693376844467522,2013.3099591092252,1995.63,87.81538594806126,12.0,0.0,75.81538594806126,18
BTCUSDT,2026-02-10 16:10:00+00:00,2026-02-10 16:15:00+00:00,2026-02-10 17:45:00+00:00,SHORT,-15.261539923307975,69711.92405782535,69837.9,-18.070931749085695,12.0,0.0,-30.070931749085695,18
ETHUSDT,2026-02-10 17:30:00+00:00,2026-02-10 17:35:00+00:00,2026-02-10 19:05:00+00:00,SHORT,-17.153454975033025,2039.2325144041458,2004.29,171.3513008317047,12.0,0.0,159.3513008317047,18
BTCUSDT,2026-02-10 20:30:00+00:00,2026-02-10 20:35:00+00:00,2026-02-10 22:05:00+00:00,LONG,17.632970157411993,68608.12401091126,68738.5,19.00299577758613,12.0,0.0,7.002995777586129,18
ETHUSDT,2026-02-10 20:45:00+00:00,2026-02-10 20:50:00+00:00,2026-02-10 22:20:00+00:00,LONG,15.533746069673363,2009.8388616311613,2008.26,-7.855662766317328,12.0,0.0,-19.85566276631733,18
ETHUSDT,2026-02-11 06:10:00+00:00,2026-02-11 06:15:00+00:00,2026-02-11 07:45:00+00:00,LONG,23.84212731075003,1950.6043751987045,1953.64,15.562483299498275,12.0,0.0,3.5624832994982754,18
BTCUSDT,2026-02-11 07:55:00+00:00,2026-02-11 08:00:00+00:00,2026-02-11 09:30:00+00:00,SHORT,-16.023316465207447,67035.97358152013,66947.6,13.18300858458521,12.0,-0.8417,0.34130858458520963,18
BTCUSDT,2026-02-11 10:05:00+00:00,2026-02-11 10:10:00+00:00,2026-02-11 11:40:00+00:00,SHORT,-19.79882097409711,66687.70063612961,66923.5,-35.35874855799648,12.0,0.0,-47.35874855799648,18
ETHUSDT,2026-02-11 10:15:00+00:00,2026-02-11 10:20:00+00:00,2026-02-11 11:50:00+00:00,SHORT,-16.885371589065798,1939.6540003585856,1951.83,-62.7740805275745,12.0,0.0,-74.7740805275745,18
ETHUSDT,2026-02-11 11:55:00+00:00,2026-02-11 12:00:00+00:00,2026-02-11 13:30:00+00:00,SHORT,-15.000704819342173,1953.2619832353785,1947.55,29.243303173889235,12.0,0.0,17.243303173889235,18
ETHUSDT,2026-02-11 15:15:00+00:00,2026-02-11 15:20:00+00:00,2026-02-11 16:50:00+00:00,LONG,17.39341471325604,1913.4072777011518,1912.98,-2.2330724155350534,12.0,1.2326000000000001,-13.000472415535054,18
BTCUSDT,2026-02-11 15:20:00+00:00,2026-02-11 15:25:00+00:00,2026-02-11 16:55:00+00:00,LONG,15.486658660723872,66055.6675454805,66135.4,12.070494097209394,12.0,0.1169,0.18739409720939437,18
ETHUSDT,2026-02-11 16:55:00+00:00,2026-02-11 17:00:00+00:00,2026-02-11 18:30:00+00:00,LONG,28.323130792284037,1911.8290107076425,1937.43,133.9083628764559,12.0,0.0,121.9083628764559,18
ETHUSDT,2026-02-11 18:35:00+00:00,2026-02-11 18:40:00+00:00,2026-02-11 20:10:00+00:00,LONG,15.128044435486517,1939.8720002145576,1950.41,54.32317072609383,12.0,0.0,42.32317072609383,18
BTCUSDT,2026-02-11 21:25:00+00:00,2026-02-11 21:30:00+00:00,2026-02-11 23:00:00+00:00,SHORT,-17.60062109229964,68198.23660651603,67392.1,118.20490479353629,12.0,0.0,106.20490479353629,18
ETHUSDT,2026-02-12 09:55:00+00:00,2026-02-12 10:00:00+00:00,2026-02-12 11:30:00+00:00,SHORT,-18.3070086632998,1982.4720641506356,1997.25,-74.54297145768729,12.0,0.0,-86.54297145768729,18
BTCUSDT,2026-02-12 10:45:00+00:00,2026-02-12 10:50:00+00:00,2026-02-12 12:20:00+00:00,SHORT,-16.30806239860936,67831.04179483975,67891.5,-8.913058617485703,12.0,0.0,-20.913058617485703,18
BTCUSDT,2026-02-12 13:55:00+00:00,2026-02-12 14:00:00+00:00,2026-02-12 15:30:00+00:00,SHORT,-16.122074729578983,68375.50056055927,67821.6,81.00862970190414,12.0,0.0,69.00862970190414,18
ETHUSDT,2026-02-12 15:35:00+00:00,2026-02-12 15:40:00+00:00,2026-02-12 17:10:00+00:00,LONG,15.982258908334938,1953.2898998925627,1913.66,-202.88795787426372,12.0,0.4103,-214.4776578742637,18
BTCUSDT,2026-02-12 15:50:00+00:00,2026-02-12 15:55:00+00:00,2026-02-12 17:25:00+00:00,LONG,19.73353989503657,67043.0056847408,66056.9,-147.08554228278658,12.0,0.1728,-158.91274228278658,18
BTCUSDT,2026-02-12 18:25:00+00:00,2026-02-12 18:30:00+00:00,2026-02-12 20:00:00+00:00,LONG,24.369152041949043,65213.90546451041,65760.7,83.84631032213763,12.0,0.0,71.84631032213763,18
ETHUSDT,2026-02-12 18:40:00+00:00,2026-02-12 18:45:00+00:00,2026-02-12 20:15:00+00:00,LONG,15.574585783063153,1912.1181995454265,1920.22,42.37081398262621,12.0,0.0,30.37081398262621,18
BTCUSDT,2026-02-12 20:20:00+00:00,2026-02-12 20:25:00+00:00,2026-02-12 21:55:00+00:00,LONG,16.72617268383678,65532.89702463319,65853.5,48.92244810210444,12.0,0.0,36.92244810210444,18
ETHUSDT,2026-02-13 06:20:00+00:00,2026-02-13 06:25:00+00:00,2026-02-13 07:55:00+00:00,LONG,19.70863561163126,1928.2045567272244,1938.09,51.26760663585639,12.0,0.0,39.26760663585639,18
BTCUSDT,2026-02-13 15:05:00+00:00,2026-02-13 15:10:00+00:00,2026-02-13 16:40:00+00:00,SHORT,-19.93058346679036,68283.56132690655,69310.8,-150.43718475308498,12.0,-0.1274,-162.56458475308497,18
ETHUSDT,2026-02-13 15:05:00+00:00,2026-02-13 15:10:00+00:00,2026-02-13 16:40:00+00:00,SHORT,-19.260202753793344,2017.7109104021367,2063.08,-224.85426115290696,12.0,0.426,-236.42826115290697,18
BTCUSDT,2026-02-13 16:45:00+00:00,2026-02-13 16:50:00+00:00,2026-02-13 18:20:00+00:00,SHORT,-19.179816504406052,69071.38258189919,68965.2,15.372876281040115,12.0,0.0,3.3728762810401154,18
ETHUSDT,2026-02-14 08:50:00+00:00,2026-02-14 08:55:00+00:00,2026-02-14 10:25:00+00:00,SHORT,-15.963906640165794,2082.3455045142387,2073.74,41.32601672288905,12.0,0.0,29.32601672288905,18
BTCUSDT,2026-02-14 11:30:00+00:00,2026-02-14 11:35:00+00:00,2026-02-14 13:05:00+00:00,SHORT,-21.627014070504217,70157.80833631166,69417.0,105.59171585869498,12.0,0.0,93.59171585869498,18
ETHUSDT,2026-02-14 11:30:00+00:00,2026-02-14 11:35:00+00:00,2026-02-14 13:05:00+00:00,SHORT,-20.70358945555065,2097.1527157188557,2065.2,152.362369604081,12.0,0.0,140.362369604081,18
ETHUSDT,2026-02-15 08:30:00+00:00,2026-02-15 08:35:00+00:00,2026-02-15 10:05:00+00:00,LONG,27.450580922385154,2058.617382574884,2066.74,39.4566639428473,12.0,0.0,27.4566639428473,18
ETHUSDT,2026-02-15 10:10:00+00:00,2026-02-15 10:15:00+00:00,2026-02-15 11:45:00+00:00,LONG,16.824544030560503,2055.6757977492775,2061.32,27.456675108508133,12.0,0.0,15.456675108508133,18
ETHUSDT,2026-02-15 12:50:00+00:00,2026-02-15 12:55:00+00:00,2026-02-15 14:25:00+00:00,LONG,38.157664793086326,2024.0539034383935,2002.38,-107.08165134127312,12.0,0.0,-119.08165134127312,18
BTCUSDT,2026-02-15 13:20:00+00:00,2026-02-15 13:25:00+00:00,2026-02-15 14:55:00+00:00,LONG,16.866672857671183,69355.51168176264,69088.9,-38.44131133888706,12.0,0.0,-50.44131133888706,18
ETHUSDT,2026-02-15 15:00:00+00:00,2026-02-15 15:05:00+00:00,2026-02-15 16:35:00+00:00,SHORT,-16.87148146847378,2011.0816972658242,2003.83,36.058690582702056,12.0,-0.755,23.303690582702057,18
ETHUSDT,2026-02-15 17:40:00+00:00,2026-02-15 17:45:00+00:00,2026-02-15 19:15:00+00:00,LONG,26.5403373670426,1985.2328064635892,1941.24,-221.60023912740078,12.0,0.0,-233.60023912740078,18
BTCUSDT,2026-02-15 19:00:00+00:00,2026-02-15 19:05:00+00:00,2026-02-15 20:35:00+00:00,LONG,18.475004739052704,68195.67612980558,68475.0,40.959176013264376,12.0,0.0,28.959176013264376,18
ETHUSDT,2026-02-15 19:20:00+00:00,2026-02-15 19:25:00+00:00,2026-02-15 20:55:00+00:00,LONG,50.87253842872924,1947.6517471915254,1947.02,-3.2436352773868027,12.0,0.0,-15.243635277386803,18
BTCUSDT,2026-02-15 20:40:00+00:00,2026-02-15 20:45:00+00:00,2026-02-15 22:15:00+00:00,LONG,15.127890889153115,68447.02128388376,68767.4,46.80681644091855,12.0,0.0,34.80681644091855,18
ETHUSDT,2026-02-15 21:00:00+00:00,2026-02-15 21:05:00+00:00,2026-02-15 22:35:00+00:00,LONG,17.495999190563804,1953.2884836800483,1963.58,52.68815336771038,12.0,0.0,40.68815336771038,18
ETHUSDT,2026-02-16 06:40:00+00:00,2026-02-16 06:45:00+00:00,2026-02-16 08:15:00+00:00,LONG,22.04828067211279,1964.2025371814727,1968.86,23.711723869426216,12.0,0.5924999999999999,12.304223869426215,18
ETHUSDT,2026-02-16 12:50:00+00:00,2026-02-16 12:55:00+00:00,2026-02-16 14:25:00+00:00,LONG,15.813349419653361,2001.9628572378335,1971.56,-151.86524129514268,12.0,0.0,-163.86524129514268,18
BTCUSDT,2026-02-16 13:00:00+00:00,2026-02-16 13:05:00+00:00,2026-02-16 14:35:00+00:00,LONG,16.27768187875034,69869.69047205962,68428.5,-206.26833499941432,12.0,0.0,-218.26833499941432,18
BTCUSDT,2026-02-16 15:30:00+00:00,2026-02-16 15:35:00+00:00,2026-02-16 17:05:00+00:00,LONG,17.67618972043884,67352.20476197347,67840.2,72.45423364404147,12.0,0.4112,60.86543364404147,18
ETHUSDT,2026-02-16 15:30:00+00:00,2026-02-16 15:35:00+00:00,2026-02-16 17:05:00+00:00,LONG,16.654194178974702,1938.6552440050618,1972.61,175.14592189579403,12.0,0.34990000000000004,163.49582189579402,18
ETHUSDT,2026-02-16 19:15:00+00:00,2026-02-16 19:20:00+00:00,2026-02-16 20:50:00+00:00,LONG,18.35806550505312,1966.1676136654241,1982.86,84.89808406241028,12.0,0.0,72.89808406241028,18
BTCUSDT,2026-02-17 18:50:00+00:00,2026-02-17 18:55:00+00:00,2026-02-17 20:25:00+00:00,SHORT,-15.481213991199233,68034.11515017896,67585.9,65.88094064126082,12.0,0.0,53.88094064126082,18
ETHUSDT,2026-02-17 18:55:00+00:00,2026-02-17 19:00:00+00:00,2026-02-17 20:30:00+00:00,SHORT,-16.2229201019113,1999.71691232316,1994.53,25.938233012862135,12.0,0.0,13.938233012862135,18
ETHUSDT,2026-02-18 11:05:00+00:00,2026-02-18 11:10:00+00:00,2026-02-18 12:40:00+00:00,LONG,18.08844836900202,1977.7955628204404,1978.1,1.5392752682963362,12.0,0.0,-10.460724731703664,18
ETHUSDT,2026-02-18 16:25:00+00:00,2026-02-18 16:30:00+00:00,2026-02-18 18:00:00+00:00,SHORT,-16.99472487810146,1977.3364363080734,1973.46,19.60433357163671,12.0,0.0,7.604333571636712,18
BTCUSDT,2026-02-18 18:40:00+00:00,2026-02-18 18:45:00+00:00,2026-02-18 20:15:00+00:00,LONG,21.431899031935476,66269.6414268806,66217.2,-7.913340973553229,12.0,0.0,-19.91334097355323,18
ETHUSDT,2026-02-18 18:40:00+00:00,2026-02-18 18:45:00+00:00,2026-02-18 20:15:00+00:00,LONG,26.413521055394916,1949.6293657682152,1937.99,-59.700402407658615,12.0,0.0,-71.70040240765861,18
ETHUSDT,2026-02-18 21:00:00+00:00,2026-02-18 21:05:00+00:00,2026-02-18 22:35:00+00:00,LONG,15.266261093232467,1936.2041969869208,1944.33,41.96769651529708,12.0,0.0,29.967696515297078,18
BTCUSDT,2026-02-18 21:30:00+00:00,2026-02-18 21:35:00+00:00,2026-02-18 23:05:00+00:00,LONG,15.121793090294288,66407.72388950539,66280.8,-19.112820327432665,12.0,0.0,-31.112820327432665,18
ETHUSDT,2026-02-19 13:20:00+00:00,2026-02-19 13:25:00+00:00,2026-02-19 14:55:00+00:00,LONG,15.543272880001123,1930.4639325993046,1940.01,49.44960244785301,12.0,0.0,37.44960244785301,18
ETHUSDT,2026-02-19 15:25:00+00:00,2026-02-19 15:30:00+00:00,2026-02-19 17:00:00+00:00,LONG,15.697946113895238,1914.4141954457618,1920.96,34.19220652359334,12.0,0.7865,22.978706523593342,18
BTCUSDT,2026-02-20 15:05:00+00:00,2026-02-20 15:10:00+00:00,2026-02-20 16:40:00+00:00,SHORT,-16.57130114951804,67401.3241002464,67485.1,-12.429414536279104,12.0,-0.0671,-24.496514536279104,18
ETHUSDT,2026-02-20 17:45:00+00:00,2026-02-20 17:50:00+00:00,2026-02-20 19:20:00+00:00,SHORT,-15.064325516473936,1969.4545897394548,1966.31,15.966805001941253,12.0,0.0,3.9668050019412533,18
ETHUSDT,2026-02-21 14:20:00+00:00,2026-02-21 14:25:00+00:00,2026-02-21 15:55:00+00:00,SHORT,-18.94869361160771,1990.3855816696678,1988.84,7.765237469070652,12.0,0.0,-4.234762530929348,18
ETHUSDT,2026-02-22 12:35:00+00:00,2026-02-22 12:40:00+00:00,2026-02-22 14:10:00+00:00,LONG,15.955590837408337,1962.265876092348,1947.87,-73.36353481830926,12.0,0.0,-85.36353481830926,18
ETHUSDT,2026-02-22 17:30:00+00:00,2026-02-22 17:35:00+00:00,2026-02-22 19:05:00+00:00,LONG,18.259807348129954,1934.808710385787,1943.66,45.74762128525034,12.0,0.0,33.74762128525034,18
BTCUSDT,2026-02-23 06:05:00+00:00,2026-02-23 06:10:00+00:00,2026-02-23 07:40:00+00:00,SHORT,-20.121627336151207,65180.876026334634,65904.6,-111.03317687429781,12.0,0.0,-123.03317687429781,18
ETHUSDT,2026-02-23 06:30:00+00:00,2026-02-23 06:35:00+00:00,2026-02-23 08:05:00+00:00,SHORT,-19.225885521018096,1875.1139930766426,1882.64,-40.136263454624284,12.0,-3.6526,-55.788863454624284,18
ETHUSDT,2026-02-23 08:10:00+00:00,2026-02-23 08:15:00+00:00,2026-02-23 09:45:00+00:00,SHORT,-40.60381029588611,1887.7722605455624,1909.74,-116.36858912255077,12.0,0.0,-128.36858912255076,18
BTCUSDT,2026-02-23 08:20:00+00:00,2026-02-23 08:25:00+00:00,2026-02-23 09:55:00+00:00,SHORT,-26.916472488340663,65637.1032063557,66428.5,-120.57156013668413,12.0,0.0,-132.57156013668413,18
ETHUSDT,2026-02-23 16:00:00+00:00,2026-02-23 16:05:00+00:00,2026-02-23 17:35:00+00:00,LONG,15.408920795498116,1884.6803413927657,1853.1,-167.56338302668428,12.0,0.0,-179.56338302668428,18
ETHUSDT,2026-02-23 17:40:00+00:00,2026-02-23 17:45:00+00:00,2026-02-23 19:15:00+00:00,LONG,24.875255549629365,1845.9750805704155,1860.47,78.52175027793784,12.0,0.0,66.52175027793784,18
ETHUSDT,2026-02-23 20:05:00+00:00,2026-02-23 20:10:00+00:00,2026-02-23 21:40:00+00:00,LONG,16.448870683384296,1853.0924577919686,1858.21,27.616227061488807,12.0,0.0,15.616227061488807,18
BTCUSDT,2026-02-24 06:10:00+00:00,2026-02-24 06:15:00+00:00,2026-02-24 07:45:00+00:00,LONG,21.61018614747443,63072.18864940493,63061.1,-1.7580885715839933,12.0,0.0,-13.758088571583993,18
ETHUSDT,2026-02-24 06:20:00+00:00,2026-02-24 06:25:00+00:00,2026-02-24 07:55:00+00:00,LONG,21.237731321421567,1827.1102781452864,1822.63,-24.52111511207944,12.0,0.0,-36.52111511207944,18
BTCUSDT,2026-02-24 08:15:00+00:00,2026-02-24 08:20:00+00:00,2026-02-24 09:50:00+00:00,SHORT,-25.824678860657485,63107.66074357598,63114.2,-1.0362064362667844,12.0,0.0,-13.036206436266784,18
BTCUSDT,2026-02-24 14:45:00+00:00,2026-02-24 14:50:00+00:00,2026-02-24 16:20:00+00:00,SHORT,-17.964398441516547,63596.37700414689,64109.6,-80.70003670486602,12.0,-0.0182,-92.71823670486602,18
ETHUSDT,2026-02-24 14:45:00+00:00,2026-02-24 14:50:00+00:00,2026-02-24 16:20:00+00:00,SHORT,-20.95154001987347,1840.3177760594517,1855.7,-83.58460772728726,12.0,-0.2974,-95.88200772728726,18
BTCUSDT,2026-02-24 16:55:00+00:00,2026-02-24 17:00:00+00:00,2026-02-24 18:30:00+00:00,SHORT,-15.992346784526354,64272.24185203753,64264.0,1.2823346128953972,12.0,0.0,-10.717665387104603,18
ETHUSDT,2026-02-24 16:55:00+00:00,2026-02-24 17:00:00+00:00,2026-02-24 18:30:00+00:00,SHORT,-21.865244331525542,1859.050748645797,1850.13,47.985503635633584,12.0,0.0,35.985503635633584,18
BTCUSDT,2026-02-25 06:00:00+00:00,2026-02-25 06:05:00+00:00,2026-02-25 07:35:00+00:00,LONG,21.540931001926197,64928.1790997961,65120.0,29.54355148464316,12.0,0.0,17.54355148464316,18
ETHUSDT,2026-02-25 06:00:00+00:00,2026-02-25 06:05:00+00:00,2026-02-25 07:35:00+00:00,LONG,31.00579453168783,1888.0453927952738,1892.61,24.17636367295195,12.0,0.0,12.17636367295195,18
ETHUSDT,2026-02-25 07:40:00+00:00,2026-02-25 07:45:00+00:00,2026-02-25 09:15:00+00:00,LONG,15.201501420541577,1888.480212660729,1913.38,131.85093056489626,12.0,-0.4558,119.39513056489626,18
BTCUSDT,2026-02-25 12:15:00+00:00,2026-02-25 12:20:00+00:00,2026-02-25 13:50:00+00:00,SHORT,-16.89874090814138,65700.63293357397,66611.4,-138.62378880685088,12.0,0.0,-150.62378880685088,18
ETHUSDT,2026-02-25 12:15:00+00:00,2026-02-25 12:20:00+00:00,2026-02-25 13:50:00+00:00,SHORT,-15.210555335864736,1937.2210171178294,1974.87,-194.34531501306918,12.0,0.0,-206.34531501306918,18
ETHUSDT,2026-02-25 14:30:00+00:00,2026-02-25 14:35:00+00:00,2026-02-25 16:05:00+00:00,SHORT,-16.568117066577855,1974.3876710637298,2014.89,-205.13868441271788,12.0,0.5753,-216.56338441271788,18
BTCUSDT,2026-02-25 14:50:00+00:00,2026-02-25 14:55:00+00:00,2026-02-25 16:25:00+00:00,SHORT,-15.485049154876661,66710.65023125881,67967.6,-188.4181557793041,12.0,-0.09680000000000001,-200.5149557793041,18
ETHUSDT,2026-02-25 21:35:00+00:00,2026-02-25 21:40:00+00:00,2026-02-25 23:10:00+00:00,SHORT,-15.310784289399137,2120.005969461774,2083.01,174.50879853496915,12.0,0.0,162.50879853496915,18
ETHUSDT,2026-02-26 06:15:00+00:00,2026-02-26 06:20:00+00:00,2026-02-26 07:50:00+00:00,LONG,15.402786344331538,2067.7222415818546,2057.34,-50.211006938301054,12.0,0.0,-62.211006938301054,18
ETHUSDT,2026-02-26 09:45:00+00:00,2026-02-26 09:50:00+00:00,2026-02-26 11:20:00+00:00,SHORT,-17.713536098078567,2073.434762196596,2056.76,80.4209638065989,12.0,0.0,68.4209638065989,18
ETHUSDT,2026-02-26 15:20:00+00:00,2026-02-26 15:25:00+00:00,2026-02-26 16:55:00+00:00,LONG,19.07661166995548,2017.552995724252,1984.14,-165.61148973565088,12.0,-0.3926,-178.00408973565087,18
BTCUSDT,2026-02-26 16:50:00+00:00,2026-02-26 16:55:00+00:00,2026-02-26 18:25:00+00:00,LONG,19.491568742690973,66513.59181375087,66915.6,60.44000561191032,12.0,0.0,48.44000561191032,18
ETHUSDT,2026-02-26 17:10:00+00:00,2026-02-26 17:15:00+00:00,2026-02-26 18:45:00+00:00,LONG,23.56729776449647,1986.040795356411,2007.36,107.34525037670694,12.0,0.0,95.34525037670694,18
ETHUSDT,2026-02-27 10:15:00+00:00,2026-02-27 10:20:00+00:00,2026-02-27 11:50:00+00:00,LONG,15.719302988321278,1992.5627544229385,1961.75,-154.63881553814394,12.0,0.0,-166.63881553814394,18
BTCUSDT,2026-02-27 10:30:00+00:00,2026-02-27 10:35:00+00:00,2026-02-27 12:05:00+00:00,LONG,19.196989829801282,66771.13919259686,66012.8,-113.57290017315447,12.0,0.0,-125.57290017315447,18
BTCUSDT,2026-02-27 12:55:00+00:00,2026-02-27 13:00:00+00:00,2026-02-27 14:30:00+00:00,SHORT,-15.35356531536048,65935.93473430502,66086.0,-22.759253554178738,12.0,0.0,-34.75925355417874,18
ETHUSDT,2026-02-27 13:30:00+00:00,2026-02-27 13:35:00+00:00,2026-02-27 15:05:00+00:00,LONG,18.199877948652773,1952.4471910726124,1946.77,-29.077309227982795,12.0,0.0,-41.077309227982795,18
ETHUSDT,2026-02-27 15:30:00+00:00,2026-02-27 15:35:00+00:00,2026-02-27 17:05:00+00:00,LONG,16.512195112894208,1942.505320582464,1929.44,-67.2601533907069,12.0,1.1015,-78.1586533907069,18
ETHUSDT,2026-02-27 17:10:00+00:00,2026-02-27 17:15:00+00:00,2026-02-27 18:45:00+00:00,LONG,19.293147440189777,1922.0801979275911,1924.17,10.872606016452124,12.0,0.0,-1.1273939835478757,18
ETHUSDT,2026-02-27 19:00:00+00:00,2026-02-27 19:05:00+00:00,2026-02-27 20:35:00+00:00,LONG,20.1278120003798,1918.005716703209,1921.88,20.199539881720074,12.0,0.0,8.199539881720074,18
ETHUSDT,2026-02-27 20:40:00+00:00,2026-02-27 20:45:00+00:00,2026-02-27 22:15:00+00:00,LONG,21.516701687027346,1920.9451220468136,1918.25,-14.030187619008538,12.0,0.0,-26.030187619008537,18
ETHUSDT,2026-02-28 06:05:00+00:00,2026-02-28 06:10:00+00:00,2026-02-28 07:40:00+00:00,LONG,15.207932050380993,1915.127190140783,1875.17,-208.639877009138,12.0,0.0,-220.639877009138,18
BTCUSDT,2026-02-28 06:15:00+00:00,2026-02-28 06:20:00+00:00,2026-02-28 07:50:00+00:00,LONG,19.73763215077723,64881.205100904226,63774.4,-170.58947952383164,12.0,0.0,-182.58947952383164,18
ETHUSDT,2026-02-28 07:50:00+00:00,2026-02-28 07:55:00+00:00,2026-02-28 09:25:00+00:00,LONG,19.710596379759185,1865.7007795452573,1860.72,-26.696561420054277,12.0,0.9456,-37.75096142005428,18
ETHUSDT,2026-02-28 09:30:00+00:00,2026-02-28 09:35:00+00:00,2026-02-28 11:05:00+00:00,LONG,31.31168291852028,1852.7798629993927,1870.73,96.88218961722006,12.0,0.0,84.88218961722006,18
BTCUSDT,2026-02-28 10:50:00+00:00,2026-02-28 10:55:00+00:00,2026-02-28 12:25:00+00:00,SHORT,-19.60419656367943,63943.779067410724,63962.0,-2.8495238872361384,12.0,0.0,-14.849523887236138,18
ETHUSDT,2026-02-28 11:20:00+00:00,2026-02-28 11:25:00+00:00,2026-02-28 12:55:00+00:00,SHORT,-22.51625733815968,1873.6910860178825,1864.65,48.252810110215314,12.0,0.0,36.252810110215314,18
BTCUSDT,2026-02-28 12:45:00+00:00,2026-02-28 12:50:00+00:00,2026-02-28 14:20:00+00:00,SHORT,-18.472093454140186,63918.43888763695,64809.1,-139.34337694460285,12.0,0.0,-151.34337694460285,18
ETHUSDT,2026-02-28 13:00:00+00:00,2026-02-28 13:05:00+00:00,2026-02-28 14:35:00+00:00,SHORT,-16.982467913124598,1867.1549767456147,1897.42,-162.0916508341286,12.0,0.0,-174.0916508341286,18
BTCUSDT,2026-02-28 16:50:00+00:00,2026-02-28 16:55:00+00:00,2026-02-28 18:25:00+00:00,SHORT,-16.837550787319515,65087.02941350877,65169.6,-12.686181445866751,12.0,0.0,-24.68618144586675,18
BTCUSDT,2026-02-28 18:50:00+00:00,2026-02-28 18:55:00+00:00,2026-02-28 20:25:00+00:00,SHORT,-24.867749512132065,65983.45984726555,66906.6,-139.90478142117402,12.0,0.0,-151.90478142117402,18
ETHUSDT,2026-02-28 19:05:00+00:00,2026-02-28 19:10:00+00:00,2026-02-28 20:40:00+00:00,SHORT,-17.13919067330903,1924.7563427701778,1952.4,-143.6215931105167,12.0,0.0,-155.6215931105167,18
BTCUSDT,2026-02-28 20:30:00+00:00,2026-02-28 20:35:00+00:00,2026-02-28 22:05:00+00:00,SHORT,-15.472763027992928,66740.657147457,66820.8,-12.008100604394834,12.0,0.0,-24.008100604394834,18
ETHUSDT,2026-02-28 20:45:00+00:00,2026-02-28 20:50:00+00:00,2026-02-28 22:20:00+00:00,SHORT,-15.08117560586849,1967.7867366769299,1961.94,29.71224761278424,12.0,0.0,17.71224761278424,18
ETHUSDT,2026-03-01 06:00:00+00:00,2026-03-01 06:05:00+00:00,2026-03-01 07:35:00+00:00,LONG,25.826854923364078,2004.1165167532938,2002.13,-9.912181934970121,12.0,0.0,-21.91218193497012,18
BTCUSDT,2026-03-01 06:05:00+00:00,2026-03-01 06:10:00+00:00,2026-03-01 07:40:00+00:00,LONG,17.743676778997475,67053.66790989377,67153.9,14.948039865754215,12.0,0.0,2.9480398657542146,18
ETHUSDT,2026-03-01 08:45:00+00:00,2026-03-01 08:50:00+00:00,2026-03-01 10:20:00+00:00,LONG,15.980851662566698,1994.842186307328,1978.86,-80.11754722769714,12.0,0.0,-92.11754722769714,18
BTCUSDT,2026-03-01 08:50:00+00:00,2026-03-01 08:55:00+00:00,2026-03-01 10:25:00+00:00,LONG,15.564134508534465,66453.84067980153,66505.6,7.788762796701043,12.0,0.0,-4.211237203298957,18
ETHUSDT,2026-03-01 13:50:00+00:00,2026-03-01 13:55:00+00:00,2026-03-01 15:25:00+00:00,SHORT,-16.01606888404904,2018.4036775153559,2006.18,60.5611139710327,12.0,0.0,48.5611139710327,18
BTCUSDT,2026-03-01 16:45:00+00:00,2026-03-01 16:50:00+00:00,2026-03-01 18:20:00+00:00,LONG,18.360936478666844,66016.85878412328,66355.9,51.35676282105317,12.0,0.0,39.35676282105317,18
ETHUSDT,2026-03-01 16:45:00+00:00,2026-03-01 16:50:00+00:00,2026-03-01 18:20:00+00:00,LONG,22.540453142531174,1970.5752366496981,1981.98,57.87530025847643,12.0,0.0,45.87530025847643,18
BTCUSDT,2026-03-01 19:00:00+00:00,2026-03-01 19:05:00+00:00,2026-03-01 20:35:00+00:00,LONG,17.366117358288705,66208.78641095466,65164.9,-157.66584278940178,12.0,0.0,-169.66584278940178,18
ETHUSDT,2026-03-01 19:00:00+00:00,2026-03-01 19:05:00+00:00,2026-03-01 20:35:00+00:00,LONG,15.127058833503224,1969.140876918525,1919.06,-254.3285628039771,12.0,0.0,-266.3285628039771,18
BTCUSDT,2026-03-01 20:40:00+00:00,2026-03-01 20:45:00+00:00,2026-03-01 22:15:00+00:00,LONG,35.78066474829033,65174.35056884852,65975.7,122.95472439038058,12.0,0.0,110.95472439038058,18
ETHUSDT,2026-03-01 20:40:00+00:00,2026-03-01 20:45:00+00:00,2026-03-01 22:15:00+00:00,LONG,51.98367966241318,1909.1721655449187,1944.79,186.56166844395193,12.0,0.0,174.56166844395193,18
ETHUSDT,2026-03-02 06:15:00+00:00,2026-03-02 06:20:00+00:00,2026-03-02 07:50:00+00:00,LONG,19.047823457217326,1949.2126331568795,1938.53,-54.804863128649075,12.0,0.0,-66.80486312864907,18
ETHUSDT,2026-03-02 13:45:00+00:00,2026-03-02 13:50:00+00:00,2026-03-02 15:20:00+00:00,LONG,16.57834835828427,1926.3224590233924,2029.7,536.65750763773,12.0,0.0,524.65750763773,18
BTCUSDT,2026-03-02 14:45:00+00:00,2026-03-02 14:50:00+00:00,2026-03-02 16:20:00+00:00,LONG,17.904644438236037,66896.21753532969,69418.3,377.0142106073981,12.0,0.1083,365.1225106073981,18
ETHUSDT,2026-03-02 15:25:00+00:00,2026-03-02 15:30:00+00:00,2026-03-02 17:00:00+00:00,LONG,21.93999203918974,2027.7242819899604,2063.34,175.64379105371896,12.0,0.6736000000000001,164.31739105371895,18
BTCUSDT,2026-03-02 16:25:00+00:00,2026-03-02 16:30:00+00:00,2026-03-02 18:00:00+00:00,LONG,17.90970617569979,69264.84068364567,69170.0,-13.69247120322381,12.0,0.0,-25.69247120322381,18
ETHUSDT,2026-03-02 17:05:00+00:00,2026-03-02 17:10:00+00:00,2026-03-02 18:40:00+00:00,LONG,34.15940046873804,2050.5108203731284,2031.35,-93.44413198288714,12.0,0.0,-105.44413198288714,18
ETHUSDT,2026-03-02 19:25:00+00:00,2026-03-02 19:30:00+00:00,2026-03-02 21:00:00+00:00,LONG,15.404463476394303,2030.5180059608313,2033.94,16.852813070966643,12.0,0.0,4.8528130709666435,18
ETHUSDT,2026-03-03 06:00:00+00:00,2026-03-03 06:05:00+00:00,2026-03-03 07:35:00+00:00,LONG,18.186798854979575,1990.2739970883122,1996.79,32.73922545951269,12.0,0.0,20.73922545951269,18
ETHUSDT,2026-03-03 09:50:00+00:00,2026-03-03 09:55:00+00:00,2026-03-03 11:25:00+00:00,SHORT,-16.1796767101132,1948.7697038782567,1959.0,-52.49617798031237,12.0,0.0,-64.49617798031237,18
BTCUSDT,2026-03-03 10:30:00+00:00,2026-03-03 10:35:00+00:00,2026-03-03 12:05:00+00:00,SHORT,-18.262473204136445,66502.85121141134,67210.5,-106.40878935236353,12.0,0.0,-118.40878935236353,18
ETHUSDT,2026-03-03 14:40:00+00:00,2026-03-03 14:45:00+00:00,2026-03-03 16:15:00+00:00,LONG,20.417895546021235,1934.1421671720393,1994.5,312.0651307458511,12.0,0.9532,301.0183307458511,18
BTCUSDT,2026-03-03 16:10:00+00:00,2026-03-03 16:15:00+00:00,2026-03-03 17:45:00+00:00,SHORT,-15.298564845671931,68507.76646605352,68107.9,58.3680488622651,12.0,0.0,46.3680488622651,18
BTCUSDT,2026-03-03 18:30:00+00:00,2026-03-03 18:35:00+00:00,2026-03-03 20:05:00+00:00,SHORT,-26.998493490424643,68694.79260724538,68430.7,38.444341590098134,12.0,0.0,26.444341590098134,18
ETHUSDT,2026-03-04 06:00:00+00:00,2026-03-04 06:05:00+00:00,2026-03-04 07:35:00+00:00,LONG,16.46711160813266,1967.6986166114284,1987.38,100.02234703231582,12.0,0.0,88.02234703231582,18
BTCUSDT,2026-03-04 10:30:00+00:00,2026-03-04 10:35:00+00:00,2026-03-04 12:05:00+00:00,LONG,19.202620295598482,71264.24356392019,70973.9,-40.74182919794445,12.0,0.0,-52.74182919794445,18
ETHUSDT,2026-03-04 10:30:00+00:00,2026-03-04 10:35:00+00:00,2026-03-04 12:05:00+00:00,LONG,17.368862245167957,2072.0678319831363,2051.95,-97.09060520418421,12.0,0.0,-109.09060520418421,18
ETHUSDT,2026-03-04 16:15:00+00:00,2026-03-04 16:20:00+00:00,2026-03-04 17:50:00+00:00,LONG,15.588407698563497,2134.972746214426,2150.7,73.66489250722364,12.0,0.0,61.66489250722364,18
ETHUSDT,2026-03-04 19:05:00+00:00,2026-03-04 19:10:00+00:00,2026-03-04 20:40:00+00:00,SHORT,-15.081633437999749,2173.2487044804366,2168.26,22.955055581772577,12.0,0.0,10.955055581772577,18
ETHUSDT,2026-03-05 06:00:00+00:00,2026-03-05 06:05:00+00:00,2026-03-05 07:35:00+00:00,LONG,17.14157881818163,2120.513972981979,2118.8,-8.082818617640708,12.0,0.0,-20.082818617640708,18
BTCUSDT,2026-03-05 06:05:00+00:00,2026-03-05 06:10:00+00:00,2026-03-05 07:40:00+00:00,LONG,18.0977713206655,72050.04256752053,72206.2,21.673468455361,12.0,0.0,9.673468455361,18
ETHUSDT,2026-03-05 08:00:00+00:00,2026-03-05 08:05:00+00:00,2026-03-05 09:35:00+00:00,LONG,18.269774348699304,2096.5205110886845,2129.5,157.30582523225456,12.0,0.0,145.30582523225456,18
BTCUSDT,2026-03-05 10:20:00+00:00,2026-03-05 10:25:00+00:00,2026-03-05 11:55:00+00:00,SHORT,-16.56210278675628,72934.27398053418,72770.1,22.50985326569421,12.0,0.0,10.509853265694211,18
ETHUSDT,2026-03-05 10:25:00+00:00,2026-03-05 10:30:00+00:00,2026-03-05 12:00:00+00:00,SHORT,-21.205594096769556,2143.596013363431,2136.76,31.890399687322102,12.0,0.0,19.890399687322102,18
ETHUSDT,2026-03-05 13:30:00+00:00,2026-03-05 13:35:00+00:00,2026-03-05 15:05:00+00:00,LONG,17.176569340644292,2110.8686941404185,2105.34,-26.19155874434731,12.0,0.0,-38.19155874434731,18
ETHUSDT,2026-03-05 15:10:00+00:00,2026-03-05 15:15:00+00:00,2026-03-05 16:45:00+00:00,LONG,17.848021845933346,2085.936686633443,2078.45,-35.89124579579717,12.0,0.1463,-47.74494579579717,18
BTCUSDT,2026-03-05 15:40:00+00:00,2026-03-05 15:45:00+00:00,2026-03-05 17:15:00+00:00,LONG,20.284514881034326,71360.4463791259,71135.9,-31.466504277865013,12.0,-0.017400000000000002,-43.483904277865015,18
ETHUSDT,2026-03-05 17:05:00+00:00,2026-03-05 17:10:00+00:00,2026-03-05 18:40:00+00:00,SHORT,-15.096721306287646,2074.66309324673,2071.01,17.608127597300573,12.0,0.0,5.608127597300573,18
BTCUSDT,2026-03-05 17:40:00+00:00,2026-03-05 17:45:00+00:00,2026-03-05 19:15:00+00:00,LONG,19.186550352195674,70771.30563014318,71328.4,78.717548715046,12.0,0.0,66.717548715046,18
BTCUSDT,2026-03-05 19:50:00+00:00,2026-03-05 19:55:00+00:00,2026-03-05 21:25:00+00:00,LONG,15.592720646048825,70863.58396161605,71440.5,81.41220160363893,12.0,0.0,69.41220160363893,18
BTCUSDT,2026-03-06 06:00:00+00:00,2026-03-06 06:05:00+00:00,2026-03-06 07:35:00+00:00,LONG,16.05197588393479,70365.256579815,70920.0,78.83768881816744,12.0,0.0,66.83768881816744,18
ETHUSDT,2026-03-06 06:05:00+00:00,2026-03-06 06:10:00+00:00,2026-03-06 07:40:00+00:00,LONG,17.508230582022684,2063.662481023269,2081.23,85.12786920475746,12.0,0.0,73.12786920475746,18
BTCUSDT,2026-03-06 12:35:00+00:00,2026-03-06 12:40:00+00:00,2026-03-06 14:10:00+00:00,LONG,15.75095936566535,69708.91255648082,68631.4,-154.57314093198394,12.0,0.0,-166.57314093198394,18
ETHUSDT,2026-03-06 12:35:00+00:00,2026-03-06 12:40:00+00:00,2026-03-06 14:10:00+00:00,LONG,15.352013164316693,2040.0175317878093,2005.41,-169.6433057488489,12.0,0.0,-181.6433057488489,18
ETHUSDT,2026-03-06 14:20:00+00:00,2026-03-06 14:25:00+00:00,2026-03-06 15:55:00+00:00,LONG,18.028280532208644,2008.8523779141467,1971.0,-188.42787220358147,12.0,0.0,-200.42787220358147,18
ETHUSDT,2026-03-06 16:05:00+00:00,2026-03-06 16:10:00+00:00,2026-03-06 17:40:00+00:00,LONG,38.89706651822842,1967.8556630146115,1959.12,-44.39178735918703,12.0,0.0,-56.39178735918703,18
BTCUSDT,2026-03-06 16:10:00+00:00,2026-03-06 16:15:00+00:00,2026-03-06 17:45:00+00:00,LONG,19.499083123939926,68248.77621668331,67809.5,-64.36396973458547,12.0,0.0,-76.36396973458547,18
ETHUSDT,2026-03-06 18:05:00+00:00,2026-03-06 18:10:00+00:00,2026-03-06 19:40:00+00:00,LONG,15.656534312343148,1971.85818107732,1984.22,62.69121705256842,12.0,0.0,50.69121705256842,18
BTCUSDT,2026-03-06 19:40:00+00:00,2026-03-06 19:45:00+00:00,2026-03-06 21:15:00+00:00,LONG,17.859569637452125,68077.06560666992,68120.6,6.394869247394741,12.0,0.0,-5.605130752605259,18
ETHUSDT,2026-03-07 06:00:00+00:00,2026-03-07 06:05:00+00:00,2026-03-07 07:35:00+00:00,LONG,15.719505506062925,1976.5049974180145,1976.06,-2.2514358354563946,12.0,0.0,-14.251435835456395,18
BTCUSDT,2026-03-07 07:00:00+00:00,2026-03-07 07:05:00+00:00,2026-03-07 08:35:00+00:00,LONG,18.016725161591744,67514.10297408435,67895.5,56.49146017122631,12.0,-0.35250000000000004,44.13896017122631,18
ETHUSDT,2026-03-08 11:40:00+00:00,2026-03-08 11:45:00+00:00,2026-03-08 13:15:00+00:00,LONG,24.336685127861283,1946.6680570509848,1931.49,-77.96941546355907,12.0,0.0,-89.96941546355907,18
BTCUSDT,2026-03-09 18:00:00+00:00,2026-03-09 18:05:00+00:00,2026-03-09 19:35:00+00:00,LONG,16.4683932879567,68340.90368615308,69153.0,118.83019832110708,12.0,0.0,106.83019832110708,18
BTCUSDT,2026-03-10 14:40:00+00:00,2026-03-10 14:45:00+00:00,2026-03-10 16:15:00+00:00,SHORT,-15.133010358989084,70466.0302298306,71100.0,-89.96814040774792,12.0,0.1738,-101.79434040774792,18
ETHUSDT,2026-03-10 14:55:00+00:00,2026-03-10 15:00:00+00:00,2026-03-10 16:30:00+00:00,SHORT,-15.65545881858614,2076.4573555332922,2079.6,-15.1346448716283,12.0,0.2672,-26.8674448716283,18
BTCUSDT,2026-03-10 16:20:00+00:00,2026-03-10 16:25:00+00:00,2026-03-10 17:55:00+00:00,SHORT,-17.127401079008667,71540.67714430502,70924.0,86.19951179118956,12.0,0.0,74.19951179118956,18
BTCUSDT,2026-03-10 19:25:00+00:00,2026-03-10 19:30:00+00:00,2026-03-10 21:00:00+00:00,LONG,15.496549095185438,69879.89640198098,70192.9,44.79165169600119,12.0,0.0,32.79165169600119,18
ETHUSDT,2026-03-10 19:25:00+00:00,2026-03-10 19:30:00+00:00,2026-03-10 21:00:00+00:00,LONG,16.942416487286696,2029.8518914142992,2041.58,57.778149407390345,12.0,0.0,45.778149407390345,18
BTCUSDT,2026-03-10 21:20:00+00:00,2026-03-10 21:25:00+00:00,2026-03-10 22:55:00+00:00,LONG,17.698856678089847,69979.08269811772,69673.4,-43.6820098709223,12.0,0.0,-55.6820098709223,18
ETHUSDT,2026-03-10 21:45:00+00:00,2026-03-10 21:50:00+00:00,2026-03-10 23:20:00+00:00,LONG,15.99880692774201,2023.9249204315645,2032.09,40.342798717525326,12.0,0.0,28.342798717525326,18
ETHUSDT,2026-03-11 06:00:00+00:00,2026-03-11 06:05:00+00:00,2026-03-11 07:35:00+00:00,LONG,17.839885298381112,2016.189046279342,2014.11,-10.31176259576827,12.0,0.0,-22.311762595768272,18
BTCUSDT,2026-03-11 13:40:00+00:00,2026-03-11 13:45:00+00:00,2026-03-11 15:15:00+00:00,SHORT,-19.838889479542544,70465.01545809742,70098.2,52.0563936178442,12.0,0.0,40.0563936178442,18
ETHUSDT,2026-03-11 16:30:00+00:00,2026-03-11 16:35:00+00:00,2026-03-11 18:05:00+00:00,SHORT,-15.971098581516936,2065.759699142557,2069.29,-17.089600784196968,12.0,0.0,-29.089600784196968,18
ETHUSDT,2026-03-12 09:40:00+00:00,2026-03-12 09:45:00+00:00,2026-03-12 11:15:00+00:00,SHORT,-16.016328393569616,2061.3426368929113,2066.77,-26.329262345581306,12.0,0.0,-38.329262345581306,18
BTCUSDT,2026-03-12 10:30:00+00:00,2026-03-12 10:35:00+00:00,2026-03-12 12:05:00+00:00,SHORT,-16.277124217636583,70246.39834587618,70314.3,-9.666211467453945,12.0,0.0,-21.666211467453945,18
ETHUSDT,2026-03-12 15:30:00+00:00,2026-03-12 15:35:00+00:00,2026-03-12 17:05:00+00:00,SHORT,-15.022429904133935,2069.795907125412,2070.13,-1.614134386089816,12.0,-0.15130000000000002,-13.765434386089817,18
ETHUSDT,2026-03-12 18:00:00+00:00,2026-03-12 18:05:00+00:00,2026-03-12 19:35:00+00:00,LONG,20.17800023598489,2053.892287881443,2065.41,56.077488515413606,12.0,0.0,44.077488515413606,18
ETHUSDT,2026-03-13 06:25:00+00:00,2026-03-13 06:30:00+00:00,2026-03-13 08:00:00+00:00,LONG,22.6178877377226,2094.222207617397,2098.44,20.14013779082946,12.0,0.0,8.14013779082946,18
BTCUSDT,2026-03-13 09:50:00+00:00,2026-03-13 09:55:00+00:00,2026-03-13 11:25:00+00:00,SHORT,-16.115731630652427,71987.48708443744,72311.4,-44.99572476847513,12.0,0.0,-56.99572476847513,18
ETHUSDT,2026-03-13 09:55:00+00:00,2026-03-13 10:00:00+00:00,2026-03-13 11:30:00+00:00,SHORT,-15.015955929429005,2113.677411919523,2124.51,-51.2499590495219,12.0,0.0,-63.2499590495219,18
BTCUSDT,2026-03-13 12:55:00+00:00,2026-03-13 13:00:00+00:00,2026-03-13 14:30:00+00:00,SHORT,-23.11788314241983,72767.81976011318,73685.0,-126.04201182753627,12.0,0.0,-138.04201182753627,18
ETHUSDT,2026-03-13 12:55:00+00:00,2026-03-13 13:00:00+00:00,2026-03-13 14:30:00+00:00,SHORT,-21.592700775961173,2146.6562336462384,2194.95,-224.9720546625733,12.0,0.0,-236.9720546625733,18
BTCUSDT,2026-03-13 14:35:00+00:00,2026-03-13 14:40:00+00:00,2026-03-13 16:10:00+00:00,SHORT,-20.809075109930184,73482.47291536756,71687.0,244.3402956015739,12.0,-0.0638,232.2764956015739,18
ETHUSDT,2026-03-13 15:50:00+00:00,2026-03-13 15:55:00+00:00,2026-03-13 17:25:00+00:00,LONG,16.813431923104687,2129.4283276170104,2133.69,20.01322292804586,12.0,-0.2099,7.803322928045859,18
ETHUSDT,2026-03-13 17:30:00+00:00,2026-03-13 17:35:00+00:00,2026-03-13 19:05:00+00:00,LONG,17.65101464823684,2117.80625740456,2096.84,-98.99988410769222,12.0,0.0,-110.99988410769222,18
BTCUSDT,2026-03-13 17:35:00+00:00,2026-03-13 17:40:00+00:00,2026-03-13 19:10:00+00:00,LONG,18.949898991184995,71372.60127846064,71167.2,-28.77872948181759,12.0,0.0,-40.77872948181759,18
ETHUSDT,2026-03-13 21:35:00+00:00,2026-03-13 21:40:00+00:00,2026-03-13 23:10:00+00:00,SHORT,-15.551533310855103,2103.760078389679,2087.99,74.96139199366536,12.0,0.0,62.96139199366536,18
ETHUSDT,2026-03-14 06:10:00+00:00,2026-03-14 06:15:00+00:00,2026-03-14 07:45:00+00:00,LONG,18.139501692135205,2087.1725615482833,2077.8,-44.90554217199239,12.0,0.0,-56.90554217199239,18
BTCUSDT,2026-03-14 06:25:00+00:00,2026-03-14 06:30:00+00:00,2026-03-14 08:00:00+00:00,LONG,15.765935811335156,70652.9841163503,70565.6,-12.368071560344696,12.0,0.3988,-23.969271560344694,18
ETHUSDT,2026-03-15 13:10:00+00:00,2026-03-15 13:15:00+00:00,2026-03-15 14:45:00+00:00,LONG,15.3032307635849,2096.642131823579,2091.4,-25.002511129638137,12.0,0.0,-37.00251112963814,18
ETHUSDT,2026-03-15 20:35:00+00:00,2026-03-15 20:40:00+00:00,2026-03-15 22:10:00+00:00,SHORT,-15.014925090431552,2137.188299266828,2134.76,11.362121286462301,12.0,0.0,-0.6378787135376989,18
ETHUSDT,2026-03-16 06:25:00+00:00,2026-03-16 06:30:00+00:00,2026-03-16 08:00:00+00:00,LONG,19.460708848689546,2263.181314872005,2248.44,-65.13536840877632,12.0,0.0,-77.13536840877632,18
ETHUSDT,2026-03-16 17:15:00+00:00,2026-03-16 17:20:00+00:00,2026-03-16 18:50:00+00:00,SHORT,-15.190169504251742,2304.3585828940736,2333.82,-127.85083590994617,12.0,0.0,-139.85083590994617,18
ETHUSDT,2026-03-16 20:50:00+00:00,2026-03-16 20:55:00+00:00,2026-03-16 22:25:00+00:00,SHORT,-15.633183771195192,2343.035573100468,2357.79,-62.971416520185564,12.0,0.0,-74.97141652018556,18
ETHUSDT,2026-03-17 06:00:00+00:00,2026-03-17 06:05:00+00:00,2026-03-17 07:35:00+00:00,LONG,23.1162171414793,2299.536993278052,2330.8,135.95348460727408,12.0,0.0,123.95348460727408,18
ETHUSDT,2026-03-17 13:35:00+00:00,2026-03-17 13:40:00+00:00,2026-03-17 15:10:00+00:00,SHORT,-16.76782818814753,2343.468464818134,2335.62,33.49080619586387,12.0,0.0,21.49080619586387,18
ETHUSDT,2026-03-17 16:20:00+00:00,2026-03-17 16:25:00+00:00,2026-03-17 17:55:00+00:00,SHORT,-15.564050202170531,2335.3323342540975,2337.44,-9.02512124286492,12.0,0.0,-21.02512124286492,18
ETHUSDT,2026-03-17 19:50:00+00:00,2026-03-17 19:55:00+00:00,2026-03-17 21:25:00+00:00,LONG,15.163478420185386,2318.762397690173,2337.7,81.67116358576143,12.0,0.0,69.67116358576143,18
ETHUSDT,2026-03-18 11:25:00+00:00,2026-03-18 11:30:00+00:00,2026-03-18 13:00:00+00:00,LONG,22.92721952795368,2292.9507853507453,2236.49,-246.23635932992326,12.0,0.0,-258.2363593299233,18
BTCUSDT,2026-03-18 11:30:00+00:00,2026-03-18 11:35:00+00:00,2026-03-18 13:05:00+00:00,LONG,16.21490873465298,73122.94626708803,72315.0,-110.49148158458144,12.0,0.0,-122.49148158458144,18
BTCUSDT,2026-03-18 13:30:00+00:00,2026-03-18 13:35:00+00:00,2026-03-18 15:05:00+00:00,SHORT,-18.470187243368432,72285.04571136711,71274.3,139.82777508407486,12.0,0.0,127.82777508407486,18
ETHUSDT,2026-03-18 14:25:00+00:00,2026-03-18 14:30:00+00:00,2026-03-18 16:00:00+00:00,LONG,18.11656156305369,2213.079402052436,2186.25,-121.23108654643832,12.0,0.0,-133.23108654643832,18
BTCUSDT,2026-03-18 15:50:00+00:00,2026-03-18 15:55:00+00:00,2026-03-18 17:25:00+00:00,SHORT,-19.321811348400836,71450.8239490067,71459.3,-1.1862775717386143,12.0,0.2418,-12.944477571738615,18
ETHUSDT,2026-03-18 16:05:00+00:00,2026-03-18 16:10:00+00:00,2026-03-18 17:40:00+00:00,LONG,17.508800736682517,2178.2555949648868,2209.39,142.9327444726014,12.0,0.0,130.9327444726014,18
ETHUSDT,2026-03-18 18:50:00+00:00,2026-03-18 18:55:00+00:00,2026-03-18 20:25:00+00:00,LONG,19.034123748089986,2175.710436376619,2172.0,-17.05390714951127,12.0,0.0,-29.05390714951127,18
BTCUSDT,2026-03-18 18:55:00+00:00,2026-03-18 19:00:00+00:00,2026-03-18 20:30:00+00:00,SHORT,-15.658866375244779,71109.45773754016,70945.4,23.071155759011308,12.0,0.0,11.071155759011308,18
ETHUSDT,2026-03-18 20:35:00+00:00,2026-03-18 20:40:00+00:00,2026-03-18 22:10:00+00:00,LONG,15.027393712501777,2181.9297847419816,2192.22,47.16107424710181,12.0,0.0,35.16107424710181,18
ETHUSDT,2026-03-19 06:00:00+00:00,2026-03-19 06:05:00+00:00,2026-03-19 07:35:00+00:00,LONG,22.244502009706302,2183.2163467955065,2160.98,-101.85132054431834,12.0,0.0,-113.85132054431834,18
BTCUSDT,2026-03-19 08:10:00+00:00,2026-03-19 08:15:00+00:00,2026-03-19 09:45:00+00:00,LONG,15.845792341844612,70095.21959358318,70413.5,45.40686344407297,12.0,0.0,33.40686344407297,18
ETHUSDT,2026-03-19 08:20:00+00:00,2026-03-19 08:25:00+00:00,2026-03-19 09:55:00+00:00,LONG,23.784072678645984,2163.8538887749974,2183.9,92.64078008682563,12.0,0.0,80.64078008682563,18
ETHUSDT,2026-03-19 12:50:00+00:00,2026-03-19 12:55:00+00:00,2026-03-19 14:25:00+00:00,LONG,23.466574025867875,2131.334058620326,2120.82,-49.3308807120163,12.0,0.0,-61.3308807120163,18
ETHUSDT,2026-03-19 14:30:00+00:00,2026-03-19 14:35:00+00:00,2026-03-19 16:05:00+00:00,LONG,19.30151409976376,2111.2446697183873,2113.64,11.345583560109507,12.0,-0.0066,-0.6610164398904933,18
ETHUSDT,2026-03-20 14:30:00+00:00,2026-03-20 14:35:00+00:00,2026-03-20 16:05:00+00:00,SHORT,-16.098815164405934,2146.0881712024748,2138.5,35.358152122068056,12.0,-0.0072,23.350952122068055,18
ETHUSDT,2026-03-21 14:10:00+00:00,2026-03-21 14:15:00+00:00,2026-03-21 15:45:00+00:00,SHORT,-15.08750332362111,2164.333693654908,2153.07,52.04231532285996,12.0,0.0,40.04231532285996,18
ETHUSDT,2026-03-22 07:55:00+00:00,2026-03-22 08:00:00+00:00,2026-03-22 09:30:00+00:00,LONG,19.083559684020372,2091.9213285345786,2080.39,-55.123146254532074,12.0,-0.11399999999999999,-67.23714625453208,18
ETHUSDT,2026-03-22 19:10:00+00:00,2026-03-22 19:15:00+00:00,2026-03-22 20:45:00+00:00,LONG,17.983342166535664,2059.1321382754318,2064.73,27.185539094429778,12.0,0.0,15.185539094429778,18
ETHUSDT,2026-03-22 20:55:00+00:00,2026-03-22 21:00:00+00:00,2026-03-22 22:30:00+00:00,LONG,16.234050559792166,2056.6733254527785,2058.8,10.340361402574327,12.0,0.0,-1.6596385974256727,18
BTCUSDT,2026-03-22 21:10:00+00:00,2026-03-22 21:15:00+00:00,2026-03-22 22:45:00+00:00,LONG,15.764752633288957,67722.84355181479,68096.7,55.203891121193834,12.0,0.0,43.203891121193834,18
ETHUSDT,2026-03-23 06:35:00+00:00,2026-03-23 06:40:00+00:00,2026-03-23 08:10:00+00:00,LONG,22.241195179209477,2037.1923701289058,2051.54,70.42844888618171,12.0,0.031599999999999996,58.46004888618171,18
BTCUSDT,2026-03-23 11:05:00+00:00,2026-03-23 11:10:00+00:00,2026-03-23 12:40:00+00:00,LONG,26.093721781021017,71130.01217173903,70309.4,-115.36792229948078,12.0,0.0,-127.36792229948078,18
ETHUSDT,2026-03-23 11:05:00+00:00,2026-03-23 11:10:00+00:00,2026-03-23 12:40:00+00:00,LONG,27.955345867022842,2155.509049612727,2126.51,-134.5345760340777,12.0,0.0,-146.5345760340777,18
ETHUSDT,2026-03-23 12:45:00+00:00,2026-03-23 12:50:00+00:00,2026-03-23 14:20:00+00:00,LONG,25.84780005507523,2140.29697536349,2180.48,187.74508911169053,12.0,0.0,175.74508911169053,18
BTCUSDT,2026-03-23 14:05:00+00:00,2026-03-23 14:10:00+00:00,2026-03-23 15:40:00+00:00,LONG,17.013758436484874,71596.86629007294,70755.0,-117.5842370896707,12.0,0.0,-129.5842370896707,18
ETHUSDT,2026-03-23 14:25:00+00:00,2026-03-23 14:30:00+00:00,2026-03-23 16:00:00+00:00,LONG,25.782568509041226,2176.7267148153715,2127.54,-225.9664223376956,12.0,0.0,-237.9664223376956,18
ETHUSDT,2026-03-23 19:50:00+00:00,2026-03-23 19:55:00+00:00,2026-03-23 21:25:00+00:00,LONG,15.590824251708206,2153.9242301172317,2156.44,11.679936775823574,12.0,0.0,-0.3200632241764261,18
ETHUSDT,2026-03-24 16:55:00+00:00,2026-03-24 17:00:00+00:00,2026-03-24 18:30:00+00:00,LONG,15.513994672695038,2125.2177980733063,2116.43,-41.35010576926889,12.0,0.0,-53.35010576926889,18
ETHUSDT,2026-03-24 19:50:00+00:00,2026-03-24 19:55:00+00:00,2026-03-24 21:25:00+00:00,LONG,17.64515868038295,2114.7863757414134,2140.06,119.50911235526496,12.0,0.0,107.50911235526496,18
BTCUSDT,2026-03-25 13:30:00+00:00,2026-03-25 13:35:00+00:00,2026-03-25 15:05:00+00:00,SHORT,-15.79844712904994,71757.53801486072,71234.3,72.91749819403725,12.0,0.0,60.91749819403725,18
ETHUSDT,2026-03-25 13:35:00+00:00,2026-03-25 13:40:00+00:00,2026-03-25 15:10:00+00:00,SHORT,-18.641003273971595,2192.9897050619215,2162.02,141.22138827389995,12.0,0.0,129.22138827389995,18
ETHUSDT,2026-03-25 16:30:00+00:00,2026-03-25 16:35:00+00:00,2026-03-25 18:05:00+00:00,SHORT,-16.242880013370744,2177.430723035035,2165.01,57.04302278660811,12.0,0.0,45.04302278660811,18
BTCUSDT,2026-03-26 06:00:00+00:00,2026-03-26 06:05:00+00:00,2026-03-26 07:35:00+00:00,LONG,18.164600014894415,69916.46633155929,69921.5,0.7199546408487301,12.0,0.0,-11.28004535915127,18
ETHUSDT,2026-03-26 06:00:00+00:00,2026-03-26 06:05:00+00:00,2026-03-26 07:35:00+00:00,LONG,18.823481901566158,2115.074376363755,2116.86,8.442368061376548,12.0,0.0,-3.5576319386234516,18
ETHUSDT,2026-03-26 09:40:00+00:00,2026-03-26 09:45:00+00:00,2026-03-26 11:15:00+00:00,LONG,16.678988256974165,2081.1881916276698,2070.32,-52.22109019929477,12.0,0.0,-64.22109019929476,18
ETHUSDT,2026-03-26 11:20:00+00:00,2026-03-26 11:25:00+00:00,2026-03-26 12:55:00+00:00,LONG,24.046347060645477,2065.5136496644786,2071.21,27.57837178392286,12.0,0.0,15.578371783922861,18
ETHUSDT,2026-03-26 13:05:00+00:00,2026-03-26 13:10:00+00:00,2026-03-26 14:40:00+00:00,SHORT,-21.750094982471023,2077.1473292726687,2077.99,-4.056865468595738,12.0,0.0,-16.05686546859574,18
ETHUSDT,2026-03-26 17:55:00+00:00,2026-03-26 18:00:00+00:00,2026-03-26 19:30:00+00:00,LONG,17.204369007039737,2047.1114233869148,2040.84,-30.635476482950843,12.0,0.0,-42.63547648295084,18
ETHUSDT,2026-03-26 19:50:00+00:00,2026-03-26 19:55:00+00:00,2026-03-26 21:25:00+00:00,LONG,18.162566502563934,2048.1937840990026,2073.74,124.72558065219852,12.0,0.0,112.72558065219852,18
BTCUSDT,2026-03-27 09:00:00+00:00,2026-03-27 09:05:00+00:00,2026-03-27 10:35:00+00:00,LONG,15.253691244896833,67758.16382738225,67649.6,-16.02225049350703,12.0,0.0,-28.02225049350703,18
ETHUSDT,2026-03-27 10:35:00+00:00,2026-03-27 10:40:00+00:00,2026-03-27 12:10:00+00:00,LONG,24.31736330546426,2007.933548107932,1989.27,-92.94903272829225,12.0,0.0,-104.94903272829225,18
BTCUSDT,2026-03-27 11:40:00+00:00,2026-03-27 11:45:00+00:00,2026-03-27 13:15:00+00:00,SHORT,-19.657620071085613,66760.82491588134,66500.1,39.05357913264962,12.0,0.0,27.053579132649617,18
ETHUSDT,2026-03-27 12:30:00+00:00,2026-03-27 12:35:00+00:00,2026-03-27 14:05:00+00:00,LONG,18.25289904746782,1981.3297740640721,1982.99,8.37935187600003,12.0,0.0,-3.6206481239999704,18
BTCUSDT,2026-03-27 13:20:00+00:00,2026-03-27 13:25:00+00:00,2026-03-27 14:55:00+00:00,SHORT,-19.789392275735405,66644.30296027464,65943.5,105.15571911561162,12.0,0.0,93.15571911561162,18
ETHUSDT,2026-03-27 14:15:00+00:00,2026-03-27 14:20:00+00:00,2026-03-27 15:50:00+00:00,LONG,15.964500118487628,1978.0058776300186,1995.07,86.26932084967898,12.0,0.0,74.26932084967898,18
BTCUSDT,2026-03-27 15:00:00+00:00,2026-03-27 15:05:00+00:00,2026-03-27 16:35:00+00:00,SHORT,-19.8746567919895,66233.27313069122,65918.9,47.46453192354005,12.0,-0.5841,34.88043192354005,18
ETHUSDT,2026-03-27 16:20:00+00:00,2026-03-27 16:25:00+00:00,2026-03-27 17:55:00+00:00,SHORT,-15.590394027555405,1983.3010692326766,1976.68,33.384085429037924,12.0,0.0,21.384085429037924,18
ETHUSDT,2026-03-28 13:40:00+00:00,2026-03-28 13:45:00+00:00,2026-03-28 15:15:00+00:00,SHORT,-17.9751323300227,2028.2465513550596,2021.63,32.622026896281795,12.0,0.0,20.622026896281795,18
ETHUSDT,2026-03-30 18:05:00+00:00,2026-03-30 18:10:00+00:00,2026-03-30 19:40:00+00:00,LONG,15.533238079055804,2034.9001725859594,2016.27,-91.5532508028838,12.0,0.0,-103.5532508028838,18
BTCUSDT,2026-03-31 13:55:00+00:00,2026-03-31 14:00:00+00:00,2026-03-31 15:30:00+00:00,SHORT,-17.47677505601974,67291.98875905554,66920.8,55.16091378791166,12.0,0.0,43.16091378791166,18
ETHUSDT,2026-03-31 13:55:00+00:00,2026-03-31 14:00:00+00:00,2026-03-31 15:30:00+00:00,SHORT,-16.058139545699795,2075.771340532218,2059.47,78.53148472528049,12.0,0.0,66.53148472528049,18
BTCUSDT,2026-03-31 16:35:00+00:00,2026-03-31 16:40:00+00:00,2026-03-31 18:10:00+00:00,SHORT,-15.143134472141698,67525.57882860328,67730.8,-30.39161973237281,12.0,0.0,-42.39161973237281,18
ETHUSDT,2026-03-31 16:40:00+00:00,2026-03-31 16:45:00+00:00,2026-03-31 18:15:00+00:00,SHORT,-16.487673187362333,2095.3201706856353,2106.94,-55.456103925932695,12.0,0.0,-67.4561039259327,18
BTCUSDT,2026-04-01 15:20:00+00:00,2026-04-01 15:25:00+00:00,2026-04-01 16:55:00+00:00,SHORT,-17.36426273790155,68811.86441945338,68820.7,-1.28401993190419,12.0,0.0577,-13.22631993190419,18
ETHUSDT,2026-04-02 07:30:00+00:00,2026-04-02 07:35:00+00:00,2026-04-02 09:05:00+00:00,SHORT,-22.308779433953184,2050.9485787680333,2042.96,38.95065361819938,12.0,-1.3372,25.613453618199383,18
BTCUSDT,2026-04-02 08:45:00+00:00,2026-04-02 08:50:00+00:00,2026-04-02 10:20:00+00:00,SHORT,-20.281341679629435,66489.31072208448,66288.7,30.171875735486296,12.0,0.0,18.171875735486296,18
ETHUSDT,2026-04-02 09:10:00+00:00,2026-04-02 09:15:00+00:00,2026-04-02 10:45:00+00:00,SHORT,-36.318529346504796,2043.2051048844583,2038.34,23.81114295783582,12.0,0.0,11.81114295783582,18
ETHUSDT,2026-04-02 12:00:00+00:00,2026-04-02 12:05:00+00:00,2026-04-02 13:35:00+00:00,LONG,25.997189471990083,2028.0598473873802,2023.58,-22.08932538727226,12.0,0.0,-34.08932538727226,18
ETHUSDT,2026-04-02 14:35:00+00:00,2026-04-02 14:40:00+00:00,2026-04-02 16:10:00+00:00,SHORT,-17.200456575117737,2060.803933017271,2058.46,11.373876862895704,12.0,-0.7283000000000001,-1.3544231371042956,18
BTCUSDT,2026-04-02 14:50:00+00:00,2026-04-02 14:55:00+00:00,2026-04-02 16:25:00+00:00,SHORT,-15.566239127428448,66875.31581273382,66770.0,15.74808454418819,12.0,-0.7398,3.0082845441881902,18
BTCUSDT,2026-04-02 16:35:00+00:00,2026-04-02 16:40:00+00:00,2026-04-02 18:10:00+00:00,SHORT,-17.025374377431064,67109.01650026448,66608.1,74.6422055317264,12.0,0.0,62.642205531726404,18
ETHUSDT,2026-04-02 17:15:00+00:00,2026-04-02 17:20:00+00:00,2026-04-02 18:50:00+00:00,SHORT,-23.745137366205977,2068.3992527853998,2052.88,75.03025716384614,12.0,0.0,63.030257163846144,18
ETHUSDT,2026-04-05 06:15:00+00:00,2026-04-05 06:20:00+00:00,2026-04-05 07:50:00+00:00,LONG,18.415833569243762,2028.6823864556895,2034.21,27.24730880109716,12.0,0.0,15.247308801097159,18
ETHUSDT,2026-04-05 12:40:00+00:00,2026-04-05 12:45:00+00:00,2026-04-05 14:15:00+00:00,LONG,15.941342333230029,2023.0344823544997,2035.44,61.32133561590258,12.0,0.0,49.32133561590258,18
BTCUSDT,2026-04-06 09:15:00+00:00,2026-04-06 09:20:00+00:00,2026-04-06 10:50:00+00:00,LONG,18.67846981784372,69873.54614311908,69764.9,-15.5489665425812,12.0,0.0,-27.548966542581198,18
ETHUSDT,2026-04-06 17:10:00+00:00,2026-04-06 17:15:00+00:00,2026-04-06 18:45:00+00:00,LONG,18.381423431613214,2124.9484585872146,2141.35,77.1855964153123,12.0,0.0,65.1855964153123,18
ETHUSDT,2026-04-07 11:05:00+00:00,2026-04-07 11:10:00+00:00,2026-04-07 12:40:00+00:00,LONG,18.48489547386539,2087.590857656679,2083.06,-21.703762689231354,12.0,0.0,-33.703762689231354,18
BTCUSDT,2026-04-07 20:05:00+00:00,2026-04-07 20:10:00+00:00,2026-04-07 21:40:00+00:00,SHORT,-17.5052088704177,69413.5838251435,69839.6,-61.373603173935365,12.0,0.0,-73.37360317393536,18
ETHUSDT,2026-04-07 21:05:00+00:00,2026-04-07 21:10:00+00:00,2026-04-07 22:40:00+00:00,SHORT,-22.700446604860442,2138.7446636430664,2181.64,-200.56314849602907,12.0,0.0,-212.56314849602907,18
BTCUSDT,2026-04-08 12:35:00+00:00,2026-04-08 12:40:00+00:00,2026-04-08 14:10:00+00:00,SHORT,-18.507675520520323,71896.99887151047,71345.5,76.70680002875629,12.0,0.0,64.70680002875629,18
ETHUSDT,2026-04-08 12:35:00+00:00,2026-04-08 12:40:00+00:00,2026-04-08 14:10:00+00:00,SHORT,-15.048313798690522,2254.0595713095386,2222.48,140.1008727164732,12.0,0.0,128.1008727164732,18
BTCUSDT,2026-04-09 17:35:00+00:00,2026-04-09 17:40:00+00:00,2026-04-09 19:10:00+00:00,SHORT,-22.462456339579447,72453.81365366263,72016.2,60.39898130890231,12.0,0.0,48.39898130890231,18
ETHUSDT,2026-04-09 17:35:00+00:00,2026-04-09 17:40:00+00:00,2026-04-09 19:10:00+00:00,SHORT,-24.792255492436286,2222.353313144177,2215.63,30.253124489303396,12.0,0.0,18.253124489303396,18
BTCUSDT,2026-04-10 11:15:00+00:00,2026-04-10 11:20:00+00:00,2026-04-10 12:50:00+00:00,SHORT,-15.09750252266869,72135.11686741326,72372.2,-32.86653475899959,12.0,0.0,-44.86653475899959,18
ETHUSDT,2026-04-10 11:15:00+00:00,2026-04-10 11:20:00+00:00,2026-04-10 12:50:00+00:00,SHORT,-15.0195593281819,2212.840775487656,2225.0,-54.94848362808335,12.0,0.0,-66.94848362808335,18
ETHUSDT,2026-04-10 14:00:00+00:00,2026-04-10 14:05:00+00:00,2026-04-10 15:35:00+00:00,SHORT,-15.796502237268543,2222.534428889597,2233.56,-49.608100405946765,12.0,0.0,-61.608100405946765,18
BTCUSDT,2026-04-10 14:05:00+00:00,2026-04-10 14:10:00+00:00,2026-04-10 15:40:00+00:00,SHORT,-17.611864398514832,72421.59915895757,72687.9,-36.77091422103595,12.0,0.0,-48.77091422103595,18
BTCUSDT,2026-04-11 18:55:00+00:00,2026-04-11 19:00:00+00:00,2026-04-11 20:30:00+00:00,SHORT,-18.672651190969738,73537.436487888,73378.7,21.58580655910569,12.0,0.0,9.585806559105691,18
ETHUSDT,2026-04-11 18:55:00+00:00,2026-04-11 19:00:00+00:00,2026-04-11 20:30:00+00:00,SHORT,-15.40375322195455,2305.7940254104824,2302.24,15.413455717711022,12.0,0.0,3.413455717711022,18
ETHUSDT,2026-04-12 07:05:00+00:00,2026-04-12 07:10:00+00:00,2026-04-12 08:40:00+00:00,SHORT,-23.184255813486853,2214.274210955476,2216.73,-11.090717817936468,12.0,-0.35760000000000003,-23.44831781793647,18
ETHUSDT,2026-04-12 08:45:00+00:00,2026-04-12 08:50:00+00:00,2026-04-12 10:20:00+00:00,SHORT,-29.453059335340406,2213.6272986927493,2214.1,-2.1354150607466593,12.0,0.0,-14.13541506074666,18
BTCUSDT,2026-04-12 20:40:00+00:00,2026-04-12 20:45:00+00:00,2026-04-12 22:15:00+00:00,SHORT,-15.827561589178092,71298.37376240804,70922.9,52.662317889501374,12.0,0.0,40.662317889501374,18
ETHUSDT,2026-04-14 08:30:00+00:00,2026-04-14 08:35:00+00:00,2026-04-14 10:05:00+00:00,SHORT,-15.742867793562452,2390.9138172890175,2383.58,30.673699888242865,12.0,0.0,18.673699888242865,18
BTCUSDT,2026-04-14 13:30:00+00:00,2026-04-14 13:35:00+00:00,2026-04-14 15:05:00+00:00,SHORT,-16.460456851925905,74721.43048738275,74974.2,-33.828248598630765,12.0,0.0,-45.828248598630765,18
ETHUSDT,2026-04-14 13:50:00+00:00,2026-04-14 13:55:00+00:00,2026-04-14 15:25:00+00:00,SHORT,-17.22486081282021,2390.141949321181,2345.42,187.11001383780678,12.0,0.0,175.11001383780678,18
BTCUSDT,2026-04-14 16:00:00+00:00,2026-04-14 16:05:00+00:00,2026-04-14 17:35:00+00:00,SHORT,-16.729153569727,75465.82935909201,74304.6,153.87485554110626,12.0,0.0,141.87485554110626,18
ETHUSDT,2026-04-14 16:50:00+00:00,2026-04-14 16:55:00+00:00,2026-04-14 18:25:00+00:00,LONG,18.370342154007,2336.697808028975,2329.88,-29.177106280275922,12.0,0.0,-41.17710628027592,18
ETHUSDT,2026-04-14 18:40:00+00:00,2026-04-14 18:45:00+00:00,2026-04-14 20:15:00+00:00,LONG,18.084368824483075,2324.282344833548,2319.65,-19.930215637720128,12.0,0.0,-31.930215637720128,18
BTCUSDT,2026-04-14 18:50:00+00:00,2026-04-14 18:55:00+00:00,2026-04-14 20:25:00+00:00,LONG,15.673440803239993,74009.013754403,74149.7,19.00933933045801,12.0,0.0,7.009339330458008,18
ETHUSDT,2026-04-14 20:30:00+00:00,2026-04-14 20:35:00+00:00,2026-04-14 22:05:00+00:00,LONG,20.980560897443592,2309.717581409109,2320.81,48.024999593776485,12.0,0.0,36.024999593776485,18
ETHUSDT,2026-04-16 14:15:00+00:00,2026-04-16 14:20:00+00:00,2026-04-16 15:50:00+00:00,LONG,22.774643045932475,2290.623830743931,2332.41,182.42266012965524,12.0,0.0,170.42266012965524,18
ETHUSDT,2026-04-16 16:40:00+00:00,2026-04-16 16:45:00+00:00,2026-04-16 18:15:00+00:00,LONG,16.189882116115623,2318.3039286808903,2326.3,34.491039851101135,12.0,0.0,22.491039851101135,18
BTCUSDT,2026-04-16 17:05:00+00:00,2026-04-16 17:10:00+00:00,2026-04-16 18:40:00+00:00,LONG,16.887669899285466,74003.97652431908,74494.1,66.229343165074,12.0,0.0,54.229343165074,18
ETHUSDT,2026-04-17 09:25:00+00:00,2026-04-17 09:30:00+00:00,2026-04-17 11:00:00+00:00,SHORT,-19.11852517844967,2371.816043037781,2342.53,123.47518739384111,12.0,0.0,111.47518739384111,18
BTCUSDT,2026-04-17 12:45:00+00:00,2026-04-17 12:50:00+00:00,2026-04-17 14:20:00+00:00,SHORT,-17.85753647050262,76133.64894827681,77243.0,-145.71100519257251,12.0,0.0,-157.71100519257251,18
ETHUSDT,2026-04-17 12:45:00+00:00,2026-04-17 12:50:00+00:00,2026-04-17 14:20:00+00:00,SHORT,-16.641403587905458,2371.312249851813,2429.59,-245.76160373577682,12.0,0.0,-257.7616037357768,18
BTCUSDT,2026-04-17 14:25:00+00:00,2026-04-17 14:30:00+00:00,2026-04-17 16:00:00+00:00,SHORT,-19.907060010377847,77461.71559025874,77736.2,-35.43484773732119,12.0,0.0,-47.43484773732119,18
BTCUSDT,2026-04-17 16:20:00+00:00,2026-04-17 16:25:00+00:00,2026-04-17 17:55:00+00:00,SHORT,-17.41076270473058,78154.07802770086,77479.2,86.3522473467937,12.0,0.0,74.3522473467937,18
ETHUSDT,2026-04-17 16:30:00+00:00,2026-04-17 16:35:00+00:00,2026-04-17 18:05:00+00:00,SHORT,-17.305013723489225,2456.447083286637,2430.5,105.62850493779253,12.0,0.0,93.62850493779253,18
ETHUSDT,2026-04-17 19:05:00+00:00,2026-04-17 19:10:00+00:00,2026-04-17 20:40:00+00:00,LONG,15.471429391855743,2418.153788886862,2420.79,10.901751266827464,12.0,0.0,-1.098248733172536,18
ETHUSDT,2026-04-18 08:30:00+00:00,2026-04-18 08:35:00+00:00,2026-04-18 10:05:00+00:00,LONG,16.299485192597224,2376.012754532281,2366.2,-41.29925023998005,12.0,0.0,-53.29925023998005,18
ETHUSDT,2026-04-18 10:20:00+00:00,2026-04-18 10:25:00+00:00,2026-04-18 11:55:00+00:00,LONG,15.59957624908331,2358.518676525801,2351.15,-31.242816091052728,12.0,0.0,-43.24281609105273,18
ETHUSDT,2026-04-19 06:10:00+00:00,2026-04-19 06:15:00+00:00,2026-04-19 07:45:00+00:00,LONG,19.636957077770706,2321.4671554224788,2313.79,-33.07027370405224,12.0,0.0,-45.07027370405224,18
ETHUSDT,2026-04-19 17:55:00+00:00,2026-04-19 18:00:00+00:00,2026-04-19 19:30:00+00:00,LONG,16.008662060769737,2293.601734006312,2298.07,19.481437982187266,12.0,0.0,7.481437982187266,18
BTCUSDT,2026-04-19 18:20:00+00:00,2026-04-19 18:25:00+00:00,2026-04-19 19:55:00+00:00,LONG,15.83509393012079,74576.84097659802,74892.3,42.2998640423744,12.0,0.0,30.299864042374402,18
ETHUSDT,2026-04-19 20:45:00+00:00,2026-04-19 20:50:00+00:00,2026-04-19 22:20:00+00:00,LONG,17.568696899765072,2275.715907016745,2260.86,-65.2801475392395,12.0,0.0,-77.2801475392395,18
BTCUSDT,2026-04-20 07:10:00+00:00,2026-04-20 07:15:00+00:00,2026-04-20 08:45:00+00:00,LONG,15.169005472177318,74738.33979902099,74790.6,6.992421977736196,12.0,0.4778,-4.5297780222638035,18
ETHUSDT,2026-04-20 07:25:00+00:00,2026-04-20 07:30:00+00:00,2026-04-20 09:00:00+00:00,LONG,25.278234557135136,2312.1965274136437,2292.68,-84.40687105206624,12.0,0.1408,-96.26607105206624,18
ETHUSDT,2026-04-20 15:00:00+00:00,2026-04-20 15:05:00+00:00,2026-04-20 16:35:00+00:00,LONG,21.07937016200844,2281.080197115155,2302.55,94.12121025818232,12.0,-0.081,82.04021025818231,18
ETHUSDT,2026-04-21 12:40:00+00:00,2026-04-21 12:45:00+00:00,2026-04-21 14:15:00+00:00,LONG,17.861502040801437,2296.0057366504743,2305.0,39.17352298364429,12.0,0.0,27.17352298364429,18
BTCUSDT,2026-04-22 12:10:00+00:00,2026-04-22 12:15:00+00:00,2026-04-22 13:45:00+00:00,SHORT,-16.166688002201784,78401.20556499761,78564.9,-20.879071160031515,12.0,0.0,-32.879071160031515,18
ETHUSDT,2026-04-22 13:15:00+00:00,2026-04-22 13:20:00+00:00,2026-04-22 14:50:00+00:00,SHORT,-15.323211727535162,2413.0955563266148,2400.22,53.357009807829535,12.0,0.0,41.357009807829535,18
BTCUSDT,2026-04-22 13:50:00+00:00,2026-04-22 13:55:00+00:00,2026-04-22 15:25:00+00:00,SHORT,-17.73530739143106,78734.95943519242,78951.6,-27.515168149150337,12.0,0.0,-39.51516814915034,18
BTCUSDT,2026-04-22 15:35:00+00:00,2026-04-22 15:40:00+00:00,2026-04-22 17:10:00+00:00,SHORT,-16.534260971943148,79268.00100353765,78891.0,47.560301605287236,12.0,-0.07490000000000001,35.48540160528724,18
ETHUSDT,2026-04-22 15:40:00+00:00,2026-04-22 15:45:00+00:00,2026-04-22 17:15:00+00:00,SHORT,-16.60913882707321,2412.507403653048,2392.84,81.52266651396567,12.0,0.7797000000000001,70.30236651396568,18
ETHUSDT,2026-04-23 09:05:00+00:00,2026-04-23 09:10:00+00:00,2026-04-23 10:40:00+00:00,LONG,16.26153788394161,2319.119828007095,2312.71,-27.639054824531996,12.0,0.0,-39.639054824531996,18
ETHUSDT,2026-04-27 07:30:00+00:00,2026-04-27 07:35:00+00:00,2026-04-27 09:05:00+00:00,SHORT,-22.318684072941647,2316.525075340706,2318.6,-8.957056763085891,12.0,-0.7865,-21.74355676308589,18
ETHUSDT,2026-04-27 09:20:00+00:00,2026-04-27 09:25:00+00:00,2026-04-27 10:55:00+00:00,SHORT,-18.468504436523332,2315.3450779169725,2319.68,-18.722574549998594,12.0,0.0,-30.722574549998594,18
ETHUSDT,2026-04-27 11:00:00+00:00,2026-04-27 11:05:00+00:00,2026-04-27 12:35:00+00:00,SHORT,-34.267486872786606,2317.860802919488,2314.47,14.629018771175062,12.0,0.0,2.629018771175062,18
ETHUSDT,2026-04-27 12:40:00+00:00,2026-04-27 12:45:00+00:00,2026-04-27 14:15:00+00:00,SHORT,-25.810499706039852,2315.1165187789184,2313.24,8.105504684957632,12.0,0.0,-3.8944953150423682,18
ETHUSDT,2026-04-27 15:20:00+00:00,2026-04-27 15:25:00+00:00,2026-04-27 16:55:00+00:00,LONG,15.300799097064152,2265.7697453042415,2276.46,47.18155813455471,12.0,0.7593,35.940858134554716,18
ETHUSDT,2026-04-29 09:50:00+00:00,2026-04-29 09:55:00+00:00,2026-04-29 11:25:00+00:00,SHORT,-16.087865318453968,2342.5716682444036,2329.9,54.09298001926244,12.0,0.0,42.09298001926244,18
ETHUSDT,2026-04-29 18:05:00+00:00,2026-04-29 18:10:00+00:00,2026-04-29 19:40:00+00:00,LONG,23.207240167784512,2230.830756182856,2226.85,-17.844276944019022,12.0,0.0,-29.844276944019022,18
ETHUSDT,2026-04-29 19:50:00+00:00,2026-04-29 19:55:00+00:00,2026-04-29 21:25:00+00:00,LONG,15.74890862999348,2229.9929456218715,2246.67,74.78523378681822,12.0,0.0,62.785233786818225,18
BTCUSDT,2026-05-01 12:15:00+00:00,2026-05-01 12:20:00+00:00,2026-05-01 13:50:00+00:00,SHORT,-15.647267954746912,77668.10796461898,78302.7,-81.7056127683835,12.0,0.0,-93.7056127683835,18
ETHUSDT,2026-05-01 12:20:00+00:00,2026-05-01 12:25:00+00:00,2026-05-01 13:55:00+00:00,SHORT,-16.385132430262768,2302.002379354172,2316.83,-64.41183892254676,12.0,0.0,-76.41183892254676,18
BTCUSDT,2026-05-01 13:55:00+00:00,2026-05-01 14:00:00+00:00,2026-05-01 15:30:00+00:00,SHORT,-19.227388074617505,78731.39641900406,78500.0,29.390615374402795,12.0,0.0,17.390615374402795,18
ETHUSDT,2026-05-01 14:10:00+00:00,2026-05-01 14:15:00+00:00,2026-05-01 15:45:00+00:00,SHORT,-19.03124854404155,2318.779343436949,2312.72,26.131608659097914,12.0,0.0,14.131608659097914,18
BTCUSDT,2026-05-01 15:35:00+00:00,2026-05-01 15:40:00+00:00,2026-05-01 17:10:00+00:00,SHORT,-18.81853104998484,78657.39641116903,78160.3,63.19766911309088,12.0,-0.3143,50.88336911309088,18
ETHUSDT,2026-05-03 21:40:00+00:00,2026-05-03 21:45:00+00:00,2026-05-03 23:15:00+00:00,LONG,16.421295558237468,2318.0785180778375,2337.79,85.03371118984803,12.0,0.0,73.03371118984803,18
BTCUSDT,2026-05-04 14:50:00+00:00,2026-05-04 14:55:00+00:00,2026-05-04 16:25:00+00:00,LONG,15.952806433096086,80368.29022938483,80206.0,-20.193316160095343,12.0,0.316,-31.877316160095344,18
BTCUSDT,2026-05-05 12:15:00+00:00,2026-05-05 12:20:00+00:00,2026-05-05 13:50:00+00:00,SHORT,-15.136809596285879,81052.52354548936,81580.0,-65.07835060985067,12.0,0.0,-77.07835060985067,18
ETHUSDT,2026-05-05 13:00:00+00:00,2026-05-05 13:05:00+00:00,2026-05-05 14:35:00+00:00,SHORT,-18.25988312330669,2391.954906679421,2382.63,38.98445850037402,12.0,0.0,26.984458500374018,18
ETHUSDT,2026-05-10 20:40:00+00:00,2026-05-10 20:45:00+00:00,2026-05-10 22:15:00+00:00,LONG,15.396200632202001,2333.0851370947466,2341.82,37.43910912797021,12.0,0.0,25.439109127970212,18
BTCUSDT,2026-05-10 20:45:00+00:00,2026-05-10 20:50:00+00:00,2026-05-10 22:20:00+00:00,LONG,19.355633155023256,80295.51335830032,81314.1,126.85473933698788,12.0,0.0,114.85473933698788,18
ETHUSDT,2026-05-14 15:55:00+00:00,2026-05-14 16:00:00+00:00,2026-05-14 17:30:00+00:00,SHORT,-16.269182706663397,2298.523447139443,2297.18,5.844826778317325,12.0,0.0,-6.155173221682675,18
BTCUSDT,2026-05-14 16:00:00+00:00,2026-05-14 16:05:00+00:00,2026-05-14 17:35:00+00:00,SHORT,-15.372965146890863,81325.66978941127,81529.8,-25.100341763839573,12.0,0.0,-37.10034176383957,18
BTCUSDT,2026-05-14 18:15:00+00:00,2026-05-14 18:20:00+00:00,2026-05-14 19:50:00+00:00,SHORT,-16.939579622678718,81870.25806353628,81356.0,62.81378313687358,12.0,0.0,50.81378313687358,18
ETHUSDT,2026-05-14 18:15:00+00:00,2026-05-14 18:20:00+00:00,2026-05-14 19:50:00+00:00,SHORT,-17.247549211655404,2315.424934751962,2298.77,71.93035931327363,12.0,0.0,59.93035931327363,18
ETHUSDT,2026-05-16 07:10:00+00:00,2026-05-16 07:15:00+00:00,2026-05-16 08:45:00+00:00,LONG,25.87309692189346,2189.6590822743065,2194.0,19.82462823018505,12.0,-0.44960000000000006,7.375028230185048,18
ETHUSDT,2026-05-16 09:15:00+00:00,2026-05-16 09:20:00+00:00,2026-05-16 10:50:00+00:00,LONG,20.175647050809644,2166.985678918451,2171.21,19.493996303923122,12.0,0.0,7.493996303923122,18
ETHUSDT,2026-05-18 06:00:00+00:00,2026-05-18 06:05:00+00:00,2026-05-18 07:35:00+00:00,SHORT,-21.545465245335684,2117.506344742939,2121.09,-16.923941059059366,12.0,0.0,-28.923941059059366,18
ETHUSDT,2026-05-18 18:55:00+00:00,2026-05-18 19:00:00+00:00,2026-05-18 20:30:00+00:00,LONG,19.555092692668428,2079.1879832729664,2127.74,233.5143196172429,12.0,0.0,221.5143196172429,18
ETHUSDT,2026-05-20 14:50:00+00:00,2026-05-20 14:55:00+00:00,2026-05-20 16:25:00+00:00,SHORT,-16.23098422081471,2136.9034837808013,2130.42,30.34055506021316,12.0,0.529,18.86955506021316,18
ETHUSDT,2026-05-22 19:00:00+00:00,2026-05-22 19:05:00+00:00,2026-05-22 20:35:00+00:00,LONG,18.90112563909588,2093.21552436447,2070.86,-106.79991670354826,12.0,0.0,-118.79991670354826,18
ETHUSDT,2026-05-23 07:45:00+00:00,2026-05-23 07:50:00+00:00,2026-05-23 09:20:00+00:00,LONG,26.145749997265963,2033.5266209843644,2028.72,-23.636872685923738,12.0,-0.44660000000000005,-36.08347268592373,18
BTCUSDT,2026-05-23 20:35:00+00:00,2026-05-23 20:40:00+00:00,2026-05-23 22:10:00+00:00,SHORT,-21.574105780631047,76742.15526062208,76700.9,5.375827728838489,12.0,0.0,-6.624172271161511,18
ETHUSDT,2026-05-24 11:20:00+00:00,2026-05-24 11:25:00+00:00,2026-05-24 12:55:00+00:00,SHORT,-15.331689325444625,2125.7282224650444,2118.56,33.72125556451388,12.0,0.0,21.721255564513882,18
ETHUSDT,2026-05-24 14:10:00+00:00,2026-05-24 14:15:00+00:00,2026-05-24 15:45:00+00:00,LONG,17.938038722298135,2093.4640124102657,2094.89,6.811617401973891,12.0,0.0,-5.188382598026109,18
ETHUSDT,2026-05-24 21:35:00+00:00,2026-05-24 21:40:00+00:00,2026-05-24 23:10:00+00:00,LONG,25.806516962885205,2068.99799874812,2093.61,118.9561385113569,12.0,0.0,106.9561385113569,18
ETHUSDT,2026-05-25 20:55:00+00:00,2026-05-25 21:00:00+00:00,2026-05-25 22:30:00+00:00,LONG,18.681289094898773,2106.8596216028054,2109.86,14.240998149237516,12.0,0.0,2.240998149237516,18
ETHUSDT,2026-05-27 21:40:00+00:00,2026-05-27 21:45:00+00:00,2026-05-27 23:15:00+00:00,LONG,17.96830829058815,2030.7715798848517,2025.48,-26.0569920185294,12.0,0.0,-38.0569920185294,18
ETHUSDT,2026-05-28 16:35:00+00:00,2026-05-28 16:40:00+00:00,2026-05-28 18:10:00+00:00,SHORT,-15.89274176789265,2003.4859960784909,2024.97,-107.2331125027115,12.0,0.0,-119.2331125027115,18
ETHUSDT,2026-05-29 15:10:00+00:00,2026-05-29 15:15:00+00:00,2026-05-29 16:45:00+00:00,SHORT,-17.64303389107162,2020.463185430174,2041.43,-103.7723167688509,12.0,0.6595000000000001,-115.1128167688509,18
BTCUSDT,2026-05-29 17:15:00+00:00,2026-05-29 17:20:00+00:00,2026-05-29 18:50:00+00:00,SHORT,-18.819679112491414,74223.58983063225,73526.6,93.90408524064586,12.0,0.0,81.90408524064586,18
ETHUSDT,2026-06-01 06:40:00+00:00,2026-06-01 06:45:00+00:00,2026-06-01 08:15:00+00:00,LONG,15.25895242635032,1980.495848610134,1977.76,-13.813957812908173,12.0,-0.5339,-26.34785781290817,18
BTCUSDT,2026-06-02 16:10:00+00:00,2026-06-02 16:15:00+00:00,2026-06-02 17:45:00+00:00,SHORT,-25.202788985823,67952.98974937403,67464.2,71.93057305893369,12.0,0.0,59.93057305893369,18
ETHUSDT,2026-06-02 16:35:00+00:00,2026-06-02 16:40:00+00:00,2026-06-02 18:10:00+00:00,SHORT,-23.402930725223033,1926.2259619316678,1925.33,4.6513854001295485,12.0,0.0,-7.3486145998704515,18
ETHUSDT,2026-06-02 18:15:00+00:00,2026-06-02 18:20:00+00:00,2026-06-02 19:50:00+00:00,LONG,16.40044888448747,1919.5320584368317,1907.08,-64.87028118182137,12.0,0.0,-76.87028118182137,18
ETHUSDT,2026-06-03 06:10:00+00:00,2026-06-03 06:15:00+00:00,2026-06-03 07:45:00+00:00,LONG,22.12482893495427,1872.622479180397,1876.05,18.303319850689892,12.0,0.0,6.303319850689892,18
ETHUSDT,2026-06-03 15:05:00+00:00,2026-06-03 15:10:00+00:00,2026-06-03 16:40:00+00:00,LONG,15.6574172206093,1848.8785015417636,1825.84,-124.60798004061414,12.0,-0.7361,-137.34408004061413,18
ETHUSDT,2026-06-03 18:25:00+00:00,2026-06-03 18:30:00+00:00,2026-06-03 20:00:00+00:00,LONG,15.159408512677075,1823.7463911194457,1802.42,-116.93726289626838,12.0,0.0,-128.93726289626838,18
BTCUSDT,2026-06-03 19:55:00+00:00,2026-06-03 20:00:00+00:00,2026-06-03 21:30:00+00:00,LONG,15.763193779479582,65393.715911749474,65487.7,14.372036661345344,12.0,0.0,2.3720366613453443,18
ETHUSDT,2026-06-03 20:30:00+00:00,2026-06-03 20:35:00+00:00,2026-06-03 22:05:00+00:00,LONG,15.489517173547375,1804.2745632626777,1842.35,211.02906127806963,12.0,0.0,199.02906127806963,18
BTCUSDT,2026-06-04 06:00:00+00:00,2026-06-04 06:05:00+00:00,2026-06-04 07:35:00+00:00,LONG,30.583745501215134,64076.07983999667,63751.5,-50.65538353893895,12.0,0.0,-62.65538353893895,18
ETHUSDT,2026-06-04 06:10:00+00:00,2026-06-04 06:15:00+00:00,2026-06-04 07:45:00+00:00,LONG,34.96983754940547,1788.4635902798173,1783.46,-27.977031833420483,12.0,0.0,-39.97703183342048,18
BTCUSDT,2026-06-04 07:50:00+00:00,2026-06-04 07:55:00+00:00,2026-06-04 09:25:00+00:00,LONG,18.334977955475793,63695.24389554035,62992.8,-110.28200106939612,12.0,-0.1519,-122.43390106939611,18
ETHUSDT,2026-06-04 07:50:00+00:00,2026-06-04 07:55:00+00:00,2026-06-04 09:25:00+00:00,LONG,22.388547539131483,1777.987841080688,1752.16,-145.26444154415174,12.0,-0.4482,-157.71264154415175,18
BTCUSDT,2026-06-04 09:30:00+00:00,2026-06-04 09:35:00+00:00,2026-06-04 11:05:00+00:00,LONG,18.756935945453808,62925.41247377857,62574.3,-55.798199801213585,12.0,0.0,-67.79819980121358,18
ETHUSDT,2026-06-04 09:30:00+00:00,2026-06-04 09:35:00+00:00,2026-06-04 11:05:00+00:00,LONG,23.844645941073125,1751.2131677948937,1741.79,-53.809370373564256,12.0,0.0,-65.80937037356426,18
BTCUSDT,2026-06-04 11:20:00+00:00,2026-06-04 11:25:00+00:00,2026-06-04 12:55:00+00:00,LONG,17.923029027397753,62485.65094678797,63790.7,208.85579864141636,12.0,0.0,196.85579864141636,18
ETHUSDT,2026-06-04 11:20:00+00:00,2026-06-04 11:25:00+00:00,2026-06-04 12:55:00+00:00,LONG,22.62032204417778,1746.3005131171901,1778.12,182.21083166270802,12.0,0.0,170.21083166270802,18
BTCUSDT,2026-06-04 14:05:00+00:00,2026-06-04 14:10:00+00:00,2026-06-04 15:40:00+00:00,SHORT,-18.19685149120534,64340.946461495565,63844.9,77.09654407903722,12.0,0.0,65.09654407903722,18
BTCUSDT,2026-06-04 17:30:00+00:00,2026-06-04 17:35:00+00:00,2026-06-04 19:05:00+00:00,LONG,18.766865456178778,63015.36910859167,63693.4,107.59770211611564,12.0,0.0,95.59770211611564,18
ETHUSDT,2026-06-04 17:30:00+00:00,2026-06-04 17:35:00+00:00,2026-06-04 19:05:00+00:00,LONG,22.063890903753812,1758.758110404812,1773.61,84.44532256780546,12.0,0.0,72.44532256780546,18
BTCUSDT,2026-06-04 20:20:00+00:00,2026-06-04 20:25:00+00:00,2026-06-04 21:55:00+00:00,LONG,15.402097216852505,63250.346739956316,63414.5,25.95294231643841,12.0,0.0,13.95294231643841,18
BTCUSDT,2026-06-05 06:10:00+00:00,2026-06-05 06:15:00+00:00,2026-06-05 07:45:00+00:00,LONG,41.3974817319949,61978.25850455336,62850.6,140.74959776137374,12.0,0.0,128.74959776137374,18
ETHUSDT,2026-06-05 06:10:00+00:00,2026-06-05 06:15:00+00:00,2026-06-05 07:45:00+00:00,LONG,71.73665390180028,1668.4377113476785,1673.42,29.861999752434087,12.0,0.0,17.861999752434087,18
BTCUSDT,2026-06-05 08:05:00+00:00,2026-06-05 08:10:00+00:00,2026-06-05 09:40:00+00:00,LONG,15.894742400416781,62665.50390277266,62778.4,18.015668940043472,12.0,0.0,6.015668940043472,18
ETHUSDT,2026-06-05 08:40:00+00:00,2026-06-05 08:45:00+00:00,2026-06-05 10:15:00+00:00,LONG,16.157640908617072,1664.134455240775,1676.74,75.74835506546363,12.0,0.0,63.74835506546363,18
ETHUSDT,2026-06-05 10:20:00+00:00,2026-06-05 10:25:00+00:00,2026-06-05 11:55:00+00:00,SHORT,-31.68324456389939,1675.4385297266551,1663.48,71.37552058448904,12.0,0.0,59.37552058448904,18
BTCUSDT,2026-06-05 11:35:00+00:00,2026-06-05 11:40:00+00:00,2026-06-05 13:10:00+00:00,LONG,15.258805078386125,62224.74323952428,61944.1,-45.10155043050745,12.0,0.0,-57.10155043050745,18
ETHUSDT,2026-06-05 12:30:00+00:00,2026-06-05 12:35:00+00:00,2026-06-05 14:05:00+00:00,LONG,71.14611454378769,1648.5732036775219,1605.71,-260.0018220719924,12.0,0.0,-272.0018220719924,18
BTCUSDT,2026-06-05 13:55:00+00:00,2026-06-05 14:00:00+00:00,2026-06-05 15:30:00+00:00,LONG,17.974179993137025,60637.108118499906,60760.4,20.33274430883969,12.0,0.0,8.33274430883969,18
ETHUSDT,2026-06-05 14:10:00+00:00,2026-06-05 14:15:00+00:00,2026-06-05 15:45:00+00:00,LONG,55.47814293576245,1612.078374271877,1584.09,-173.6167094513541,12.0,0.0,-185.6167094513541,18
BTCUSDT,2026-06-05 15:35:00+00:00,2026-06-05 15:40:00+00:00,2026-06-05 17:10:00+00:00,LONG,45.002364158634684,60095.66108223224,61331.6,205.66192226033618,12.0,0.0863,193.74822226033618,18
ETHUSDT,2026-06-05 16:00:00+00:00,2026-06-05 16:05:00+00:00,2026-06-05 17:35:00+00:00,LONG,69.5493811246166,1572.1485418616774,1593.37,134.9837981161306,12.0,0.0,122.9837981161306,18
BTCUSDT,2026-06-05 17:15:00+00:00,2026-06-05 17:20:00+00:00,2026-06-05 18:50:00+00:00,LONG,18.805545025661843,60743.68531888831,59747.8,-163.94878145113756,12.0,0.0,-175.94878145113756,18
ETHUSDT,2026-06-05 17:40:00+00:00,2026-06-05 17:45:00+00:00,2026-06-05 19:15:00+00:00,LONG,69.61804891179452,1589.7248470790837,1549.86,-250.7657042181255,12.0,0.0,-262.7657042181255,18
BTCUSDT,2026-06-05 18:55:00+00:00,2026-06-05 19:00:00+00:00,2026-06-05 20:30:00+00:00,LONG,49.92561036667669,59292.42013491099,60922.6,274.9389991806339,12.0,0.0,262.9389991806339,18
ETHUSDT,2026-06-05 19:50:00+00:00,2026-06-05 19:55:00+00:00,2026-06-05 21:25:00+00:00,LONG,75.21366292091744,1568.428871819495,1609.35,260.905221242409,12.0,0.0,248.90522124240903,18
ETHUSDT,2026-06-05 21:50:00+00:00,2026-06-05 21:55:00+00:00,2026-06-05 23:25:00+00:00,LONG,41.90855358160911,1611.3243712079757,1575.98,-219.34982080286323,12.0,0.0,-231.34982080286323,18
BTCUSDT,2026-06-06 06:00:00+00:00,2026-06-06 06:05:00+00:00,2026-06-06 07:35:00+00:00,LONG,17.19621693691292,61055.79923177181,60990.0,-10.776901228011226,12.0,0.0,-22.776901228011226,18
ETHUSDT,2026-06-06 06:00:00+00:00,2026-06-06 06:05:00+00:00,2026-06-06 07:35:00+00:00,LONG,60.19907216677614,1569.700195683853,1572.8,19.747747529561543,12.0,0.0,7.7477475295615434,18
ETHUSDT,2026-06-06 07:40:00+00:00,2026-06-06 07:45:00+00:00,2026-06-06 09:15:00+00:00,LONG,35.563960556912235,1574.695972282274,1580.32,35.715006685226314,12.0,0.3161,24.031106685226312,18
ETHUSDT,2026-06-06 10:00:00+00:00,2026-06-06 10:05:00+00:00,2026-06-06 11:35:00+00:00,LONG,26.87662433801785,1560.5836288344067,1564.49,25.031476003056774,12.0,0.0,13.031476003056774,18
BTCUSDT,2026-06-06 10:15:00+00:00,2026-06-06 10:20:00+00:00,2026-06-06 11:50:00+00:00,LONG,15.974959918607889,60466.80513393275,60852.8,63.83582946250854,12.0,0.0,51.83582946250854,18
ETHUSDT,2026-06-06 12:15:00+00:00,2026-06-06 12:20:00+00:00,2026-06-06 13:50:00+00:00,LONG,15.710691694686687,1558.713930952922,1558.28,-2.7839037318211357,12.0,0.0,-14.783903731821136,18
ETHUSDT,2026-06-06 18:45:00+00:00,2026-06-06 18:50:00+00:00,2026-06-06 20:20:00+00:00,LONG,15.079079751910784,1552.2398208186457,1551.28,-6.183457000474846,12.0,0.0,-18.183457000474846,18
ETHUSDT,2026-06-07 08:50:00+00:00,2026-06-07 08:55:00+00:00,2026-06-07 10:25:00+00:00,SHORT,-15.086558518666676,1635.274592710968,1633.37,11.64692902010156,12.0,0.0,-0.3530709798984404,18
BTCUSDT,2026-06-07 08:55:00+00:00,2026-06-07 09:00:00+00:00,2026-06-07 10:30:00+00:00,SHORT,-16.26797686707874,62852.19952722032,62481.2,59.02729419352326,12.0,0.0,47.02729419352326,18
BTCUSDT,2026-06-07 13:00:00+00:00,2026-06-07 13:05:00+00:00,2026-06-07 14:35:00+00:00,LONG,16.48801535894779,61697.735022676556,62214.3,83.72511197268118,12.0,0.0,71.72511197268118,18
BTCUSDT,2026-06-07 19:25:00+00:00,2026-06-07 19:30:00+00:00,2026-06-07 21:00:00+00:00,LONG,19.498876846572944,61423.650946595946,61843.1,68.28787396059077,12.0,0.0,56.28787396059077,18
ETHUSDT,2026-06-07 19:25:00+00:00,2026-06-07 19:30:00+00:00,2026-06-07 21:00:00+00:00,LONG,20.292867809367273,1608.9366393164942,1627.0,112.26893739693544,12.0,0.0,100.26893739693544,18
BTCUSDT,2026-06-08 06:00:00+00:00,2026-06-08 06:05:00+00:00,2026-06-08 07:35:00+00:00,LONG,18.91999450870994,62841.77963330852,63191.5,55.6509329831445,12.0,0.0,43.6509329831445,18
ETHUSDT,2026-06-08 06:00:00+00:00,2026-06-08 06:05:00+00:00,2026-06-08 07:35:00+00:00,LONG,47.34504840378246,1659.4158950747774,1675.19,95.05817662733618,12.0,0.0,83.05817662733618,18
ETHUSDT,2026-06-08 19:05:00+00:00,2026-06-08 19:10:00+00:00,2026-06-08 20:40:00+00:00,LONG,15.050390324702057,1680.640592635705,1686.2,33.07909727193081,12.0,0.0,21.079097271930813,18
BTCUSDT,2026-06-09 15:35:00+00:00,2026-06-09 15:40:00+00:00,2026-06-09 17:10:00+00:00,SHORT,-15.576318010804034,61344.602252751654,61496.3,-24.72878487716379,12.0,0.060599999999999994,-36.66818487716379,18
ETHUSDT,2026-06-09 16:35:00+00:00,2026-06-09 16:40:00+00:00,2026-06-09 18:10:00+00:00,LONG,23.88528766218275,1613.5842343020522,1645.39,197.11252144022805,12.0,0.0,185.11252144022805,18
ETHUSDT,2026-06-10 06:05:00+00:00,2026-06-10 06:10:00+00:00,2026-06-10 07:40:00+00:00,LONG,15.608368298148486,1626.6241059317263,1639.79,80.93999111572492,12.0,0.0,68.93999111572492,18
BTCUSDT,2026-06-10 13:35:00+00:00,2026-06-10 13:40:00+00:00,2026-06-10 15:10:00+00:00,SHORT,-15.255604180754743,62178.06878525606,61912.6,42.694922895226696,12.0,0.0,30.694922895226696,18
ETHUSDT,2026-06-10 15:40:00+00:00,2026-06-10 15:45:00+00:00,2026-06-10 17:15:00+00:00,SHORT,-16.500540770513354,1655.082773141407,1638.91,97.715796477722,12.0,-0.3121,85.403696477722,18
ETHUSDT,2026-06-10 17:25:00+00:00,2026-06-10 17:30:00+00:00,2026-06-10 19:00:00+00:00,LONG,17.000300769090842,1625.6383398312487,1630.27,28.491332021807203,12.0,0.0,16.491332021807203,18
ETHUSDT,2026-06-10 19:10:00+00:00,2026-06-10 19:15:00+00:00,2026-06-10 20:45:00+00:00,LONG,18.235853311528782,1624.7331674353195,1628.72,24.538383560999133,12.0,0.0,12.538383560999133,18
BTCUSDT,2026-06-10 21:00:00+00:00,2026-06-10 21:05:00+00:00,2026-06-10 22:35:00+00:00,LONG,17.394791473820714,61691.528098381714,61277.3,-67.14505397258486,12.0,0.0,-79.14505397258486,18
ETHUSDT,2026-06-10 21:05:00+00:00,2026-06-10 21:10:00+00:00,2026-06-10 22:40:00+00:00,LONG,20.756621591556254,1620.0265660185833,1616.47,-21.953751211154504,12.0,0.0,-33.953751211154504,18
ETHUSDT,2026-06-11 11:20:00+00:00,2026-06-11 11:25:00+00:00,2026-06-11 12:55:00+00:00,SHORT,-15.404576132646222,1662.331235849095,1649.99,74.24053391375529,12.0,0.0,62.240533913755286,18
BTCUSDT,2026-06-11 11:25:00+00:00,2026-06-11 11:30:00+00:00,2026-06-11 13:00:00+00:00,SHORT,-16.10005344806522,63148.49896607072,62978.3,26.952179205742553,12.0,0.0,14.952179205742553,18
ETHUSDT,2026-06-11 17:30:00+00:00,2026-06-11 17:35:00+00:00,2026-06-11 19:05:00+00:00,SHORT,-17.366436479949797,1672.9161326413189,1682.97,-60.0978564466792,12.0,0.0,-72.0978564466792,18
BTCUSDT,2026-06-11 17:40:00+00:00,2026-06-11 17:45:00+00:00,2026-06-11 19:15:00+00:00,SHORT,-19.66745165604501,63341.39343101364,63499.1,-24.897868588591443,12.0,0.0,-36.89786858859144,18
BTCUSDT,2026-06-11 19:30:00+00:00,2026-06-11 19:35:00+00:00,2026-06-11 21:05:00+00:00,SHORT,-19.447274563866902,63729.73872085388,63427.0,47.50352456016182,12.0,0.0,35.50352456016182,18
BTCUSDT,2026-06-12 06:15:00+00:00,2026-06-12 06:20:00+00:00,2026-06-12 07:50:00+00:00,LONG,16.65752873075784,63127.73507620516,63013.9,-18.03249808784324,12.0,0.0,-30.03249808784324,18
ETHUSDT,2026-06-12 06:15:00+00:00,2026-06-12 06:20:00+00:00,2026-06-12 07:50:00+00:00,LONG,18.278791477624285,1658.8131283133594,1659.29,2.8747764199654746,12.0,0.0,-9.125223580034525,18
BTCUSDT,2026-06-12 14:50:00+00:00,2026-06-12 14:55:00+00:00,2026-06-12 16:25:00+00:00,SHORT,-18.196918502182807,63951.6947580329,63799.6,23.782756439585384,12.0,0.08399999999999999,11.866756439585384,18
ETHUSDT,2026-06-12 14:50:00+00:00,2026-06-12 14:55:00+00:00,2026-06-12 16:25:00+00:00,SHORT,-18.4456612725401,1683.2226756185555,1667.48,93.52699346668602,12.0,-0.22160000000000002,81.30539346668603,18
ETHUSDT,2026-06-13 21:40:00+00:00,2026-06-13 21:45:00+00:00,2026-06-13 23:15:00+00:00,SHORT,-15.4365822781972,1687.6606090701898,1680.76,40.88860659011151,12.0,0.0,28.888606590111507,18
BTCUSDT,2026-06-14 21:25:00+00:00,2026-06-14 21:30:00+00:00,2026-06-14 23:00:00+00:00,SHORT,-15.425593473146863,64778.17854961442,65389.2,-94.32519778517445,12.0,0.0,-106.32519778517445,18
ETHUSDT,2026-06-15 11:30:00+00:00,2026-06-15 11:35:00+00:00,2026-06-15 13:05:00+00:00,LONG,15.2923036278877,1761.980194545957,1775.99,79.51170789211481,12.0,0.0,67.51170789211481,18
ETHUSDT,2026-06-15 13:25:00+00:00,2026-06-15 13:30:00+00:00,2026-06-15 15:00:00+00:00,LONG,16.154716155305067,1818.0123017957542,1813.65,-23.994897017172168,12.0,0.0,-35.994897017172164,18
ETHUSDT,2026-06-15 15:05:00+00:00,2026-06-15 15:10:00+00:00,2026-06-15 16:40:00+00:00,LONG,16.123237569601127,1814.434499345264,1840.7,144.75860475654522,12.0,-0.6867000000000001,132.07190475654522,18
ETHUSDT,2026-06-15 16:55:00+00:00,2026-06-15 17:00:00+00:00,2026-06-15 18:30:00+00:00,LONG,19.261566018885446,1840.773670654543,1828.2,-68.30644557226817,12.0,0.0,-80.30644557226817,18
ETHUSDT,2026-06-15 19:55:00+00:00,2026-06-15 20:00:00+00:00,2026-06-15 21:30:00+00:00,LONG,16.05240395307798,1819.848582589971,1814.29,-30.544203749414134,12.0,0.0,-42.54420374941414,18
ETHUSDT,2026-06-15 21:35:00+00:00,2026-06-15 21:40:00+00:00,2026-06-15 23:10:00+00:00,LONG,16.221904007741763,1815.4068179723279,1788.6,-147.6628693191162,12.0,0.0,-159.6628693191162,18
ETHUSDT,2026-06-16 09:00:00+00:00,2026-06-16 09:05:00+00:00,2026-06-16 10:35:00+00:00,SHORT,-15.166638280084943,1801.946986778389,1797.01,27.398068947719345,12.0,0.0,15.398068947719345,18
ETHUSDT,2026-06-16 12:05:00+00:00,2026-06-16 12:10:00+00:00,2026-06-16 13:40:00+00:00,SHORT,-16.142449308393857,1806.6412390134187,1803.04,19.93333781855511,12.0,0.0,7.93333781855511,18
BTCUSDT,2026-06-16 13:30:00+00:00,2026-06-16 13:35:00+00:00,2026-06-16 15:05:00+00:00,LONG,21.828749050685467,65914.93063339838,65636.5,-42.24090516713797,12.0,0.0,-54.24090516713797,18
ETHUSDT,2026-06-16 14:20:00+00:00,2026-06-16 14:25:00+00:00,2026-06-16 15:55:00+00:00,LONG,16.456759859495918,1777.0383314673197,1783.12,34.22362041936688,12.0,0.0,22.22362041936688,18
BTCUSDT,2026-06-17 19:05:00+00:00,2026-06-17 19:10:00+00:00,2026-06-17 20:40:00+00:00,LONG,15.377207750924015,65126.2375963495,64338.1,-121.01690891992756,12.0,0.0,-133.01690891992757,18
ETHUSDT,2026-06-17 19:20:00+00:00,2026-06-17 19:25:00+00:00,2026-06-17 20:55:00+00:00,LONG,23.147175311024217,1746.2040259162764,1740.06,-35.18504037953063,12.0,0.0,-47.18504037953063,18
ETHUSDT,2026-06-17 21:00:00+00:00,2026-06-17 21:05:00+00:00,2026-06-17 22:35:00+00:00,LONG,19.679056394831022,1743.8968847391554,1742.35,-8.870276406204303,12.0,0.0,-20.870276406204304,18
ETHUSDT,2026-06-18 06:00:00+00:00,2026-06-18 06:05:00+00:00,2026-06-18 07:35:00+00:00,LONG,15.61458089682079,1732.6116500130918,1744.48,68.49977019846688,12.0,0.0,56.49977019846688,18
ETHUSDT,2026-06-18 15:40:00+00:00,2026-06-18 15:45:00+00:00,2026-06-18 17:15:00+00:00,LONG,15.650159988874153,1696.0954588244763,1682.85,-78.09382871443171,12.0,0.0691,-90.0247287144317,18
ETHUSDT,2026-06-18 17:20:00+00:00,2026-06-18 17:25:00+00:00,2026-06-18 18:55:00+00:00,LONG,28.588413540662987,1671.253031048988,1682.28,65.98024803036839,12.0,0.0,53.98024803036839,18
ETHUSDT,2026-06-20 14:55:00+00:00,2026-06-20 15:00:00+00:00,2026-06-20 16:30:00+00:00,SHORT,-17.79363035640616,1733.7177205047167,1732.71,5.812483155697157,12.0,0.3209,-5.866616844302843,18
ETHUSDT,2026-06-21 21:05:00+00:00,2026-06-21 21:10:00+00:00,2026-06-21 22:40:00+00:00,LONG,29.59257223957434,1703.7609689429648,1711.98,48.24051734284352,12.0,0.0,36.24051734284352,18
ETHUSDT,2026-06-22 16:00:00+00:00,2026-06-22 16:05:00+00:00,2026-06-22 17:35:00+00:00,LONG,15.700117810027349,1736.9532332270662,1732.72,-24.371601641808294,12.0,0.0,-36.3716016418083,18
ETHUSDT,2026-06-23 06:00:00+00:00,2026-06-23 06:05:00+00:00,2026-06-23 07:35:00+00:00,LONG,15.843021139137377,1709.9630589173396,1689.71,-118.44149972551344,12.0,0.0,-130.44149972551344,18
ETHUSDT,2026-06-23 08:15:00+00:00,2026-06-23 08:20:00+00:00,2026-06-23 09:50:00+00:00,LONG,35.297694502268726,1650.742623604871,1650.6,-0.8639966208634497,12.0,0.0,-12.86399662086345,18
BTCUSDT,2026-06-23 09:10:00+00:00,2026-06-23 09:15:00+00:00,2026-06-23 10:45:00+00:00,SHORT,-16.62542669252696,62435.54760746416,62234.2,32.24887346709116,12.0,0.0,20.24887346709116,18
BTCUSDT,2026-06-23 10:55:00+00:00,2026-06-23 11:00:00+00:00,2026-06-23 12:30:00+00:00,SHORT,-19.3723717343521,62309.10911464929,62380.0,-11.377290793914696,12.0,0.0,-23.377290793914696,18
ETHUSDT,2026-06-23 11:15:00+00:00,2026-06-23 11:20:00+00:00,2026-06-23 12:50:00+00:00,SHORT,-18.096006027510942,1656.6028816098637,1656.86,-1.5520822340131524,12.0,0.0,-13.552082234013152,18
ETHUSDT,2026-06-23 13:05:00+00:00,2026-06-23 13:10:00+00:00,2026-06-23 14:40:00+00:00,SHORT,-27.54157586902278,1650.5074941666844,1663.99,-81.68703190361893,12.0,0.0,-93.68703190361893,18
BTCUSDT,2026-06-23 16:05:00+00:00,2026-06-23 16:10:00+00:00,2026-06-23 17:40:00+00:00,SHORT,-18.290129778583783,62720.639242994795,62569.9,24.0334353753624,12.0,0.0,12.033435375362401,18
ETHUSDT,2026-06-23 16:05:00+00:00,2026-06-23 16:10:00+00:00,2026-06-23 17:40:00+00:00,SHORT,-18.012645760644148,1670.8177892405934,1661.36,56.60574900206328,12.0,0.0,44.60574900206328,18
ETHUSDT,2026-06-24 11:45:00+00:00,2026-06-24 11:50:00+00:00,2026-06-24 13:20:00+00:00,SHORT,-15.773441181434093,1685.8366081995605,1659.41,156.7566398251574,12.0,0.0,144.7566398251574,18
BTCUSDT,2026-06-24 13:25:00+00:00,2026-06-24 13:30:00+00:00,2026-06-24 15:00:00+00:00,LONG,17.35055402849813,61789.29451514784,61085.3,-113.93470675980177,12.0,0.0,-125.93470675980177,18
ETHUSDT,2026-06-24 14:50:00+00:00,2026-06-24 14:55:00+00:00,2026-06-24 16:25:00+00:00,LONG,15.621000798346447,1643.5449725929807,1632.52,-67.0804436558059,12.0,-0.0043,-79.0847436558059,18
BTCUSDT,2026-06-24 15:15:00+00:00,2026-06-24 15:20:00+00:00,2026-06-24 16:50:00+00:00,SHORT,-18.16634566826844,60998.52257797377,60049.0,155.66320918019017,12.0,0.0027,143.66590918019017,18
ETHUSDT,2026-06-24 16:45:00+00:00,2026-06-24 16:50:00+00:00,2026-06-24 18:20:00+00:00,LONG,26.033141571715777,1610.1391744708192,1572.87,-231.46554696470866,12.0,0.0,-243.46554696470866,18
ETHUSDT,2026-06-24 18:25:00+00:00,2026-06-24 18:30:00+00:00,2026-06-24 20:00:00+00:00,LONG,15.396116241476287,1575.5179612991228,1583.72,52.05931574473466,12.0,0.0,40.05931574473466,18
ETHUSDT,2026-06-24 20:05:00+00:00,2026-06-24 20:10:00+00:00,2026-06-24 21:40:00+00:00,SHORT,-19.631500495445742,1609.0900800581699,1617.53,-52.4515068884468,12.0,0.0,-64.4515068884468,18
BTCUSDT,2026-06-24 20:50:00+00:00,2026-06-24 20:55:00+00:00,2026-06-24 22:25:00+00:00,SHORT,-20.192482055253585,61007.53449140707,60883.2,20.380186225126273,12.0,0.0,8.380186225126273,18
ETHUSDT,2026-06-25 13:50:00+00:00,2026-06-25 13:55:00+00:00,2026-06-25 15:25:00+00:00,LONG,15.70380879207523,1555.2849417006896,1564.88,61.69325016944116,12.0,0.0,49.69325016944116,18
ETHUSDT,2026-06-25 15:35:00+00:00,2026-06-25 15:40:00+00:00,2026-06-25 17:10:00+00:00,LONG,15.670699585605842,1555.9394281451418,1561.89,38.244238478819526,12.0,0.8135,27.057738478819527,18
BTCUSDT,2026-06-25 16:50:00+00:00,2026-06-25 16:55:00+00:00,2026-06-25 18:25:00+00:00,LONG,16.622565217125032,59215.62850225716,59535.8,54.06874938946871,12.0,0.0,42.06874938946871,18
ETHUSDT,2026-06-25 20:00:00+00:00,2026-06-25 20:05:00+00:00,2026-06-25 21:35:00+00:00,SHORT,-15.223946268496611,1568.8466722873247,1572.8,-25.1989425257948,12.0,0.0,-37.1989425257948,18
ETHUSDT,2026-06-25 21:55:00+00:00,2026-06-25 22:00:00+00:00,2026-06-25 23:30:00+00:00,SHORT,-16.29340123095902,1580.7600447600682,1576.59,26.37999849434025,12.0,0.0,14.37999849434025,18
ETHUSDT,2026-06-26 06:00:00+00:00,2026-06-26 06:05:00+00:00,2026-06-26 07:35:00+00:00,LONG,19.26794353565056,1547.186622502317,1579.51,208.91712109949222,12.0,0.0,196.91712109949222,18
ETHUSDT,2026-06-26 10:45:00+00:00,2026-06-26 10:50:00+00:00,2026-06-26 12:20:00+00:00,LONG,15.196502183796847,1547.9799023006053,1548.2,1.4218382232722426,12.0,0.0,-10.578161776727757,18
ETHUSDT,2026-06-26 12:35:00+00:00,2026-06-26 12:40:00+00:00,2026-06-26 14:10:00+00:00,LONG,25.562891126485432,1535.4633928143176,1564.1,186.50139964063283,12.0,0.0,174.50139964063283,18
BTCUSDT,2026-06-26 13:50:00+00:00,2026-06-26 13:55:00+00:00,2026-06-26 15:25:00+00:00,SHORT,-15.696455190900188,59821.25774816182,60179.1,-59.81857709255189,12.0,0.0,-71.81857709255189,18
BTCUSDT,2026-06-26 15:35:00+00:00,2026-06-26 15:40:00+00:00,2026-06-26 17:10:00+00:00,SHORT,-19.432801805089284,60477.26836160257,60224.5,41.795598321542336,12.0,0.7308,30.526398321542334,18
ETHUSDT,2026-06-26 17:15:00+00:00,2026-06-26 17:20:00+00:00,2026-06-26 18:50:00+00:00,SHORT,-16.8471742899871,1585.9050135721648,1573.17,80.30123786215815,12.0,0.0,68.30123786215815,18
ETHUSDT,2026-06-27 13:45:00+00:00,2026-06-27 13:50:00+00:00,2026-06-27 15:20:00+00:00,SHORT,-16.695700790094193,1590.5332798566376,1602.13,-72.91089278187223,12.0,0.0,-84.91089278187223,18
BTCUSDT,2026-06-29 06:05:00+00:00,2026-06-29 06:10:00+00:00,2026-06-29 07:40:00+00:00,LONG,15.10278748354421,60115.599770753615,60084.9,-5.106789397542055,12.0,0.0,-17.106789397542055,18
BTCUSDT,2026-06-29 14:05:00+00:00,2026-06-29 14:10:00+00:00,2026-06-29 15:40:00+00:00,LONG,17.666344109098326,59204.701622296845,59793.8,99.50195872303836,12.0,0.0,87.50195872303836,18
ETHUSDT,2026-06-29 14:10:00+00:00,2026-06-29 14:15:00+00:00,2026-06-29 15:45:00+00:00,LONG,15.975431735587362,1558.0367669879904,1578.49,131.2756761931233,12.0,0.0,119.2756761931233,18
ETHUSDT,2026-06-30 12:40:00+00:00,2026-06-30 12:45:00+00:00,2026-06-30 14:15:00+00:00,LONG,17.35121731130464,1562.759336640123,1571.35,54.971121646578695,12.0,0.0,42.971121646578695,18
